player,isHome,bodyPart,goalMouthLocation,goalMouthCoordinates,blockCoordinates,xg,xgot,goalkeeper,id,time,addedTime,timeSeconds,draw,reversedPeriodTime,reversedPeriodTimeSeconds,periodTimeSeconds,incidentType,goalType,match_id,x,y,distance,angle,dist_squared,dist_angle,dist_to_center,dist_to_goal_line,bodyPart_str,is_header,is_home,minute,is_goal,my_xG
"{'name': 'Alexsander', 'firstName': 'Alexsander', 'slug': 'alexsander', 'shortName': 'Alexsander', 'position': 'M', 'jerseyNumber': '5', 'userCount': 1979, 'gender': 'M', 'id': 1185617, 'fieldTranslations': {'nameTranslation': {'ar': 'Gomes da Costa, Alexsander Cristhian'}, 'shortNameTranslation': {'ar': 'A. C. G. d. Costa'}}}",True,left-foot,right,"{'x': 0, 'y': 34.5, 'z': 19.4}","{'x': 1.6, 'y': 64.3, 'z': 0}",0.0084802620112896,0.0,"{'name': 'Agustín Rossi', 'slug': 'agustin-rossi', 'shortName': 'A. Rossi', 'position': 'G', 'jerseyNumber': '1', 'userCount': 10903, 'gender': 'M', 'sofascoreId': 'AgustinRossi', 'id': 1140986, 'fieldTranslations': {'nameTranslation': {'ar': 'أوغستين روسي', 'bn': 'অগাস্টিন রসি', 'hi': 'अगस्टिन रॉसी'}, 'shortNameTranslation': {'ar': 'أ. روسي', 'bn': 'অগাস্টিন রসি', 'hi': 'अगस्टिन रॉसी'}}}",6247223,90,4.0,5609,"{'start': {'x': 48.6, 'y': 55.6}, 'block': {'x': 64.3, 'y': 1.6}, 'end': {'x': 65.5, 'y': 0}, 'goal': {'x': 65.5, 'y': 80.6}}",1,691,209,shot,,13472615,55.6,48.6,44.42206658857735,9.415495830150006,1973.3200000000002,418.2557827313959,1.3999999999999986,44.4,,0,1,90,0,0.04074425
"{'name': 'Bruno Henrique', 'slug': 'bruno-henrique', 'shortName': 'B. Henrique', 'position': 'F', 'jerseyNumber': '27', 'userCount': 33804, 'gender': 'M', 'sofascoreId': 'B.henrique', 'id': 795291, 'fieldTranslations': {'nameTranslation': {'ar': 'برونو هنريكي', 'bn': 'ব্রুনো হেনরিক', 'hi': 'ब्रूनो हेनरिक'}, 'shortNameTranslation': {'ar': 'ب. هنريكي', 'bn': 'বি. হেনরিক', 'hi': 'बी. हेनरिक'}}}",False,head,low-right,"{'x': 0, 'y': 45.8, 'z': 10.1}",,0.055576875805855,0.61474347114563,"{'name': 'Everson', 'slug': 'everson', 'shortName': 'Everson', 'position': 'G', 'jerseyNumber': '22', 'userCount': 2199, 'gender': 'M', 'id': 870748, 'fieldTranslations': {'nameTranslation': {'ar': 'إيفرسون', 'bn': 'এভারসন', 'hi': 'एवरसन'}, 'shortNameTranslation': {'ar': 'إيفرسون', 'bn': 'এভারসন', 'hi': 'एवरसन'}}}",6247221,90,2.0,5506,"{'start': {'x': 45.1, 'y': 9.2}, 'end': {'x': 54.2, 'y': 0}, 'goal': {'x': 54.2, 'y': 89.9}}",1,794,106,shot,regular,13472615,9.2,45.1,90.93211753830437,4.603130728357881,8268.650000000001,418.57242443521943,4.899999999999999,90.8,,0,0,90,1,0.05575854
"{'name': 'Bruno Henrique', 'slug': 'bruno-henrique', 'shortName': 'B. Henrique', 'position': 'F', 'jerseyNumber': '27', 'userCount': 33804, 'gender': 'M', 'sofascoreId': 'B.henrique', 'id': 795291, 'fieldTranslations': {'nameTranslation': {'ar': 'برونو هنريكي', 'bn': 'ব্রুনো হেনরিক', 'hi': 'ब्रूनो हेनरिक'}, 'shortNameTranslation': {'ar': 'ب. هنريكي', 'bn': 'বি. হেনরিক', 'hi': 'बी. हेनरिक'}}}",False,right-foot,left,"{'x': 0, 'y': 62, 'z': 12.5}",,0.081383511424065,0.0,"{'name': 'Everson', 'slug': 'everson', 'shortName': 'Everson', 'position': 'G', 'jerseyNumber': '22', 'userCount': 2199, 'gender': 'M', 'id': 870748, 'fieldTranslations': {'nameTranslation': {'ar': 'إيفرسون', 'bn': 'এভারসন', 'hi': 'एवरसन'}, 'shortNameTranslation': {'ar': 'إيفرسون', 'bn': 'এভারসন', 'hi': 'एवरसन'}}}",6247218,90,,5366,"{'start': {'x': 43.6, 'y': 9}, 'end': {'x': 38, 'y': 0}, 'goal': {'x': 38, 'y': 87.5}}",1,34,2666,shot,,13472615,9.0,43.6,91.22477733598477,4.58375289937162,8321.960000000001,418.15183760835066,6.399999999999999,91.0,,0,0,90,0,0.06265188
"{'name': 'Giorgian De Arrascaeta', 'slug': 'giorgian-de-arrascaeta', 'shortName': 'Arrascaeta', 'position': 'M', 'jerseyNumber': '10', 'userCount': 86628, 'gender': 'M', 'sofascoreId': 'G10DeArrascaeta', 'id': 333587, 'fieldTranslations': {'nameTranslation': {'ar': 'جيورجيان دي أراسكايتا', 'bn': 'জর্জিয়ান ডি আরাসকায়েটা', 'hi': 'जियोर्जियन डी अर्रास्काटा'}, 'shortNameTranslation': {'ar': 'ج. دي أراسكايتا', 'bn': 'জি. ডি আরাসকায়েটা', 'hi': 'जी. डी अर्रास्काटा'}}}",False,right-foot,low-left,"{'x': 0, 'y': 52.4, 'z': 19}","{'x': 4.2, 'y': 44.2, 'z': 0}",0.049820404499769,0.0,"{'name': 'Everson', 'slug': 'everson', 'shortName': 'Everson', 'position': 'G', 'jerseyNumber': '22', 'userCount': 2199, 'gender': 'M', 'id': 870748, 'fieldTranslations': {'nameTranslation': {'ar': 'إيفرسون', 'bn': 'এভারসন', 'hi': 'एवरसन'}, 'shortNameTranslation': {'ar': 'إيفرسون', 'bn': 'এভারসন', 'hi': 'एवरसन'}}}",6247217,90,,5363,"{'start': {'x': 37.9, 'y': 12.2}, 'block': {'x': 44.2, 'y': 4.2}, 'end': {'x': 47.6, 'y': 0}, 'goal': {'x': 47.6, 'y': 81}}",1,37,2663,shot,,13472615,12.2,37.9,88.62984824538513,4.685326841967081,7855.249999999998,415.25980698357193,12.100000000000001,87.8,,0,0,90,0,0.015666539
"{'name': 'Gonzalo Plata', 'slug': 'gonzalo-plata', 'shortName': 'G. Plata', 'position': 'M', 'jerseyNumber': '19', 'userCount': 20504, 'gender': 'M', 'sofascoreId': 'gonzaloplata', 'id': 937937, 'fieldTranslations': {'nameTranslation': {'ar': 'غونزالو بلاتا', 'bn': 'গঞ্জালো প্লাটা', 'hi': 'गोंजालो प्लाटा'}, 'shortNameTranslation': {'ar': 'غ. بلاتا', 'bn': 'জি.প্লাটা', 'hi': 'जी. प्लाटा'}}}",False,head,left,"{'x': 0, 'y': 55.4, 'z': 16.5}",,0.050920132547617,0.0,"{'name': 'Everson', 'slug': 'everson', 'shortName': 'Everson', 'position': 'G', 'jerseyNumber': '22', 'userCount': 2199, 'gender': 'M', 'id': 870748, 'fieldTranslations': {'nameTranslation': {'ar': 'إيفرسون', 'bn': 'এভারসন', 'hi': 'एवरसन'}, 'shortNameTranslation': {'ar': 'إيفرسون', 'bn': 'এভারসন', 'hi': 'एवरसन'}}}",6247215,89,,5334,"{'start': {'x': 56.6, 'y': 8.7}, 'end': {'x': 44.6, 'y': 0}, 'goal': {'x': 44.6, 'y': 83.5}}",2,66,2634,shot,,13472615,8.7,56.6,91.5382433740128,4.5674402433756525,8379.249999999996,418.0954565943807,6.600000000000001,91.3,,0,0,89,0,0.06762506
"{'name': 'Caio Paulista', 'slug': 'caio-paulista', 'shortName': 'C. Paulista', 'position': 'D', 'jerseyNumber': '38', 'userCount': 1649, 'gender': 'M', 'id': 931591, 'fieldTranslations': {'nameTranslation': {'ar': 'كايو باوليستا', 'bn': 'কাইও পলিস্তা', 'hi': 'कैयो पॉलिस्ता'}, 'shortNameTranslation': {'ar': 'ك. باوليستا', 'bn': 'সি. পলিস্তা', 'hi': 'सी. पॉलिस्ता'}}}",True,left-foot,low-centre,"{'x': 0, 'y': 50.3, 'z': 19}","{'x': 11.1, 'y': 63, 'z': 0}",0.067913383245468,0.0,"{'name': 'Agustín Rossi', 'slug': 'agustin-rossi', 'shortName': 'A. Rossi', 'position': 'G', 'jerseyNumber': '1', 'userCount': 10903, 'gender': 'M', 'sofascoreId': 'AgustinRossi', 'id': 1140986, 'fieldTranslations': {'nameTranslation': {'ar': 'أوغستين روسي', 'bn': 'অগাস্টিন রসি', 'hi': 'अगस्टिन रॉसी'}, 'shortNameTranslation': {'ar': 'أ. روسي', 'bn': 'অগাস্টিন রসি', 'hi': 'अगस्टिन रॉसी'}}}",6247197,85,,5061,"{'start': {'x': 65.5, 'y': 13.2}, 'block': {'x': 63, 'y': 11.1}, 'end': {'x': 49.7, 'y': 0}, 'goal': {'x': 49.7, 'y': 81}}",6,339,2361,shot,,13472615,13.2,65.5,88.17306845063293,4.680185212197075,7774.49,412.6662910766927,15.5,86.8,,0,1,85,0,0.017484972
"{'name': 'Everton', 'firstName': 'Everton', 'slug': 'everton', 'shortName': 'Everton', 'position': 'M', 'jerseyNumber': '11', 'userCount': 12417, 'gender': 'M', 'sofascoreId': 'Evertons', 'id': 386198, 'fieldTranslations': {'nameTranslation': {'ar': 'إيفرتون', 'bn': 'এভারটন', 'hi': 'एवर्टन'}, 'shortNameTranslation': {'ar': 'إيفرتون', 'bn': 'এভারটন', 'hi': 'एवर्टन'}}}",False,right-foot,low-centre,"{'x': 0, 'y': 50.6, 'z': 19}","{'x': 9.4, 'y': 44.6, 'z': 0}",0.13956488668919,0.0,"{'name': 'Everson', 'slug': 'everson', 'shortName': 'Everson', 'position': 'G', 'jerseyNumber': '22', 'userCount': 2199, 'gender': 'M', 'id': 870748, 'fieldTranslations': {'nameTranslation': {'ar': 'إيفرسون', 'bn': 'এভারসন', 'hi': 'एवरसन'}, 'shortNameTranslation': {'ar': 'إيفرسون', 'bn': 'এভারসন', 'hi': 'एवरसन'}}}",6247196,85,,5046,"{'start': {'x': 42.1, 'y': 14.3}, 'block': {'x': 44.6, 'y': 9.4}, 'end': {'x': 49.4, 'y': 0}, 'goal': {'x': 49.4, 'y': 81}}",6,354,2346,shot,,13472615,14.3,42.1,86.0633487612468,4.849815848686876,7406.9000000000015,417.3913928133607,7.899999999999999,85.7,,0,0,85,0,0.024895271
"{'name': 'Giorgian De Arrascaeta', 'slug': 'giorgian-de-arrascaeta', 'shortName': 'Arrascaeta', 'position': 'M', 'jerseyNumber': '10', 'userCount': 86628, 'gender': 'M', 'sofascoreId': 'G10DeArrascaeta', 'id': 333587, 'fieldTranslations': {'nameTranslation': {'ar': 'جيورجيان دي أراسكايتا', 'bn': 'জর্জিয়ান ডি আরাসকায়েটা', 'hi': 'जियोर्जियन डी अर्रास्काटा'}, 'shortNameTranslation': {'ar': 'ج. دي أراسكايتا', 'bn': 'জি. ডি আরাসকায়েটা', 'hi': 'जी. डी अर्रास्काटा'}}}",False,head,low-centre,"{'x': 0, 'y': 50.6, 'z': 19}","{'x': 10.2, 'y': 45.1, 'z': 0}",0.025380797684193,0.0,"{'name': 'Everson', 'slug': 'everson', 'shortName': 'Everson', 'position': 'G', 'jerseyNumber': '22', 'userCount': 2199, 'gender': 'M', 'id': 870748, 'fieldTranslations': {'nameTranslation': {'ar': 'إيفرسون', 'bn': 'এভারসন', 'hi': 'एवरसन'}, 'shortNameTranslation': {'ar': 'إيفرسون', 'bn': 'এভারসন', 'hi': 'एवरसन'}}}",6247213,81,,4845,"{'start': {'x': 44.2, 'y': 12.4}, 'block': {'x': 45.1, 'y': 10.2}, 'end': {'x': 49.4, 'y': 0}, 'goal': {'x': 49.4, 'y': 81}}",10,555,2145,shot,,13472615,12.4,44.2,87.79179916142509,4.764122148221442,7707.399999999999,418.2508548171539,5.799999999999997,87.6,,0,0,81,0,0.0684491
"{'name': 'Giorgian De Arrascaeta', 'slug': 'giorgian-de-arrascaeta', 'shortName': 'Arrascaeta', 'position': 'M', 'jerseyNumber': '10', 'userCount': 86628, 'gender': 'M', 'sofascoreId': 'G10DeArrascaeta', 'id': 333587, 'fieldTranslations': {'nameTranslation': {'ar': 'جيورجيان دي أراسكايتا', 'bn': 'জর্জিয়ান ডি আরাসকায়েটা', 'hi': 'जियोर्जियन डी अर्रास्काटा'}, 'shortNameTranslation': {'ar': 'ج. دي أراسكايتا', 'bn': 'জি. ডি আরাসকায়েটা', 'hi': 'जी. डी अर्रास्काटा'}}}",False,left-foot,low-centre,"{'x': 0, 'y': 51.5, 'z': 19}","{'x': 15.1, 'y': 44.8, 'z': 0}",0.03280857950449,0.0,"{'name': 'Everson', 'slug': 'everson', 'shortName': 'Everson', 'position': 'G', 'jerseyNumber': '22', 'userCount': 2199, 'gender': 'M', 'id': 870748, 'fieldTranslations': {'nameTranslation': {'ar': 'إيفرسون', 'bn': 'এভারসন', 'hi': 'एवरसन'}, 'shortNameTranslation': {'ar': 'إيفرسون', 'bn': 'এভারসন', 'hi': 'एवरसन'}}}",6247193,77,,4570,"{'start': {'x': 43.6, 'y': 19.8}, 'block': {'x': 44.8, 'y': 15.1}, 'end': {'x': 48.5, 'y': 0}, 'goal': {'x': 48.5, 'y': 81}}",14,830,1870,shot,,13472615,19.8,43.6,80.45495634204272,5.192909075560503,6473.0,417.7952729624177,6.399999999999999,80.2,,0,0,77,0,0.012819984
"{'name': 'Renzo Saravia', 'firstName': '', 'lastName': '', 'slug': 'renzo-saravia', 'shortName': 'R. Saravia', 'position': 'D', 'jerseyNumber': '26', 'userCount': 1136, 'gender': 'M', 'id': 315916, 'fieldTranslations': {'nameTranslation': {'ar': 'رينزو سارافيا', 'bn': 'রেনজো সারাভিয়া', 'hi': 'रेन्ज़ो साराविया'}, 'shortNameTranslation': {'ar': 'ر. سارافيا', 'bn': 'আর. সারাভিয়া', 'hi': 'आर. साराविया'}}}",True,right-foot,low-right,"{'x': 0, 'y': 45.8, 'z': 2.5}","{'x': 0.5, 'y': 52.7, 'z': 0}",0.033872548490763,0.36985409259796,"{'name': 'Agustín Rossi', 'slug': 'agustin-rossi', 'shortName': 'A. Rossi', 'position': 'G', 'jerseyNumber': '1', 'userCount': 10903, 'gender': 'M', 'sofascoreId': 'AgustinRossi', 'id': 1140986, 'fieldTranslations': {'nameTranslation': {'ar': 'أوغستين روسي', 'bn': 'অগাস্টিন রসি', 'hi': 'अगस्टिन रॉसी'}, 'shortNameTranslation': {'ar': 'أ. روسي', 'bn': 'অগাস্টিন রসি', 'hi': 'अगस्टिन रॉसी'}}}",6247135,75,,4456,"{'start': {'x': 64, 'y': 6.1}, 'block': {'x': 52.7, 'y': 0.5}, 'end': {'x': 54.2, 'y': 0}, 'goal': {'x': 54.2, 'y': 97.5}}",16,944,1756,shot,,13472615,6.1,64.0,94.93792708923026,4.367405102244073,9013.210000000001,414.63238716598005,14.0,93.9,,0,1,75,0,0.04563336
"{'name': 'Samuel Lino', 'slug': 'samuel-lino', 'shortName': 'S. Lino', 'position': 'M', 'jerseyNumber': '16', 'userCount': 22216, 'gender': 'M', 'sofascoreId': 'osamuellino', 'id': 874705, 'fieldTranslations': {'nameTranslation': {'ar': 'صامويل لينو', 'bn': 'স্যামুয়েল লিনো', 'hi': 'सैमुअल लिनो'}, 'shortNameTranslation': {'ar': 'ص. لينو', 'bn': 'এস. লিনো', 'hi': 'एस. लिनो'}}}",False,head,low-centre,"{'x': 0, 'y': 49.4, 'z': 13.3}","{'x': 1.9, 'y': 47.5, 'z': 0}",0.25290769338608,0.16933897137642,"{'name': 'Everson', 'slug': 'everson', 'shortName': 'Everson', 'position': 'G', 'jerseyNumber': '22', 'userCount': 2199, 'gender': 'M', 'id': 870748, 'fieldTranslations': {'nameTranslation': {'ar': 'إيفرسون', 'bn': 'এভারসন', 'hi': 'एवरसन'}, 'shortNameTranslation': {'ar': 'إيفرسون', 'bn': 'এভারসন', 'hi': 'एवरसन'}}}",6247078,59,,3526,"{'start': {'x': 43, 'y': 7.7}, 'block': {'x': 47.5, 'y': 1.9}, 'end': {'x': 50.6, 'y': 0}, 'goal': {'x': 50.6, 'y': 86.7}}",32,1874,826,shot,,13472615,7.7,43.0,92.565058202326,4.515649777433533,8568.289999999999,417.99138446945545,7.0,92.3,,0,0,59,0,0.085621916
"{'name': 'Rony', 'slug': 'rony', 'shortName': 'Rony', 'position': 'F', 'jerseyNumber': '11', 'userCount': 5649, 'gender': 'M', 'sofascoreId': 'Rony', 'id': 835260, 'fieldTranslations': {'nameTranslation': {'ar': 'روني', 'bn': 'রনি', 'hi': 'रोनी'}, 'shortNameTranslation': {'ar': 'روني', 'bn': 'রনি', 'hi': 'रोनी'}}}",True,right-foot,low-right,"{'x': 0, 'y': 47, 'z': 2.5}","{'x': 6.2, 'y': 68.4, 'z': 0}",0.15115457773209,0.26745527982712,"{'name': 'Agustín Rossi', 'slug': 'agustin-rossi', 'shortName': 'A. Rossi', 'position': 'G', 'jerseyNumber': '1', 'userCount': 10903, 'gender': 'M', 'sofascoreId': 'AgustinRossi', 'id': 1140986, 'fieldTranslations': {'nameTranslation': {'ar': 'أوغستين روسي', 'bn': 'অগাস্টিন রসি', 'hi': 'अगस्टिन रॉसी'}, 'shortNameTranslation': {'ar': 'أ. روسي', 'bn': 'অগাস্টিন রসি', 'hi': 'अगस्टिन रॉसी'}}}",6247076,58,,3436,"{'start': {'x': 70.9, 'y': 7.1}, 'block': {'x': 68.4, 'y': 6.2}, 'end': {'x': 53, 'y': 0}, 'goal': {'x': 53, 'y': 97.5}}",33,1964,736,shot,,13472615,7.1,70.9,95.2219512507489,4.295390664319697,9067.220000000001,409.01548044077214,20.900000000000006,92.9,,0,1,58,0,0.042702045
"{'name': 'Dudu', 'slug': 'dudu', 'shortName': 'Dudu', 'position': 'F', 'jerseyNumber': '92', 'userCount': 5173, 'gender': 'M', 'sofascoreId': '7_dudu', 'id': 147464, 'fieldTranslations': {'nameTranslation': {'ar': 'دودو'}, 'shortNameTranslation': {'ar': 'دودو'}}}",True,left-foot,high-left,"{'x': 0, 'y': 58.3, 'z': 86.1}",,0.036143947392702,0.0,"{'name': 'Agustín Rossi', 'slug': 'agustin-rossi', 'shortName': 'A. Rossi', 'position': 'G', 'jerseyNumber': '1', 'userCount': 10903, 'gender': 'M', 'sofascoreId': 'AgustinRossi', 'id': 1140986, 'fieldTranslations': {'nameTranslation': {'ar': 'أوغستين روسي', 'bn': 'অগাস্টিন রসি', 'hi': 'अगस्टिन रॉसी'}, 'shortNameTranslation': {'ar': 'أ. روسي', 'bn': 'অগাস্টিন রসি', 'hi': 'अगस्टिन रॉसी'}}}",6247000,48,,2821,"{'start': {'x': 29.7, 'y': 10.6}, 'end': {'x': 41.7, 'y': 0}, 'goal': {'x': 41.7, 'y': 13.9}}",43,2579,121,shot,,13472615,10.6,29.7,91.67578742503389,4.459400847591234,8404.450000000003,408.8190841467899,20.3,89.4,,0,1,48,0,0.06251046
"{'name': 'Wallace Yan', 'firstName': 'Wallace', 'slug': 'wallace', 'shortName': 'Wallace', 'position': 'F', 'jerseyNumber': '64', 'userCount': 6407, 'gender': 'M', 'id': 1466084, 'fieldTranslations': {'nameTranslation': {'ar': 'والاس يان', 'bn': 'ওয়ালেস ইয়ান', 'hi': 'वालेस यान'}, 'shortNameTranslation': {'ar': 'والاس', 'bn': 'ওয়ালেস', 'hi': 'वालेस'}}}",False,right-foot,left,"{'x': 0, 'y': 61.2, 'z': 2.8}",,0.14890624582767,0.0,"{'name': 'Everson', 'slug': 'everson', 'shortName': 'Everson', 'position': 'G', 'jerseyNumber': '22', 'userCount': 2199, 'gender': 'M', 'id': 870748, 'fieldTranslations': {'nameTranslation': {'ar': 'إيفرسون', 'bn': 'এভারসন', 'hi': 'एवरसन'}, 'shortNameTranslation': {'ar': 'إيفرسون', 'bn': 'এভারসন', 'hi': 'एवरसन'}}}",6246932,45,1.0,2709,"{'start': {'x': 59.5, 'y': 11.3}, 'end': {'x': 38.8, 'y': 0}, 'goal': {'x': 38.8, 'y': 97.2}}",1,2691,9,shot,,13472615,11.3,59.5,89.20728669789257,4.672229802162348,7957.9400000000005,416.79694347993444,9.5,88.7,,0,0,45,0,0.041272715
"{'name': 'Alexsander', 'firstName': 'Alexsander', 'slug': 'alexsander', 'shortName': 'Alexsander', 'position': 'M', 'jerseyNumber': '5', 'userCount': 1979, 'gender': 'M', 'id': 1185617, 'fieldTranslations': {'nameTranslation': {'ar': 'Gomes da Costa, Alexsander Cristhian'}, 'shortNameTranslation': {'ar': 'A. C. G. d. Costa'}}}",True,left-foot,right,"{'x': 0, 'y': 38.3, 'z': 8.3}",,0.026402667164803,0.0,"{'name': 'Agustín Rossi', 'slug': 'agustin-rossi', 'shortName': 'A. Rossi', 'position': 'G', 'jerseyNumber': '1', 'userCount': 10903, 'gender': 'M', 'sofascoreId': 'AgustinRossi', 'id': 1140986, 'fieldTranslations': {'nameTranslation': {'ar': 'أوغستين روسي', 'bn': 'অগাস্টিন রসি', 'hi': 'अगस्टिन रॉसी'}, 'shortNameTranslation': {'ar': 'أ. روسي', 'bn': 'অগাস্টিন রসি', 'hi': 'अगस्टिन रॉसी'}}}",6246930,45,,2644,"{'start': {'x': 39.3, 'y': 24.4}, 'end': {'x': 61.7, 'y': 0}, 'goal': {'x': 61.7, 'y': 91.7}}",1,56,2644,shot,,13472615,24.4,39.3,76.35345440777384,5.43490388716629,5829.8499999999985,414.97368615938416,10.700000000000003,75.6,,0,1,45,0,0.044859402
"{'name': 'Léo Pereira', 'slug': 'leo-pereira', 'shortName': 'L. Pereira', 'position': 'D', 'jerseyNumber': '4', 'userCount': 8485, 'gender': 'M', 'sofascoreId': 'leopereira4', 'id': 358548, 'fieldTranslations': {'nameTranslation': {'ar': 'ليو بيريرا', 'bn': 'লিও পেরেইরা', 'hi': 'लियो परेरा'}, 'shortNameTranslation': {'ar': 'ل. بيريرا', 'bn': 'এল. পেরেরা', 'hi': 'एल. परेरा'}}}",False,left-foot,high,"{'x': 0, 'y': 51.1, 'z': 84.7}",,0.85620492696762,0.0,"{'name': 'Everson', 'slug': 'everson', 'shortName': 'Everson', 'position': 'G', 'jerseyNumber': '22', 'userCount': 2199, 'gender': 'M', 'id': 870748, 'fieldTranslations': {'nameTranslation': {'ar': 'إيفرسون', 'bn': 'এভারসন', 'hi': 'एवरसन'}, 'shortNameTranslation': {'ar': 'إيفرسون', 'bn': 'এভারসন', 'hi': 'एवरसन'}}}",6246900,41,,2413,"{'start': {'x': 49, 'y': 2.7}, 'end': {'x': 48.9, 'y': 0}, 'goal': {'x': 48.9, 'y': 15.3}}",5,287,2413,shot,,13472615,2.7,49.0,97.30513861045571,4.3079475106201555,9468.289999999999,419.1854296474619,1.0,97.3,,0,0,41,0,0.48367703
"{'name': 'Samuel Lino', 'slug': 'samuel-lino', 'shortName': 'S. Lino', 'position': 'M', 'jerseyNumber': '16', 'userCount': 22216, 'gender': 'M', 'sofascoreId': 'osamuellino', 'id': 874705, 'fieldTranslations': {'nameTranslation': {'ar': 'صامويل لينو', 'bn': 'স্যামুয়েল লিনো', 'hi': 'सैमुअल लिनो'}, 'shortNameTranslation': {'ar': 'ص. لينو', 'bn': 'এস. লিনো', 'hi': 'एस. लिनो'}}}",False,right-foot,low-right,"{'x': 0, 'y': 47.4, 'z': 19}","{'x': 2, 'y': 47.8, 'z': 0}",0.020941395312548,0.051039751619101,"{'name': 'Everson', 'slug': 'everson', 'shortName': 'Everson', 'position': 'G', 'jerseyNumber': '22', 'userCount': 2199, 'gender': 'M', 'id': 870748, 'fieldTranslations': {'nameTranslation': {'ar': 'إيفرسون', 'bn': 'এভারসন', 'hi': 'एवरसन'}, 'shortNameTranslation': {'ar': 'إيفرسون', 'bn': 'এভারসন', 'hi': 'एवरसन'}}}",6246899,40,,2382,"{'start': {'x': 26.2, 'y': 22.5}, 'block': {'x': 47.8, 'y': 2}, 'end': {'x': 52.6, 'y': 0}, 'goal': {'x': 52.6, 'y': 81}}",6,318,2382,shot,,13472615,22.5,26.2,81.07212837961022,4.943094589899162,6572.6900000000005,400.7471991848616,23.8,77.5,,0,0,40,0,0.01766312
"{'name': 'Ayrton Lucas', 'slug': 'ayrton-lucas', 'shortName': 'A. Lucas', 'position': 'D', 'jerseyNumber': '6', 'userCount': 7172, 'gender': 'M', 'sofascoreId': 'AyrtonLucas', 'id': 818473, 'fieldTranslations': {'nameTranslation': {'ar': 'آيرتون لوكاس', 'bn': 'আয়ার্টন লুকাস', 'hi': 'आयर्टन लुकास'}, 'shortNameTranslation': {'ar': 'آ. لوكاس', 'bn': 'আয়ার্টন লুকাস', 'hi': 'आयर्टन लुकास'}}}",False,left-foot,right,"{'x': 0, 'y': 37.6, 'z': 4.2}",,0.18640211224556,0.0,"{'name': 'Everson', 'slug': 'everson', 'shortName': 'Everson', 'position': 'G', 'jerseyNumber': '22', 'userCount': 2199, 'gender': 'M', 'id': 870748, 'fieldTranslations': {'nameTranslation': {'ar': 'إيفرسون', 'bn': 'এভারসন', 'hi': 'एवरसन'}, 'shortNameTranslation': {'ar': 'إيفرسون', 'bn': 'এভারসন', 'hi': 'एवरसन'}}}",6246896,37,,2182,"{'start': {'x': 40.6, 'y': 10.2}, 'end': {'x': 62.4, 'y': 0}, 'goal': {'x': 62.4, 'y': 95.8}}",9,518,2182,shot,,13472615,10.2,40.6,90.29064181851848,4.617396369536796,8152.399999999998,416.90768173597445,9.399999999999999,89.8,,0,0,37,0,0.048787404
"{'name': 'Bernard', 'slug': 'bernard', 'shortName': 'Bernard', 'position': 'M', 'jerseyNumber': '11', 'userCount': 2377, 'gender': 'M', 'id': 241488, 'fieldTranslations': {'nameTranslation': {'ar': 'برنارد', 'bn': 'বার্নার্ড', 'hi': 'बर्नार्ड'}, 'shortNameTranslation': {'ar': 'برنارد', 'bn': 'বার্নার্ড', 'hi': 'बर्नार्ड'}}}",True,right-foot,low-centre,"{'x': 0, 'y': 48.4, 'z': 5.7}",,0.69997435808182,0.98014783859253,"{'name': 'Agustín Rossi', 'slug': 'agustin-rossi', 'shortName': 'A. Rossi', 'position': 'G', 'jerseyNumber': '1', 'userCount': 10903, 'gender': 'M', 'sofascoreId': 'AgustinRossi', 'id': 1140986, 'fieldTranslations': {'nameTranslation': {'ar': 'أوغستين روسي', 'bn': 'অগাস্টিন রসি', 'hi': 'अगस्टिन रॉसी'}, 'shortNameTranslation': {'ar': 'أ. روسي', 'bn': 'অগাস্টিন রসি', 'hi': 'अगस्टिन रॉसी'}}}",6246891,34,,2039,"{'start': {'x': 50.3, 'y': 4.2}, 'end': {'x': 51.6, 'y': 0}, 'goal': {'x': 51.6, 'y': 94.3}}",12,661,2039,shot,regular,13472615,4.2,50.3,95.80046972744967,4.375752926967682,9177.73,419.1991858147667,0.29999999999999716,95.8,,0,1,34,1,0.57792574
"{'name': 'Samuel Lino', 'slug': 'samuel-lino', 'shortName': 'S. Lino', 'position': 'M', 'jerseyNumber': '16', 'userCount': 22216, 'gender': 'M', 'sofascoreId': 'osamuellino', 'id': 874705, 'fieldTranslations': {'nameTranslation': {'ar': 'صامويل لينو', 'bn': 'স্যামুয়েল লিনো', 'hi': 'सैमुअल लिनो'}, 'shortNameTranslation': {'ar': 'ص. لينو', 'bn': 'এস. লিনো', 'hi': 'एस. लिनो'}}}",False,head,low-left,"{'x': 0, 'y': 53.4, 'z': 6.3}","{'x': 0.59999999999999, 'y': 46.7, 'z': 0}",0.12648396193981,0.33183014392853,"{'name': 'Everson', 'slug': 'everson', 'shortName': 'Everson', 'position': 'G', 'jerseyNumber': '22', 'userCount': 2199, 'gender': 'M', 'id': 870748, 'fieldTranslations': {'nameTranslation': {'ar': 'إيفرسون', 'bn': 'এভারসন', 'hi': 'एवरसन'}, 'shortNameTranslation': {'ar': 'إيفرسون', 'bn': 'এভারসন', 'hi': 'एवरसन'}}}",6246751,25,,1496,"{'start': {'x': 43.8, 'y': 4.2}, 'block': {'x': 46.7, 'y': 0.59999999999999}, 'end': {'x': 46.6, 'y': 0}, 'goal': {'x': 46.6, 'y': 93.7}}",21,1204,1496,shot,,13472615,4.2,43.8,96.00041666576244,4.357588398262079,9216.08,418.330301891052,6.200000000000003,95.8,,0,0,25,0,0.22782487
"{'name': 'Samuel Lino', 'slug': 'samuel-lino', 'shortName': 'S. Lino', 'position': 'M', 'jerseyNumber': '16', 'userCount': 22216, 'gender': 'M', 'sofascoreId': 'osamuellino', 'id': 874705, 'fieldTranslations': {'nameTranslation': {'ar': 'صامويل لينو', 'bn': 'স্যামুয়েল লিনো', 'hi': 'सैमुअल लिनो'}, 'shortNameTranslation': {'ar': 'ص. لينو', 'bn': 'এস. লিনো', 'hi': 'एस. लिनो'}}}",False,head,left,"{'x': 0, 'y': 54.9, 'z': 27.2}",,0.10704123973846,0.0,"{'name': 'Everson', 'slug': 'everson', 'shortName': 'Everson', 'position': 'G', 'jerseyNumber': '22', 'userCount': 2199, 'gender': 'M', 'id': 870748, 'fieldTranslations': {'nameTranslation': {'ar': 'إيفرسون', 'bn': 'এভারসন', 'hi': 'एवरसन'}, 'shortNameTranslation': {'ar': 'إيفرسون', 'bn': 'এভারসন', 'hi': 'एवरसन'}}}",6246748,25,,1440,"{'start': {'x': 45, 'y': 6.7}, 'end': {'x': 45.1, 'y': 0}, 'goal': {'x': 45.1, 'y': 72.8}}",21,1260,1440,shot,,13472615,6.7,45.0,93.43388036467286,4.4800941144597655,8729.890000000001,418.59257751290875,5.0,93.3,,0,0,25,0,0.2798126
"{'name': 'Dudu', 'slug': 'dudu', 'shortName': 'Dudu', 'position': 'F', 'jerseyNumber': '92', 'userCount': 5173, 'gender': 'M', 'sofascoreId': '7_dudu', 'id': 147464, 'fieldTranslations': {'nameTranslation': {'ar': 'دودو'}, 'shortNameTranslation': {'ar': 'دودو'}}}",True,head,high-centre,"{'x': 0, 'y': 49.8, 'z': 23.4}","{'x': 0.7, 'y': 48.6, 'z': 0}",0.080316282808781,0.050526760518551,"{'name': 'Agustín Rossi', 'slug': 'agustin-rossi', 'shortName': 'A. Rossi', 'position': 'G', 'jerseyNumber': '1', 'userCount': 10903, 'gender': 'M', 'sofascoreId': 'AgustinRossi', 'id': 1140986, 'fieldTranslations': {'nameTranslation': {'ar': 'أوغستين روسي', 'bn': 'অগাস্টিন রসি', 'hi': 'अगस्टिन रॉसी'}, 'shortNameTranslation': {'ar': 'أ. روسي', 'bn': 'অগাস্টিন রসি', 'hi': 'अगस्टिन रॉसी'}}}",6246720,19,,1124,"{'start': {'x': 41.5, 'y': 7.6}, 'block': {'x': 48.6, 'y': 0.7}, 'end': {'x': 50.2, 'y': 0}, 'goal': {'x': 50.2, 'y': 76.6}}",27,1576,1124,shot,,13472615,7.6,41.5,92.79013956234789,4.498673720181118,8610.009999999998,417.43256234107275,8.5,92.4,,0,1,19,0,0.20658652
"{'name': 'Jorge Carrascal', 'slug': 'jorge-carrascal', 'shortName': 'J. Carrascal', 'position': 'M', 'jerseyNumber': '15', 'userCount': 14920, 'gender': 'M', 'id': 590392, 'fieldTranslations': {'nameTranslation': {'ar': 'جورج كاراسكال', 'bn': 'জর্জ ক্যারাস্কাল', 'hi': 'जॉर्ज कैरासकल'}, 'shortNameTranslation': {'ar': 'ج. كاراسكال', 'bn': 'জে. ক্যারাস্কাল', 'hi': 'जे. कैरासकल'}}}",False,right-foot,left,"{'x': 0, 'y': 67.7, 'z': 8.3}",,0.024266486987472,0.0,"{'name': 'Everson', 'slug': 'everson', 'shortName': 'Everson', 'position': 'G', 'jerseyNumber': '22', 'userCount': 2199, 'gender': 'M', 'id': 870748, 'fieldTranslations': {'nameTranslation': {'ar': 'إيفرسون', 'bn': 'এভারসন', 'hi': 'एवरसन'}, 'shortNameTranslation': {'ar': 'إيفرسون', 'bn': 'এভারসন', 'hi': 'एवरसन'}}}",6246708,8,,436,"{'start': {'x': 48.4, 'y': 28.3}, 'end': {'x': 32.3, 'y': 0}, 'goal': {'x': 32.3, 'y': 91.7}}",38,2264,436,shot,,13472615,28.3,48.4,71.71784993988597,5.8414746166124525,5143.450000000002,418.9379999818648,1.6000000000000014,71.7,,0,0,8,0,0.09835966
"{'name': 'Gustavo Marques', 'firstName': 'Gustavo Marques', 'lastName': '', 'slug': 'gustavo-marques', 'shortName': 'G. Marques', 'position': 'D', 'jerseyNumber': '16', 'userCount': 371, 'gender': 'M', 'id': 1174764, 'fieldTranslations': {'nameTranslation': {'ar': 'غوستافو ماركيس'}, 'shortNameTranslation': {'ar': 'غ. ماركيس'}}}",True,head,low-left,"{'x': 0, 'y': 53.1, 'z': 18.4}","{'x': 0.5, 'y': 45.8, 'z': 0}",0.21785824000835,0.23295529186726,"{'name': 'Brenno', 'slug': 'brenno', 'shortName': 'Brenno', 'position': 'G', 'jerseyNumber': '12', 'userCount': 502, 'gender': 'M', 'id': 914481, 'fieldTranslations': {'nameTranslation': {'ar': 'برينو', 'bn': 'ব্রেনো', 'hi': 'ब्रेनो'}, 'shortNameTranslation': {'ar': 'ب. برينو', 'bn': 'ব্রেনো', 'hi': 'ब्रेनो'}}}",6252647,89,,5333,"{'start': {'x': 44.1, 'y': 7.9}, 'block': {'x': 45.8, 'y': 0.5}, 'end': {'x': 46.9, 'y': 0}, 'goal': {'x': 46.9, 'y': 81.6}}",2,67,2633,shot,,13472614,7.9,44.1,92.2887858843099,4.532853319608665,8517.22,418.33152945834746,5.899999999999999,92.1,,0,1,89,0,0.14617671
"{'name': 'Fernando', 'slug': 'fernando', 'shortName': 'Fernando', 'position': 'F', 'jerseyNumber': '11', 'userCount': 593, 'gender': 'M', 'id': 911195, 'fieldTranslations': {'nameTranslation': {'ar': 'فرناندو', 'bn': 'ফার্নান্দো', 'hi': 'फर्नांडो'}, 'shortNameTranslation': {'ar': 'فرناندو', 'bn': 'ফার্নান্দো', 'hi': 'फर्नांडो'}}}",True,head,low-left,"{'x': 0, 'y': 52.9, 'z': 19}","{'x': 8.5, 'y': 39.3, 'z': 0}",0.016975216567516,0.0,"{'name': 'Brenno', 'slug': 'brenno', 'shortName': 'Brenno', 'position': 'G', 'jerseyNumber': '12', 'userCount': 502, 'gender': 'M', 'id': 914481, 'fieldTranslations': {'nameTranslation': {'ar': 'برينو', 'bn': 'ব্রেনো', 'hi': 'ब्रेनो'}, 'shortNameTranslation': {'ar': 'ب. برينو', 'bn': 'ব্রেনো', 'hi': 'ब्रेनो'}}}",6252648,89,,5321,"{'start': {'x': 38.7, 'y': 11.6}, 'block': {'x': 39.3, 'y': 8.5}, 'end': {'x': 47.1, 'y': 0}, 'goal': {'x': 47.1, 'y': 81}}",2,79,2621,shot,,13472614,11.6,38.7,89.11930206189903,4.665670915450624,7942.250000000002,415.80133563546116,11.299999999999997,88.4,,0,1,89,0,0.038197797
"{'name': 'Isidro Pitta', 'slug': 'isidro-pitta', 'shortName': 'I. Pitta', 'position': 'F', 'jerseyNumber': '9', 'userCount': 1807, 'gender': 'M', 'id': 979861, 'fieldTranslations': {'nameTranslation': {'ar': 'إيسيدرو بيتا', 'bn': 'ইসিদ্রো পিত্তা', 'hi': 'इसिड्रो पिट्टा'}, 'shortNameTranslation': {'ar': 'إ. بيتا', 'bn': 'আই. পিট্টা', 'hi': 'आई. पिट्टा'}}}",True,right-foot,low-centre,"{'x': 0, 'y': 49.3, 'z': 19}","{'x': 17, 'y': 59.4, 'z': 0}",0.033240422606468,0.0,"{'name': 'Brenno', 'slug': 'brenno', 'shortName': 'Brenno', 'position': 'G', 'jerseyNumber': '12', 'userCount': 502, 'gender': 'M', 'id': 914481, 'fieldTranslations': {'nameTranslation': {'ar': 'برينو', 'bn': 'ব্রেনো', 'hi': 'ब्रेनो'}, 'shortNameTranslation': {'ar': 'ب. برينو', 'bn': 'ব্রেনো', 'hi': 'ब्रेनो'}}}",6252645,88,,5252,"{'start': {'x': 60.7, 'y': 19.5}, 'block': {'x': 59.4, 'y': 17}, 'end': {'x': 50.7, 'y': 0}, 'goal': {'x': 50.7, 'y': 81}}",3,148,2552,shot,,13472614,19.5,60.7,81.20800453157311,5.116329201811844,6594.739999999999,415.48688500575605,10.700000000000003,80.5,,0,1,88,0,0.017280277
"{'name': 'Eros Mancuso', 'firstName': 'Eros Mancuso', 'lastName': '', 'slug': 'eros-mancuso', 'shortName': 'E. Mancuso', 'position': 'D', 'jerseyNumber': '40', 'userCount': 489, 'gender': 'M', 'id': 1116624, 'fieldTranslations': {'nameTranslation': {'ar': 'إيروس مانكوسو'}, 'shortNameTranslation': {'ar': 'إ. مانكوسو'}}}",False,right-foot,high-centre,"{'x': 0, 'y': 49.2, 'z': 25.3}","{'x': 8.6, 'y': 56.7, 'z': 0}",0.019748101010919,0.030164860188961,"{'name': 'Cleiton', 'slug': 'cleiton', 'shortName': 'Cleiton', 'position': 'G', 'jerseyNumber': '1', 'userCount': 552, 'gender': 'M', 'id': 844576, 'fieldTranslations': {'nameTranslation': {'ar': 'كليتون'}, 'shortNameTranslation': {'ar': 'كليتون'}}}",6252641,86,,5114,"{'start': {'x': 78.7, 'y': 41.2}, 'block': {'x': 56.7, 'y': 8.6}, 'end': {'x': 50.8, 'y': 0}, 'goal': {'x': 50.8, 'y': 74.7}}",5,286,2414,shot,,13472614,41.2,78.7,65.4303446422224,5.759007451987625,4281.130000000001,376.81384238067733,28.700000000000003,58.8,,0,0,86,0,0.008851944
"{'name': 'Fernando', 'slug': 'fernando', 'shortName': 'Fernando', 'position': 'F', 'jerseyNumber': '11', 'userCount': 593, 'gender': 'M', 'id': 911195, 'fieldTranslations': {'nameTranslation': {'ar': 'فرناندو', 'bn': 'ফার্নান্দো', 'hi': 'फर्नांडो'}, 'shortNameTranslation': {'ar': 'فرناندو', 'bn': 'ফার্নান্দো', 'hi': 'फर्नांडो'}}}",True,head,low-left,"{'x': 0, 'y': 53.4, 'z': 19}","{'x': 7.5, 'y': 40.4, 'z': 0}",0.0090780043974519,0.0,"{'name': 'Brenno', 'slug': 'brenno', 'shortName': 'Brenno', 'position': 'G', 'jerseyNumber': '12', 'userCount': 502, 'gender': 'M', 'id': 914481, 'fieldTranslations': {'nameTranslation': {'ar': 'برينو', 'bn': 'ব্রেনো', 'hi': 'ब्रेनो'}, 'shortNameTranslation': {'ar': 'ب. برينو', 'bn': 'ব্রেনো', 'hi': 'ब्रेनो'}}}",6252642,86,,5100,"{'start': {'x': 38.5, 'y': 9.8}, 'block': {'x': 40.4, 'y': 7.5}, 'end': {'x': 46.6, 'y': 0}, 'goal': {'x': 46.6, 'y': 81}}",5,300,2400,shot,,13472614,9.8,38.5,90.93013801815106,4.573041572669075,8268.289999999999,415.82730136554153,11.5,90.2,,0,1,86,0,0.060100578
"{'name': 'Isidro Pitta', 'slug': 'isidro-pitta', 'shortName': 'I. Pitta', 'position': 'F', 'jerseyNumber': '9', 'userCount': 1807, 'gender': 'M', 'id': 979861, 'fieldTranslations': {'nameTranslation': {'ar': 'إيسيدرو بيتا', 'bn': 'ইসিদ্রো পিত্তা', 'hi': 'इसिड्रो पिट्टा'}, 'shortNameTranslation': {'ar': 'إ. بيتا', 'bn': 'আই. পিট্টা', 'hi': 'आई. पिट्टा'}}}",True,head,right,"{'x': 0, 'y': 26.7, 'z': 26.4}","{'x': 2.7, 'y': 64.6, 'z': 0}",0.015921363607049,0.0,"{'name': 'Brenno', 'slug': 'brenno', 'shortName': 'Brenno', 'position': 'G', 'jerseyNumber': '12', 'userCount': 502, 'gender': 'M', 'id': 914481, 'fieldTranslations': {'nameTranslation': {'ar': 'برينو', 'bn': 'ব্রেনো', 'hi': 'ब्रेनो'}, 'shortNameTranslation': {'ar': 'ب. برينو', 'bn': 'ব্রেনো', 'hi': 'ब्रेनो'}}}",6256902,84,,4983,"{'start': {'x': 41.2, 'y': 13.5}, 'block': {'x': 64.6, 'y': 2.7}, 'end': {'x': 73.3, 'y': 0}, 'goal': {'x': 73.3, 'y': 73.6}}",7,417,2283,shot,,13472614,13.5,41.2,86.9464777894999,4.7962299307639995,7559.689999999999,417.0152991485067,8.799999999999997,86.5,,0,1,84,0,0.056038994
"{'name': 'Lucas Barbosa', 'firstName': 'Lucas Barbosa', 'slug': 'lucas-barbosa', 'shortName': 'L. Barbosa', 'position': 'M', 'jerseyNumber': '21', 'userCount': 762, 'gender': 'M', 'id': 1067641, 'fieldTranslations': {'nameTranslation': {'ar': 'لوكاس باربوسا'}, 'shortNameTranslation': {'ar': 'ل. باربوسا'}}}",True,head,left,"{'x': 0, 'y': 62.4, 'z': 33.3}",,0.053790915757418,0.0,"{'name': 'Brenno', 'slug': 'brenno', 'shortName': 'Brenno', 'position': 'G', 'jerseyNumber': '12', 'userCount': 502, 'gender': 'M', 'id': 914481, 'fieldTranslations': {'nameTranslation': {'ar': 'برينو', 'bn': 'ব্রেনো', 'hi': 'ब्रेनो'}, 'shortNameTranslation': {'ar': 'ب. برينو', 'bn': 'ব্রেনো', 'hi': 'ब्रेनो'}}}",6252632,81,,4842,"{'start': {'x': 44.2, 'y': 8.6}, 'end': {'x': 37.6, 'y': 0}, 'goal': {'x': 37.6, 'y': 66.7}}",10,558,2142,shot,,13472614,8.6,44.2,91.58384136953418,4.567881812652029,8387.6,418.3441633247037,5.799999999999997,91.4,,0,1,81,0,0.1387936
"{'name': 'Adam Bareiro', 'slug': 'adam-bareiro', 'shortName': 'A. Bareiro', 'position': 'F', 'jerseyNumber': '9', 'userCount': 1294, 'gender': 'M', 'id': 871580, 'fieldTranslations': {'nameTranslation': {'ar': 'آدم باريرو', 'bn': 'অ্যাডাম বেরেইরো', 'hi': 'एडम बरेरो'}, 'shortNameTranslation': {'ar': 'آ. باريرو', 'bn': 'এ. বারেইরো', 'hi': 'ए. बरेरो'}}}",False,right-foot,low-left,"{'x': 0, 'y': 52.6, 'z': 10.1}",,0.070809803903103,0.57072049379349,"{'name': 'Cleiton', 'slug': 'cleiton', 'shortName': 'Cleiton', 'position': 'G', 'jerseyNumber': '1', 'userCount': 552, 'gender': 'M', 'id': 844576, 'fieldTranslations': {'nameTranslation': {'ar': 'كليتون'}, 'shortNameTranslation': {'ar': 'كليتون'}}}",6252607,76,,4531,"{'start': {'x': 56.8, 'y': 8.8}, 'end': {'x': 47.4, 'y': 0}, 'goal': {'x': 47.4, 'y': 89.9}}",15,869,1831,shot,regular,13472614,8.8,56.8,91.45315740858814,4.570929879390647,8363.68,418.02596976353163,6.799999999999997,91.2,,0,0,76,1,0.06432533
"{'name': 'Lucas Crispim', 'slug': 'lucas-crispim', 'shortName': 'L. Crispim', 'position': 'M', 'jerseyNumber': '10', 'userCount': 446, 'gender': 'M', 'id': 795178, 'fieldTranslations': {'nameTranslation': {'ar': 'لوكاس كريسبيم'}, 'shortNameTranslation': {'ar': 'ل. كريسبيم'}}}",False,right-foot,low-right,"{'x': 0, 'y': 46.6, 'z': 19}","{'x': 7.5, 'y': 50.5, 'z': 0}",0.084128819406033,0.0,"{'name': 'Cleiton', 'slug': 'cleiton', 'shortName': 'Cleiton', 'position': 'G', 'jerseyNumber': '1', 'userCount': 552, 'gender': 'M', 'id': 844576, 'fieldTranslations': {'nameTranslation': {'ar': 'كليتون'}, 'shortNameTranslation': {'ar': 'كليتون'}}}",6252608,76,,4530,"{'start': {'x': 47.4, 'y': 15.6}, 'block': {'x': 50.5, 'y': 7.5}, 'end': {'x': 53.4, 'y': 0}, 'goal': {'x': 53.4, 'y': 81}}",15,870,1830,shot,,13472614,15.6,47.4,84.44003789672291,4.96144973847223,7130.120000000002,418.9450039392811,2.6000000000000014,84.4,,0,0,76,0,0.05977277
"{'name': 'Juninho Capixaba', 'slug': 'juninho-capixaba', 'shortName': 'J. Capixaba', 'position': 'D', 'jerseyNumber': '29', 'userCount': 916, 'gender': 'M', 'id': 870556, 'fieldTranslations': {'nameTranslation': {'ar': 'جونينيو كابيكابا'}, 'shortNameTranslation': {'ar': 'ج. كابيكابا'}}}",True,head,low-centre,"{'x': 0, 'y': 48.5, 'z': 19}","{'x': 7.1, 'y': 45.5, 'z': 0}",0.010417954996228,0.0,"{'name': 'Brenno', 'slug': 'brenno', 'shortName': 'Brenno', 'position': 'G', 'jerseyNumber': '12', 'userCount': 502, 'gender': 'M', 'id': 914481, 'fieldTranslations': {'nameTranslation': {'ar': 'برينو', 'bn': 'ব্রেনো', 'hi': 'ब्रेनो'}, 'shortNameTranslation': {'ar': 'ب. برينو', 'bn': 'ব্রেনো', 'hi': 'ब्रेनो'}}}",6252606,74,,4415,"{'start': {'x': 38.3, 'y': 15.6}, 'block': {'x': 45.5, 'y': 7.1}, 'end': {'x': 51.5, 'y': 0}, 'goal': {'x': 51.5, 'y': 81}}",17,985,1715,shot,,13472614,15.6,38.3,85.20710064308021,4.872791055045229,7260.25,415.19639783993983,11.700000000000003,84.4,,0,1,74,0,0.014688637
"{'name': 'Ignacio Laquintana', 'slug': 'ignacio-laquintana', 'shortName': 'I. Laquintana', 'position': 'M', 'jerseyNumber': '19', 'userCount': 607, 'gender': 'M', 'id': 948004, 'fieldTranslations': {'nameTranslation': {'ar': 'إغناسيو لاكوينتانا'}, 'shortNameTranslation': {'ar': 'إ. لاكوينتانا'}}}",True,right-foot,low-right,"{'x': 0, 'y': 47.2, 'z': 19}","{'x': 7.2, 'y': 62.1, 'z': 0}",0.057414937764406,0.0,"{'name': 'Brenno', 'slug': 'brenno', 'shortName': 'Brenno', 'position': 'G', 'jerseyNumber': '12', 'userCount': 502, 'gender': 'M', 'id': 914481, 'fieldTranslations': {'nameTranslation': {'ar': 'برينو', 'bn': 'ব্রেনো', 'hi': 'ब्रेनो'}, 'shortNameTranslation': {'ar': 'ب. برينو', 'bn': 'ব্রেনো', 'hi': 'ब्रेनो'}}}",6252601,71,,4238,"{'start': {'x': 64.4, 'y': 9}, 'block': {'x': 62.1, 'y': 7.2}, 'end': {'x': 52.8, 'y': 0}, 'goal': {'x': 52.8, 'y': 81}}",20,1162,1538,shot,,13472614,9.0,64.4,92.1322961832603,4.494126469282437,8488.359999999999,414.05419095295935,14.400000000000006,91.0,,0,1,71,0,0.040684186
"{'name': 'Ignacio Laquintana', 'slug': 'ignacio-laquintana', 'shortName': 'I. Laquintana', 'position': 'M', 'jerseyNumber': '19', 'userCount': 607, 'gender': 'M', 'id': 948004, 'fieldTranslations': {'nameTranslation': {'ar': 'إغناسيو لاكوينتانا'}, 'shortNameTranslation': {'ar': 'إ. لاكوينتانا'}}}",True,right-foot,low-right,"{'x': 0, 'y': 47.2, 'z': 19}","{'x': 19.4, 'y': 61.6, 'z': 0}",0.012905545532703,0.0,"{'name': 'Brenno', 'slug': 'brenno', 'shortName': 'Brenno', 'position': 'G', 'jerseyNumber': '12', 'userCount': 502, 'gender': 'M', 'id': 914481, 'fieldTranslations': {'nameTranslation': {'ar': 'برينو', 'bn': 'ব্রেনো', 'hi': 'ब्रेनो'}, 'shortNameTranslation': {'ar': 'ب. برينو', 'bn': 'ব্রেনো', 'hi': 'ब्रेनो'}}}",6252603,69,,4123,"{'start': {'x': 62.4, 'y': 21.3}, 'block': {'x': 61.6, 'y': 19.4}, 'end': {'x': 52.8, 'y': 0}, 'goal': {'x': 52.8, 'y': 81}}",22,1277,1423,shot,,13472614,21.3,62.4,79.67088552288095,5.196769325837185,6347.450000000002,414.0312140475936,12.399999999999999,78.7,,0,1,69,0,0.035588827
"{'name': 'Isidro Pitta', 'slug': 'isidro-pitta', 'shortName': 'I. Pitta', 'position': 'F', 'jerseyNumber': '9', 'userCount': 1807, 'gender': 'M', 'id': 979861, 'fieldTranslations': {'nameTranslation': {'ar': 'إيسيدرو بيتا', 'bn': 'ইসিদ্রো পিত্তা', 'hi': 'इसिड्रो पिट्टा'}, 'shortNameTranslation': {'ar': 'إ. بيتا', 'bn': 'আই. পিট্টা', 'hi': 'आई. पिट्टा'}}}",True,head,right,"{'x': 0, 'y': 32.1, 'z': 9.7}","{'x': 5.7, 'y': 51.4, 'z': 0}",0.031469471752644,0.0,"{'name': 'Brenno', 'slug': 'brenno', 'shortName': 'Brenno', 'position': 'G', 'jerseyNumber': '12', 'userCount': 502, 'gender': 'M', 'id': 914481, 'fieldTranslations': {'nameTranslation': {'ar': 'برينو', 'bn': 'ব্রেনো', 'hi': 'ब्रेनो'}, 'shortNameTranslation': {'ar': 'ب. برينو', 'bn': 'ব্রেনো', 'hi': 'ब्रेनो'}}}",6252599,69,,4119,"{'start': {'x': 41.1, 'y': 8.6}, 'block': {'x': 51.4, 'y': 5.7}, 'end': {'x': 67.9, 'y': 0}, 'goal': {'x': 67.9, 'y': 90.3}}",22,1281,1419,shot,,13472614,8.6,41.1,91.83229279507292,4.543263034264826,8433.170000000002,417.21826120763893,8.899999999999999,91.4,,0,1,69,0,0.2808663
"{'name': 'Breno Lopes', 'slug': 'breno-lopes', 'shortName': 'B. Lopes', 'position': 'M', 'jerseyNumber': '26', 'userCount': 1396, 'gender': 'M', 'id': 937552, 'fieldTranslations': {'nameTranslation': {'ar': 'برينو لوبيس'}, 'shortNameTranslation': {'ar': 'ب. لوبيس'}}}",False,right-foot,close-right,"{'x': 0, 'y': 41.7, 'z': 5.6}",,0.0528306029737,0.0,"{'name': 'Cleiton', 'slug': 'cleiton', 'shortName': 'Cleiton', 'position': 'G', 'jerseyNumber': '1', 'userCount': 552, 'gender': 'M', 'id': 844576, 'fieldTranslations': {'nameTranslation': {'ar': 'كليتون'}, 'shortNameTranslation': {'ar': 'كليتون'}}}",6252598,67,,3998,"{'start': {'x': 39.2, 'y': 20.7}, 'end': {'x': 58.3, 'y': 0}, 'goal': {'x': 58.3, 'y': 94.4}}",24,1402,1298,shot,,13472614,20.7,39.2,80.03205607754933,5.18917664037755,6405.13,415.3004758790051,10.799999999999997,79.3,,0,0,67,0,0.031202767
"{'name': 'Lucas Crispim', 'slug': 'lucas-crispim', 'shortName': 'L. Crispim', 'position': 'M', 'jerseyNumber': '10', 'userCount': 446, 'gender': 'M', 'id': 795178, 'fieldTranslations': {'nameTranslation': {'ar': 'لوكاس كريسبيم'}, 'shortNameTranslation': {'ar': 'ل. كريسبيم'}}}",False,right-foot,low-centre,"{'x': 0, 'y': 49.3, 'z': 19}","{'x': 18.6, 'y': 48.4, 'z': 0}",0.080769464373589,0.0,"{'name': 'Cleiton', 'slug': 'cleiton', 'shortName': 'Cleiton', 'position': 'G', 'jerseyNumber': '1', 'userCount': 552, 'gender': 'M', 'id': 844576, 'fieldTranslations': {'nameTranslation': {'ar': 'كليتون'}, 'shortNameTranslation': {'ar': 'كليتون'}}}",6252597,66,,3908,"{'start': {'x': 47.6, 'y': 24.8}, 'block': {'x': 48.4, 'y': 18.6}, 'end': {'x': 50.7, 'y': 0}, 'goal': {'x': 50.7, 'y': 81}}",25,1492,1208,shot,,13472614,24.8,47.6,75.23828812512949,5.567149892098156,5660.800000000001,418.8628276174646,2.3999999999999986,75.2,,0,0,66,0,0.18978237
"{'name': 'José Herrera', 'firstName': 'José Herrera', 'slug': 'jose-herrera', 'shortName': 'J. Herrera', 'position': 'F', 'jerseyNumber': '32', 'userCount': 473, 'gender': 'M', 'id': 1179171, 'fieldTranslations': {'nameTranslation': {'ar': 'خوسيه هيريرا'}, 'shortNameTranslation': {'ar': 'خ. هيريرا'}}}",False,left-foot,low-right,"{'x': 0, 'y': 48.1, 'z': 19}","{'x': 17, 'y': 73.1, 'z': 0}",0.019851535558701,0.0,"{'name': 'Cleiton', 'slug': 'cleiton', 'shortName': 'Cleiton', 'position': 'G', 'jerseyNumber': '1', 'userCount': 552, 'gender': 'M', 'id': 844576, 'fieldTranslations': {'nameTranslation': {'ar': 'كليتون'}, 'shortNameTranslation': {'ar': 'كليتون'}}}",6252589,61,,3625,"{'start': {'x': 76.3, 'y': 19.5}, 'block': {'x': 73.1, 'y': 17}, 'end': {'x': 51.9, 'y': 0}, 'goal': {'x': 51.9, 'y': 81}}",30,1775,925,shot,,13472614,19.5,76.3,84.68730719535247,4.705728132937435,7171.939999999999,398.515443971885,26.299999999999997,80.5,,0,0,61,0,0.007167775
"{'name': 'Jhon Jhon', 'firstName': 'Jhon Jhon', 'lastName': '', 'slug': 'jhon-jhon', 'shortName': 'Jhon Jhon', 'position': 'M', 'jerseyNumber': '10', 'userCount': 2837, 'gender': 'M', 'id': 1167069, 'fieldTranslations': {'nameTranslation': {'ar': 'جون جون', 'bn': 'ঝোঁ ঝোঁ', 'hi': 'झोन झोन'}, 'shortNameTranslation': {'ar': 'ج. جون', 'bn': 'ঝোঁ ঝোঁ', 'hi': 'झोन झोन'}}}",True,right-foot,right,"{'x': 0, 'y': 37.1, 'z': 22.2}",,0.28218001127243,0.0,"{'name': 'Brenno', 'slug': 'brenno', 'shortName': 'Brenno', 'position': 'G', 'jerseyNumber': '12', 'userCount': 502, 'gender': 'M', 'id': 914481, 'fieldTranslations': {'nameTranslation': {'ar': 'برينو', 'bn': 'ব্রেনো', 'hi': 'ब्रेनो'}, 'shortNameTranslation': {'ar': 'ب. برينو', 'bn': 'ব্রেনো', 'hi': 'ब्रेनो'}}}",6252585,59,,3490,"{'start': {'x': 48.3, 'y': 12.6}, 'end': {'x': 62.9, 'y': 0}, 'goal': {'x': 62.9, 'y': 77.8}}",32,1910,790,shot,,13472614,12.6,48.3,87.4165316173091,4.794074850426423,7641.650000000002,419.0813957380478,1.7000000000000028,87.4,,0,1,59,0,0.4553179
"{'name': 'Juninho Capixaba', 'slug': 'juninho-capixaba', 'shortName': 'J. Capixaba', 'position': 'D', 'jerseyNumber': '29', 'userCount': 916, 'gender': 'M', 'id': 870556, 'fieldTranslations': {'nameTranslation': {'ar': 'جونينيو كابيكابا'}, 'shortNameTranslation': {'ar': 'ج. كابيكابا'}}}",True,right-foot,close-right,"{'x': 0, 'y': 43.5, 'z': 2.8}",,0.42301630973816,0.0,"{'name': 'Brenno', 'slug': 'brenno', 'shortName': 'Brenno', 'position': 'G', 'jerseyNumber': '12', 'userCount': 502, 'gender': 'M', 'id': 914481, 'fieldTranslations': {'nameTranslation': {'ar': 'برينو', 'bn': 'ব্রেনো', 'hi': 'ब्रेनो'}, 'shortNameTranslation': {'ar': 'ب. برينو', 'bn': 'ব্রেনো', 'hi': 'ब्रेनो'}}}",6252587,57,,3401,"{'start': {'x': 56.8, 'y': 1.8}, 'end': {'x': 56.5, 'y': 0}, 'goal': {'x': 56.5, 'y': 97.2}}",34,1999,701,shot,,13472614,1.8,56.8,98.43515632130625,4.248626242441228,9689.479999999998,418.21418832550626,6.799999999999997,98.2,,0,1,57,0,0.2188727
"{'name': 'Lucas Barbosa', 'firstName': 'Lucas Barbosa', 'slug': 'lucas-barbosa', 'shortName': 'L. Barbosa', 'position': 'M', 'jerseyNumber': '21', 'userCount': 762, 'gender': 'M', 'id': 1067641, 'fieldTranslations': {'nameTranslation': {'ar': 'لوكاس باربوسا'}, 'shortNameTranslation': {'ar': 'ل. باربوسا'}}}",True,left-foot,left,"{'x': 0, 'y': 69.6, 'z': 8.3}","{'x': 5.5, 'y': 51.8, 'z': 0}",0.086953088641167,0.0,"{'name': 'Brenno', 'slug': 'brenno', 'shortName': 'Brenno', 'position': 'G', 'jerseyNumber': '12', 'userCount': 502, 'gender': 'M', 'id': 914481, 'fieldTranslations': {'nameTranslation': {'ar': 'برينو', 'bn': 'ব্রেনো', 'hi': 'ब्रेनो'}, 'shortNameTranslation': {'ar': 'ب. برينو', 'bn': 'ব্রেনো', 'hi': 'ब्रेनो'}}}",6252586,57,,3399,"{'start': {'x': 59.1, 'y': 9.5}, 'block': {'x': 51.8, 'y': 5.5}, 'end': {'x': 30.4, 'y': 0}, 'goal': {'x': 30.4, 'y': 91.7}}",34,2001,699,shot,,13472614,9.5,59.1,90.95636316388205,4.585548014249062,8273.06,417.0847704894558,9.100000000000001,90.5,,0,1,57,0,0.16578747
"{'name': 'Adam Bareiro', 'slug': 'adam-bareiro', 'shortName': 'A. Bareiro', 'position': 'F', 'jerseyNumber': '9', 'userCount': 1294, 'gender': 'M', 'id': 871580, 'fieldTranslations': {'nameTranslation': {'ar': 'آدم باريرو', 'bn': 'অ্যাডাম বেরেইরো', 'hi': 'एडम बरेरो'}, 'shortNameTranslation': {'ar': 'آ. باريرو', 'bn': 'এ. বারেইরো', 'hi': 'ए. बरेरो'}}}",False,right-foot,low-right,"{'x': 0, 'y': 47.8, 'z': 19}","{'x': 10.5, 'y': 38.1, 'z': 0}",0.041763506829739,0.0,"{'name': 'Cleiton', 'slug': 'cleiton', 'shortName': 'Cleiton', 'position': 'G', 'jerseyNumber': '1', 'userCount': 552, 'gender': 'M', 'id': 844576, 'fieldTranslations': {'nameTranslation': {'ar': 'كليتون'}, 'shortNameTranslation': {'ar': 'كليتون'}}}",6252582,54,,3186,"{'start': {'x': 36, 'y': 12}, 'block': {'x': 38.1, 'y': 10.5}, 'end': {'x': 52.2, 'y': 0}, 'goal': {'x': 52.2, 'y': 81}}",37,2214,486,shot,,13472614,12.0,36.0,89.10667763978185,4.645964491878652,7939.999999999999,413.9864603037039,14.0,88.0,,0,0,54,0,0.030590914
"{'name': 'Gustavo Neves', 'slug': 'gustavo-neves', 'shortName': 'G. Neves', 'position': 'M', 'jerseyNumber': '22', 'userCount': 309, 'gender': 'M', 'id': 1463904, 'fieldTranslations': {'nameTranslation': {'ar': 'غوستافو نيفيس'}, 'shortNameTranslation': {'ar': 'غ. نيفيس'}}}",True,right-foot,low-centre,"{'x': 0, 'y': 49, 'z': 17.1}","{'x': 3.3, 'y': 50.7, 'z': 0}",0.022340398281813,0.016298616304994,"{'name': 'Brenno', 'slug': 'brenno', 'shortName': 'Brenno', 'position': 'G', 'jerseyNumber': '12', 'userCount': 502, 'gender': 'M', 'id': 914481, 'fieldTranslations': {'nameTranslation': {'ar': 'برينو', 'bn': 'ব্রেনো', 'hi': 'ब्रेनो'}, 'shortNameTranslation': {'ar': 'ب. برينو', 'bn': 'ব্রেনো', 'hi': 'ब्रेनो'}}}",6252577,49,,2891,"{'start': {'x': 53.2, 'y': 25.8}, 'block': {'x': 50.7, 'y': 3.3}, 'end': {'x': 51, 'y': 0}, 'goal': {'x': 51, 'y': 82.9}}",42,2509,191,shot,,13472614,25.8,53.2,74.2689706405037,5.637339773347796,5515.88,418.6794221173112,3.200000000000003,74.2,,0,1,49,0,0.12249153
"{'name': 'Lucas Barbosa', 'firstName': 'Lucas Barbosa', 'slug': 'lucas-barbosa', 'shortName': 'L. Barbosa', 'position': 'M', 'jerseyNumber': '21', 'userCount': 762, 'gender': 'M', 'id': 1067641, 'fieldTranslations': {'nameTranslation': {'ar': 'لوكاس باربوسا'}, 'shortNameTranslation': {'ar': 'ل. باربوسا'}}}",True,head,high-right,"{'x': 0, 'y': 39.2, 'z': 59.7}",,0.12727542221546,0.0,"{'name': 'Brenno', 'slug': 'brenno', 'shortName': 'Brenno', 'position': 'G', 'jerseyNumber': '12', 'userCount': 502, 'gender': 'M', 'id': 914481, 'fieldTranslations': {'nameTranslation': {'ar': 'برينو', 'bn': 'ব্রেনো', 'hi': 'ब्रेनो'}, 'shortNameTranslation': {'ar': 'ب. برينو', 'bn': 'ব্রেনো', 'hi': 'ब्रेनो'}}}",6252525,44,,2614,"{'start': {'x': 57.1, 'y': 3.8}, 'end': {'x': 60.8, 'y': 0}, 'goal': {'x': 60.8, 'y': 40.3}}",2,86,2614,shot,,13472614,3.8,57.1,96.46165041092756,4.334067163302544,9304.850000000002,418.07127156397047,7.100000000000001,96.2,,0,1,44,0,0.20423341
"{'name': 'José Herrera', 'firstName': 'José Herrera', 'slug': 'jose-herrera', 'shortName': 'J. Herrera', 'position': 'F', 'jerseyNumber': '32', 'userCount': 473, 'gender': 'M', 'id': 1179171, 'fieldTranslations': {'nameTranslation': {'ar': 'خوسيه هيريرا'}, 'shortNameTranslation': {'ar': 'خ. هيريرا'}}}",False,left-foot,close-right,"{'x': 0, 'y': 41.2, 'z': 16.7}","{'x': 15.1, 'y': 57.9, 'z': 0}",0.0061100209131837,0.0,"{'name': 'Cleiton', 'slug': 'cleiton', 'shortName': 'Cleiton', 'position': 'G', 'jerseyNumber': '1', 'userCount': 552, 'gender': 'M', 'id': 844576, 'fieldTranslations': {'nameTranslation': {'ar': 'كليتون'}, 'shortNameTranslation': {'ar': 'كليتون'}}}",6252521,39,,2321,"{'start': {'x': 68.8, 'y': 53.3}, 'block': {'x': 57.9, 'y': 15.1}, 'end': {'x': 58.8, 'y': 0}, 'goal': {'x': 58.8, 'y': 83.3}}",7,379,2321,shot,,13472614,53.3,68.8,50.34212947422864,7.722325412758791,2534.3300000000004,388.75830577122923,18.799999999999997,46.7,,0,0,39,0,0.015573417
"{'name': 'Eduardo Sasha', 'firstName': '', 'lastName': '', 'slug': 'eduardo-sasha', 'shortName': 'E. Sasha', 'position': 'F', 'jerseyNumber': '8', 'userCount': 1441, 'gender': 'M', 'id': 143846, 'fieldTranslations': {'nameTranslation': {'ar': 'إدواردو ساشا', 'bn': 'এডুয়ার্ডো সাশা', 'hi': 'एडुआर्डो साशा'}, 'shortNameTranslation': {'ar': 'إ. ساشا', 'bn': 'ই. সাশা', 'hi': 'ई. साशा'}}}",True,right-foot,left,"{'x': 0, 'y': 69.2, 'z': 19.4}","{'x': 4.2, 'y': 39.5, 'z': 0}",0.098850756883621,0.0,"{'name': 'Brenno', 'slug': 'brenno', 'shortName': 'Brenno', 'position': 'G', 'jerseyNumber': '12', 'userCount': 502, 'gender': 'M', 'id': 914481, 'fieldTranslations': {'nameTranslation': {'ar': 'برينو', 'bn': 'ব্রেনো', 'hi': 'ब्रेनो'}, 'shortNameTranslation': {'ar': 'ب. برينو', 'bn': 'ব্রেনো', 'hi': 'ब्रेनो'}}}",6256901,26,,1548,"{'start': {'x': 56.4, 'y': 9.4}, 'block': {'x': 39.5, 'y': 4.2}, 'end': {'x': 30.8, 'y': 0}, 'goal': {'x': 30.8, 'y': 80.6}}",20,1152,1548,shot,,13472614,9.4,56.4,90.82576726898594,4.603768829917773,8249.319999999998,418.1408363063234,6.399999999999999,90.6,,0,1,26,0,0.3112065
"{'name': 'Gustavo Neves', 'slug': 'gustavo-neves', 'shortName': 'G. Neves', 'position': 'M', 'jerseyNumber': '22', 'userCount': 309, 'gender': 'M', 'id': 1463904, 'fieldTranslations': {'nameTranslation': {'ar': 'غوستافو نيفيس'}, 'shortNameTranslation': {'ar': 'غ. نيفيس'}}}",True,right-foot,high-centre,"{'x': 0, 'y': 49.5, 'z': 30.4}","{'x': 1.2, 'y': 54, 'z': 0}",0.15880578756332,0.37285441160202,"{'name': 'Brenno', 'slug': 'brenno', 'shortName': 'Brenno', 'position': 'G', 'jerseyNumber': '12', 'userCount': 502, 'gender': 'M', 'id': 914481, 'fieldTranslations': {'nameTranslation': {'ar': 'برينو', 'bn': 'ব্রেনো', 'hi': 'ब्रेनो'}, 'shortNameTranslation': {'ar': 'ب. برينو', 'bn': 'ব্রেনো', 'hi': 'ब्रेनो'}}}",6252485,22,,1310,"{'start': {'x': 65.5, 'y': 9.5}, 'block': {'x': 54, 'y': 1.2}, 'end': {'x': 50.5, 'y': 0}, 'goal': {'x': 50.5, 'y': 69.6}}",24,1390,1310,shot,,13472614,9.5,65.5,91.81775427443213,4.5001320369927225,8430.5,413.1920175750975,15.5,90.5,,0,1,22,0,0.18171862
"{'name': 'Juninho Capixaba', 'slug': 'juninho-capixaba', 'shortName': 'J. Capixaba', 'position': 'D', 'jerseyNumber': '29', 'userCount': 916, 'gender': 'M', 'id': 870556, 'fieldTranslations': {'nameTranslation': {'ar': 'جونينيو كابيكابا'}, 'shortNameTranslation': {'ar': 'ج. كابيكابا'}}}",True,left-foot,right,"{'x': 0, 'y': 5.7, 'z': 2.8}","{'x': 2.4, 'y': 99.5, 'z': 0}",0.085191607475281,0.0,"{'name': 'Brenno', 'slug': 'brenno', 'shortName': 'Brenno', 'position': 'G', 'jerseyNumber': '12', 'userCount': 502, 'gender': 'M', 'id': 914481, 'fieldTranslations': {'nameTranslation': {'ar': 'برينو', 'bn': 'ব্রেনো', 'hi': 'ब्रेनो'}, 'shortNameTranslation': {'ar': 'ب. برينو', 'bn': 'ব্রেনো', 'hi': 'ब्रेनो'}}}",6252479,16,,920,"{'start': {'x': 36.2, 'y': 12.5}, 'block': {'x': 99.5, 'y': 2.4}, 'end': {'x': 94.3, 'y': 0}, 'goal': {'x': 94.3, 'y': 97.2}}",30,1780,920,shot,,13472614,12.5,36.2,88.58154435321163,4.674468637821288,7846.689999999999,414.0716509688632,13.799999999999997,87.5,,0,1,16,0,0.048246287
"{'name': 'Kevin Serna', 'slug': 'serna-kevin', 'shortName': 'K. Serna', 'position': 'M', 'jerseyNumber': '90', 'userCount': 3455, 'gender': 'M', 'id': 981374, 'fieldTranslations': {'nameTranslation': {'ar': 'كيفن سيرنا', 'bn': 'কেভিন সেরনা', 'hi': 'केविन सेरना'}, 'shortNameTranslation': {'ar': 'ك. سيرنا', 'bn': 'কে. সেরনা', 'hi': 'के. सेरना'}}}",True,right-foot,low-centre,"{'x': 0, 'y': 48.9, 'z': 2.5}",,0.89624965190887,0.99519890546799,"{'name': 'Young', 'firstName': 'Young', 'lastName': '', 'slug': 'young', 'shortName': 'Young', 'position': 'G', 'jerseyNumber': '50', 'userCount': 1668, 'gender': 'M', 'id': 1116957, 'fieldTranslations': {'nameTranslation': {'ar': 'يونغ'}, 'shortNameTranslation': {'ar': 'يونغ'}}}",6258823,87,,5176,"{'start': {'x': 48.5, 'y': 5.2}, 'end': {'x': 51.1, 'y': 0}, 'goal': {'x': 51.1, 'y': 97.5}}",4,224,2476,shot,regular,13472605,5.2,48.5,94.81186634593794,4.420804295433333,8989.29,419.1447060001735,1.5,94.8,,0,1,87,1,0.5988019
"{'name': 'John Kennedy', 'firstName': '', 'lastName': '', 'slug': 'john-kennedy', 'shortName': 'John Kennedy', 'position': 'F', 'jerseyNumber': '9', 'userCount': 5292, 'gender': 'M', 'id': 1087399, 'fieldTranslations': {'nameTranslation': {'ar': 'جون كينيدي', 'bn': 'জন কেনেডি', 'hi': 'जॉन कैनेडी'}, 'shortNameTranslation': {'ar': 'جون كينيدي', 'bn': 'জন. কেনেডি', 'hi': 'जॉन कैनेडी'}}}",True,right-foot,close-right,"{'x': 0, 'y': 42.5, 'z': 30.6}",,0.029706884175539,0.0,"{'name': 'Young', 'firstName': 'Young', 'lastName': '', 'slug': 'young', 'shortName': 'Young', 'position': 'G', 'jerseyNumber': '50', 'userCount': 1668, 'gender': 'M', 'id': 1116957, 'fieldTranslations': {'nameTranslation': {'ar': 'يونغ'}, 'shortNameTranslation': {'ar': 'يونغ'}}}",6258821,81,,4814,"{'start': {'x': 68.6, 'y': 3.6}, 'end': {'x': 57.5, 'y': 0}, 'goal': {'x': 57.5, 'y': 69.4}}",10,586,2114,shot,,13472605,3.6,68.6,98.17800160932183,4.192857809160881,9638.919999999998,411.6464007354545,18.599999999999994,96.4,,0,1,81,0,0.03987852
"{'name': 'Agustín Canobbio', 'firstName': '', 'lastName': '', 'slug': 'agustin-canobbio', 'shortName': 'A. Canobbio', 'position': 'M', 'jerseyNumber': '17', 'userCount': 3096, 'gender': 'M', 'id': 846413, 'fieldTranslations': {'nameTranslation': {'ar': 'أغوستين كانوبيو', 'bn': 'অগাস্টিন ক্যানোবিও', 'hi': 'अगस्टिन कैनोबियो'}, 'shortNameTranslation': {'ar': 'أ. كانوبيو', 'bn': 'এ. ক্যানোবিও', 'hi': 'ए. कैनोबियो'}}}",True,right-foot,low-left,"{'x': 0, 'y': 54.6, 'z': 8.9}",,0.2820933163166,0.60393178462982,"{'name': 'Young', 'firstName': 'Young', 'lastName': '', 'slug': 'young', 'shortName': 'Young', 'position': 'G', 'jerseyNumber': '50', 'userCount': 1668, 'gender': 'M', 'id': 1116957, 'fieldTranslations': {'nameTranslation': {'ar': 'يونغ'}, 'shortNameTranslation': {'ar': 'يونغ'}}}",6258819,77,,4588,"{'start': {'x': 67.5, 'y': 9.4}, 'end': {'x': 45.4, 'y': 0}, 'goal': {'x': 45.4, 'y': 91.1}}",14,812,1888,shot,regular,13472605,9.4,67.5,92.27464440462504,4.46069212078439,8514.609999999999,411.60877924389234,17.5,90.6,,0,1,77,1,0.026120523
"{'name': 'John Kennedy', 'firstName': '', 'lastName': '', 'slug': 'john-kennedy', 'shortName': 'John Kennedy', 'position': 'F', 'jerseyNumber': '9', 'userCount': 5292, 'gender': 'M', 'id': 1087399, 'fieldTranslations': {'nameTranslation': {'ar': 'جون كينيدي', 'bn': 'জন কেনেডি', 'hi': 'जॉन कैनेडी'}, 'shortNameTranslation': {'ar': 'جون كينيدي', 'bn': 'জন. কেনেডি', 'hi': 'जॉन कैनेडी'}}}",True,left-foot,low-right,"{'x': 0, 'y': 46.9, 'z': 1.9}",,0.41246634721756,0.45605152845383,"{'name': 'Young', 'firstName': 'Young', 'lastName': '', 'slug': 'young', 'shortName': 'Young', 'position': 'G', 'jerseyNumber': '50', 'userCount': 1668, 'gender': 'M', 'id': 1116957, 'fieldTranslations': {'nameTranslation': {'ar': 'يونغ'}, 'shortNameTranslation': {'ar': 'يونغ'}}}",6258817,69,,4139,"{'start': {'x': 40.9, 'y': 12.3}, 'end': {'x': 53.1, 'y': 0}, 'goal': {'x': 53.1, 'y': 98.1}}",22,1261,1439,shot,regular,13472605,12.3,40.9,88.1708568632516,4.72873010258194,7774.100000000002,416.93618501970127,9.100000000000001,87.7,,0,1,69,1,0.17141962
"{'name': 'Kevin Serna', 'slug': 'serna-kevin', 'shortName': 'K. Serna', 'position': 'M', 'jerseyNumber': '90', 'userCount': 3455, 'gender': 'M', 'id': 981374, 'fieldTranslations': {'nameTranslation': {'ar': 'كيفن سيرنا', 'bn': 'কেভিন সেরনা', 'hi': 'केविन सेरना'}, 'shortNameTranslation': {'ar': 'ك. سيرنا', 'bn': 'কে. সেরনা', 'hi': 'के. सेरना'}}}",True,right-foot,low-right,"{'x': 0, 'y': 48.1, 'z': 13.9}","{'x': 3.6, 'y': 45.1, 'z': 0}",0.12846672534943,0.19057692587376,"{'name': 'Young', 'firstName': 'Young', 'lastName': '', 'slug': 'young', 'shortName': 'Young', 'position': 'G', 'jerseyNumber': '50', 'userCount': 1668, 'gender': 'M', 'id': 1116957, 'fieldTranslations': {'nameTranslation': {'ar': 'يونغ'}, 'shortNameTranslation': {'ar': 'يونغ'}}}",6258814,65,,3859,"{'start': {'x': 34, 'y': 12.8}, 'block': {'x': 45.1, 'y': 3.6}, 'end': {'x': 51.9, 'y': 0}, 'goal': {'x': 51.9, 'y': 86.1}}",26,1541,1159,shot,,13472605,12.8,34.0,88.65573867494422,4.6507395376631235,7859.84,412.31474909629276,16.0,87.2,,0,1,65,0,0.037396282
"{'name': 'Alan Franco', 'slug': 'alan-franco', 'shortName': 'A. Franco', 'position': 'D', 'jerseyNumber': '28', 'userCount': 2969, 'gender': 'M', 'id': 875402, 'fieldTranslations': {'nameTranslation': {'ar': 'آلان فرانكو', 'bn': 'অ্যালান ফ্রাঙ্কো', 'hi': 'एलन फ्रेंको'}, 'shortNameTranslation': {'ar': 'آ. فرانكو', 'bn': 'এ. ফ্রাঙ্কো', 'hi': 'ए. फ्रेंको'}}}",False,left-foot,low-centre,"{'x': 0, 'y': 48.6, 'z': 19}","{'x': 16.6, 'y': 60.5, 'z': 0}",0.029897373169661,0.0,"{'name': 'Fábio', 'firstName': '', 'lastName': '', 'slug': 'fabio', 'shortName': 'Fábio', 'position': 'G', 'jerseyNumber': '1', 'userCount': 4343, 'gender': 'M', 'id': 17785, 'fieldTranslations': {'nameTranslation': {'ar': 'فابيو', 'bn': 'ফ্যাবিও', 'hi': 'फैबियो'}, 'shortNameTranslation': {'ar': 'فابيو', 'bn': 'ফ্যাবিও', 'hi': 'फैबियो'}}}",6258812,63,,3758,"{'start': {'x': 64.4, 'y': 23.7}, 'block': {'x': 60.5, 'y': 16.6}, 'end': {'x': 51.4, 'y': 0}, 'goal': {'x': 51.4, 'y': 81}}",28,1642,1058,shot,,13472605,23.7,64.4,77.64695744200155,5.3043496306488285,6029.05,411.8666100284862,14.400000000000006,76.3,,0,0,63,0,0.014865687
"{'name': 'Nicolas Bosshardt', 'slug': 'nicolas-bosshardt', 'shortName': 'Nicolas', 'position': 'D', 'jerseyNumber': '56', 'userCount': 475, 'gender': 'M', 'id': 1892395, 'fieldTranslations': {'nameTranslation': {'ar': 'بوشاردت، نيكولاس'}, 'shortNameTranslation': {'ar': 'ن. بوشاردت'}}}",False,left-foot,left,"{'x': 0, 'y': 61.2, 'z': 30.6}",,0.049704756587744,0.0,"{'name': 'Fábio', 'firstName': '', 'lastName': '', 'slug': 'fabio', 'shortName': 'Fábio', 'position': 'G', 'jerseyNumber': '1', 'userCount': 4343, 'gender': 'M', 'id': 17785, 'fieldTranslations': {'nameTranslation': {'ar': 'فابيو', 'bn': 'ফ্যাবিও', 'hi': 'फैबियो'}, 'shortNameTranslation': {'ar': 'فابيو', 'bn': 'ফ্যাবিও', 'hi': 'फैबियो'}}}",6258806,61,,3613,"{'start': {'x': 25.1, 'y': 9.4}, 'end': {'x': 38.8, 'y': 0}, 'goal': {'x': 38.8, 'y': 69.4}}",30,1787,913,shot,,13472605,9.4,25.1,93.95940612839142,4.302525490027149,8828.369999999999,404.2627398952172,24.9,90.6,,0,0,61,0,0.023015032
"{'name': 'Nonato', 'slug': 'nonato', 'shortName': 'Nonato', 'position': 'M', 'jerseyNumber': '16', 'userCount': 1216, 'gender': 'M', 'id': 922566, 'fieldTranslations': {'nameTranslation': {'ar': 'نوناتو', 'bn': 'নোনাতো', 'hi': 'नोनाटो'}, 'shortNameTranslation': {'ar': 'نوناتو', 'bn': 'নোনাতো', 'hi': 'नोनाटो'}}}",True,right-foot,high-right,"{'x': 0, 'y': 40.8, 'z': 63.9}",,0.029495755210519,0.0,"{'name': 'Young', 'firstName': 'Young', 'lastName': '', 'slug': 'young', 'shortName': 'Young', 'position': 'G', 'jerseyNumber': '50', 'userCount': 1668, 'gender': 'M', 'id': 1116957, 'fieldTranslations': {'nameTranslation': {'ar': 'يونغ'}, 'shortNameTranslation': {'ar': 'يونغ'}}}",6258803,58,,3472,"{'start': {'x': 53.8, 'y': 25.3}, 'end': {'x': 59.2, 'y': 0}, 'goal': {'x': 59.2, 'y': 36.1}}",33,1928,772,shot,,13472605,25.3,53.8,74.79659083140086,5.595617338281615,5594.53,418.53310050054233,3.799999999999997,74.7,,0,1,58,0,0.071166314
"{'name': 'Agustín Canobbio', 'firstName': '', 'lastName': '', 'slug': 'agustin-canobbio', 'shortName': 'A. Canobbio', 'position': 'M', 'jerseyNumber': '17', 'userCount': 3096, 'gender': 'M', 'id': 846413, 'fieldTranslations': {'nameTranslation': {'ar': 'أغوستين كانوبيو', 'bn': 'অগাস্টিন ক্যানোবিও', 'hi': 'अगस्टिन कैनोबियो'}, 'shortNameTranslation': {'ar': 'أ. كانوبيو', 'bn': 'এ. ক্যানোবিও', 'hi': 'ए. कैनोबियो'}}}",True,right-foot,low-left,"{'x': 0, 'y': 53.9, 'z': 19}","{'x': 10.3, 'y': 54.7, 'z': 0}",0.04187424108386,0.0,"{'name': 'Young', 'firstName': 'Young', 'lastName': '', 'slug': 'young', 'shortName': 'Young', 'position': 'G', 'jerseyNumber': '50', 'userCount': 1668, 'gender': 'M', 'id': 1116957, 'fieldTranslations': {'nameTranslation': {'ar': 'يونغ'}, 'shortNameTranslation': {'ar': 'يونغ'}}}",6258779,54,,3193,"{'start': {'x': 56, 'y': 11.9}, 'block': {'x': 54.7, 'y': 10.3}, 'end': {'x': 46.1, 'y': 0}, 'goal': {'x': 46.1, 'y': 81}}",37,2207,493,shot,,13472605,11.9,56.0,88.30407691607448,4.735918116705262,7797.609999999998,418.20087764577204,6.0,88.1,,0,1,54,0,0.18980229
"{'name': 'Luiz Gustavo', 'slug': 'luiz-gustavo', 'shortName': 'L. Gustavo', 'position': 'M', 'jerseyNumber': '14', 'userCount': 2121, 'gender': 'M', 'id': 29735, 'fieldTranslations': {'nameTranslation': {'ar': 'لويس غوستافو', 'bn': 'লুইজ গুস্তাভো', 'hi': 'लुइज़ गुस्तावो'}, 'shortNameTranslation': {'ar': 'ل. غوستافو', 'bn': 'এল. গুস্তাভো', 'hi': 'एल. गुस्तावो'}}}",False,left-foot,high-left,"{'x': 0, 'y': 57.3, 'z': 100}",,0.0082099149003625,0.0,"{'name': 'Fábio', 'firstName': '', 'lastName': '', 'slug': 'fabio', 'shortName': 'Fábio', 'position': 'G', 'jerseyNumber': '1', 'userCount': 4343, 'gender': 'M', 'id': 17785, 'fieldTranslations': {'nameTranslation': {'ar': 'فابيو', 'bn': 'ফ্যাবিও', 'hi': 'फैबियो'}, 'shortNameTranslation': {'ar': 'فابيو', 'bn': 'ফ্যাবিও', 'hi': 'फैबियो'}}}",6258774,51,,3011,"{'start': {'x': 54, 'y': 27.7}, 'end': {'x': 42.7, 'y': 0}, 'goal': {'x': 42.7, 'y': 0}}",40,2389,311,shot,,13472605,27.7,54.0,72.41056552741458,5.778341327514192,5243.29,418.4129633357341,4.0,72.3,,0,0,51,0,0.15760866
"{'name': 'Samuel Xavier', 'firstName': '', 'lastName': '', 'slug': 'xavier-samuel', 'shortName': 'S. Xavier', 'position': 'D', 'jerseyNumber': '2', 'userCount': 1632, 'gender': 'M', 'id': 795773, 'fieldTranslations': {'nameTranslation': {'ar': 'كزافيه, سامويل'}, 'shortNameTranslation': {'ar': 'س. كزافيه'}}}",True,right-foot,low-centre,"{'x': 0, 'y': 49.2, 'z': 12.7}","{'x': 1.4, 'y': 50.5, 'z': 0}",0.006622863933444,0.01103877928108,"{'name': 'Young', 'firstName': 'Young', 'lastName': '', 'slug': 'young', 'shortName': 'Young', 'position': 'G', 'jerseyNumber': '50', 'userCount': 1668, 'gender': 'M', 'id': 1116957, 'fieldTranslations': {'nameTranslation': {'ar': 'يونغ'}, 'shortNameTranslation': {'ar': 'يونغ'}}}",6258769,45,3.0,2836,"{'start': {'x': 34, 'y': 21.8}, 'block': {'x': 50.5, 'y': 1.4}, 'end': {'x': 50.8, 'y': 0}, 'goal': {'x': 50.8, 'y': 87.3}}",1,2564,136,shot,,13472605,21.8,34.0,79.82004760710181,5.14471338025074,6371.24,410.65126693650774,16.0,78.2,,0,1,45,0,0.029451298
"{'name': 'Agustín Canobbio', 'firstName': '', 'lastName': '', 'slug': 'agustin-canobbio', 'shortName': 'A. Canobbio', 'position': 'M', 'jerseyNumber': '17', 'userCount': 3096, 'gender': 'M', 'id': 846413, 'fieldTranslations': {'nameTranslation': {'ar': 'أغوستين كانوبيو', 'bn': 'অগাস্টিন ক্যানোবিও', 'hi': 'अगस्टिन कैनोबियो'}, 'shortNameTranslation': {'ar': 'أ. كانوبيو', 'bn': 'এ. ক্যানোবিও', 'hi': 'ए. कैनोबियो'}}}",True,right-foot,high,"{'x': 0, 'y': 48.2, 'z': 38.6}",,0.34254971146584,0.0,"{'name': 'Young', 'firstName': 'Young', 'lastName': '', 'slug': 'young', 'shortName': 'Young', 'position': 'G', 'jerseyNumber': '50', 'userCount': 1668, 'gender': 'M', 'id': 1116957, 'fieldTranslations': {'nameTranslation': {'ar': 'يونغ'}, 'shortNameTranslation': {'ar': 'يونغ'}}}",6258767,45,,2659,"{'start': {'x': 35.6, 'y': 10.5}, 'end': {'x': 51.8, 'y': 0}, 'goal': {'x': 51.8, 'y': 61.4}}",1,41,2659,shot,,13472605,10.5,35.6,90.65103419156343,4.565613779353881,8217.61,413.8776108176818,14.399999999999999,89.5,,0,1,45,0,0.081233606
"{'name': 'Gonzalo Tapia', 'firstName': '', 'lastName': '', 'slug': 'tapia-gonzalo', 'shortName': 'G. Tapia', 'position': 'F', 'jerseyNumber': '14', 'userCount': 4061, 'gender': 'M', 'id': 1002947, 'fieldTranslations': {'nameTranslation': {'ar': 'تابيا، غونزالو', 'bn': 'তাপিয়া, গঞ্জালো', 'hi': 'तापिया, गोंजालो'}, 'shortNameTranslation': {'ar': 'ت. غونزالو', 'bn': 'জি. তাপিয়া', 'hi': 'जी. तापिया'}}}",False,right-foot,high-right,"{'x': 0, 'y': 42.2, 'z': 84.7}",,0.017308859154582,0.0,"{'name': 'Fábio', 'firstName': '', 'lastName': '', 'slug': 'fabio', 'shortName': 'Fábio', 'position': 'G', 'jerseyNumber': '1', 'userCount': 4343, 'gender': 'M', 'id': 17785, 'fieldTranslations': {'nameTranslation': {'ar': 'فابيو', 'bn': 'ফ্যাবিও', 'hi': 'फैबियो'}, 'shortNameTranslation': {'ar': 'فابيو', 'bn': 'ফ্যাবিও', 'hi': 'फैबियो'}}}",6258766,44,,2615,"{'start': {'x': 28.2, 'y': 20.6}, 'end': {'x': 57.8, 'y': 0}, 'goal': {'x': 57.8, 'y': 15.3}}",2,85,2615,shot,,13472605,20.6,28.2,82.33832643429183,4.90958002570915,6779.6,404.2466028121189,21.8,79.4,,0,0,44,0,0.01625114
"{'name': 'Kevin Serna', 'slug': 'serna-kevin', 'shortName': 'K. Serna', 'position': 'M', 'jerseyNumber': '90', 'userCount': 3455, 'gender': 'M', 'id': 981374, 'fieldTranslations': {'nameTranslation': {'ar': 'كيفن سيرنا', 'bn': 'কেভিন সেরনা', 'hi': 'केविन सेरना'}, 'shortNameTranslation': {'ar': 'ك. سيرنا', 'bn': 'কে. সেরনা', 'hi': 'के. सेरना'}}}",True,right-foot,low-centre,"{'x': 0, 'y': 51.3, 'z': 7.6}","{'x': 6.2, 'y': 53.4, 'z': 0}",0.53674167394638,0.53735244274139,"{'name': 'Young', 'firstName': 'Young', 'lastName': '', 'slug': 'young', 'shortName': 'Young', 'position': 'G', 'jerseyNumber': '50', 'userCount': 1668, 'gender': 'M', 'id': 1116957, 'fieldTranslations': {'nameTranslation': {'ar': 'يونغ'}, 'shortNameTranslation': {'ar': 'يونغ'}}}",6258765,43,,2531,"{'start': {'x': 55, 'y': 14.7}, 'block': {'x': 53.4, 'y': 6.2}, 'end': {'x': 48.7, 'y': 0}, 'goal': {'x': 48.7, 'y': 92.4}}",3,169,2531,shot,,13472605,14.7,55.0,85.44641595760467,4.897035766202656,7301.089999999998,418.43415503821944,5.0,85.3,,0,1,43,0,0.053247165
"{'name': 'Marcos Antônio', 'slug': 'marcos-antonio', 'shortName': 'M. Antônio', 'position': 'M', 'jerseyNumber': '8', 'userCount': 3087, 'gender': 'M', 'id': 905453, 'fieldTranslations': {'nameTranslation': {'ar': 'ماركوس أنطونيو', 'bn': 'মার্কোস আন্তোনিও', 'hi': 'मार्कोस एंटोनियो'}, 'shortNameTranslation': {'ar': 'م. أنطونيو', 'bn': 'এম. আন্তোনিও', 'hi': 'एम. एंटोनियो'}}}",False,right-foot,low-left,"{'x': 0, 'y': 52.1, 'z': 6.3}","{'x': 1.4, 'y': 48.7, 'z': 0}",0.020209938287735,0.037237659096718,"{'name': 'Fábio', 'firstName': '', 'lastName': '', 'slug': 'fabio', 'shortName': 'Fábio', 'position': 'G', 'jerseyNumber': '1', 'userCount': 4343, 'gender': 'M', 'id': 17785, 'fieldTranslations': {'nameTranslation': {'ar': 'فابيو', 'bn': 'ফ্যাবিও', 'hi': 'फैबियो'}, 'shortNameTranslation': {'ar': 'فابيو', 'bn': 'ফ্যাবিও', 'hi': 'फैबियो'}}}",6258764,42,,2506,"{'start': {'x': 30.1, 'y': 20.9}, 'block': {'x': 48.7, 'y': 1.4}, 'end': {'x': 47.9, 'y': 0}, 'goal': {'x': 47.9, 'y': 93.7}}",4,194,2506,shot,,13472605,20.9,30.1,81.56482084820637,4.984050151347549,6652.82,406.5231576931386,19.9,79.1,,0,0,42,0,0.01642636
"{'name': 'Everaldo', 'firstName': '', 'lastName': '', 'slug': 'everaldo', 'shortName': 'Everaldo', 'position': 'F', 'jerseyNumber': '27', 'userCount': 2419, 'gender': 'M', 'id': 386212, 'fieldTranslations': {'nameTranslation': {'ar': 'إيفيرالدو', 'bn': 'এভারালডো', 'hi': 'एवराल्डो'}, 'shortNameTranslation': {'ar': 'إيفيرالدو', 'bn': 'এভারালডো', 'hi': 'एवराल्डो'}}}",True,head,high-centre,"{'x': 0, 'y': 48.4, 'z': 36.1}","{'x': 0.7, 'y': 52, 'z': 0}",0.05850313231349,0.17878864705563,"{'name': 'Young', 'firstName': 'Young', 'lastName': '', 'slug': 'young', 'shortName': 'Young', 'position': 'G', 'jerseyNumber': '50', 'userCount': 1668, 'gender': 'M', 'id': 1116957, 'fieldTranslations': {'nameTranslation': {'ar': 'يونغ'}, 'shortNameTranslation': {'ar': 'يونغ'}}}",6258762,37,,2175,"{'start': {'x': 59.7, 'y': 7.1}, 'block': {'x': 52, 'y': 0.7}, 'end': {'x': 51.6, 'y': 0}, 'goal': {'x': 51.6, 'y': 63.9}}",9,525,2175,shot,,13472605,7.1,59.7,93.40503198436367,4.463713617717592,8724.500000000002,416.9333132319514,9.700000000000003,92.9,,0,1,37,0,0.15320091
"{'name': 'Agustín Canobbio', 'firstName': '', 'lastName': '', 'slug': 'agustin-canobbio', 'shortName': 'A. Canobbio', 'position': 'M', 'jerseyNumber': '17', 'userCount': 3096, 'gender': 'M', 'id': 846413, 'fieldTranslations': {'nameTranslation': {'ar': 'أغوستين كانوبيو', 'bn': 'অগাস্টিন ক্যানোবিও', 'hi': 'अगस्टिन कैनोबियो'}, 'shortNameTranslation': {'ar': 'أ. كانوبيو', 'bn': 'এ. ক্যানোবিও', 'hi': 'ए. कैनोबियो'}}}",True,right-foot,low-centre,"{'x': 0, 'y': 48.5, 'z': 17.7}","{'x': 4.5, 'y': 54, 'z': 0}",0.037236992269754,0.072508297860622,"{'name': 'Young', 'firstName': 'Young', 'lastName': '', 'slug': 'young', 'shortName': 'Young', 'position': 'G', 'jerseyNumber': '50', 'userCount': 1668, 'gender': 'M', 'id': 1116957, 'fieldTranslations': {'nameTranslation': {'ar': 'يونغ'}, 'shortNameTranslation': {'ar': 'يونغ'}}}",6258758,28,,1666,"{'start': {'x': 69.3, 'y': 17.9}, 'block': {'x': 54, 'y': 4.5}, 'end': {'x': 51.5, 'y': 0}, 'goal': {'x': 51.5, 'y': 82.3}}",18,1034,1666,shot,,13472605,17.9,69.3,84.33801041049047,4.83854426306022,7112.899999999999,408.07319642959175,19.299999999999997,82.1,,0,1,28,0,0.02987391
"{'name': 'Nonato', 'slug': 'nonato', 'shortName': 'Nonato', 'position': 'M', 'jerseyNumber': '16', 'userCount': 1216, 'gender': 'M', 'id': 922566, 'fieldTranslations': {'nameTranslation': {'ar': 'نوناتو', 'bn': 'নোনাতো', 'hi': 'नोनाटो'}, 'shortNameTranslation': {'ar': 'نوناتو', 'bn': 'নোনাতো', 'hi': 'नोनाटो'}}}",True,right-foot,high-centre,"{'x': 0, 'y': 51.2, 'z': 29.7}",,0.17762897908688,0.60034513473511,"{'name': 'Young', 'firstName': 'Young', 'lastName': '', 'slug': 'young', 'shortName': 'Young', 'position': 'G', 'jerseyNumber': '50', 'userCount': 1668, 'gender': 'M', 'id': 1116957, 'fieldTranslations': {'nameTranslation': {'ar': 'يونغ'}, 'shortNameTranslation': {'ar': 'يونغ'}}}",6258755,24,,1417,"{'start': {'x': 34.6, 'y': 2.7}, 'end': {'x': 48.8, 'y': 0}, 'goal': {'x': 48.8, 'y': 70.3}}",22,1283,1417,shot,regular,13472605,2.7,34.6,98.51116687969947,4.203348653054938,9704.449999999999,414.07678061465504,15.399999999999999,97.3,,0,1,24,1,0.15151797
"{'name': 'Matheus Martinelli', 'firstName': '', 'lastName': '', 'slug': 'martinelli-matheus', 'shortName': 'M. Martinelli', 'position': 'M', 'jerseyNumber': '8', 'userCount': 4206, 'gender': 'M', 'id': 1067671, 'fieldTranslations': {'nameTranslation': {'ar': 'مارتينيلي، ماثيوس', 'bn': 'মার্টিনেলি, ম্যাথিউস', 'hi': 'मार्टिनेली, मैथियस'}, 'shortNameTranslation': {'ar': 'م. مارتينيلي', 'bn': 'এম. মার্টিনেলি', 'hi': 'एम. मार्टिनेली'}}}",True,left-foot,high-left,"{'x': 0, 'y': 53.2, 'z': 34.8}",,0.39838665723801,0.78959363698959,"{'name': 'Young', 'firstName': 'Young', 'lastName': '', 'slug': 'young', 'shortName': 'Young', 'position': 'G', 'jerseyNumber': '50', 'userCount': 1668, 'gender': 'M', 'id': 1116957, 'fieldTranslations': {'nameTranslation': {'ar': 'يونغ'}, 'shortNameTranslation': {'ar': 'يونغ'}}}",6258748,16,,913,"{'start': {'x': 52.3, 'y': 6.6}, 'end': {'x': 46.8, 'y': 0}, 'goal': {'x': 46.8, 'y': 65.2}}",30,1787,913,shot,regular,13472605,6.6,52.3,93.42831476592094,4.485409339236833,8728.850000000002,419.06423560022034,2.299999999999997,93.4,,0,1,16,1,0.6111048
"{'name': 'Everaldo', 'firstName': '', 'lastName': '', 'slug': 'everaldo', 'shortName': 'Everaldo', 'position': 'F', 'jerseyNumber': '27', 'userCount': 2419, 'gender': 'M', 'id': 386212, 'fieldTranslations': {'nameTranslation': {'ar': 'إيفيرالدو', 'bn': 'এভারালডো', 'hi': 'एवराल्डो'}, 'shortNameTranslation': {'ar': 'إيفيرالدو', 'bn': 'এভারালডো', 'hi': 'एवराल्डो'}}}",True,head,low-right,"{'x': 0, 'y': 46.8, 'z': 19}","{'x': 4.4, 'y': 52.2, 'z': 0}",0.26638400554657,0.0,"{'name': 'Young', 'firstName': 'Young', 'lastName': '', 'slug': 'young', 'shortName': 'Young', 'position': 'G', 'jerseyNumber': '50', 'userCount': 1668, 'gender': 'M', 'id': 1116957, 'fieldTranslations': {'nameTranslation': {'ar': 'يونغ'}, 'shortNameTranslation': {'ar': 'يونغ'}}}",6258747,16,,912,"{'start': {'x': 51.1, 'y': 8.8}, 'block': {'x': 52.2, 'y': 4.4}, 'end': {'x': 53.2, 'y': 0}, 'goal': {'x': 53.2, 'y': 81}}",30,1788,912,shot,,13472605,8.8,51.1,91.2066335306813,4.5956069900681555,8318.649999999998,419.1498425941836,1.1000000000000014,91.2,,0,1,16,0,0.15150215
"{'name': 'Agustín Canobbio', 'firstName': '', 'lastName': '', 'slug': 'agustin-canobbio', 'shortName': 'A. Canobbio', 'position': 'M', 'jerseyNumber': '17', 'userCount': 3096, 'gender': 'M', 'id': 846413, 'fieldTranslations': {'nameTranslation': {'ar': 'أغوستين كانوبيو', 'bn': 'অগাস্টিন ক্যানোবিও', 'hi': 'अगस्टिन कैनोबियो'}, 'shortNameTranslation': {'ar': 'أ. كانوبيو', 'bn': 'এ. ক্যানোবিও', 'hi': 'ए. कैनोबियो'}}}",True,right-foot,high-centre,"{'x': 0, 'y': 51.1, 'z': 31}",,0.7884,0.98080050945282,"{'name': 'Young', 'firstName': 'Young', 'lastName': '', 'slug': 'young', 'shortName': 'Young', 'position': 'G', 'jerseyNumber': '50', 'userCount': 1668, 'gender': 'M', 'id': 1116957, 'fieldTranslations': {'nameTranslation': {'ar': 'يونغ'}, 'shortNameTranslation': {'ar': 'يونغ'}}}",6258744,9,,517,"{'start': {'x': 50, 'y': 11.5}, 'end': {'x': 48.9, 'y': 0}, 'goal': {'x': 48.9, 'y': 69}}",37,2183,517,shot,penalty,13472605,11.5,50.0,88.5,4.736341767417068,7832.25,419.1662464164105,0.0,88.5,,0,1,9,1,0.39901307
"{'name': 'Matheus Babi', 'firstName': '', 'lastName': '', 'slug': 'matheus-babi', 'shortName': 'Matheus Babi', 'position': 'F', 'jerseyNumber': '17', 'userCount': 465, 'gender': 'M', 'id': 1007431, 'fieldTranslations': {'nameTranslation': {'ar': 'ماثيوس بابي'}, 'shortNameTranslation': {'ar': 'م. بابي'}}}",True,right-foot,low-right,"{'x': 0, 'y': 47.2, 'z': 19}","{'x': 0.099999999999994, 'y': 53.1, 'z': 0}",0.35530486702919,0.0,"{'name': 'Ronaldo', 'slug': 'ronaldo', 'shortName': 'Ronaldo', 'position': 'G', 'jerseyNumber': '96', 'userCount': 1023, 'gender': 'M', 'id': 840106, 'fieldTranslations': {'nameTranslation': {'ar': 'رونالدو'}, 'shortNameTranslation': {'ar': 'رونالدو'}}}",6262276,90,9.0,5934,"{'start': {'x': 58.3, 'y': 2.5}, 'block': {'x': 53.1, 'y': 0.099999999999994}, 'end': {'x': 52.8, 'y': 0}, 'goal': {'x': 52.8, 'y': 81}}",1,366,534,shot,,13472619,2.5,58.3,97.85264431787216,4.268709593797409,9575.14,417.7045215781464,8.299999999999997,97.5,,0,1,90,0,0.14987935
"{'name': 'Rodrigo Sam', 'firstName': '', 'lastName': '', 'slug': 'rodrigo-sam', 'shortName': 'R. Sam', 'position': 'D', 'jerseyNumber': '34', 'userCount': 112, 'gender': 'M', 'id': 794640, 'fieldTranslations': {'nameTranslation': {'ar': 'رودريغو سام'}, 'shortNameTranslation': {'ar': 'ر. سام'}}}",True,right-foot,right,"{'x': 0, 'y': 39.8, 'z': 1.4}",,0.28668466210365,0.0,"{'name': 'Ronaldo', 'slug': 'ronaldo', 'shortName': 'Ronaldo', 'position': 'G', 'jerseyNumber': '96', 'userCount': 1023, 'gender': 'M', 'id': 840106, 'fieldTranslations': {'nameTranslation': {'ar': 'رونالدو'}, 'shortNameTranslation': {'ar': 'رونالدو'}}}",6262274,90,9.0,5883,"{'start': {'x': 41.7, 'y': 5.2}, 'end': {'x': 60.2, 'y': 0}, 'goal': {'x': 60.2, 'y': 98.6}}",1,417,483,shot,,13472619,5.2,41.7,95.16265023631907,4.388352401099921,9055.929999999997,417.6072446595827,8.299999999999997,94.8,,0,1,90,0,0.12574676
"{'name': 'Gabriel Taliari', 'slug': 'gabriel-taliari', 'shortName': 'G. Taliari', 'position': 'F', 'jerseyNumber': '19', 'userCount': 442, 'gender': 'M', 'id': 933955, 'fieldTranslations': {'nameTranslation': {'ar': 'غابرييل تاليارى'}, 'shortNameTranslation': {'ar': 'غ. تاليارى'}}}",True,right-foot,low-left,"{'x': 0, 'y': 54.6, 'z': 19}","{'x': 2.8, 'y': 51.1, 'z': 0}",0.056620121002197,0.0,"{'name': 'Ronaldo', 'slug': 'ronaldo', 'shortName': 'Ronaldo', 'position': 'G', 'jerseyNumber': '96', 'userCount': 1023, 'gender': 'M', 'id': 840106, 'fieldTranslations': {'nameTranslation': {'ar': 'رونالدو'}, 'shortNameTranslation': {'ar': 'رونالدو'}}}",6262297,90,7.0,5776,"{'start': {'x': 69, 'y': 11.6}, 'block': {'x': 51.1, 'y': 2.8}, 'end': {'x': 45.4, 'y': 0}, 'goal': {'x': 45.4, 'y': 81}}",1,524,376,shot,,13472619,11.6,69.0,90.41880335416965,4.532869746851765,8175.560000000001,409.8566582706545,19.0,88.4,,0,1,90,0,0.020969458
"{'name': 'Gilberto', 'slug': 'gilberto', 'shortName': 'Gilberto', 'position': 'D', 'jerseyNumber': '2', 'userCount': 1498, 'gender': 'M', 'id': 261687, 'fieldTranslations': {'nameTranslation': {'ar': 'جيلبرتو', 'bn': 'গিলবার্টো', 'hi': 'गिलबर्टो'}, 'shortNameTranslation': {'ar': 'جيبيرتو', 'bn': 'গিলবার্টো', 'hi': 'गिलबर्टो'}}}",False,right-foot,low-right,"{'x': 0, 'y': 47.5, 'z': 19}","{'x': 2.4, 'y': 52.4, 'z': 0}",0.36328473687172,0.0,"{'name': 'Jandrei', 'firstName': '', 'lastName': '', 'slug': 'jandrei', 'shortName': 'Jandrei', 'position': 'G', 'jerseyNumber': '93', 'userCount': 1017, 'gender': 'M', 'id': 874979, 'fieldTranslations': {'nameTranslation': {'ar': 'جاندري', 'bn': 'জান্দ্রেই', 'hi': 'जन्द्रेई'}, 'shortNameTranslation': {'ar': 'جاندري', 'bn': 'জান্দ্রেই', 'hi': 'जन्द्रेई'}}}",6262275,90,6.0,5756,"{'start': {'x': 52.3, 'y': 6.5}, 'block': {'x': 52.4, 'y': 2.4}, 'end': {'x': 52.5, 'y': 0}, 'goal': {'x': 52.5, 'y': 81}}",1,544,356,shot,,13472619,6.5,52.3,93.52828449191186,4.480622782307247,8747.54,419.0649622845739,2.299999999999997,93.5,,0,0,90,0,0.49170834
"{'name': 'Ademir', 'slug': 'ademir', 'shortName': 'Ademir', 'position': 'F', 'jerseyNumber': '7', 'userCount': 1702, 'gender': 'M', 'id': 922546, 'fieldTranslations': {'nameTranslation': {'ar': 'أديمير'}, 'shortNameTranslation': {'ar': 'أديمير'}}}",False,left-foot,low-right,"{'x': 0, 'y': 47.9, 'z': 19}","{'x': 1.4, 'y': 53.1, 'z': 0}",0.25490915775299,0.0,"{'name': 'Jandrei', 'firstName': '', 'lastName': '', 'slug': 'jandrei', 'shortName': 'Jandrei', 'position': 'G', 'jerseyNumber': '93', 'userCount': 1017, 'gender': 'M', 'id': 874979, 'fieldTranslations': {'nameTranslation': {'ar': 'جاندري', 'bn': 'জান্দ্রেই', 'hi': 'जन्द्रेई'}, 'shortNameTranslation': {'ar': 'جاندري', 'bn': 'জান্দ্রেই', 'hi': 'जन्द्रेई'}}}",6262273,90,6.0,5754,"{'start': {'x': 58.9, 'y': 9.3}, 'block': {'x': 53.1, 'y': 1.4}, 'end': {'x': 52.1, 'y': 0}, 'goal': {'x': 52.1, 'y': 81}}",1,546,354,shot,,13472619,9.3,58.9,91.13561323653887,4.577626233287811,8305.699999999999,417.1847739383522,8.899999999999999,90.7,,0,0,90,0,0.056112
"{'name': 'Tiago Souza', 'slug': 'tiago-souza', 'shortName': 'T. Souza', 'position': 'F', 'jerseyNumber': '11', 'userCount': 958, 'gender': 'M', 'id': 1469531, 'fieldTranslations': {'nameTranslation': {'ar': 'تياغو سوزا'}, 'shortNameTranslation': {'ar': 'ت. سوزا'}}}",False,right-foot,right,"{'x': 0, 'y': 30.3, 'z': 4.2}","{'x': 1.7, 'y': 50.8, 'z': 0}",0.46744921803474,0.0,"{'name': 'Jandrei', 'firstName': '', 'lastName': '', 'slug': 'jandrei', 'shortName': 'Jandrei', 'position': 'G', 'jerseyNumber': '93', 'userCount': 1017, 'gender': 'M', 'id': 874979, 'fieldTranslations': {'nameTranslation': {'ar': 'جاندري', 'bn': 'জান্দ্রেই', 'hi': 'जन्द्रेई'}, 'shortNameTranslation': {'ar': 'جاندري', 'bn': 'জান্দ্রেই', 'hi': 'जन्द्रेई'}}}",6262271,90,6.0,5752,"{'start': {'x': 43.2, 'y': 3.5}, 'block': {'x': 50.8, 'y': 1.7}, 'end': {'x': 69.7, 'y': 0}, 'goal': {'x': 69.7, 'y': 95.8}}",1,548,352,shot,,13472619,3.5,43.2,96.73928881276727,4.322671644703372,9358.489999999998,418.17218067971925,6.799999999999997,96.5,,0,0,90,0,0.08422504
"{'name': 'Marcelo Hermes', 'slug': 'marcelo-hermes', 'shortName': 'M. Hermes', 'position': 'D', 'jerseyNumber': '22', 'userCount': 288, 'gender': 'M', 'id': 783490, 'fieldTranslations': {'nameTranslation': {'ar': 'مارسيلو هيرميس'}, 'shortNameTranslation': {'ar': 'م. هيرميس'}}}",True,left-foot,low-centre,"{'x': 0, 'y': 49.5, 'z': 19}","{'x': 15, 'y': 62.6, 'z': 0}",0.053913939744234,0.0,"{'name': 'Ronaldo', 'slug': 'ronaldo', 'shortName': 'Ronaldo', 'position': 'G', 'jerseyNumber': '96', 'userCount': 1023, 'gender': 'M', 'id': 840106, 'fieldTranslations': {'nameTranslation': {'ar': 'رونالدو'}, 'shortNameTranslation': {'ar': 'رونالدو'}}}",6262272,90,5.0,5695,"{'start': {'x': 69.1, 'y': 23}, 'block': {'x': 62.6, 'y': 15}, 'end': {'x': 50.5, 'y': 0}, 'goal': {'x': 50.5, 'y': 81}}",1,605,295,shot,,13472619,23.0,69.1,79.3335364143059,5.128309295706958,6293.8099999999995,406.8469122547914,19.099999999999994,77.0,,0,1,90,0,0.01139497
"{'name': 'Edison Negueba', 'firstName': 'Edison Negueba', 'lastName': '', 'slug': 'edison-negueba', 'shortName': 'E. Negueba', 'position': 'M', 'jerseyNumber': '87', 'userCount': 134, 'gender': 'M', 'id': 1200594, 'fieldTranslations': {'nameTranslation': {'ar': 'إيديسون نيغويبا'}, 'shortNameTranslation': {'ar': 'إ. نيغويبا'}}}",True,head,high-right,"{'x': 0, 'y': 46.7, 'z': 21.5}","{'x': 0.3, 'y': 53.4, 'z': 0}",0.24058014154434,0.26261168718338,"{'name': 'Ronaldo', 'slug': 'ronaldo', 'shortName': 'Ronaldo', 'position': 'G', 'jerseyNumber': '96', 'userCount': 1023, 'gender': 'M', 'id': 840106, 'fieldTranslations': {'nameTranslation': {'ar': 'رونالدو'}, 'shortNameTranslation': {'ar': 'رونالدو'}}}",6262265,90,3.0,5528,"{'start': {'x': 58.5, 'y': 5.2}, 'block': {'x': 53.4, 'y': 0.3}, 'end': {'x': 53.3, 'y': 0}, 'goal': {'x': 53.3, 'y': 78.5}}",1,772,128,shot,,13472619,5.2,58.5,95.18030258409561,4.386728758523284,9059.289999999999,417.5301705906003,8.5,94.8,,0,1,90,0,0.12088773
"{'name': 'Gabriel Taliari', 'slug': 'gabriel-taliari', 'shortName': 'G. Taliari', 'position': 'F', 'jerseyNumber': '19', 'userCount': 442, 'gender': 'M', 'id': 933955, 'fieldTranslations': {'nameTranslation': {'ar': 'غابرييل تاليارى'}, 'shortNameTranslation': {'ar': 'غ. تاليارى'}}}",True,head,right,"{'x': 0, 'y': 15.3, 'z': 2.8}","{'x': 1.8, 'y': 90.1, 'z': 0}",0.045469578355551,0.0,"{'name': 'Ronaldo', 'slug': 'ronaldo', 'shortName': 'Ronaldo', 'position': 'G', 'jerseyNumber': '96', 'userCount': 1023, 'gender': 'M', 'id': 840106, 'fieldTranslations': {'nameTranslation': {'ar': 'رونالدو'}, 'shortNameTranslation': {'ar': 'رونالدو'}}}",6262266,90,2.0,5489,"{'start': {'x': 42.3, 'y': 8.2}, 'block': {'x': 90.1, 'y': 1.8}, 'end': {'x': 84.7, 'y': 0}, 'goal': {'x': 84.7, 'y': 97.2}}",1,811,89,shot,,13472619,8.2,42.3,92.1223642770853,4.534446334795767,8486.53,417.72391704894994,7.700000000000003,91.8,,0,1,90,0,0.14306895
"{'name': 'Ênio', 'slug': 'enio', 'shortName': 'Ênio', 'position': 'M', 'jerseyNumber': '97', 'userCount': 258, 'gender': 'M', 'id': 1015935, 'fieldTranslations': {'nameTranslation': {'ar': 'إينيو'}, 'shortNameTranslation': {'ar': 'إينيو'}}}",True,right-foot,low-centre,"{'x': 0, 'y': 51, 'z': 19}","{'x': 14, 'y': 38.6, 'z': 0}",0.020595300942659,0.0,"{'name': 'Ronaldo', 'slug': 'ronaldo', 'shortName': 'Ronaldo', 'position': 'G', 'jerseyNumber': '96', 'userCount': 1023, 'gender': 'M', 'id': 840106, 'fieldTranslations': {'nameTranslation': {'ar': 'رونالدو'}, 'shortNameTranslation': {'ar': 'رونالدو'}}}",6262263,90,1.0,5456,"{'start': {'x': 37, 'y': 15.8}, 'block': {'x': 38.6, 'y': 14}, 'end': {'x': 49, 'y': 0}, 'goal': {'x': 49, 'y': 81}}",1,844,56,shot,,13472619,15.8,37.0,85.19765254982089,4.862374631845208,7258.640000000001,414.2629044510113,13.0,84.2,,0,1,90,0,0.014141008
"{'name': 'Luis Mandaca', 'firstName': 'Luis Mandaca', 'slug': 'luis-mandaca', 'shortName': 'L. Mandaca', 'position': 'M', 'jerseyNumber': '44', 'userCount': 391, 'gender': 'M', 'id': 1116677, 'fieldTranslations': {'nameTranslation': {'ar': 'لويس ماندكا'}, 'shortNameTranslation': {'ar': 'ل. ماندكا'}}}",True,right-foot,low-centre,"{'x': 0, 'y': 51.3, 'z': 19}","{'x': 9.6, 'y': 37.4, 'z': 0}",0.025099202990532,0.0,"{'name': 'Ronaldo', 'slug': 'ronaldo', 'shortName': 'Ronaldo', 'position': 'G', 'jerseyNumber': '96', 'userCount': 1023, 'gender': 'M', 'id': 840106, 'fieldTranslations': {'nameTranslation': {'ar': 'رونالدو'}, 'shortNameTranslation': {'ar': 'رونالدو'}}}",6262262,90,1.0,5433,"{'start': {'x': 32.9, 'y': 13.3}, 'block': {'x': 37.4, 'y': 9.6}, 'end': {'x': 48.7, 'y': 0}, 'goal': {'x': 48.7, 'y': 81}}",1,867,33,shot,,13472619,13.3,32.9,88.37024386070235,4.654035275240782,7809.3,411.27823220933885,17.1,86.7,,0,1,90,0,0.015476974
"{'name': 'Luis Mandaca', 'firstName': 'Luis Mandaca', 'slug': 'luis-mandaca', 'shortName': 'L. Mandaca', 'position': 'M', 'jerseyNumber': '44', 'userCount': 391, 'gender': 'M', 'id': 1116677, 'fieldTranslations': {'nameTranslation': {'ar': 'لويس ماندكا'}, 'shortNameTranslation': {'ar': 'ل. ماندكا'}}}",True,head,high-centre,"{'x': 0, 'y': 49.7, 'z': 21.5}","{'x': 1.5, 'y': 46.9, 'z': 0}",0.10945411771536,0.14346693456173,"{'name': 'Ronaldo', 'slug': 'ronaldo', 'shortName': 'Ronaldo', 'position': 'G', 'jerseyNumber': '96', 'userCount': 1023, 'gender': 'M', 'id': 840106, 'fieldTranslations': {'nameTranslation': {'ar': 'رونالدو'}, 'shortNameTranslation': {'ar': 'رونالدو'}}}",6262260,90,,5341,"{'start': {'x': 45.9, 'y': 10.1}, 'block': {'x': 46.9, 'y': 1.5}, 'end': {'x': 50.3, 'y': 0}, 'goal': {'x': 50.3, 'y': 78.5}}",1,59,2641,shot,,13472619,10.1,45.9,89.99344420567535,4.653014108825643,8098.8200000000015,418.74076559082073,4.100000000000001,89.9,,0,1,90,0,0.09628513
"{'name': 'Edison Negueba', 'firstName': 'Edison Negueba', 'lastName': '', 'slug': 'edison-negueba', 'shortName': 'E. Negueba', 'position': 'M', 'jerseyNumber': '87', 'userCount': 134, 'gender': 'M', 'id': 1200594, 'fieldTranslations': {'nameTranslation': {'ar': 'إيديسون نيغويبا'}, 'shortNameTranslation': {'ar': 'إ. نيغويبا'}}}",True,left-foot,low-centre,"{'x': 0, 'y': 50.3, 'z': 19}","{'x': 11.4, 'y': 52.7, 'z': 0}",0.019196664914489,0.0,"{'name': 'Ronaldo', 'slug': 'ronaldo', 'shortName': 'Ronaldo', 'position': 'G', 'jerseyNumber': '96', 'userCount': 1023, 'gender': 'M', 'id': 840106, 'fieldTranslations': {'nameTranslation': {'ar': 'رونالدو'}, 'shortNameTranslation': {'ar': 'رونالدو'}}}",6262258,87,,5209,"{'start': {'x': 55, 'y': 20.1}, 'block': {'x': 52.7, 'y': 11.4}, 'end': {'x': 49.7, 'y': 0}, 'goal': {'x': 49.7, 'y': 81}}",4,191,2509,shot,,13472619,20.1,55.0,80.05629269457836,5.225068015976414,6409.01,418.29957443608765,5.0,79.9,,0,1,87,0,0.0326258
"{'name': 'Luan Freitas', 'slug': 'luan-freitas', 'shortName': 'Luan Freitas', 'position': 'D', 'jerseyNumber': '4', 'userCount': 247, 'gender': 'M', 'id': 986064, 'fieldTranslations': {'nameTranslation': {'ar': 'لوان فريتاس'}, 'shortNameTranslation': {'ar': 'ل. فريتاس'}}}",True,other,high,"{'x': 0, 'y': 52.9, 'z': 75}",,0.045596577227116,0.0,"{'name': 'Ronaldo', 'slug': 'ronaldo', 'shortName': 'Ronaldo', 'position': 'G', 'jerseyNumber': '96', 'userCount': 1023, 'gender': 'M', 'id': 840106, 'fieldTranslations': {'nameTranslation': {'ar': 'رونالدو'}, 'shortNameTranslation': {'ar': 'رونالدو'}}}",6262250,79,,4719,"{'start': {'x': 45.1, 'y': 12.4}, 'end': {'x': 47.1, 'y': 0}, 'goal': {'x': 47.1, 'y': 25}}",12,681,2019,shot,,13472619,12.4,45.1,87.73693634952157,4.770064977947053,7697.7699999999995,418.5108873532226,4.899999999999999,87.6,,0,1,79,0,0.16335003
"{'name': 'Gilberto', 'slug': 'gilberto', 'shortName': 'Gilberto', 'position': 'D', 'jerseyNumber': '2', 'userCount': 1498, 'gender': 'M', 'id': 261687, 'fieldTranslations': {'nameTranslation': {'ar': 'جيلبرتو', 'bn': 'গিলবার্টো', 'hi': 'गिलबर्टो'}, 'shortNameTranslation': {'ar': 'جيبيرتو', 'bn': 'গিলবার্টো', 'hi': 'गिलबर्टो'}}}",False,right-foot,high-right,"{'x': 0, 'y': 43.5, 'z': 62.5}",,0.050304245203733,0.0,"{'name': 'Jandrei', 'firstName': '', 'lastName': '', 'slug': 'jandrei', 'shortName': 'Jandrei', 'position': 'G', 'jerseyNumber': '93', 'userCount': 1017, 'gender': 'M', 'id': 874979, 'fieldTranslations': {'nameTranslation': {'ar': 'جاندري', 'bn': 'জান্দ্রেই', 'hi': 'जन्द्रेई'}, 'shortNameTranslation': {'ar': 'جاندري', 'bn': 'জান্দ্রেই', 'hi': 'जन्द्रेई'}}}",6262248,78,,4641,"{'start': {'x': 70.2, 'y': 12.8}, 'end': {'x': 56.5, 'y': 0}, 'goal': {'x': 56.5, 'y': 37.5}}",13,759,1941,shot,,13472619,12.8,70.2,89.50910568204779,4.562712352995926,8011.88,408.40430220109727,20.200000000000003,87.2,,0,0,78,0,0.010366488
"{'name': 'Edison Negueba', 'firstName': 'Edison Negueba', 'lastName': '', 'slug': 'edison-negueba', 'shortName': 'E. Negueba', 'position': 'M', 'jerseyNumber': '87', 'userCount': 134, 'gender': 'M', 'id': 1200594, 'fieldTranslations': {'nameTranslation': {'ar': 'إيديسون نيغويبا'}, 'shortNameTranslation': {'ar': 'إ. نيغويبا'}}}",True,right-foot,high-left,"{'x': 0, 'y': 52.2, 'z': 20.9}","{'x': 2, 'y': 47.3, 'z': 0}",0.40684062242508,0.64218938350677,"{'name': 'Ronaldo', 'slug': 'ronaldo', 'shortName': 'Ronaldo', 'position': 'G', 'jerseyNumber': '96', 'userCount': 1023, 'gender': 'M', 'id': 840106, 'fieldTranslations': {'nameTranslation': {'ar': 'رونالدو'}, 'shortNameTranslation': {'ar': 'رونالدو'}}}",6262243,75,,4475,"{'start': {'x': 44.2, 'y': 5.2}, 'block': {'x': 47.3, 'y': 2}, 'end': {'x': 47.8, 'y': 0}, 'goal': {'x': 47.8, 'y': 79.1}}",16,925,1775,shot,,13472619,5.2,44.2,94.97726043638023,4.405458737381877,9020.679999999998,418.41840184204534,5.799999999999997,94.8,,0,1,75,0,0.18279812
"{'name': 'Nicolás Acevedo', 'slug': 'nicolas-acevedo', 'shortName': 'N. Acevedo', 'position': 'M', 'jerseyNumber': '26', 'userCount': 1116, 'gender': 'M', 'id': 959620, 'fieldTranslations': {'nameTranslation': {'ar': 'نيكولاس أسيفيدو'}, 'shortNameTranslation': {'ar': 'ن. أسيفيدو'}}}",False,left-foot,low-centre,"{'x': 0, 'y': 51.4, 'z': 19}","{'x': 18.1, 'y': 47.3, 'z': 0}",0.095842279493809,0.0,"{'name': 'Jandrei', 'firstName': '', 'lastName': '', 'slug': 'jandrei', 'shortName': 'Jandrei', 'position': 'G', 'jerseyNumber': '93', 'userCount': 1017, 'gender': 'M', 'id': 874979, 'fieldTranslations': {'nameTranslation': {'ar': 'جاندري', 'bn': 'জান্দ্রেই', 'hi': 'जन्द्रेई'}, 'shortNameTranslation': {'ar': 'جاندري', 'bn': 'জান্দ্রেই', 'hi': 'जन्द्रेई'}}}",6262202,64,,3799,"{'start': {'x': 47, 'y': 22.2}, 'block': {'x': 47.3, 'y': 18.1}, 'end': {'x': 48.6, 'y': 0}, 'goal': {'x': 48.6, 'y': 81}}",27,1601,1099,shot,,13472619,22.2,47.0,77.85781913205635,5.378871090598662,6061.839999999999,418.7871725064773,3.0,77.8,,0,0,64,0,0.061321568
"{'name': 'Erick', 'slug': 'erick', 'shortName': 'Erick', 'position': 'M', 'jerseyNumber': '14', 'userCount': 1118, 'gender': 'M', 'id': 874063, 'fieldTranslations': {'nameTranslation': {'ar': 'إريك'}, 'shortNameTranslation': {'ar': 'إريك'}}}",False,head,right,"{'x': 0, 'y': 28.6, 'z': 31.9}",,0.053131971508265,0.0,"{'name': 'Jandrei', 'firstName': '', 'lastName': '', 'slug': 'jandrei', 'shortName': 'Jandrei', 'position': 'G', 'jerseyNumber': '93', 'userCount': 1017, 'gender': 'M', 'id': 874979, 'fieldTranslations': {'nameTranslation': {'ar': 'جاندري', 'bn': 'জান্দ্রেই', 'hi': 'जन्द्रेई'}, 'shortNameTranslation': {'ar': 'جاندري', 'bn': 'জান্দ্রেই', 'hi': 'जन्द्रेई'}}}",6262201,62,,3702,"{'start': {'x': 45.6, 'y': 8.5}, 'end': {'x': 71.4, 'y': 0}, 'goal': {'x': 71.4, 'y': 68.1}}",29,1698,1002,shot,,13472619,8.5,45.6,91.60573126175021,4.570678914715526,8391.609999999999,418.7003843451785,4.399999999999999,91.5,,0,0,62,0,0.10841754
"{'name': 'Erick Pulga', 'firstName': 'Erick', 'lastName': 'Pulga', 'slug': 'erick-pulga', 'shortName': 'E. Pulga', 'position': 'M', 'jerseyNumber': '16', 'userCount': 4849, 'gender': 'M', 'id': 1104070, 'fieldTranslations': {'nameTranslation': {'ar': 'إريك بولغا', 'bn': 'এরিক পুলগা', 'hi': 'एरिक पुल्गा'}, 'shortNameTranslation': {'ar': 'إ. بولغا', 'bn': 'ই. পুলগা', 'hi': 'ई. पुल्गा'}}}",False,left-foot,low-left,"{'x': 0, 'y': 52.7, 'z': 3.8}","{'x': 2.3, 'y': 45, 'z': 0}",0.18291336297989,0.26124939322472,"{'name': 'Jandrei', 'firstName': '', 'lastName': '', 'slug': 'jandrei', 'shortName': 'Jandrei', 'position': 'G', 'jerseyNumber': '93', 'userCount': 1017, 'gender': 'M', 'id': 874979, 'fieldTranslations': {'nameTranslation': {'ar': 'جاندري', 'bn': 'জান্দ্রেই', 'hi': 'जन्द्रेई'}, 'shortNameTranslation': {'ar': 'جاندري', 'bn': 'জান্দ্রেই', 'hi': 'जन्द्रेई'}}}",6262200,62,,3660,"{'start': {'x': 43.5, 'y': 3.6}, 'block': {'x': 45, 'y': 2.3}, 'end': {'x': 47.3, 'y': 0}, 'goal': {'x': 47.3, 'y': 96.2}}",29,1740,960,shot,,13472619,3.6,43.5,96.61889049249118,4.328952358137843,9335.210000000001,418.2585738381317,6.5,96.4,,0,0,62,0,0.10557909
"{'name': 'Erick', 'slug': 'erick', 'shortName': 'Erick', 'position': 'M', 'jerseyNumber': '14', 'userCount': 1118, 'gender': 'M', 'id': 874063, 'fieldTranslations': {'nameTranslation': {'ar': 'إريك'}, 'shortNameTranslation': {'ar': 'إريك'}}}",False,right-foot,low-centre,"{'x': 0, 'y': 50.4, 'z': 19}","{'x': 3.2, 'y': 49.6, 'z': 0}",0.4127245247364,0.0,"{'name': 'Jandrei', 'firstName': '', 'lastName': '', 'slug': 'jandrei', 'shortName': 'Jandrei', 'position': 'G', 'jerseyNumber': '93', 'userCount': 1017, 'gender': 'M', 'id': 874979, 'fieldTranslations': {'nameTranslation': {'ar': 'جاندري', 'bn': 'জান্দ্রেই', 'hi': 'जन्द्रेई'}, 'shortNameTranslation': {'ar': 'جاندري', 'bn': 'জান্দ্রেই', 'hi': 'जन्द्रेई'}}}",6262199,61,,3654,"{'start': {'x': 49.7, 'y': 5.7}, 'block': {'x': 49.6, 'y': 3.2}, 'end': {'x': 49.6, 'y': 0}, 'goal': {'x': 49.6, 'y': 81}}",30,1746,954,shot,,13472619,5.7,49.7,94.30047719921676,4.445285977469932,8892.58,419.19258896240126,0.29999999999999716,94.3,,0,0,61,0,0.4655004
"{'name': 'Ademir', 'slug': 'ademir', 'shortName': 'Ademir', 'position': 'F', 'jerseyNumber': '7', 'userCount': 1702, 'gender': 'M', 'id': 922546, 'fieldTranslations': {'nameTranslation': {'ar': 'أديمير'}, 'shortNameTranslation': {'ar': 'أديمير'}}}",False,left-foot,close-right,"{'x': 0, 'y': 41.5, 'z': 11.1}",,0.018697733059525,0.0,"{'name': 'Jandrei', 'firstName': '', 'lastName': '', 'slug': 'jandrei', 'shortName': 'Jandrei', 'position': 'G', 'jerseyNumber': '93', 'userCount': 1017, 'gender': 'M', 'id': 874979, 'fieldTranslations': {'nameTranslation': {'ar': 'جاندري', 'bn': 'জান্দ্রেই', 'hi': 'जन्द्रेई'}, 'shortNameTranslation': {'ar': 'جاندري', 'bn': 'জান্দ্রেই', 'hi': 'जन्द्रेई'}}}",6262191,51,,3040,"{'start': {'x': 63.6, 'y': 26.2}, 'end': {'x': 58.5, 'y': 0}, 'goal': {'x': 58.5, 'y': 88.9}}",40,2360,340,shot,,13472619,26.2,63.6,75.04265453726967,5.492559696613369,5631.400000000001,412.1762598382877,13.600000000000001,73.8,,0,0,51,0,0.029746095
"{'name': 'Rodrigo Nestor', 'slug': 'rodrigo-nestor', 'shortName': 'R. Nestor', 'position': 'M', 'jerseyNumber': '11', 'userCount': 2062, 'gender': 'M', 'id': 905461, 'fieldTranslations': {'nameTranslation': {'ar': 'رودريغو نيستور', 'bn': 'রদ্রিগো নেস্টর', 'hi': 'रोड्रिगो नेस्टर'}, 'shortNameTranslation': {'ar': 'ر. نيستور', 'bn': 'আর. নেস্টর', 'hi': 'आर. नेस्टर'}}}",False,left-foot,low-centre,"{'x': 0, 'y': 51.6, 'z': 19.6}","{'x': 1.1, 'y': 47.7, 'z': 0}",0.017210606485605,0.027315903455019,"{'name': 'Jandrei', 'firstName': '', 'lastName': '', 'slug': 'jandrei', 'shortName': 'Jandrei', 'position': 'G', 'jerseyNumber': '93', 'userCount': 1017, 'gender': 'M', 'id': 874979, 'fieldTranslations': {'nameTranslation': {'ar': 'جاندري', 'bn': 'জান্দ্রেই', 'hi': 'जन्द्रेई'}, 'shortNameTranslation': {'ar': 'جاندري', 'bn': 'জান্দ্রেই', 'hi': 'जन्द्रेई'}}}",6262185,46,,2711,"{'start': {'x': 31.9, 'y': 27.7}, 'block': {'x': 47.7, 'y': 1.1}, 'end': {'x': 48.4, 'y': 0}, 'goal': {'x': 48.4, 'y': 80.4}}",45,2689,11,shot,,13472619,27.7,31.9,74.53120151990038,5.455431604660337,5554.900000000001,406.5998723049731,18.1,72.3,,0,0,46,0,0.018612532
"{'name': 'Rafael Bilú', 'firstName': '', 'lastName': '', 'slug': 'rafael-bilu', 'shortName': 'Rafael Bilú', 'position': 'F', 'jerseyNumber': '99', 'userCount': 313, 'gender': 'M', 'id': 959005, 'fieldTranslations': {'nameTranslation': {'ar': 'رافائيل بيلو'}, 'shortNameTranslation': {'ar': 'ر. بيلو'}}}",True,left-foot,low-right,"{'x': 0, 'y': 46.4, 'z': 7}","{'x': 1.2, 'y': 51.6, 'z': 0}",0.020672731101513,0.066122516989708,"{'name': 'Ronaldo', 'slug': 'ronaldo', 'shortName': 'Ronaldo', 'position': 'G', 'jerseyNumber': '96', 'userCount': 1023, 'gender': 'M', 'id': 840106, 'fieldTranslations': {'nameTranslation': {'ar': 'رونالدو'}, 'shortNameTranslation': {'ar': 'رونالدو'}}}",6262145,38,,2248,"{'start': {'x': 68.5, 'y': 22.2}, 'block': {'x': 51.6, 'y': 1.2}, 'end': {'x': 53.6, 'y': 0}, 'goal': {'x': 53.6, 'y': 93}}",8,452,2248,shot,,13472619,22.2,68.5,79.96930661197457,5.099509641759539,6395.09,407.8042501125892,18.5,77.8,,0,1,38,0,0.021614501
"{'name': 'Luciano Juba', 'slug': 'luciano-juba', 'shortName': 'L. Juba', 'position': 'D', 'jerseyNumber': '46', 'userCount': 3668, 'gender': 'M', 'id': 1017264, 'fieldTranslations': {'nameTranslation': {'ar': 'لوسيانو جوبا', 'bn': 'লুসিয়ানো জুবা', 'hi': 'लुसियानो जुबा'}, 'shortNameTranslation': {'ar': 'ل. جوبا', 'bn': 'এল. জুবা', 'hi': 'एल. जुबा'}}}",False,left-foot,high-centre,"{'x': 0, 'y': 48.5, 'z': 29.7}","{'x': 0.5, 'y': 53.6, 'z': 0}",0.030501458793879,0.056251227855682,"{'name': 'Jandrei', 'firstName': '', 'lastName': '', 'slug': 'jandrei', 'shortName': 'Jandrei', 'position': 'G', 'jerseyNumber': '93', 'userCount': 1017, 'gender': 'M', 'id': 874979, 'fieldTranslations': {'nameTranslation': {'ar': 'جاندري', 'bn': 'জান্দ্রেই', 'hi': 'जन्द्रेई'}, 'shortNameTranslation': {'ar': 'جاندري', 'bn': 'জান্দ্রেই', 'hi': 'जन्द्रेई'}}}",6262140,33,,1948,"{'start': {'x': 85.2, 'y': 5.1}, 'block': {'x': 53.6, 'y': 0.5}, 'end': {'x': 51.5, 'y': 0}, 'goal': {'x': 51.5, 'y': 70.3}}",13,752,1948,shot,,13472619,5.1,85.2,101.21783439690854,3.8840792750851465,10245.050000000003,393.13809285003293,35.2,94.9,,0,0,33,0,0.03691722
"{'name': 'Gabriel Taliari', 'slug': 'gabriel-taliari', 'shortName': 'G. Taliari', 'position': 'F', 'jerseyNumber': '19', 'userCount': 442, 'gender': 'M', 'id': 933955, 'fieldTranslations': {'nameTranslation': {'ar': 'غابرييل تاليارى'}, 'shortNameTranslation': {'ar': 'غ. تاليارى'}}}",True,right-foot,low-right,"{'x': 0, 'y': 47.7, 'z': 1.3}",,0.1152635216713,0.81158876419067,"{'name': 'Ronaldo', 'slug': 'ronaldo', 'shortName': 'Ronaldo', 'position': 'G', 'jerseyNumber': '96', 'userCount': 1023, 'gender': 'M', 'id': 840106, 'fieldTranslations': {'nameTranslation': {'ar': 'رونالدو'}, 'shortNameTranslation': {'ar': 'رونالدو'}}}",6262135,28,,1627,"{'start': {'x': 43.7, 'y': 8.7}, 'end': {'x': 52.3, 'y': 0}, 'goal': {'x': 52.3, 'y': 98.7}}",18,1073,1627,shot,regular,13472619,8.7,43.7,91.51710222685156,4.569545144755073,8375.38,418.1915301427632,6.299999999999997,91.3,,0,1,28,1,0.45009086
"{'name': 'Rodrigo Sam', 'firstName': '', 'lastName': '', 'slug': 'rodrigo-sam', 'shortName': 'R. Sam', 'position': 'D', 'jerseyNumber': '34', 'userCount': 112, 'gender': 'M', 'id': 794640, 'fieldTranslations': {'nameTranslation': {'ar': 'رودريغو سام'}, 'shortNameTranslation': {'ar': 'ر. سام'}}}",True,head,low-centre,"{'x': 0, 'y': 51.5, 'z': 19}","{'x': 8.9, 'y': 52.5, 'z': 0}",0.02884810231626,0.0,"{'name': 'Ronaldo', 'slug': 'ronaldo', 'shortName': 'Ronaldo', 'position': 'G', 'jerseyNumber': '96', 'userCount': 1023, 'gender': 'M', 'id': 840106, 'fieldTranslations': {'nameTranslation': {'ar': 'رونالدو'}, 'shortNameTranslation': {'ar': 'رونالدو'}}}",6262136,26,,1557,"{'start': {'x': 53.2, 'y': 10.4}, 'block': {'x': 52.5, 'y': 8.9}, 'end': {'x': 48.5, 'y': 0}, 'goal': {'x': 48.5, 'y': 81}}",20,1143,1557,shot,,13472619,10.4,53.2,89.65712464718015,4.672316635512022,8038.399999999999,418.9064749811948,3.200000000000003,89.6,,0,1,26,0,0.10352157
"{'name': 'Nenê', 'firstName': '', 'lastName': '', 'slug': 'nene', 'shortName': 'Nenê', 'position': 'M', 'jerseyNumber': '10', 'userCount': 1564, 'gender': 'M', 'id': 5672, 'fieldTranslations': {'nameTranslation': {'ar': 'نيني', 'bn': 'নেনে', 'hi': 'नेने'}, 'shortNameTranslation': {'ar': 'نيني', 'bn': 'নেনে', 'hi': 'नेने'}}}",True,left-foot,low-centre,"{'x': 0, 'y': 51.2, 'z': 19}","{'x': 12.9, 'y': 58.5, 'z': 0}",0.065321363508701,0.0,"{'name': 'Ronaldo', 'slug': 'ronaldo', 'shortName': 'Ronaldo', 'position': 'G', 'jerseyNumber': '96', 'userCount': 1023, 'gender': 'M', 'id': 840106, 'fieldTranslations': {'nameTranslation': {'ar': 'رونالدو'}, 'shortNameTranslation': {'ar': 'رونالدو'}}}",6262134,26,,1522,"{'start': {'x': 64.3, 'y': 20.7}, 'block': {'x': 58.5, 'y': 12.9}, 'end': {'x': 48.8, 'y': 0}, 'goal': {'x': 48.8, 'y': 81}}",20,1178,1522,shot,,13472619,20.7,64.3,80.57902953002102,5.119198318649742,6492.98,412.5000324885115,14.299999999999997,79.3,,0,1,26,0,0.03250594
"{'name': 'Ademir', 'slug': 'ademir', 'shortName': 'Ademir', 'position': 'F', 'jerseyNumber': '7', 'userCount': 1702, 'gender': 'M', 'id': 922546, 'fieldTranslations': {'nameTranslation': {'ar': 'أديمير'}, 'shortNameTranslation': {'ar': 'أديمير'}}}",False,left-foot,low-left,"{'x': 0, 'y': 54.5, 'z': 17.7}",,0.054755870252848,0.55271524190903,"{'name': 'Jandrei', 'firstName': '', 'lastName': '', 'slug': 'jandrei', 'shortName': 'Jandrei', 'position': 'G', 'jerseyNumber': '93', 'userCount': 1017, 'gender': 'M', 'id': 874979, 'fieldTranslations': {'nameTranslation': {'ar': 'جاندري', 'bn': 'জান্দ্রেই', 'hi': 'जन्द्रेई'}, 'shortNameTranslation': {'ar': 'جاندري', 'bn': 'জান্দ্রেই', 'hi': 'जन्द्रेई'}}}",6262133,21,,1219,"{'start': {'x': 63, 'y': 20.9}, 'end': {'x': 45.5, 'y': 0}, 'goal': {'x': 45.5, 'y': 82.3}}",25,1481,1219,shot,regular,13472619,20.9,63.0,80.16115019134892,5.159557521243045,6425.8099999999995,413.5960653812677,13.0,79.1,,0,0,21,1,0.031492785
"{'name': 'Luis Mandaca', 'firstName': 'Luis Mandaca', 'slug': 'luis-mandaca', 'shortName': 'L. Mandaca', 'position': 'M', 'jerseyNumber': '44', 'userCount': 391, 'gender': 'M', 'id': 1116677, 'fieldTranslations': {'nameTranslation': {'ar': 'لويس ماندكا'}, 'shortNameTranslation': {'ar': 'ل. ماندكا'}}}",True,head,low-centre,"{'x': 0, 'y': 51.5, 'z': 10.1}","{'x': 0.7, 'y': 50.5, 'z': 0}",0.019158776849508,0.02784300968051,"{'name': 'Ronaldo', 'slug': 'ronaldo', 'shortName': 'Ronaldo', 'position': 'G', 'jerseyNumber': '96', 'userCount': 1023, 'gender': 'M', 'id': 840106, 'fieldTranslations': {'nameTranslation': {'ar': 'رونالدو'}, 'shortNameTranslation': {'ar': 'رونالدو'}}}",6262128,18,,1076,"{'start': {'x': 45.6, 'y': 16}, 'block': {'x': 50.5, 'y': 0.7}, 'end': {'x': 48.5, 'y': 0}, 'goal': {'x': 48.5, 'y': 89.9}}",28,1624,1076,shot,,13472619,16.0,45.6,84.11515915695577,4.976151499858032,7075.36,418.56977539968256,4.399999999999999,84.0,,0,1,18,0,0.07029487
"{'name': 'Luis Mandaca', 'firstName': 'Luis Mandaca', 'slug': 'luis-mandaca', 'shortName': 'L. Mandaca', 'position': 'M', 'jerseyNumber': '44', 'userCount': 391, 'gender': 'M', 'id': 1116677, 'fieldTranslations': {'nameTranslation': {'ar': 'لويس ماندكا'}, 'shortNameTranslation': {'ar': 'ل. ماندكا'}}}",True,right-foot,low-right,"{'x': 0, 'y': 47.5, 'z': 19}","{'x': 8.3, 'y': 53.2, 'z': 0}",0.089945830404758,0.0,"{'name': 'Ronaldo', 'slug': 'ronaldo', 'shortName': 'Ronaldo', 'position': 'G', 'jerseyNumber': '96', 'userCount': 1023, 'gender': 'M', 'id': 840106, 'fieldTranslations': {'nameTranslation': {'ar': 'رونالدو'}, 'shortNameTranslation': {'ar': 'رونالدو'}}}",6262126,15,,871,"{'start': {'x': 53.6, 'y': 11.9}, 'block': {'x': 53.2, 'y': 8.3}, 'end': {'x': 52.5, 'y': 0}, 'goal': {'x': 52.5, 'y': 81}}",31,1829,871,shot,,13472619,11.9,53.6,88.1735221027265,4.74991303859714,7774.569999999998,418.8165622947737,3.6000000000000014,88.1,,0,1,15,0,0.18724075
"{'name': 'Luciano Juba', 'slug': 'luciano-juba', 'shortName': 'L. Juba', 'position': 'D', 'jerseyNumber': '46', 'userCount': 3668, 'gender': 'M', 'id': 1017264, 'fieldTranslations': {'nameTranslation': {'ar': 'لوسيانو جوبا', 'bn': 'লুসিয়ানো জুবা', 'hi': 'लुसियानो जुबा'}, 'shortNameTranslation': {'ar': 'ل. جوبا', 'bn': 'এল. জুবা', 'hi': 'एल. जुबा'}}}",False,left-foot,low-centre,"{'x': 0, 'y': 51.2, 'z': 19}","{'x': 9.9, 'y': 40.2, 'z': 0}",0.12048517912626,0.0,"{'name': 'Jandrei', 'firstName': '', 'lastName': '', 'slug': 'jandrei', 'shortName': 'Jandrei', 'position': 'G', 'jerseyNumber': '93', 'userCount': 1017, 'gender': 'M', 'id': 874979, 'fieldTranslations': {'nameTranslation': {'ar': 'جاندري', 'bn': 'জান্দ্রেই', 'hi': 'जन्द्रेई'}, 'shortNameTranslation': {'ar': 'جاندري', 'bn': 'জান্দ্রেই', 'hi': 'जन्द्रेई'}}}",6262121,11,,617,"{'start': {'x': 39, 'y': 11.4}, 'block': {'x': 40.2, 'y': 9.9}, 'end': {'x': 48.8, 'y': 0}, 'goal': {'x': 48.8, 'y': 81}}",35,2083,617,shot,,13472619,11.4,39.0,89.28023297460642,4.659383255956651,7970.959999999999,415.99082260979,11.0,88.6,,0,0,11,0,0.0707528
"{'name': 'Everton Ribeiro', 'slug': 'everton-ribeiro', 'shortName': 'E. Ribeiro', 'position': 'M', 'jerseyNumber': '10', 'userCount': 5841, 'gender': 'M', 'sofascoreId': 'evertonri', 'id': 145063, 'fieldTranslations': {'nameTranslation': {'ar': 'إيفرتون ريبييرو', 'bn': 'এভারটন রিবেইরো', 'hi': 'एवर्टन रिबेरो'}, 'shortNameTranslation': {'ar': 'إيفرتون ريبييرو', 'bn': 'এভারটন রিবেইরো', 'hi': 'एवर्टन रिबेरो'}}}",False,left-foot,close-right,"{'x': 0, 'y': 43.9, 'z': 15.3}",,0.037370305508375,0.0,"{'name': 'Jandrei', 'firstName': '', 'lastName': '', 'slug': 'jandrei', 'shortName': 'Jandrei', 'position': 'G', 'jerseyNumber': '93', 'userCount': 1017, 'gender': 'M', 'id': 874979, 'fieldTranslations': {'nameTranslation': {'ar': 'جاندري', 'bn': 'জান্দ্রেই', 'hi': 'जन्द्रेई'}, 'shortNameTranslation': {'ar': 'جاندري', 'bn': 'জান্দ্রেই', 'hi': 'जन्द्रेई'}}}",6262112,5,,245,"{'start': {'x': 65.4, 'y': 19.1}, 'end': {'x': 56.1, 'y': 0}, 'goal': {'x': 56.1, 'y': 84.7}}",41,2455,245,shot,,13472619,19.1,65.4,82.35271701650166,5.000121572513303,6781.970000000001,411.7735969092933,15.400000000000006,80.9,,0,0,5,0,0.019311193
"{'name': 'Jean Lucas', 'slug': 'jean-lucas', 'shortName': 'J. Lucas', 'position': 'M', 'jerseyNumber': '6', 'userCount': 3757, 'gender': 'M', 'id': 927975, 'fieldTranslations': {'nameTranslation': {'ar': 'جان لوكاس', 'bn': 'জিন লুকাস', 'hi': 'जीन लुकास'}, 'shortNameTranslation': {'ar': 'ج. لوكاس', 'bn': 'জে লুকাস', 'hi': 'जे. लुकास'}}}",False,head,right,"{'x': 0, 'y': 23.7, 'z': 8.3}","{'x': 7.3, 'y': 52.7, 'z': 0}",0.026591891422868,0.0,"{'name': 'Jandrei', 'firstName': '', 'lastName': '', 'slug': 'jandrei', 'shortName': 'Jandrei', 'position': 'G', 'jerseyNumber': '93', 'userCount': 1017, 'gender': 'M', 'id': 874979, 'fieldTranslations': {'nameTranslation': {'ar': 'جاندري', 'bn': 'জান্দ্রেই', 'hi': 'जन्द्रेई'}, 'shortNameTranslation': {'ar': 'جاندري', 'bn': 'জান্দ্রেই', 'hi': 'जन्द्रेई'}}}",6262177,3,,167,"{'start': {'x': 43.6, 'y': 9.1}, 'block': {'x': 52.7, 'y': 7.3}, 'end': {'x': 76.3, 'y': 0}, 'goal': {'x': 76.3, 'y': 91.7}}",43,2533,167,shot,,13472619,9.1,43.6,91.12502400548381,4.588740637509207,8303.77,418.1491007479655,6.399999999999999,90.9,,0,0,3,0,0.20018503
"{'name': 'Gabriel Mercado', 'slug': 'gabriel-mercado', 'shortName': 'G. Mercado', 'position': 'D', 'jerseyNumber': '25', 'userCount': 994, 'gender': 'M', 'id': 128376, 'fieldTranslations': {'nameTranslation': {'ar': 'غابرييل ميركادو'}, 'shortNameTranslation': {'ar': 'غ. ميركادو'}}}",False,head,low-centre,"{'x': 0, 'y': 49.3, 'z': 16.5}","{'x': 0.90000000000001, 'y': 50.2, 'z': 0}",0.14919985830784,0.081450343132019,"{'name': 'Léo Jardim', 'slug': 'leo-jardim', 'shortName': 'L. Jardim', 'position': 'G', 'jerseyNumber': '1', 'userCount': 5913, 'gender': 'M', 'sofascoreId': 'leocjardim', 'id': 595598, 'fieldTranslations': {'nameTranslation': {'ar': 'ليو جارديم', 'bn': 'লিও জার্দিম', 'hi': 'लियो जार्डिम'}, 'shortNameTranslation': {'ar': 'ل. جارديم', 'bn': 'এল. জার্দিম', 'hi': 'एल. जार्डिम'}}}",6262512,90,4.0,5589,"{'start': {'x': 49.7, 'y': 6.9}, 'block': {'x': 50.2, 'y': 0.90000000000001}, 'end': {'x': 50.7, 'y': 0}, 'goal': {'x': 50.7, 'y': 83.5}}",1,711,189,shot,,13472606,6.9,49.7,93.10048334998051,4.5025231397097745,8667.699999999997,419.18708060145184,0.29999999999999716,93.1,,0,0,90,0,0.19374771
"{'name': 'Bruno Gomes', 'slug': 'bruno-gomes', 'shortName': 'B. Gomes', 'position': 'D', 'jerseyNumber': '15', 'userCount': 903, 'gender': 'M', 'id': 995071, 'fieldTranslations': {'nameTranslation': {'ar': 'برونو غوميز'}, 'shortNameTranslation': {'ar': 'ب. غوميز'}}}",False,right-foot,low-centre,"{'x': 0, 'y': 48.2, 'z': 6.3}","{'x': 2.2, 'y': 49.5, 'z': 0}",0.033542606979609,0.040544390678406,"{'name': 'Léo Jardim', 'slug': 'leo-jardim', 'shortName': 'L. Jardim', 'position': 'G', 'jerseyNumber': '1', 'userCount': 5913, 'gender': 'M', 'sofascoreId': 'leocjardim', 'id': 595598, 'fieldTranslations': {'nameTranslation': {'ar': 'ليو جارديم', 'bn': 'লিও জার্দিম', 'hi': 'लियो जार्डिम'}, 'shortNameTranslation': {'ar': 'ل. جارديم', 'bn': 'এল. জার্দিম', 'hi': 'एल. जार्डिम'}}}",6262511,90,4.0,5580,"{'start': {'x': 49, 'y': 30.5}, 'block': {'x': 49.5, 'y': 2.2}, 'end': {'x': 51.8, 'y': 0}, 'goal': {'x': 51.8, 'y': 93.7}}",1,720,180,shot,,13472606,30.5,49.0,69.50719387228922,6.027794390371813,4831.25,418.97507331387106,1.0,69.5,,0,0,90,0,0.08511874
"{'name': 'Bruno Henrique', 'slug': 'bruno-henrique', 'shortName': 'B. Henrique', 'position': 'M', 'jerseyNumber': '8', 'userCount': 898, 'gender': 'M', 'id': 345113, 'fieldTranslations': {'nameTranslation': {'ar': 'برونو هنريكي', 'bn': 'ব্রুনো হেনরিক', 'hi': 'ब्रूनो हेनरिक'}, 'shortNameTranslation': {'ar': 'ب. هنريكي', 'bn': 'ব্রুনো হেনরিক', 'hi': 'ब्रूनो हेनरिक'}}}",False,right-foot,high-right,"{'x': 0, 'y': 32.1, 'z': 86.1}",,0.026733960956335,0.0,"{'name': 'Léo Jardim', 'slug': 'leo-jardim', 'shortName': 'L. Jardim', 'position': 'G', 'jerseyNumber': '1', 'userCount': 5913, 'gender': 'M', 'sofascoreId': 'leocjardim', 'id': 595598, 'fieldTranslations': {'nameTranslation': {'ar': 'ليو جارديم', 'bn': 'লিও জার্দিম', 'hi': 'लियो जार्डिम'}, 'shortNameTranslation': {'ar': 'ل. جارديم', 'bn': 'এল. জার্দিম', 'hi': 'एल. जार्डिम'}}}",6262509,90,2.0,5483,"{'start': {'x': 50.5, 'y': 27.9}, 'end': {'x': 67.9, 'y': 0}, 'goal': {'x': 67.9, 'y': 13.9}}",1,817,83,shot,,13472606,27.9,50.5,72.10173368234635,5.811724639988791,5198.659999999998,419.035422227602,0.5,72.1,,0,0,90,0,0.088420644
"{'name': 'Bruno Gomes', 'slug': 'bruno-gomes', 'shortName': 'B. Gomes', 'position': 'D', 'jerseyNumber': '15', 'userCount': 903, 'gender': 'M', 'id': 995071, 'fieldTranslations': {'nameTranslation': {'ar': 'برونو غوميز'}, 'shortNameTranslation': {'ar': 'ب. غوميز'}}}",False,left-foot,high,"{'x': 0, 'y': 49.2, 'z': 63.9}",,0.07834280282259,0.0,"{'name': 'Léo Jardim', 'slug': 'leo-jardim', 'shortName': 'L. Jardim', 'position': 'G', 'jerseyNumber': '1', 'userCount': 5913, 'gender': 'M', 'sofascoreId': 'leocjardim', 'id': 595598, 'fieldTranslations': {'nameTranslation': {'ar': 'ليو جارديم', 'bn': 'লিও জার্দিম', 'hi': 'लियो जार्डिम'}, 'shortNameTranslation': {'ar': 'ل. جارديم', 'bn': 'এল. জার্দিম', 'hi': 'एल. जार्डिम'}}}",6262504,87,,5191,"{'start': {'x': 59.7, 'y': 20.7}, 'end': {'x': 50.8, 'y': 0}, 'goal': {'x': 50.8, 'y': 36.1}}",4,209,2491,shot,,13472606,20.7,59.7,79.89105081296653,5.207448009273072,6382.579999999999,416.0284935147164,9.700000000000003,79.3,,0,0,87,0,0.013104098
"{'name': 'Bruno Henrique', 'slug': 'bruno-henrique', 'shortName': 'B. Henrique', 'position': 'M', 'jerseyNumber': '8', 'userCount': 898, 'gender': 'M', 'id': 345113, 'fieldTranslations': {'nameTranslation': {'ar': 'برونو هنريكي', 'bn': 'ব্রুনো হেনরিক', 'hi': 'ब्रूनो हेनरिक'}, 'shortNameTranslation': {'ar': 'ب. هنريكي', 'bn': 'ব্রুনো হেনরিক', 'hi': 'ब्रूनो हेनरिक'}}}",False,left-foot,low-centre,"{'x': 0, 'y': 50, 'z': 19}","{'x': 9.9, 'y': 53.6, 'z': 0}",0.023325657472014,0.0,"{'name': 'Léo Jardim', 'slug': 'leo-jardim', 'shortName': 'L. Jardim', 'position': 'G', 'jerseyNumber': '1', 'userCount': 5913, 'gender': 'M', 'sofascoreId': 'leocjardim', 'id': 595598, 'fieldTranslations': {'nameTranslation': {'ar': 'ليو جارديم', 'bn': 'লিও জার্দিম', 'hi': 'लियो जार्डिम'}, 'shortNameTranslation': {'ar': 'ل. جارديم', 'bn': 'এল. জার্দিম', 'hi': 'एल. जार्डिम'}}}",6262497,82,,4869,"{'start': {'x': 58.3, 'y': 22.9}, 'block': {'x': 53.6, 'y': 9.9}, 'end': {'x': 50, 'y': 0}, 'goal': {'x': 50, 'y': 81}}",9,531,2169,shot,,13472606,22.9,58.3,77.5454705318112,5.373630183457085,6013.3,416.7006810401227,8.299999999999997,77.1,,0,0,82,0,0.0125176655
"{'name': 'Alexandro Bernabei', 'slug': 'alexandro-bernabei', 'shortName': 'A. Bernabei', 'position': 'D', 'jerseyNumber': '26', 'userCount': 2145, 'gender': 'M', 'id': 989200, 'fieldTranslations': {'nameTranslation': {'ar': 'ألكسندرو بيرنابيي', 'bn': 'আলেকজান্দ্রো বার্নাবেই', 'hi': 'एलेक्ज़ेंड्रो बर्नबेई'}, 'shortNameTranslation': {'ar': 'أ. بيرنابيي', 'bn': 'এ. বার্নাবাই', 'hi': 'ए. बर्नबेई'}}}",False,left-foot,low-left,"{'x': 0, 'y': 52.4, 'z': 19}","{'x': 20.6, 'y': 54.5, 'z': 0}",0.029694326221943,0.0,"{'name': 'Léo Jardim', 'slug': 'leo-jardim', 'shortName': 'L. Jardim', 'position': 'G', 'jerseyNumber': '1', 'userCount': 5913, 'gender': 'M', 'sofascoreId': 'leocjardim', 'id': 595598, 'fieldTranslations': {'nameTranslation': {'ar': 'ليو جارديم', 'bn': 'লিও জার্দিম', 'hi': 'लियो जार्डिम'}, 'shortNameTranslation': {'ar': 'ل. جارديم', 'bn': 'এল. জার্দিম', 'hi': 'एल. जार्डिम'}}}",6262486,74,,4393,"{'start': {'x': 56.4, 'y': 26.2}, 'block': {'x': 54.5, 'y': 20.6}, 'end': {'x': 47.6, 'y': 0}, 'goal': {'x': 47.6, 'y': 81}}",17,1007,1693,shot,,13472606,26.2,56.4,74.07698697976315,5.636129330997247,5487.399999999999,417.5074790685442,6.399999999999999,73.8,,0,0,74,0,0.011051858
"{'name': 'Bruno Gomes', 'slug': 'bruno-gomes', 'shortName': 'B. Gomes', 'position': 'D', 'jerseyNumber': '15', 'userCount': 903, 'gender': 'M', 'id': 995071, 'fieldTranslations': {'nameTranslation': {'ar': 'برونو غوميز'}, 'shortNameTranslation': {'ar': 'ب. غوميز'}}}",False,right-foot,high-left,"{'x': 0, 'y': 53.9, 'z': 32.9}","{'x': 2.3, 'y': 51.6, 'z': 0}",0.016145758330822,0.28330746293068,"{'name': 'Léo Jardim', 'slug': 'leo-jardim', 'shortName': 'L. Jardim', 'position': 'G', 'jerseyNumber': '1', 'userCount': 5913, 'gender': 'M', 'sofascoreId': 'leocjardim', 'id': 595598, 'fieldTranslations': {'nameTranslation': {'ar': 'ليو جارديم', 'bn': 'লিও জার্দিম', 'hi': 'लियो जार्डिम'}, 'shortNameTranslation': {'ar': 'ل. جارديم', 'bn': 'এল. জার্দিম', 'hi': 'एल. जार्डिम'}}}",6262483,73,,4358,"{'start': {'x': 63.6, 'y': 29.9}, 'block': {'x': 51.6, 'y': 2.3}, 'end': {'x': 46.1, 'y': 0}, 'goal': {'x': 46.1, 'y': 67.1}}",18,1042,1658,shot,,13472606,29.9,63.6,71.40707247885183,5.761616818033955,5098.969999999998,411.4201897207223,13.600000000000001,70.1,,0,0,73,0,0.010073844
"{'name': 'Nuno Moreira', 'slug': 'nuno-moreira', 'shortName': 'N. Moreira', 'position': 'M', 'jerseyNumber': '17', 'userCount': 4340, 'gender': 'M', 'id': 851285, 'fieldTranslations': {'nameTranslation': {'ar': 'نونو موريرا', 'bn': 'নুনো মোরেরা', 'hi': 'नूनो मोरेरा'}, 'shortNameTranslation': {'ar': 'ن. موريرا', 'bn': 'এন. মোরেরা', 'hi': 'एन. मोरेरा'}}}",True,right-foot,low-right,"{'x': 0, 'y': 45.6, 'z': 13.3}",,0.050668973475695,0.083121106028557,"{'name': 'Sergio Rochet', 'slug': 'sergio-rochet', 'shortName': 'S. Rochet', 'position': 'G', 'jerseyNumber': '1', 'userCount': 2616, 'gender': 'M', 'id': 581060, 'fieldTranslations': {'nameTranslation': {'ar': 'سيرجيو روشيت', 'bn': 'সার্জিও রোচেট', 'hi': 'सर्जियो रोशेट'}, 'shortNameTranslation': {'ar': 'س. روشيت', 'bn': 'সার্জিও রোচেট', 'hi': 'सर्जियो रोशेट'}}}",6262452,66,,3910,"{'start': {'x': 70.3, 'y': 4.8}, 'end': {'x': 54.4, 'y': 0}, 'goal': {'x': 54.4, 'y': 86.7}}",25,1490,1210,shot,regular,13472606,4.8,70.3,97.34027943251448,4.212272718408097,9475.130000000001,410.02380345580156,20.299999999999997,95.2,,0,1,66,1,0.12080041
"{'name': 'Philippe Coutinho', 'slug': 'philippe-coutinho', 'shortName': 'P. Coutinho', 'position': 'M', 'userCount': 68505, 'gender': 'M', 'sofascoreId': 'Coutinho', 'id': 119159, 'fieldTranslations': {'nameTranslation': {'ar': 'فيليب كوتينيو', 'bn': 'ফিলিপে কৌতিনহো', 'hi': 'फिलिप कूटिन्हो'}, 'shortNameTranslation': {'ar': 'ف. كوتينيو', 'bn': 'পি. কৌতিনহো', 'hi': 'पी. कूटिन्हो'}}}",True,right-foot,low-centre,"{'x': 0, 'y': 50, 'z': 19}","{'x': 10.2, 'y': 39.9, 'z': 0}",0.10804315656424,0.0,"{'name': 'Sergio Rochet', 'slug': 'sergio-rochet', 'shortName': 'S. Rochet', 'position': 'G', 'jerseyNumber': '1', 'userCount': 2616, 'gender': 'M', 'id': 581060, 'fieldTranslations': {'nameTranslation': {'ar': 'سيرجيو روشيت', 'bn': 'সার্জিও রোচেট', 'hi': 'सर्जियो रोशेट'}, 'shortNameTranslation': {'ar': 'س. روشيت', 'bn': 'সার্জিও রোচেট', 'hi': 'सर्जियो रोशेट'}}}",6262453,66,,3902,"{'start': {'x': 38.9, 'y': 11.2}, 'block': {'x': 39.9, 'y': 10.2}, 'end': {'x': 50, 'y': 0}, 'goal': {'x': 50, 'y': 81}}",25,1498,1202,shot,,13472606,11.2,38.9,89.4910610061139,4.647937352847156,8008.649999999999,415.9488451962403,11.100000000000001,88.8,,0,1,66,0,0.13126762
"{'name': 'Rayan', 'firstName': 'Rayan', 'slug': 'rayan', 'shortName': 'Rayan', 'position': 'M', 'jerseyNumber': '37', 'userCount': 32026, 'gender': 'M', 'id': 1464966, 'fieldTranslations': {'nameTranslation': {'ar': 'ريان', 'bn': 'রায়ান', 'hi': 'रायन'}, 'shortNameTranslation': {'ar': 'ريان', 'bn': 'রায়ান', 'hi': 'रायन'}}}",True,left-foot,low-right,"{'x': 0, 'y': 46.2, 'z': 2.5}","{'x': 4.7, 'y': 53.2, 'z': 0}",0.07702174782753,0.31493324041367,"{'name': 'Sergio Rochet', 'slug': 'sergio-rochet', 'shortName': 'S. Rochet', 'position': 'G', 'jerseyNumber': '1', 'userCount': 2616, 'gender': 'M', 'id': 581060, 'fieldTranslations': {'nameTranslation': {'ar': 'سيرجيو روشيت', 'bn': 'সার্জিও রোচেট', 'hi': 'सर्जियो रोशेट'}, 'shortNameTranslation': {'ar': 'س. روشيت', 'bn': 'সার্জিও রোচেট', 'hi': 'सर्जियो रोशेट'}}}",6262430,63,,3747,"{'start': {'x': 61.5, 'y': 19.5}, 'block': {'x': 53.2, 'y': 4.7}, 'end': {'x': 53.8, 'y': 0}, 'goal': {'x': 53.8, 'y': 97.5}}",28,1653,1047,shot,,13472606,19.5,61.5,81.31727983645297,5.102632544650589,6612.500000000001,414.93219853594405,11.5,80.5,,0,1,63,0,0.027101928
"{'name': 'Johan Carbonero', 'slug': 'carbonero-johan', 'shortName': 'J. Carbonero', 'position': 'F', 'jerseyNumber': '7', 'userCount': 2399, 'gender': 'M', 'id': 925125, 'fieldTranslations': {'nameTranslation': {'ar': 'يوهان كاربونيرو'}, 'shortNameTranslation': {'ar': 'ي. كاربونيرو'}}}",False,head,close-high,"{'x': 0, 'y': 51.6, 'z': 56.9}",,0.18149104714394,0.0,"{'name': 'Léo Jardim', 'slug': 'leo-jardim', 'shortName': 'L. Jardim', 'position': 'G', 'jerseyNumber': '1', 'userCount': 5913, 'gender': 'M', 'sofascoreId': 'leocjardim', 'id': 595598, 'fieldTranslations': {'nameTranslation': {'ar': 'ليو جارديم', 'bn': 'লিও জার্দিম', 'hi': 'लियो जार्डिम'}, 'shortNameTranslation': {'ar': 'ل. جارديم', 'bn': 'এল. জার্দিম', 'hi': 'एल. जार्डिम'}}}",6262427,61,,3645,"{'start': {'x': 43.4, 'y': 7.3}, 'end': {'x': 48.4, 'y': 0}, 'goal': {'x': 48.4, 'y': 43.1}}",30,1755,945,shot,,13472606,7.3,43.4,92.93465446215421,4.499230188877186,8636.85,418.1344029489941,6.600000000000001,92.7,,0,0,61,0,0.05802124
"{'name': 'Andrés Gómez', 'slug': 'andres-gomez', 'shortName': 'A. Gómez', 'position': 'M', 'jerseyNumber': '11', 'userCount': 4215, 'gender': 'M', 'id': 1160386, 'fieldTranslations': {'nameTranslation': {'ar': 'أندريس غوميز', 'bn': 'আন্দ্রেস গোমেজ', 'hi': 'एन्ड्रेस गोमेज़'}, 'shortNameTranslation': {'ar': 'أ. غوميز', 'bn': 'এ. গোমেজ', 'hi': 'ए. गोमेज़'}}}",True,left-foot,high-left,"{'x': 0, 'y': 60.8, 'z': 40.3}",,0.045894369482994,0.0,"{'name': 'Sergio Rochet', 'slug': 'sergio-rochet', 'shortName': 'S. Rochet', 'position': 'G', 'jerseyNumber': '1', 'userCount': 2616, 'gender': 'M', 'id': 581060, 'fieldTranslations': {'nameTranslation': {'ar': 'سيرجيو روشيت', 'bn': 'সার্জিও রোচেট', 'hi': 'सर्जियो रोशेट'}, 'shortNameTranslation': {'ar': 'س. روشيت', 'bn': 'সার্জিও রোচেট', 'hi': 'सर्जियो रोशेट'}}}",6262426,60,,3592,"{'start': {'x': 50.5, 'y': 18.7}, 'end': {'x': 39.2, 'y': 0}, 'goal': {'x': 39.2, 'y': 59.7}}",31,1808,892,shot,,13472606,18.7,50.5,81.30153750083697,5.1550592971794424,6609.9400000000005,419.11424676867273,0.5,81.3,,0,1,60,0,0.13342223
"{'name': 'Cauan Barros', 'firstName': '', 'lastName': '', 'slug': 'barros-cauan', 'shortName': 'C. Barros', 'position': 'M', 'jerseyNumber': '88', 'userCount': 2269, 'gender': 'M', 'id': 1444694, 'fieldTranslations': {'nameTranslation': {'ar': 'باروس، كوان'}, 'shortNameTranslation': {'ar': 'ك. باروس'}}}",True,right-foot,high-centre,"{'x': 0, 'y': 51.5, 'z': 21.5}",,0.81973874568939,0.86391723155975,"{'name': 'Sergio Rochet', 'slug': 'sergio-rochet', 'shortName': 'S. Rochet', 'position': 'G', 'jerseyNumber': '1', 'userCount': 2616, 'gender': 'M', 'id': 581060, 'fieldTranslations': {'nameTranslation': {'ar': 'سيرجيو روشيت', 'bn': 'সার্জিও রোচেট', 'hi': 'सर्जियो रोशेट'}, 'shortNameTranslation': {'ar': 'س. روشيت', 'bn': 'সার্জিও রোচেট', 'hi': 'सर्जियो रोशेट'}}}",6262423,58,,3436,"{'start': {'x': 50.9, 'y': 3.3}, 'end': {'x': 48.5, 'y': 0}, 'goal': {'x': 48.5, 'y': 78.5}}",33,1964,736,shot,regular,13472606,3.3,50.9,96.70418812026706,4.33473404643934,9351.7,419.18693667819633,0.8999999999999986,96.7,,0,1,58,1,0.61686766
"{'name': 'Cauan Barros', 'firstName': '', 'lastName': '', 'slug': 'barros-cauan', 'shortName': 'C. Barros', 'position': 'M', 'jerseyNumber': '88', 'userCount': 2269, 'gender': 'M', 'id': 1444694, 'fieldTranslations': {'nameTranslation': {'ar': 'باروس، كوان'}, 'shortNameTranslation': {'ar': 'ك. باروس'}}}",True,head,low-centre,"{'x': 0, 'y': 49.2, 'z': 19}","{'x': 0.7, 'y': 51.4, 'z': 0}",0.23365961015224,0.12245184928179,"{'name': 'Sergio Rochet', 'slug': 'sergio-rochet', 'shortName': 'S. Rochet', 'position': 'G', 'jerseyNumber': '1', 'userCount': 2616, 'gender': 'M', 'id': 581060, 'fieldTranslations': {'nameTranslation': {'ar': 'سيرجيو روشيت', 'bn': 'সার্জিও রোচেট', 'hi': 'सर्जियो रोशेट'}, 'shortNameTranslation': {'ar': 'س. روشيت', 'bn': 'সার্জিও রোচেট', 'hi': 'सर्जियो रोशेट'}}}",6262424,58,,3434,"{'start': {'x': 51.9, 'y': 6.7}, 'block': {'x': 51.4, 'y': 0.7}, 'end': {'x': 50.8, 'y': 0}, 'goal': {'x': 50.8, 'y': 81}}",33,1966,734,shot,,13472606,6.7,51.9,93.31934418972307,4.491070136057729,8708.5,419.10371980695766,1.8999999999999986,93.3,,0,1,58,0,0.60146946
"{'name': 'Carlos Cuesta', 'slug': 'carlos-cuesta', 'shortName': 'C. Cuesta', 'position': 'D', 'jerseyNumber': '46', 'userCount': 4426, 'gender': 'M', 'id': 839095, 'fieldTranslations': {'nameTranslation': {'ar': 'كارلوس كوستا', 'bn': 'কার্লোস কুয়েস্তা', 'hi': 'कार्लोस क्यूस्टा'}, 'shortNameTranslation': {'ar': 'ك. كوستا', 'bn': 'সি. কুয়েস্তা', 'hi': 'सी. क्यूस्टा'}}}",True,right-foot,low-right,"{'x': 0, 'y': 48.2, 'z': 19}","{'x': 3.6, 'y': 61, 'z': 0}",0.066528461873531,0.0,"{'name': 'Sergio Rochet', 'slug': 'sergio-rochet', 'shortName': 'S. Rochet', 'position': 'G', 'jerseyNumber': '1', 'userCount': 2616, 'gender': 'M', 'id': 581060, 'fieldTranslations': {'nameTranslation': {'ar': 'سيرجيو روشيت', 'bn': 'সার্জিও রোচেট', 'hi': 'सर्जियो रोशेट'}, 'shortNameTranslation': {'ar': 'س. روشيت', 'bn': 'সার্জিও রোচেট', 'hi': 'सर्जियो रोशेट'}}}",6262420,57,,3404,"{'start': {'x': 62.6, 'y': 4.2}, 'block': {'x': 61, 'y': 3.6}, 'end': {'x': 51.8, 'y': 0}, 'goal': {'x': 51.8, 'y': 81}}",34,1996,704,shot,,13472606,4.2,62.6,96.6250485122776,4.301563077116543,9336.4,415.6387410050081,12.600000000000001,95.8,,0,1,57,0,0.08193733
"{'name': 'Andrés Gómez', 'slug': 'andres-gomez', 'shortName': 'A. Gómez', 'position': 'M', 'jerseyNumber': '11', 'userCount': 4215, 'gender': 'M', 'id': 1160386, 'fieldTranslations': {'nameTranslation': {'ar': 'أندريس غوميز', 'bn': 'আন্দ্রেস গোমেজ', 'hi': 'एन्ड्रेस गोमेज़'}, 'shortNameTranslation': {'ar': 'أ. غوميز', 'bn': 'এ. গোমেজ', 'hi': 'ए. गोमेज़'}}}",True,right-foot,low-left,"{'x': 0, 'y': 53.8, 'z': 19}","{'x': 6.2, 'y': 58.3, 'z': 0}",0.03129667788744,0.0,"{'name': 'Sergio Rochet', 'slug': 'sergio-rochet', 'shortName': 'S. Rochet', 'position': 'G', 'jerseyNumber': '1', 'userCount': 2616, 'gender': 'M', 'id': 581060, 'fieldTranslations': {'nameTranslation': {'ar': 'سيرجيو روشيت', 'bn': 'সার্জিও রোচেট', 'hi': 'सर्जियो रोशेट'}, 'shortNameTranslation': {'ar': 'س. روشيت', 'bn': 'সার্জিও রোচেট', 'hi': 'सर्जियो रोशेट'}}}",6262422,57,,3399,"{'start': {'x': 74, 'y': 14.2}, 'block': {'x': 58.3, 'y': 6.2}, 'end': {'x': 46.2, 'y': 0}, 'goal': {'x': 46.2, 'y': 81}}",34,2001,699,shot,,13472606,14.2,74.0,89.0934341015094,4.531648627503812,7937.6399999999985,403.7401383657064,24.0,85.8,,0,1,57,0,0.013399183
"{'name': 'Rayan', 'firstName': 'Rayan', 'slug': 'rayan', 'shortName': 'Rayan', 'position': 'M', 'jerseyNumber': '37', 'userCount': 32026, 'gender': 'M', 'id': 1464966, 'fieldTranslations': {'nameTranslation': {'ar': 'ريان', 'bn': 'রায়ান', 'hi': 'रायन'}, 'shortNameTranslation': {'ar': 'ريان', 'bn': 'রায়ান', 'hi': 'रायन'}}}",True,left-foot,left,"{'x': 0, 'y': 60.3, 'z': 4.2}",,0.018832288682461,0.0,"{'name': 'Sergio Rochet', 'slug': 'sergio-rochet', 'shortName': 'S. Rochet', 'position': 'G', 'jerseyNumber': '1', 'userCount': 2616, 'gender': 'M', 'id': 581060, 'fieldTranslations': {'nameTranslation': {'ar': 'سيرجيو روشيت', 'bn': 'সার্জিও রোচেট', 'hi': 'सर्जियो रोशेट'}, 'shortNameTranslation': {'ar': 'س. روشيت', 'bn': 'সার্জিও রোচেট', 'hi': 'सर्जियो रोशेट'}}}",6262416,54,,3235,"{'start': {'x': 52.6, 'y': 25.1}, 'end': {'x': 39.7, 'y': 0}, 'goal': {'x': 39.7, 'y': 95.8}}",37,2165,535,shot,,13472606,25.1,52.6,74.94511324963091,5.588376394083504,5616.770000000002,418.8215017361522,2.6000000000000014,74.9,,0,1,54,0,0.13228734
"{'name': 'Rayan', 'firstName': 'Rayan', 'slug': 'rayan', 'shortName': 'Rayan', 'position': 'M', 'jerseyNumber': '37', 'userCount': 32026, 'gender': 'M', 'id': 1464966, 'fieldTranslations': {'nameTranslation': {'ar': 'ريان', 'bn': 'রায়ান', 'hi': 'रायन'}, 'shortNameTranslation': {'ar': 'ريان', 'bn': 'রায়ান', 'hi': 'रायन'}}}",True,left-foot,low-centre,"{'x': 0, 'y': 50.1, 'z': 1.9}",,0.66364330053329,0.37470099329948,"{'name': 'Sergio Rochet', 'slug': 'sergio-rochet', 'shortName': 'S. Rochet', 'position': 'G', 'jerseyNumber': '1', 'userCount': 2616, 'gender': 'M', 'id': 581060, 'fieldTranslations': {'nameTranslation': {'ar': 'سيرجيو روشيت', 'bn': 'সার্জিও রোচেট', 'hi': 'सर्जियो रोशेट'}, 'shortNameTranslation': {'ar': 'س. روشيت', 'bn': 'সার্জিও রোচেট', 'hi': 'सर्जियो रोशेट'}}}",6262360,47,,2784,"{'start': {'x': 51.7, 'y': 6.5}, 'end': {'x': 49.9, 'y': 0}, 'goal': {'x': 49.9, 'y': 98.1}}",44,2616,84,shot,regular,13472606,6.5,51.7,93.51545326843045,4.481849305652673,8745.14,419.12216929891,1.7000000000000028,93.5,,0,1,47,1,0.653244
"{'name': 'Ricardo Mathias', 'firstName': 'Ricardo Mathias', 'slug': 'ricardo-mathias', 'shortName': 'R. Mathias', 'position': 'F', 'jerseyNumber': '77', 'userCount': 1828, 'gender': 'M', 'id': 1483340, 'fieldTranslations': {'nameTranslation': {'ar': 'ريكاردو ماثياس'}, 'shortNameTranslation': {'ar': 'ر. ماثياس'}}}",False,right-foot,low-left,"{'x': 0, 'y': 54.2, 'z': 3.2}",,0.43437898159027,0.98224800825119,"{'name': 'Léo Jardim', 'slug': 'leo-jardim', 'shortName': 'L. Jardim', 'position': 'G', 'jerseyNumber': '1', 'userCount': 5913, 'gender': 'M', 'sofascoreId': 'leocjardim', 'id': 595598, 'fieldTranslations': {'nameTranslation': {'ar': 'ليو جارديم', 'bn': 'লিও জার্দিম', 'hi': 'लियो जार्डिम'}, 'shortNameTranslation': {'ar': 'ل. جارديم', 'bn': 'এল. জার্দিম', 'hi': 'एल. जार्डिम'}}}",6262197,45,2.0,2787,"{'start': {'x': 51.5, 'y': 4.5}, 'end': {'x': 45.8, 'y': 0}, 'goal': {'x': 45.8, 'y': 96.8}}",1,2613,87,shot,regular,13472606,4.5,51.5,95.51177937825261,4.388448264669649,9122.500000000002,419.1485024680031,1.5,95.5,,0,0,45,1,0.4738381
"{'name': 'Alexandro Bernabei', 'slug': 'alexandro-bernabei', 'shortName': 'A. Bernabei', 'position': 'D', 'jerseyNumber': '26', 'userCount': 2145, 'gender': 'M', 'id': 989200, 'fieldTranslations': {'nameTranslation': {'ar': 'ألكسندرو بيرنابيي', 'bn': 'আলেকজান্দ্রো বার্নাবেই', 'hi': 'एलेक्ज़ेंड्रो बर्नबेई'}, 'shortNameTranslation': {'ar': 'أ. بيرنابيي', 'bn': 'এ. বার্নাবাই', 'hi': 'ए. बर्नबेई'}}}",False,left-foot,right,"{'x': 0, 'y': 17.1, 'z': 4.2}","{'x': 6.7, 'y': 60.5, 'z': 0}",0.021316349506378,0.0,"{'name': 'Léo Jardim', 'slug': 'leo-jardim', 'shortName': 'L. Jardim', 'position': 'G', 'jerseyNumber': '1', 'userCount': 5913, 'gender': 'M', 'sofascoreId': 'leocjardim', 'id': 595598, 'fieldTranslations': {'nameTranslation': {'ar': 'ليو جارديم', 'bn': 'লিও জার্দিম', 'hi': 'लियो जार्डिम'}, 'shortNameTranslation': {'ar': 'ل. جارديم', 'bn': 'এল. জার্দিম', 'hi': 'एल. जार्डिम'}}}",6262239,44,,2637,"{'start': {'x': 31.7, 'y': 22.2}, 'block': {'x': 60.5, 'y': 6.7}, 'end': {'x': 82.9, 'y': 0}, 'goal': {'x': 82.9, 'y': 95.8}}",2,63,2637,shot,,13472606,22.2,31.7,79.92327570864447,5.105366591090749,6387.729999999999,408.03762165344824,18.3,77.8,,0,0,44,0,0.016632672
"{'name': 'Johan Carbonero', 'slug': 'carbonero-johan', 'shortName': 'J. Carbonero', 'position': 'F', 'jerseyNumber': '7', 'userCount': 2399, 'gender': 'M', 'id': 925125, 'fieldTranslations': {'nameTranslation': {'ar': 'يوهان كاربونيرو'}, 'shortNameTranslation': {'ar': 'ي. كاربونيرو'}}}",False,right-foot,low-centre,"{'x': 0, 'y': 48.9, 'z': 19}","{'x': 17, 'y': 47.1, 'z': 0}",0.035551197826862,0.0,"{'name': 'Léo Jardim', 'slug': 'leo-jardim', 'shortName': 'L. Jardim', 'position': 'G', 'jerseyNumber': '1', 'userCount': 5913, 'gender': 'M', 'sofascoreId': 'leocjardim', 'id': 595598, 'fieldTranslations': {'nameTranslation': {'ar': 'ليو جارديم', 'bn': 'লিও জার্দিম', 'hi': 'लियो जार्डिम'}, 'shortNameTranslation': {'ar': 'ل. جارديم', 'bn': 'এল. জার্দিম', 'hi': 'एल. जार्डिम'}}}",6262193,42,,2473,"{'start': {'x': 46.7, 'y': 18.7}, 'block': {'x': 47.1, 'y': 17}, 'end': {'x': 51.1, 'y': 0}, 'goal': {'x': 51.1, 'y': 81}}",4,227,2473,shot,,13472606,18.7,46.7,81.36694660610044,5.146802374778317,6620.58,418.7795940207383,3.299999999999997,81.3,,0,0,42,0,0.04703818
"{'name': 'Alexandro Bernabei', 'slug': 'alexandro-bernabei', 'shortName': 'A. Bernabei', 'position': 'D', 'jerseyNumber': '26', 'userCount': 2145, 'gender': 'M', 'id': 989200, 'fieldTranslations': {'nameTranslation': {'ar': 'ألكسندرو بيرنابيي', 'bn': 'আলেকজান্দ্রো বার্নাবেই', 'hi': 'एलेक्ज़ेंड्रो बर्नबेई'}, 'shortNameTranslation': {'ar': 'أ. بيرنابيي', 'bn': 'এ. বার্নাবাই', 'hi': 'ए. बर्नबेई'}}}",False,left-foot,high-right,"{'x': 0, 'y': 36, 'z': 76.4}",,0.020267592743039,0.0,"{'name': 'Léo Jardim', 'slug': 'leo-jardim', 'shortName': 'L. Jardim', 'position': 'G', 'jerseyNumber': '1', 'userCount': 5913, 'gender': 'M', 'sofascoreId': 'leocjardim', 'id': 595598, 'fieldTranslations': {'nameTranslation': {'ar': 'ليو جارديم', 'bn': 'লিও জার্দিম', 'hi': 'लियो जार्डिम'}, 'shortNameTranslation': {'ar': 'ل. جارديم', 'bn': 'এল. জার্দিম', 'hi': 'एल. जार्डिम'}}}",6262184,33,,1977,"{'start': {'x': 29.8, 'y': 21.4}, 'end': {'x': 64, 'y': 0}, 'goal': {'x': 64, 'y': 23.6}}",13,723,1977,shot,,13472606,21.4,29.8,81.15417426109393,5.002799716208404,6586.0,405.9980799625281,20.2,78.6,,0,0,33,0,0.015582176
"{'name': 'Philippe Coutinho', 'slug': 'philippe-coutinho', 'shortName': 'P. Coutinho', 'position': 'M', 'userCount': 68505, 'gender': 'M', 'sofascoreId': 'Coutinho', 'id': 119159, 'fieldTranslations': {'nameTranslation': {'ar': 'فيليب كوتينيو', 'bn': 'ফিলিপে কৌতিনহো', 'hi': 'फिलिप कूटिन्हो'}, 'shortNameTranslation': {'ar': 'ف. كوتينيو', 'bn': 'পি. কৌতিনহো', 'hi': 'पी. कूटिन्हो'}}}",True,right-foot,high,"{'x': 0, 'y': 55.2, 'z': 40.5}",,0.019257197156549,0.0,"{'name': 'Sergio Rochet', 'slug': 'sergio-rochet', 'shortName': 'S. Rochet', 'position': 'G', 'jerseyNumber': '1', 'userCount': 2616, 'gender': 'M', 'id': 581060, 'fieldTranslations': {'nameTranslation': {'ar': 'سيرجيو روشيت', 'bn': 'সার্জিও রোচেট', 'hi': 'सर्जियो रोशेट'}, 'shortNameTranslation': {'ar': 'س. روشيت', 'bn': 'সার্জিও রোচেট', 'hi': 'सर्जियो रोशेट'}}}",6262181,28,,1637,"{'start': {'x': 43.4, 'y': 26.8}, 'end': {'x': 44.8, 'y': 0}, 'goal': {'x': 44.8, 'y': 59.5}}",18,1063,1637,shot,,13472606,26.8,43.4,73.4969387117586,5.678834651158766,5401.8,417.3769623104269,6.600000000000001,73.2,,0,1,28,0,0.03387992
"{'name': 'Andrés Gómez', 'slug': 'andres-gomez', 'shortName': 'A. Gómez', 'position': 'M', 'jerseyNumber': '11', 'userCount': 4215, 'gender': 'M', 'id': 1160386, 'fieldTranslations': {'nameTranslation': {'ar': 'أندريس غوميز', 'bn': 'আন্দ্রেস গোমেজ', 'hi': 'एन्ड्रेस गोमेज़'}, 'shortNameTranslation': {'ar': 'أ. غوميز', 'bn': 'এ. গোমেজ', 'hi': 'ए. गोमेज़'}}}",True,right-foot,high-right,"{'x': 0, 'y': 30.8, 'z': 80.6}",,0.0078048510476947,0.0,"{'name': 'Sergio Rochet', 'slug': 'sergio-rochet', 'shortName': 'S. Rochet', 'position': 'G', 'jerseyNumber': '1', 'userCount': 2616, 'gender': 'M', 'id': 581060, 'fieldTranslations': {'nameTranslation': {'ar': 'سيرجيو روشيت', 'bn': 'সার্জিও রোচেট', 'hi': 'सर्जियो रोशेट'}, 'shortNameTranslation': {'ar': 'س. روشيت', 'bn': 'সার্জিও রোচেট', 'hi': 'सर्जियो रोशेट'}}}",6262179,26,,1517,"{'start': {'x': 70.1, 'y': 27.1}, 'end': {'x': 69.2, 'y': 0}, 'goal': {'x': 69.2, 'y': 19.4}}",20,1183,1517,shot,,13472606,27.1,70.1,75.62023538709728,5.343698583060499,5718.42,404.0917446887332,20.099999999999994,72.9,,0,1,26,0,0.031327084
"{'name': 'Andrés Gómez', 'slug': 'andres-gomez', 'shortName': 'A. Gómez', 'position': 'M', 'jerseyNumber': '11', 'userCount': 4215, 'gender': 'M', 'id': 1160386, 'fieldTranslations': {'nameTranslation': {'ar': 'أندريس غوميز', 'bn': 'আন্দ্রেস গোমেজ', 'hi': 'एन्ड्रेस गोमेज़'}, 'shortNameTranslation': {'ar': 'أ. غوميز', 'bn': 'এ. গোমেজ', 'hi': 'ए. गोमेज़'}}}",True,right-foot,close-right,"{'x': 0, 'y': 43.4, 'z': 8.3}","{'x': 2.9, 'y': 57.4, 'z': 0}",0.251011967659,0.0,"{'name': 'Sergio Rochet', 'slug': 'sergio-rochet', 'shortName': 'S. Rochet', 'position': 'G', 'jerseyNumber': '1', 'userCount': 2616, 'gender': 'M', 'id': 581060, 'fieldTranslations': {'nameTranslation': {'ar': 'سيرجيو روشيت', 'bn': 'সার্জিও রোচেট', 'hi': 'सर्जियो रोशेट'}, 'shortNameTranslation': {'ar': 'س. روشيت', 'bn': 'সার্জিও রোচেট', 'hi': 'सर्जियो रोशेट'}}}",6262182,22,,1293,"{'start': {'x': 56.4, 'y': 5.5}, 'block': {'x': 57.4, 'y': 2.9}, 'end': {'x': 56.6, 'y': 0}, 'goal': {'x': 56.6, 'y': 91.7}}",24,1407,1293,shot,,13472606,5.5,56.4,94.71647164036465,4.415729064091017,8971.210000000001,418.2422766705107,6.399999999999999,94.5,,0,1,22,0,0.3090143
"{'name': 'Philippe Coutinho', 'slug': 'philippe-coutinho', 'shortName': 'P. Coutinho', 'position': 'M', 'userCount': 68505, 'gender': 'M', 'sofascoreId': 'Coutinho', 'id': 119159, 'fieldTranslations': {'nameTranslation': {'ar': 'فيليب كوتينيو', 'bn': 'ফিলিপে কৌতিনহো', 'hi': 'फिलिप कूटिन्हो'}, 'shortNameTranslation': {'ar': 'ف. كوتينيو', 'bn': 'পি. কৌতিনহো', 'hi': 'पी. कूटिन्हो'}}}",True,right-foot,high-right,"{'x': 0, 'y': 47, 'z': 24.7}","{'x': 1.6, 'y': 47.1, 'z': 0}",0.018792843446136,0.16009360551834,"{'name': 'Sergio Rochet', 'slug': 'sergio-rochet', 'shortName': 'S. Rochet', 'position': 'G', 'jerseyNumber': '1', 'userCount': 2616, 'gender': 'M', 'id': 581060, 'fieldTranslations': {'nameTranslation': {'ar': 'سيرجيو روشيت', 'bn': 'সার্জিও রোচেট', 'hi': 'सर्जियो रोशेट'}, 'shortNameTranslation': {'ar': 'س. روشيت', 'bn': 'সার্জিও রোচেট', 'hi': 'सर्जियो रोशेट'}}}",6262150,14,,826,"{'start': {'x': 24.4, 'y': 24.4}, 'block': {'x': 47.1, 'y': 1.6}, 'end': {'x': 53, 'y': 0}, 'goal': {'x': 53, 'y': 75.3}}",32,1874,826,shot,,13472606,24.4,24.4,79.81679021358852,4.974939322151425,6370.72,397.0836882014925,25.6,75.6,,0,1,14,0,0.02648505
"{'name': 'Gabriel Mercado', 'slug': 'gabriel-mercado', 'shortName': 'G. Mercado', 'position': 'D', 'jerseyNumber': '25', 'userCount': 994, 'gender': 'M', 'id': 128376, 'fieldTranslations': {'nameTranslation': {'ar': 'غابرييل ميركادو'}, 'shortNameTranslation': {'ar': 'غ. ميركادو'}}}",False,head,high-left,"{'x': 0, 'y': 58.2, 'z': 91.7}",,0.04172981902957,0.0,"{'name': 'Léo Jardim', 'slug': 'leo-jardim', 'shortName': 'L. Jardim', 'position': 'G', 'jerseyNumber': '1', 'userCount': 5913, 'gender': 'M', 'sofascoreId': 'leocjardim', 'id': 595598, 'fieldTranslations': {'nameTranslation': {'ar': 'ليو جارديم', 'bn': 'লিও জার্দিম', 'hi': 'लियो जार्डिम'}, 'shortNameTranslation': {'ar': 'ل. جارديم', 'bn': 'এল. জার্দিম', 'hi': 'एल. जार्डिम'}}}",6262149,13,,778,"{'start': {'x': 55.8, 'y': 12.5}, 'end': {'x': 41.8, 'y': 0}, 'goal': {'x': 41.8, 'y': 8.3}}",33,1922,778,shot,,13472606,12.5,55.8,87.69201788076268,4.7695131866472105,7689.890000000001,418.2482356460006,5.799999999999997,87.5,,0,0,13,0,0.0835456
"{'name': 'Rayan', 'firstName': 'Rayan', 'slug': 'rayan', 'shortName': 'Rayan', 'position': 'M', 'jerseyNumber': '37', 'userCount': 32026, 'gender': 'M', 'id': 1464966, 'fieldTranslations': {'nameTranslation': {'ar': 'ريان', 'bn': 'রায়ান', 'hi': 'रायन'}, 'shortNameTranslation': {'ar': 'ريان', 'bn': 'রায়ান', 'hi': 'रायन'}}}",True,left-foot,low-right,"{'x': 0, 'y': 46.3, 'z': 3.8}",,0.034442611038685,0.20583060383797,"{'name': 'Sergio Rochet', 'slug': 'sergio-rochet', 'shortName': 'S. Rochet', 'position': 'G', 'jerseyNumber': '1', 'userCount': 2616, 'gender': 'M', 'id': 581060, 'fieldTranslations': {'nameTranslation': {'ar': 'سيرجيو روشيت', 'bn': 'সার্জিও রোচেট', 'hi': 'सर्जियो रोशेट'}, 'shortNameTranslation': {'ar': 'س. روشيت', 'bn': 'সার্জিও রোচেট', 'hi': 'सर्जियो रोशेट'}}}",6262146,9,,517,"{'start': {'x': 62.4, 'y': 22.1}, 'end': {'x': 53.7, 'y': 0}, 'goal': {'x': 53.7, 'y': 96.2}}",37,2183,517,shot,regular,13472606,22.1,62.4,78.88073275521724,5.247453995190401,6222.170000000002,413.9230162399111,12.399999999999999,77.9,,0,1,9,1,0.035973597
"{'name': 'Johan Carbonero', 'slug': 'carbonero-johan', 'shortName': 'J. Carbonero', 'position': 'F', 'jerseyNumber': '7', 'userCount': 2399, 'gender': 'M', 'id': 925125, 'fieldTranslations': {'nameTranslation': {'ar': 'يوهان كاربونيرو'}, 'shortNameTranslation': {'ar': 'ي. كاربونيرو'}}}",False,left-foot,low-left,"{'x': 0, 'y': 52.6, 'z': 11.4}","{'x': 1.2, 'y': 44.9, 'z': 0}",0.031875338405371,0.2301249653101,"{'name': 'Léo Jardim', 'slug': 'leo-jardim', 'shortName': 'L. Jardim', 'position': 'G', 'jerseyNumber': '1', 'userCount': 5913, 'gender': 'M', 'sofascoreId': 'leocjardim', 'id': 595598, 'fieldTranslations': {'nameTranslation': {'ar': 'ليو جارديم', 'bn': 'লিও জার্দিম', 'hi': 'लियो जार्डिम'}, 'shortNameTranslation': {'ar': 'ل. جارديم', 'bn': 'এল. জার্দিম', 'hi': 'एल. जार्डिम'}}}",6262144,8,,424,"{'start': {'x': 28.3, 'y': 5.4}, 'block': {'x': 44.9, 'y': 1.2}, 'end': {'x': 47.4, 'y': 0}, 'goal': {'x': 47.4, 'y': 88.6}}",38,2276,424,shot,,13472606,5.4,28.3,97.05694204949998,4.210241329544428,9420.049999999997,408.6331487360033,21.7,94.6,,0,0,8,0,0.04812893
"{'name': 'Andrés Gómez', 'slug': 'andres-gomez', 'shortName': 'A. Gómez', 'position': 'M', 'jerseyNumber': '11', 'userCount': 4215, 'gender': 'M', 'id': 1160386, 'fieldTranslations': {'nameTranslation': {'ar': 'أندريس غوميز', 'bn': 'আন্দ্রেস গোমেজ', 'hi': 'एन्ड्रेस गोमेज़'}, 'shortNameTranslation': {'ar': 'أ. غوميز', 'bn': 'এ. গোমেজ', 'hi': 'ए. गोमेज़'}}}",True,right-foot,high-right,"{'x': 0, 'y': 46.1, 'z': 23.4}",,0.059212055057287,0.79821395874023,"{'name': 'Sergio Rochet', 'slug': 'sergio-rochet', 'shortName': 'S. Rochet', 'position': 'G', 'jerseyNumber': '1', 'userCount': 2616, 'gender': 'M', 'id': 581060, 'fieldTranslations': {'nameTranslation': {'ar': 'سيرجيو روشيت', 'bn': 'সার্জিও রোচেট', 'hi': 'सर्जियो रोशेट'}, 'shortNameTranslation': {'ar': 'س. روشيت', 'bn': 'সার্জিও রোচেট', 'hi': 'सर्जियो रोशेट'}}}",6262139,2,,89,"{'start': {'x': 32.5, 'y': 11.6}, 'end': {'x': 53.9, 'y': 0}, 'goal': {'x': 53.9, 'y': 76.6}}",44,2611,89,shot,regular,13472606,11.6,32.5,90.11553695118285,4.563351712357235,8120.810000000001,411.228889856172,17.5,88.4,,0,1,2,1,0.054783653
"{'name': 'Robinho Júnior', 'slug': 'robson-junior', 'shortName': 'Robinho Jr', 'position': 'M', 'jerseyNumber': '7', 'userCount': 10534, 'gender': 'M', 'id': 2191860, 'fieldTranslations': {'nameTranslation': {'ar': 'روبنيو جونيور'}, 'shortNameTranslation': {'ar': 'ر. جونيور'}}}",True,left-foot,low-right,"{'x': 0, 'y': 46.6, 'z': 8.2}","{'x': 2, 'y': 51.6, 'z': 0}",0.15289482474327,0.59447836875916,"{'name': 'Gabriel Vasconcelos', 'slug': 'gabriel-vasconcelos', 'shortName': 'G. Vasconcelos', 'position': 'G', 'jerseyNumber': '1', 'userCount': 497, 'gender': 'M', 'id': 147467, 'fieldTranslations': {'nameTranslation': {'ar': 'غابرييل فاسكونسيلوس', 'bn': 'গ্যাব্রিয়েল ভাসকনসেলোস', 'hi': 'गेब्रियल वास्कोनसेलोस'}, 'shortNameTranslation': {'ar': 'غابرييل فاسكونسيلوس', 'bn': 'গ্যাব্রিয়েল ভাসকনসেলোস', 'hi': 'गेब्रियल वास्कोनसेलोस'}}}",6262584,90,5.0,5668,"{'start': {'x': 61.1, 'y': 12.4}, 'block': {'x': 51.6, 'y': 2}, 'end': {'x': 53.4, 'y': 0}, 'goal': {'x': 53.4, 'y': 91.8}}",1,632,268,shot,,13472613,12.4,61.1,88.3004529999705,4.709546725405273,7796.969999999999,415.8551092778133,11.100000000000001,87.6,,0,1,90,0,0.043420456
"{'name': 'Igor Cariús', 'slug': 'igor-carius', 'shortName': 'I. Cariús', 'position': 'D', 'jerseyNumber': '16', 'userCount': 303, 'gender': 'M', 'id': 874195, 'fieldTranslations': {'nameTranslation': {'ar': 'إيغور كاريش'}, 'shortNameTranslation': {'ar': 'إ. كاريش'}}}",False,head,low-right,"{'x': 0, 'y': 46.7, 'z': 19}","{'x': 4, 'y': 62.5, 'z': 0}",0.022332411259413,0.0,"{'name': 'Gabriel Brazão', 'firstName': '', 'lastName': '', 'slug': 'gabriel-brazao', 'shortName': 'G. Brazão', 'position': 'G', 'jerseyNumber': '77', 'userCount': 3103, 'gender': 'M', 'id': 905448, 'fieldTranslations': {'nameTranslation': {'ar': 'غابرييل برازاو', 'bn': 'গ্যাব্রিয়েল ব্রাজাও', 'hi': 'गेब्रियल ब्राज़ाओ'}, 'shortNameTranslation': {'ar': 'غ. برازاو', 'bn': 'জি. ব্রাজাও', 'hi': 'जी. ब्राज़ाओ'}}}",6262583,90,2.0,5517,"{'start': {'x': 64.6, 'y': 4.9}, 'block': {'x': 62.5, 'y': 4}, 'end': {'x': 53.3, 'y': 0}, 'goal': {'x': 53.3, 'y': 81}}",1,783,117,shot,,13472613,4.9,64.6,96.21418814291371,4.30671264064578,9257.169999999998,414.36686028455784,14.599999999999994,95.1,,0,0,90,0,0.02762584
"{'name': 'Neymar', 'slug': 'neymar', 'shortName': 'Neymar', 'position': 'F', 'jerseyNumber': '10', 'userCount': 1013524, 'gender': 'M', 'sofascoreId': 'Neymar', 'id': 124712, 'fieldTranslations': {'nameTranslation': {'ar': 'نيمار', 'bn': 'নেইমার', 'hi': 'नेमार'}, 'shortNameTranslation': {'ar': 'نيمار', 'bn': 'নেইমার', 'hi': 'नेमार'}}}",True,right-foot,left,"{'x': 0, 'y': 59.8, 'z': 16.7}",,0.14142493903637,0.0,"{'name': 'Gabriel Vasconcelos', 'slug': 'gabriel-vasconcelos', 'shortName': 'G. Vasconcelos', 'position': 'G', 'jerseyNumber': '1', 'userCount': 497, 'gender': 'M', 'id': 147467, 'fieldTranslations': {'nameTranslation': {'ar': 'غابرييل فاسكونسيلوس', 'bn': 'গ্যাব্রিয়েল ভাসকনসেলোস', 'hi': 'गेब्रियल वास्कोनसेलोस'}, 'shortNameTranslation': {'ar': 'غابرييل فاسكونسيلوس', 'bn': 'গ্যাব্রিয়েল ভাসকনসেলোস', 'hi': 'गेब्रियल वास्कोनसेलोस'}}}",6262582,88,,5261,"{'start': {'x': 54.8, 'y': 13.6}, 'end': {'x': 40.2, 'y': 0}, 'goal': {'x': 40.2, 'y': 83.3}}",3,139,2561,shot,,13472613,13.6,54.8,86.53323061113575,4.836442444989426,7488.000000000001,418.5129894297552,4.799999999999997,86.4,,0,1,88,0,0.11857851
"{'name': 'Neymar', 'slug': 'neymar', 'shortName': 'Neymar', 'position': 'F', 'jerseyNumber': '10', 'userCount': 1013524, 'gender': 'M', 'sofascoreId': 'Neymar', 'id': 124712, 'fieldTranslations': {'nameTranslation': {'ar': 'نيمار', 'bn': 'নেইমার', 'hi': 'नेमार'}, 'shortNameTranslation': {'ar': 'نيمار', 'bn': 'নেইমার', 'hi': 'नेमार'}}}",True,right-foot,low-right,"{'x': 0, 'y': 46.3, 'z': 7.6}","{'x': 1.1, 'y': 49.1, 'z': 0}",0.055292829871178,0.20459288358688,"{'name': 'Gabriel Vasconcelos', 'slug': 'gabriel-vasconcelos', 'shortName': 'G. Vasconcelos', 'position': 'G', 'jerseyNumber': '1', 'userCount': 497, 'gender': 'M', 'id': 147467, 'fieldTranslations': {'nameTranslation': {'ar': 'غابرييل فاسكونسيلوس', 'bn': 'গ্যাব্রিয়েল ভাসকনসেলোস', 'hi': 'गेब्रियल वास्कोनसेलोस'}, 'shortNameTranslation': {'ar': 'غابرييل فاسكونسيلوس', 'bn': 'গ্যাব্রিয়েল ভাসকনসেলোস', 'hi': 'गेब्रियल वास्कोनसेलोस'}}}",6262565,87,,5186,"{'start': {'x': 31.3, 'y': 19.5}, 'block': {'x': 49.1, 'y': 1.1}, 'end': {'x': 53.7, 'y': 0}, 'goal': {'x': 53.7, 'y': 92.4}}",4,214,2486,shot,,13472613,19.5,31.3,82.64345104120471,4.940683222357741,6829.9400000000005,408.3151119970235,18.7,80.5,,0,1,87,0,0.0110480115
"{'name': 'Léo Pereira', 'slug': 'leo-pereira', 'shortName': 'L. Pereira', 'position': 'M', 'jerseyNumber': '38', 'userCount': 373, 'gender': 'M', 'id': 1008491, 'fieldTranslations': {'nameTranslation': {'ar': 'ليو بيريرا'}, 'shortNameTranslation': {'ar': 'ل. بيريرا'}}}",False,right-foot,low-centre,"{'x': 0, 'y': 50.8, 'z': 11.4}","{'x': 2, 'y': 47.7, 'z': 0}",0.012517359107733,0.0096924621611834,"{'name': 'Gabriel Brazão', 'firstName': '', 'lastName': '', 'slug': 'gabriel-brazao', 'shortName': 'G. Brazão', 'position': 'G', 'jerseyNumber': '77', 'userCount': 3103, 'gender': 'M', 'id': 905448, 'fieldTranslations': {'nameTranslation': {'ar': 'غابرييل برازاو', 'bn': 'গ্যাব্রিয়েল ব্রাজাও', 'hi': 'गेब्रियल ब्राज़ाओ'}, 'shortNameTranslation': {'ar': 'غ. برازاو', 'bn': 'জি. ব্রাজাও', 'hi': 'जी. ब्राज़ाओ'}}}",6262564,83,,4931,"{'start': {'x': 27, 'y': 24.9}, 'block': {'x': 47.7, 'y': 2}, 'end': {'x': 49.2, 'y': 0}, 'goal': {'x': 49.2, 'y': 88.6}}",8,469,2231,shot,,13472613,24.9,27.0,78.54304552282143,5.103306342829428,6169.009999999999,400.8292224017551,23.0,75.1,,0,0,83,0,0.008664088
"{'name': 'Adriel', 'firstName': 'Adriel', 'lastName': 'Gomes do Nascimento', 'slug': 'adriel-gomes-do-nascimento', 'shortName': 'Adriel', 'position': 'M', 'jerseyNumber': '54', 'userCount': 68, 'gender': 'M', 'id': 2035989, 'fieldTranslations': {'nameTranslation': {'ar': 'أدرييل'}, 'shortNameTranslation': {'ar': 'أدرييل'}}}",False,right-foot,low-centre,"{'x': 0, 'y': 49.8, 'z': 19}","{'x': 12, 'y': 50.9, 'z': 0}",0.088850572705269,0.0,"{'name': 'Gabriel Brazão', 'firstName': '', 'lastName': '', 'slug': 'gabriel-brazao', 'shortName': 'G. Brazão', 'position': 'G', 'jerseyNumber': '77', 'userCount': 3103, 'gender': 'M', 'id': 905448, 'fieldTranslations': {'nameTranslation': {'ar': 'غابرييل برازاو', 'bn': 'গ্যাব্রিয়েল ব্রাজাও', 'hi': 'गेब्रियल ब्राज़ाओ'}, 'shortNameTranslation': {'ar': 'غ. برازاو', 'bn': 'জি. ব্রাজাও', 'hi': 'जी. ब्राज़ाओ'}}}",6262563,82,,4906,"{'start': {'x': 51.1, 'y': 15.4}, 'block': {'x': 50.9, 'y': 12}, 'end': {'x': 50.2, 'y': 0}, 'goal': {'x': 50.2, 'y': 81}}",9,494,2206,shot,,13472613,15.4,51.1,84.60715099800962,4.95358289424492,7158.369999999999,419.1085359145374,1.1000000000000014,84.6,,0,0,82,0,0.093493916
"{'name': 'Hyoran', 'slug': 'hyoran', 'shortName': 'Hyoran', 'position': 'M', 'jerseyNumber': '19', 'userCount': 485, 'gender': 'M', 'id': 551348, 'fieldTranslations': {'nameTranslation': {'ar': 'هيوران'}, 'shortNameTranslation': {'ar': 'هيوران'}}}",False,right-foot,high,"{'x': 0, 'y': 54.6, 'z': 81.9}",,0.033667862415314,0.0,"{'name': 'Gabriel Brazão', 'firstName': '', 'lastName': '', 'slug': 'gabriel-brazao', 'shortName': 'G. Brazão', 'position': 'G', 'jerseyNumber': '77', 'userCount': 3103, 'gender': 'M', 'id': 905448, 'fieldTranslations': {'nameTranslation': {'ar': 'غابرييل برازاو', 'bn': 'গ্যাব্রিয়েল ব্রাজাও', 'hi': 'गेब्रियल ब्राज़ाओ'}, 'shortNameTranslation': {'ar': 'غ. برازاو', 'bn': 'জি. ব্রাজাও', 'hi': 'जी. ब्राज़ाओ'}}}",6262562,78,,4656,"{'start': {'x': 47.4, 'y': 30.1}, 'end': {'x': 45.4, 'y': 0}, 'goal': {'x': 45.4, 'y': 18.1}}",13,744,1956,shot,,13472613,30.1,47.4,69.94833807889935,5.986354028598592,4892.770000000001,418.7355154523955,2.6000000000000014,69.9,,0,0,78,0,0.043390997
"{'name': 'João Schmidt', 'slug': 'joao-schmidt', 'shortName': 'J. Schmidt', 'position': 'M', 'jerseyNumber': '5', 'userCount': 1086, 'gender': 'M', 'id': 244591, 'fieldTranslations': {'nameTranslation': {'ar': 'جواو شميت'}, 'shortNameTranslation': {'ar': 'ج. شميت'}}}",True,head,low-right,"{'x': 0, 'y': 47.6, 'z': 7}",,0.098342977464199,0.63488912582397,"{'name': 'Gabriel Vasconcelos', 'slug': 'gabriel-vasconcelos', 'shortName': 'G. Vasconcelos', 'position': 'G', 'jerseyNumber': '1', 'userCount': 497, 'gender': 'M', 'id': 147467, 'fieldTranslations': {'nameTranslation': {'ar': 'غابرييل فاسكونسيلوس', 'bn': 'গ্যাব্রিয়েল ভাসকনসেলোস', 'hi': 'गेब्रियल वास्कोनसेलोस'}, 'shortNameTranslation': {'ar': 'غابرييل فاسكونسيلوس', 'bn': 'গ্যাব্রিয়েল ভাসকনসেলোস', 'hi': 'गेब्रियल वास्कोनसेलोस'}}}",6262560,67,,4019,"{'start': {'x': 45.7, 'y': 6.8}, 'end': {'x': 52.4, 'y': 0}, 'goal': {'x': 52.4, 'y': 93}}",24,1381,1319,shot,regular,13472613,6.8,45.7,93.29914254697093,4.488214259019639,8704.730000000001,418.7465419336208,4.299999999999997,93.2,,0,1,67,1,0.71642154
"{'name': 'Neymar', 'slug': 'neymar', 'shortName': 'Neymar', 'position': 'F', 'jerseyNumber': '10', 'userCount': 1013524, 'gender': 'M', 'sofascoreId': 'Neymar', 'id': 124712, 'fieldTranslations': {'nameTranslation': {'ar': 'نيمار', 'bn': 'নেইমার', 'hi': 'नेमार'}, 'shortNameTranslation': {'ar': 'نيمار', 'bn': 'নেইমার', 'hi': 'नेमार'}}}",True,right-foot,low-centre,"{'x': 0, 'y': 49.8, 'z': 19}","{'x': 17.9, 'y': 38.1, 'z': 0}",0.036722358316183,0.0,"{'name': 'Gabriel Vasconcelos', 'slug': 'gabriel-vasconcelos', 'shortName': 'G. Vasconcelos', 'position': 'G', 'jerseyNumber': '1', 'userCount': 497, 'gender': 'M', 'id': 147467, 'fieldTranslations': {'nameTranslation': {'ar': 'غابرييل فاسكونسيلوس', 'bn': 'গ্যাব্রিয়েল ভাসকনসেলোস', 'hi': 'गेब्रियल वास्कोनसेलोस'}, 'shortNameTranslation': {'ar': 'غابرييل فاسكونسيلوس', 'bn': 'গ্যাব্রিয়েল ভাসকনসেলোস', 'hi': 'गेब्रियल वास्कोनसेलोस'}}}",6262518,67,,3982,"{'start': {'x': 33.1, 'y': 25.2}, 'block': {'x': 38.1, 'y': 17.9}, 'end': {'x': 50.2, 'y': 0}, 'goal': {'x': 50.2, 'y': 81}}",24,1418,1282,shot,,13472613,25.2,33.1,76.68539626291306,5.331438510008571,5880.650000000001,408.84347479136204,16.9,74.8,,0,1,67,0,0.026445689
"{'name': 'Zé Rafael', 'slug': 'ze-rafael', 'shortName': 'Z. Rafael', 'position': 'M', 'jerseyNumber': '6', 'userCount': 2607, 'gender': 'M', 'id': 329069, 'fieldTranslations': {'nameTranslation': {'ar': 'زيه رافاييل', 'bn': 'জে রাফায়েল', 'hi': 'ज़े राफेल'}, 'shortNameTranslation': {'ar': 'ز. رافاييل', 'bn': 'জেড. রাফায়েল', 'hi': 'ज़ी. राफेल'}}}",True,right-foot,close-right,"{'x': 0, 'y': 42, 'z': 23.6}",,0.073276177048683,0.0,"{'name': 'Gabriel Vasconcelos', 'slug': 'gabriel-vasconcelos', 'shortName': 'G. Vasconcelos', 'position': 'G', 'jerseyNumber': '1', 'userCount': 497, 'gender': 'M', 'id': 147467, 'fieldTranslations': {'nameTranslation': {'ar': 'غابرييل فاسكونسيلوس', 'bn': 'গ্যাব্রিয়েল ভাসকনসেলোস', 'hi': 'गेब्रियल वास्कोनसेलोस'}, 'shortNameTranslation': {'ar': 'غابرييل فاسكونسيلوس', 'bn': 'গ্যাব্রিয়েল ভাসকনসেলোস', 'hi': 'गेब्रियल वास्कोनसेलोस'}}}",6262516,64,,3804,"{'start': {'x': 45.1, 'y': 18.4}, 'end': {'x': 58, 'y': 0}, 'goal': {'x': 58, 'y': 76.4}}",27,1596,1104,shot,,13472613,18.4,45.1,81.74698771208637,5.1179327640757615,6682.57,418.37558677618546,4.899999999999999,81.6,,0,1,64,0,0.06706365
"{'name': 'Álvaro Barreal', 'slug': 'alvaro-barreal', 'shortName': 'Á. Barreal', 'position': 'M', 'jerseyNumber': '22', 'userCount': 2824, 'gender': 'M', 'id': 949687, 'fieldTranslations': {'nameTranslation': {'ar': 'ألفارو باريال', 'bn': 'আলভারো ব্যারিয়াল', 'hi': 'अल्वारो बरियल'}, 'shortNameTranslation': {'ar': 'أ. باريال', 'bn': 'এ. ব্যারিয়াল', 'hi': 'आ. बरियल'}}}",True,left-foot,right,"{'x': 0, 'y': 35.8, 'z': 2.8}",,0.025830773636699,0.0,"{'name': 'Gabriel Vasconcelos', 'slug': 'gabriel-vasconcelos', 'shortName': 'G. Vasconcelos', 'position': 'G', 'jerseyNumber': '1', 'userCount': 497, 'gender': 'M', 'id': 147467, 'fieldTranslations': {'nameTranslation': {'ar': 'غابرييل فاسكونسيلوس', 'bn': 'গ্যাব্রিয়েল ভাসকনসেলোস', 'hi': 'गेब्रियल वास्कोनसेलोस'}, 'shortNameTranslation': {'ar': 'غابرييل فاسكونسيلوس', 'bn': 'গ্যাব্রিয়েল ভাসকনসেলোস', 'hi': 'गेब्रियल वास्कोनसेलोस'}}}",6262515,63,,3763,"{'start': {'x': 29.4, 'y': 4.9}, 'end': {'x': 64.2, 'y': 0}, 'goal': {'x': 64.2, 'y': 97.2}}",28,1637,1063,shot,,13472613,4.9,29.4,97.3055496875692,4.210861631870679,9468.369999999997,409.74020574747107,20.6,95.1,,0,1,63,0,0.052904736
"{'name': 'Léo Pereira', 'slug': 'leo-pereira', 'shortName': 'L. Pereira', 'position': 'M', 'jerseyNumber': '38', 'userCount': 373, 'gender': 'M', 'id': 1008491, 'fieldTranslations': {'nameTranslation': {'ar': 'ليو بيريرا'}, 'shortNameTranslation': {'ar': 'ل. بيريرا'}}}",False,left-foot,low-left,"{'x': 0, 'y': 54.1, 'z': 1.3}","{'x': 1.9, 'y': 46.9, 'z': 0}",0.057405207306147,0.44840547442436,"{'name': 'Gabriel Brazão', 'firstName': '', 'lastName': '', 'slug': 'gabriel-brazao', 'shortName': 'G. Brazão', 'position': 'G', 'jerseyNumber': '77', 'userCount': 3103, 'gender': 'M', 'id': 905448, 'fieldTranslations': {'nameTranslation': {'ar': 'غابرييل برازاو', 'bn': 'গ্যাব্রিয়েল ব্রাজাও', 'hi': 'गेब्रियल ब्राज़ाओ'}, 'shortNameTranslation': {'ar': 'غ. برازاو', 'bn': 'জি. ব্রাজাও', 'hi': 'जी. ब्राज़ाओ'}}}",6262510,58,,3459,"{'start': {'x': 34.4, 'y': 12.2}, 'block': {'x': 46.9, 'y': 1.9}, 'end': {'x': 45.9, 'y': 0}, 'goal': {'x': 45.9, 'y': 98.7}}",33,1941,759,shot,,13472613,12.2,34.4,89.17510863464086,4.6283589668360765,7952.2,412.7344136677213,15.600000000000001,87.8,,0,0,58,0,0.016334504
"{'name': 'Luan Cândido', 'slug': 'luan-candido', 'shortName': 'L. Cândido', 'position': 'D', 'jerseyNumber': '36', 'userCount': 715, 'gender': 'M', 'id': 905459, 'fieldTranslations': {'nameTranslation': {'ar': 'كانديدو, لوان'}, 'shortNameTranslation': {'ar': 'ل. كانديدو'}}}",False,head,high,"{'x': 0, 'y': 52.9, 'z': 81.9}",,0.065703369677067,0.0,"{'name': 'Gabriel Brazão', 'firstName': '', 'lastName': '', 'slug': 'gabriel-brazao', 'shortName': 'G. Brazão', 'position': 'G', 'jerseyNumber': '77', 'userCount': 3103, 'gender': 'M', 'id': 905448, 'fieldTranslations': {'nameTranslation': {'ar': 'غابرييل برازاو', 'bn': 'গ্যাব্রিয়েল ব্রাজাও', 'hi': 'गेब्रियल ब्राज़ाओ'}, 'shortNameTranslation': {'ar': 'غ. برازاو', 'bn': 'জি. ব্রাজাও', 'hi': 'जी. ब्राज़ाओ'}}}",6262496,47,,2791,"{'start': {'x': 52.6, 'y': 8.4}, 'end': {'x': 47.1, 'y': 0}, 'goal': {'x': 47.1, 'y': 18.1}}",44,2609,91,shot,,13472613,8.4,52.6,91.63689213411813,4.5725498930706125,8397.320000000002,419.0142613291851,2.6000000000000014,91.6,,0,0,47,0,0.13695444
"{'name': 'Léo Pereira', 'slug': 'leo-pereira', 'shortName': 'L. Pereira', 'position': 'M', 'jerseyNumber': '38', 'userCount': 373, 'gender': 'M', 'id': 1008491, 'fieldTranslations': {'nameTranslation': {'ar': 'ليو بيريرا'}, 'shortNameTranslation': {'ar': 'ل. بيريرا'}}}",False,left-foot,low-centre,"{'x': 0, 'y': 51.3, 'z': 19}","{'x': 9.3, 'y': 27.8, 'z': 0}",0.017187127843499,0.0,"{'name': 'Gabriel Brazão', 'firstName': '', 'lastName': '', 'slug': 'gabriel-brazao', 'shortName': 'G. Brazão', 'position': 'G', 'jerseyNumber': '77', 'userCount': 3103, 'gender': 'M', 'id': 905448, 'fieldTranslations': {'nameTranslation': {'ar': 'غابرييل برازاو', 'bn': 'গ্যাব্রিয়েল ব্রাজাও', 'hi': 'गेब्रियल ब्राज़ाओ'}, 'shortNameTranslation': {'ar': 'غ. برازاو', 'bn': 'জি. ব্রাজাও', 'hi': 'जी. ब्राज़ाओ'}}}",6262495,46,,2753,"{'start': {'x': 25.3, 'y': 10.4}, 'block': {'x': 27.8, 'y': 9.3}, 'end': {'x': 48.7, 'y': 0}, 'goal': {'x': 48.7, 'y': 81}}",45,2647,53,shot,,13472613,10.4,25.3,92.94218633107357,4.348654475579699,8638.249999999998,404.1734545587854,24.7,89.6,,0,0,46,0,0.013942882
"{'name': 'Igor Vinícius', 'firstName': '', 'lastName': '', 'slug': 'igor-vinicius', 'shortName': 'I. Vinícius', 'position': 'D', 'jerseyNumber': '18', 'userCount': 1632, 'gender': 'M', 'id': 840119, 'fieldTranslations': {'nameTranslation': {'ar': 'إيغور فينيسيوس', 'bn': 'ইগর ভিনিসিয়াস', 'hi': 'इगोर विनीसियस'}, 'shortNameTranslation': {'ar': 'إ. فينيسيوس', 'bn': 'আই. ভিনিসিয়াস', 'hi': 'आई. विनीसियस'}}}",True,right-foot,left,"{'x': 0, 'y': 96.1, 'z': 16.7}","{'x': 6.4, 'y': 1.6, 'z': 0}",0.038021180778742,0.0,"{'name': 'Gabriel Vasconcelos', 'slug': 'gabriel-vasconcelos', 'shortName': 'G. Vasconcelos', 'position': 'G', 'jerseyNumber': '1', 'userCount': 497, 'gender': 'M', 'id': 147467, 'fieldTranslations': {'nameTranslation': {'ar': 'غابرييل فاسكونسيلوس', 'bn': 'গ্যাব্রিয়েল ভাসকনসেলোস', 'hi': 'गेब्रियल वास्कोनसेलोस'}, 'shortNameTranslation': {'ar': 'غابرييل فاسكونسيلوس', 'bn': 'গ্যাব্রিয়েল ভাসকনসেলোস', 'hi': 'गेब्रियल वास्कोनसेलोस'}}}",6262429,45,3.0,2825,"{'start': {'x': 67.8, 'y': 2.5}, 'block': {'x': 1.6, 'y': 6.4}, 'end': {'x': 3.9, 'y': 0}, 'goal': {'x': 3.9, 'y': 83.3}}",1,2575,125,shot,,13472613,2.5,67.8,99.11150286419836,4.161197511373308,9823.089999999998,412.42253906697067,17.799999999999997,97.5,,0,1,45,0,0.06524727
"{'name': 'Guilherme', 'slug': 'guilherme', 'shortName': 'Guilherme', 'position': 'M', 'jerseyNumber': '20', 'userCount': 3597, 'gender': 'M', 'id': 844605, 'fieldTranslations': {'nameTranslation': {'ar': 'غيليرمي أوغوستو', 'bn': 'গুইলহার্ম অগোস্তু', 'hi': 'गिल्हर्मे ऑगस्टो'}, 'shortNameTranslation': {'ar': 'غ. أوغوستو', 'bn': 'উইলিয়াম অগোস্তু', 'hi': 'गिल्हर्मे ऑगस्टो'}}}",True,right-foot,low-centre,"{'x': 0, 'y': 48.4, 'z': 3.8}","{'x': 4.1, 'y': 47.8, 'z': 0}",0.059539373964071,0.03205544129014,"{'name': 'Gabriel Vasconcelos', 'slug': 'gabriel-vasconcelos', 'shortName': 'G. Vasconcelos', 'position': 'G', 'jerseyNumber': '1', 'userCount': 497, 'gender': 'M', 'id': 147467, 'fieldTranslations': {'nameTranslation': {'ar': 'غابرييل فاسكونسيلوس', 'bn': 'গ্যাব্রিয়েল ভাসকনসেলোস', 'hi': 'गेब्रियल वास्कोनसेलोस'}, 'shortNameTranslation': {'ar': 'غابرييل فاسكونسيلوس', 'bn': 'গ্যাব্রিয়েল ভাসকনসেলোস', 'hi': 'गेब्रियल वास्कोनसेलोस'}}}",6262425,45,,2672,"{'start': {'x': 33, 'y': 20.2}, 'block': {'x': 47.8, 'y': 4.1}, 'end': {'x': 51.6, 'y': 0}, 'goal': {'x': 51.6, 'y': 96.2}}",1,28,2672,shot,,13472613,20.2,33.0,81.59068574292044,5.024754331078602,6657.040000000001,409.9731515624126,17.0,79.8,,0,1,45,0,0.027759584
"{'name': 'Lucas Kal', 'firstName': '', 'lastName': '', 'slug': 'lucas-kal', 'shortName': 'Lucas Kal', 'position': 'M', 'jerseyNumber': '21', 'userCount': 179, 'gender': 'M', 'id': 840118, 'fieldTranslations': {'nameTranslation': {'ar': 'لوكاس كال'}, 'shortNameTranslation': {'ar': 'ل. كال'}}}",False,right-foot,left,"{'x': 0, 'y': 65.9, 'z': 2.8}",,0.073452405631542,0.0,"{'name': 'Gabriel Brazão', 'firstName': '', 'lastName': '', 'slug': 'gabriel-brazao', 'shortName': 'G. Brazão', 'position': 'G', 'jerseyNumber': '77', 'userCount': 3103, 'gender': 'M', 'id': 905448, 'fieldTranslations': {'nameTranslation': {'ar': 'غابرييل برازاو', 'bn': 'গ্যাব্রিয়েল ব্রাজাও', 'hi': 'गेब्रियल ब्राज़ाओ'}, 'shortNameTranslation': {'ar': 'غ. برازاو', 'bn': 'জি. ব্রাজাও', 'hi': 'जी. ब्राज़ाओ'}}}",6262421,42,,2511,"{'start': {'x': 66.8, 'y': 13.7}, 'end': {'x': 34.1, 'y': 0}, 'goal': {'x': 34.1, 'y': 97.2}}",4,189,2511,shot,,13472613,13.7,66.8,87.92002047315503,4.680096592623655,7729.93,411.47418823981485,16.799999999999997,86.3,,0,0,42,0,0.01820126
"{'name': 'Lucas Kal', 'firstName': '', 'lastName': '', 'slug': 'lucas-kal', 'shortName': 'Lucas Kal', 'position': 'M', 'jerseyNumber': '21', 'userCount': 179, 'gender': 'M', 'id': 840118, 'fieldTranslations': {'nameTranslation': {'ar': 'لوكاس كال'}, 'shortNameTranslation': {'ar': 'ل. كال'}}}",True,left-foot,high-centre,"{'x': 0, 'y': 49.7, 'z': 31.6}",,,,"{'name': 'Gabriel Vasconcelos', 'slug': 'gabriel-vasconcelos', 'shortName': 'G. Vasconcelos', 'position': 'G', 'jerseyNumber': '1', 'userCount': 497, 'gender': 'M', 'id': 147467, 'fieldTranslations': {'nameTranslation': {'ar': 'غابرييل فاسكونسيلوس', 'bn': 'গ্যাব্রিয়েল ভাসকনসেলোস', 'hi': 'गेब्रियल वास्कोनसेलोस'}, 'shortNameTranslation': {'ar': 'غابرييل فاسكونسيلوس', 'bn': 'গ্যাব্রিয়েল ভাসকনসেলোস', 'hi': 'गेब्रियल वास्कोनसेलोस'}}}",6262365,36,,2128,"{'start': {'x': 50, 'y': 4.3}, 'end': {'x': 50.3, 'y': 0}, 'goal': {'x': 50.3, 'y': 68.4}}",10,572,2128,shot,own,13472613,4.3,50.0,95.7,4.38036369212154,9158.49,419.20080533603135,0.0,95.7,,0,1,36,1,0.5744664
"{'name': 'Willian Arão', 'firstName': '', 'lastName': '', 'slug': 'willian-arao', 'shortName': 'Willian Arão', 'position': 'M', 'jerseyNumber': '15', 'userCount': 1906, 'gender': 'M', 'id': 242213, 'fieldTranslations': {'nameTranslation': {'ar': 'ويليان أراو', 'bn': 'উইলিয়ান আরাও', 'hi': 'विलीयन अराओ'}, 'shortNameTranslation': {'ar': 'و. أراو', 'bn': 'উইলিয়ান. আরাও', 'hi': 'विलीयन अराओ'}}}",True,head,low-centre,"{'x': 0, 'y': 51.8, 'z': 19}","{'x': 3.8, 'y': 53.6, 'z': 0}",0.1107465326786,0.0,"{'name': 'Gabriel Vasconcelos', 'slug': 'gabriel-vasconcelos', 'shortName': 'G. Vasconcelos', 'position': 'G', 'jerseyNumber': '1', 'userCount': 497, 'gender': 'M', 'id': 147467, 'fieldTranslations': {'nameTranslation': {'ar': 'غابرييل فاسكونسيلوس', 'bn': 'গ্যাব্রিয়েল ভাসকনসেলোস', 'hi': 'गेब्रियल वास्कोनसेलोस'}, 'shortNameTranslation': {'ar': 'غابرييل فاسكونسيلوس', 'bn': 'গ্যাব্রিয়েল ভাসকনসেলোস', 'hi': 'गेब्रियल वास्कोनसेलोस'}}}",6262454,36,,2126,"{'start': {'x': 55.8, 'y': 5.4}, 'block': {'x': 53.6, 'y': 3.8}, 'end': {'x': 48.2, 'y': 0}, 'goal': {'x': 48.2, 'y': 81}}",10,574,2126,shot,,13472613,5.4,55.8,94.77763449253203,4.414693988933602,8982.799999999997,418.4142532795272,5.799999999999997,94.6,,0,1,36,0,0.20836663
"{'name': 'Neymar', 'slug': 'neymar', 'shortName': 'Neymar', 'position': 'F', 'jerseyNumber': '10', 'userCount': 1013524, 'gender': 'M', 'sofascoreId': 'Neymar', 'id': 124712, 'fieldTranslations': {'nameTranslation': {'ar': 'نيمار', 'bn': 'নেইমার', 'hi': 'नेमार'}, 'shortNameTranslation': {'ar': 'نيمار', 'bn': 'নেইমার', 'hi': 'नेमार'}}}",True,right-foot,low-right,"{'x': 0, 'y': 47, 'z': 15.8}","{'x': 1.6, 'y': 48.7, 'z': 0}",0.015514036640525,0.056259673088789,"{'name': 'Gabriel Vasconcelos', 'slug': 'gabriel-vasconcelos', 'shortName': 'G. Vasconcelos', 'position': 'G', 'jerseyNumber': '1', 'userCount': 497, 'gender': 'M', 'id': 147467, 'fieldTranslations': {'nameTranslation': {'ar': 'غابرييل فاسكونسيلوس', 'bn': 'গ্যাব্রিয়েল ভাসকনসেলোস', 'hi': 'गेब्रियल वास्कोनसेलोस'}, 'shortNameTranslation': {'ar': 'غابرييل فاسكونسيلوس', 'bn': 'গ্যাব্রিয়েল ভাসকনসেলোস', 'hi': 'गेब्रियल वास्कोनसेलोस'}}}",6262362,34,,2002,"{'start': {'x': 24.9, 'y': 22.4}, 'block': {'x': 48.7, 'y': 1.6}, 'end': {'x': 53, 'y': 0}, 'goal': {'x': 53, 'y': 84.2}}",12,698,2002,shot,,13472613,22.4,24.9,81.55838399576098,4.890768321577483,6651.77,398.88316080551976,25.1,77.6,,0,1,34,0,0.021192828
"{'name': 'Lucas Kal', 'firstName': '', 'lastName': '', 'slug': 'lucas-kal', 'shortName': 'Lucas Kal', 'position': 'M', 'jerseyNumber': '21', 'userCount': 179, 'gender': 'M', 'id': 840118, 'fieldTranslations': {'nameTranslation': {'ar': 'لوكاس كال'}, 'shortNameTranslation': {'ar': 'ل. كال'}}}",False,right-foot,low-centre,"{'x': 0, 'y': 49, 'z': 19}","{'x': 17.2, 'y': 58.8, 'z': 0}",0.013994326815009,0.0,"{'name': 'Gabriel Brazão', 'firstName': '', 'lastName': '', 'slug': 'gabriel-brazao', 'shortName': 'G. Brazão', 'position': 'G', 'jerseyNumber': '77', 'userCount': 3103, 'gender': 'M', 'id': 905448, 'fieldTranslations': {'nameTranslation': {'ar': 'غابرييل برازاو', 'bn': 'গ্যাব্রিয়েল ব্রাজাও', 'hi': 'गेब्रियल ब्राज़ाओ'}, 'shortNameTranslation': {'ar': 'غ. برازاو', 'bn': 'জি. ব্রাজাও', 'hi': 'जी. ब्राज़ाओ'}}}",6262359,31,,1819,"{'start': {'x': 64.3, 'y': 29.1}, 'block': {'x': 58.8, 'y': 17.2}, 'end': {'x': 51, 'y': 0}, 'goal': {'x': 51, 'y': 81}}",15,881,1819,shot,,13472613,29.1,64.3,72.32772635718615,5.680123694313815,5231.3,410.8304322372989,14.299999999999997,70.9,,0,0,31,0,0.023052625
"{'name': 'Neymar', 'slug': 'neymar', 'shortName': 'Neymar', 'position': 'F', 'jerseyNumber': '10', 'userCount': 1013524, 'gender': 'M', 'sofascoreId': 'Neymar', 'id': 124712, 'fieldTranslations': {'nameTranslation': {'ar': 'نيمار', 'bn': 'নেইমার', 'hi': 'नेमार'}, 'shortNameTranslation': {'ar': 'نيمار', 'bn': 'নেইমার', 'hi': 'नेमार'}}}",True,right-foot,low-left,"{'x': 0, 'y': 53.9, 'z': 3.2}",,0.12612700462341,0.7113448381424,"{'name': 'Gabriel Vasconcelos', 'slug': 'gabriel-vasconcelos', 'shortName': 'G. Vasconcelos', 'position': 'G', 'jerseyNumber': '1', 'userCount': 497, 'gender': 'M', 'id': 147467, 'fieldTranslations': {'nameTranslation': {'ar': 'غابرييل فاسكونسيلوس', 'bn': 'গ্যাব্রিয়েল ভাসকনসেলোস', 'hi': 'गेब्रियल वास्कोनसेलोस'}, 'shortNameTranslation': {'ar': 'غابرييل فاسكونسيلوس', 'bn': 'গ্যাব্রিয়েল ভাসকনসেলোস', 'hi': 'गेब्रियल वास्कोनसेलोस'}}}",6262358,25,,1499,"{'start': {'x': 39.9, 'y': 9.8}, 'end': {'x': 46.1, 'y': 0}, 'goal': {'x': 46.1, 'y': 96.8}}",21,1201,1499,shot,regular,13472613,9.8,39.9,90.76370419942104,4.589783796112168,8238.050000000001,416.58577880962065,10.100000000000001,90.2,,0,1,25,1,0.4256475
"{'name': 'Matheusinho', 'firstName': '', 'lastName': '', 'slug': 'matheusinho', 'shortName': 'Matheusinho', 'position': 'M', 'jerseyNumber': '98', 'userCount': 482, 'gender': 'M', 'id': 822523, 'fieldTranslations': {'nameTranslation': {'ar': 'Sales Cordoso, Matheus Leonardo'}, 'shortNameTranslation': {'ar': 'M. L. S. Cordoso'}}}",False,right-foot,low-centre,"{'x': 0, 'y': 50.9, 'z': 19}","{'x': 19.3, 'y': 58.1, 'z': 0}",0.027323307469487,0.0,"{'name': 'Gabriel Brazão', 'firstName': '', 'lastName': '', 'slug': 'gabriel-brazao', 'shortName': 'G. Brazão', 'position': 'G', 'jerseyNumber': '77', 'userCount': 3103, 'gender': 'M', 'id': 905448, 'fieldTranslations': {'nameTranslation': {'ar': 'غابرييل برازاو', 'bn': 'গ্যাব্রিয়েল ব্রাজাও', 'hi': 'गेब्रियल ब्राज़ाओ'}, 'shortNameTranslation': {'ar': 'غ. برازاو', 'bn': 'জি. ব্রাজাও', 'hi': 'जी. ब्राज़ाओ'}}}",6262353,20,,1169,"{'start': {'x': 61.5, 'y': 26.5}, 'block': {'x': 58.1, 'y': 19.3}, 'end': {'x': 49.1, 'y': 0}, 'goal': {'x': 49.1, 'y': 81}}",26,1531,1169,shot,,13472613,26.5,61.5,74.39422020560468,5.5657797601138,5534.5,414.0618450898037,11.5,73.5,,0,0,20,0,0.02901159
"{'name': 'Souza', 'firstName': 'Souza', 'lastName': '', 'slug': 'souza', 'shortName': 'Souza', 'position': 'D', 'jerseyNumber': '38', 'userCount': 2933, 'gender': 'M', 'id': 1482340, 'fieldTranslations': {'nameTranslation': {'ar': 'سوزا'}, 'shortNameTranslation': {'ar': 'سوزا'}}}",True,left-foot,low-right,"{'x': 0, 'y': 47.4, 'z': 3.2}","{'x': 1.9, 'y': 49.8, 'z': 0}",0.019156191498041,0.055961631238461,"{'name': 'Gabriel Vasconcelos', 'slug': 'gabriel-vasconcelos', 'shortName': 'G. Vasconcelos', 'position': 'G', 'jerseyNumber': '1', 'userCount': 497, 'gender': 'M', 'id': 147467, 'fieldTranslations': {'nameTranslation': {'ar': 'غابرييل فاسكونسيلوس', 'bn': 'গ্যাব্রিয়েল ভাসকনসেলোস', 'hi': 'गेब्रियल वास्कोनसेलोस'}, 'shortNameTranslation': {'ar': 'غابرييل فاسكونسيلوس', 'bn': 'গ্যাব্রিয়েল ভাসকনসেলোস', 'hi': 'गेब्रियल वास्कोनसेलोस'}}}",6262351,17,,996,"{'start': {'x': 43.2, 'y': 19.2}, 'block': {'x': 49.8, 'y': 1.9}, 'end': {'x': 52.6, 'y': 0}, 'goal': {'x': 52.6, 'y': 96.8}}",29,1704,996,shot,,13472613,19.2,43.2,81.08563374605886,5.150754297781975,6574.879999999999,417.65217650588784,6.799999999999997,80.8,,0,1,17,0,0.030055093
"{'name': 'João Schmidt', 'slug': 'joao-schmidt', 'shortName': 'J. Schmidt', 'position': 'M', 'jerseyNumber': '5', 'userCount': 1086, 'gender': 'M', 'id': 244591, 'fieldTranslations': {'nameTranslation': {'ar': 'جواو شميت'}, 'shortNameTranslation': {'ar': 'ج. شميت'}}}",True,head,left,"{'x': 0, 'y': 68.4, 'z': 20.8}","{'x': 5.4, 'y': 44.8, 'z': 0}",0.094254344701767,0.0,"{'name': 'Gabriel Vasconcelos', 'slug': 'gabriel-vasconcelos', 'shortName': 'G. Vasconcelos', 'position': 'G', 'jerseyNumber': '1', 'userCount': 497, 'gender': 'M', 'id': 147467, 'fieldTranslations': {'nameTranslation': {'ar': 'غابرييل فاسكونسيلوس', 'bn': 'গ্যাব্রিয়েল ভাসকনসেলোস', 'hi': 'गेब्रियल वास्कोनसेलोस'}, 'shortNameTranslation': {'ar': 'غابرييل فاسكونسيلوس', 'bn': 'গ্যাব্রিয়েল ভাসকনসেলোস', 'hi': 'गेब्रियल वास्कोनसेलोस'}}}",6262354,17,,992,"{'start': {'x': 53.8, 'y': 7.3}, 'block': {'x': 44.8, 'y': 5.4}, 'end': {'x': 31.6, 'y': 0}, 'goal': {'x': 31.6, 'y': 79.2}}",29,1708,992,shot,,13472613,7.3,53.8,92.77785296071472,4.514411925289466,8607.730000000001,418.83744580860315,3.799999999999997,92.7,,0,1,17,0,0.16816574
"{'name': 'Neymar', 'slug': 'neymar', 'shortName': 'Neymar', 'position': 'F', 'jerseyNumber': '10', 'userCount': 1013524, 'gender': 'M', 'sofascoreId': 'Neymar', 'id': 124712, 'fieldTranslations': {'nameTranslation': {'ar': 'نيمار', 'bn': 'নেইমার', 'hi': 'नेमार'}, 'shortNameTranslation': {'ar': 'نيمار', 'bn': 'নেইমার', 'hi': 'नेमार'}}}",True,left-foot,low-left,"{'x': 0, 'y': 51.9, 'z': 19}","{'x': 11.6, 'y': 34.1, 'z': 0}",0.014366169460118,0.0,"{'name': 'Gabriel Vasconcelos', 'slug': 'gabriel-vasconcelos', 'shortName': 'G. Vasconcelos', 'position': 'G', 'jerseyNumber': '1', 'userCount': 497, 'gender': 'M', 'id': 147467, 'fieldTranslations': {'nameTranslation': {'ar': 'غابرييل فاسكونسيلوس', 'bn': 'গ্যাব্রিয়েল ভাসকনসেলোস', 'hi': 'गेब्रियल वास्कोनसेलोस'}, 'shortNameTranslation': {'ar': 'غابرييل فاسكونسيلوس', 'bn': 'গ্যাব্রিয়েল ভাসকনসেলোস', 'hi': 'गेब्रियल वास्कोनसेलोस'}}}",6262348,16,,941,"{'start': {'x': 31.5, 'y': 13.8}, 'block': {'x': 34.1, 'y': 11.6}, 'end': {'x': 48.1, 'y': 0}, 'goal': {'x': 48.1, 'y': 81}}",30,1759,941,shot,,13472613,13.8,31.5,88.16286066139189,4.649049449342851,7772.690000000001,409.8734988103344,18.5,86.2,,0,1,16,0,0.0370347
"{'name': 'Neymar', 'slug': 'neymar', 'shortName': 'Neymar', 'position': 'F', 'jerseyNumber': '10', 'userCount': 1013524, 'gender': 'M', 'sofascoreId': 'Neymar', 'id': 124712, 'fieldTranslations': {'nameTranslation': {'ar': 'نيمار', 'bn': 'নেইমার', 'hi': 'नेमार'}, 'shortNameTranslation': {'ar': 'نيمار', 'bn': 'নেইমার', 'hi': 'नेमार'}}}",True,right-foot,high-left,"{'x': 0, 'y': 52.4, 'z': 29.2}","{'x': 5.8, 'y': 43.5, 'z': 0}",0.12631332874298,0.0,"{'name': 'Gabriel Vasconcelos', 'slug': 'gabriel-vasconcelos', 'shortName': 'G. Vasconcelos', 'position': 'G', 'jerseyNumber': '1', 'userCount': 497, 'gender': 'M', 'id': 147467, 'fieldTranslations': {'nameTranslation': {'ar': 'غابرييل فاسكونسيلوس', 'bn': 'গ্যাব্রিয়েল ভাসকনসেলোস', 'hi': 'गेब्रियल वास्कोनसेलोस'}, 'shortNameTranslation': {'ar': 'غابرييل فاسكونسيلوس', 'bn': 'গ্যাব্রিয়েল ভাসকনসেলোস', 'hi': 'गेब्रियल वास्कोनसेलोस'}}}",6262347,15,,881,"{'start': {'x': 38.2, 'y': 10.3}, 'block': {'x': 43.5, 'y': 5.8}, 'end': {'x': 47.6, 'y': 0}, 'goal': {'x': 47.6, 'y': 70.8}}",31,1819,881,shot,,13472613,10.3,38.2,90.47281359612953,4.593770566075879,8185.33,415.6113481279694,11.799999999999997,89.7,,0,1,15,0,0.10493276
"{'name': 'Tiquinho Soares', 'slug': 'tiquinho-soares', 'shortName': 'Tiquinho', 'position': 'F', 'jerseyNumber': '9', 'userCount': 4688, 'gender': 'M', 'sofascoreId': 'tiquinho_soares_29', 'id': 789100, 'fieldTranslations': {'nameTranslation': {'ar': 'تيكينيو سواريس', 'bn': 'টিকুইনহো সোয়ারেস', 'hi': 'टिक्विन्हो सोरेस'}, 'shortNameTranslation': {'ar': 'ت. سواريس', 'bn': 'টি. সোয়ারেস', 'hi': 'टी. सोरेस'}}}",True,right-foot,high-right,"{'x': 0, 'y': 40.2, 'z': 44.4}",,0.080689579248428,0.0,"{'name': 'Gabriel Vasconcelos', 'slug': 'gabriel-vasconcelos', 'shortName': 'G. Vasconcelos', 'position': 'G', 'jerseyNumber': '1', 'userCount': 497, 'gender': 'M', 'id': 147467, 'fieldTranslations': {'nameTranslation': {'ar': 'غابرييل فاسكونسيلوس', 'bn': 'গ্যাব্রিয়েল ভাসকনসেলোস', 'hi': 'गेब्रियल वास्कोनसेलोस'}, 'shortNameTranslation': {'ar': 'غابرييل فاسكونسيلوس', 'bn': 'গ্যাব্রিয়েল ভাসকনসেলোস', 'hi': 'गेब्रियल वास्कोनसेलोस'}}}",6262345,12,,705,"{'start': {'x': 40.6, 'y': 16}, 'end': {'x': 59.8, 'y': 0}, 'goal': {'x': 59.8, 'y': 55.6}}",34,1995,705,shot,,13472613,16.0,40.6,84.5243160279928,4.928239993817827,7144.36,416.5561146992512,9.399999999999999,84.0,,0,1,12,0,0.034257583
"{'name': 'Léo Pereira', 'slug': 'leo-pereira', 'shortName': 'L. Pereira', 'position': 'M', 'jerseyNumber': '38', 'userCount': 373, 'gender': 'M', 'id': 1008491, 'fieldTranslations': {'nameTranslation': {'ar': 'ليو بيريرا'}, 'shortNameTranslation': {'ar': 'ل. بيريرا'}}}",False,left-foot,left,"{'x': 0, 'y': 62.5, 'z': 29.2}",,0.018388740718365,0.0,"{'name': 'Gabriel Brazão', 'firstName': '', 'lastName': '', 'slug': 'gabriel-brazao', 'shortName': 'G. Brazão', 'position': 'G', 'jerseyNumber': '77', 'userCount': 3103, 'gender': 'M', 'id': 905448, 'fieldTranslations': {'nameTranslation': {'ar': 'غابرييل برازاو', 'bn': 'গ্যাব্রিয়েল ব্রাজাও', 'hi': 'गेब्रियल ब्राज़ाओ'}, 'shortNameTranslation': {'ar': 'غ. برازاو', 'bn': 'জি. ব্রাজাও', 'hi': 'जी. ब्राज़ाओ'}}}",6262332,4,,203,"{'start': {'x': 27.4, 'y': 9}, 'end': {'x': 37.5, 'y': 0}, 'goal': {'x': 37.5, 'y': 70.8}}",42,2497,203,shot,,13472613,9.0,27.4,93.76438556296308,4.33940320972182,8791.76,406.8814756695163,22.6,91.0,,0,0,4,0,0.047218792
"{'name': 'Cristian Renato', 'firstName': '', 'lastName': '', 'slug': 'cristian-renato', 'shortName': 'C. Renato', 'position': 'F', 'jerseyNumber': '17', 'userCount': 258, 'gender': 'M', 'id': 1148306, 'fieldTranslations': {'nameTranslation': {'ar': 'كريستيان ريناتو'}, 'shortNameTranslation': {'ar': 'ك. ريناتو'}}}",False,head,close-high,"{'x': 0, 'y': 48.4, 'z': 59.7}",,0.032282333821058,0.0,"{'name': 'Thiago Couto', 'slug': 'thiago-couto', 'shortName': 'T. Couto', 'position': 'G', 'jerseyNumber': '12', 'userCount': 419, 'gender': 'M', 'id': 871291, 'fieldTranslations': {'nameTranslation': {'ar': 'تياغو كوتو'}, 'shortNameTranslation': {'ar': 'ت. كوتو'}}}",6268326,90,6.0,5709,"{'start': {'x': 63.2, 'y': 2.9}, 'end': {'x': 51.6, 'y': 0}, 'goal': {'x': 51.6, 'y': 40.3}}",1,591,309,shot,,13472617,2.9,63.2,97.99311200283415,4.239109626637035,9602.65,415.4035444353354,13.200000000000003,97.1,,0,0,90,0,0.02835445
"{'name': 'Lucas Ramon', 'slug': 'lucas-ramon', 'shortName': 'L. Ramon', 'position': 'D', 'jerseyNumber': '19', 'userCount': 643, 'gender': 'M', 'id': 797225, 'fieldTranslations': {'nameTranslation': {'ar': 'لوكاس رامون'}, 'shortNameTranslation': {'ar': 'ل. رامون'}}}",False,right-foot,close-high-right,"{'x': 0, 'y': 41.8, 'z': 41.7}",,0.01583407074213,0.0,"{'name': 'Thiago Couto', 'slug': 'thiago-couto', 'shortName': 'T. Couto', 'position': 'G', 'jerseyNumber': '12', 'userCount': 419, 'gender': 'M', 'id': 871291, 'fieldTranslations': {'nameTranslation': {'ar': 'تياغو كوتو'}, 'shortNameTranslation': {'ar': 'ت. كوتو'}}}",6268318,90,4.0,5610,"{'start': {'x': 75.6, 'y': 15.3}, 'end': {'x': 58.2, 'y': 0}, 'goal': {'x': 58.2, 'y': 58.3}}",1,690,210,shot,,13472617,15.3,75.6,88.4841793768807,4.535457603757117,7829.450000000001,401.3162441670823,25.599999999999994,84.7,,0,0,90,0,0.0075444486
"{'name': 'Renato Marques', 'firstName': 'Renato Marques', 'lastName': '', 'slug': 'marques-renato', 'shortName': 'Renato Marques', 'position': 'F', 'jerseyNumber': '78', 'userCount': 301, 'gender': 'M', 'id': 1194689, 'fieldTranslations': {'nameTranslation': {'ar': 'Marques de Oliveira Junior, Renato'}, 'shortNameTranslation': {'ar': 'R. M. d. O. Junior'}}}",False,head,right,"{'x': 0, 'y': 38.3, 'z': 15.3}",,0.05698873847723,0.0,"{'name': 'Thiago Couto', 'slug': 'thiago-couto', 'shortName': 'T. Couto', 'position': 'G', 'jerseyNumber': '12', 'userCount': 419, 'gender': 'M', 'id': 871291, 'fieldTranslations': {'nameTranslation': {'ar': 'تياغو كوتو'}, 'shortNameTranslation': {'ar': 'ت. كوتو'}}}",6268311,90,2.0,5517,"{'start': {'x': 56.8, 'y': 7.6}, 'end': {'x': 61.7, 'y': 0}, 'goal': {'x': 61.7, 'y': 84.7}}",1,783,117,shot,,13472617,7.6,56.8,92.64987857520376,4.512269962634935,8584.0,418.06126413666595,6.799999999999997,92.4,,0,0,90,0,0.048353665
"{'name': 'Matheuzinho', 'slug': 'matheuzinho', 'shortName': 'Matheuzinho', 'position': 'M', 'jerseyNumber': '10', 'userCount': 1519, 'gender': 'M', 'id': 795266, 'fieldTranslations': {'nameTranslation': {'ar': 'ماثيوزينيو', 'bn': 'ম্যাথেউজিনহো', 'hi': 'मैथ्यूज़िन्हो'}, 'shortNameTranslation': {'ar': 'ماثيوزينيو', 'bn': 'ম্যাথেউজিনহো', 'hi': 'मैथ्यूज़िन्हो'}}}",True,left-foot,low-right,"{'x': 0, 'y': 46.1, 'z': 17.1}",,0.7884,0.85352444648743,"{'name': 'Walter', 'slug': 'walter', 'shortName': 'Walter', 'position': 'G', 'jerseyNumber': '22', 'userCount': 771, 'gender': 'M', 'id': 329055, 'fieldTranslations': {'nameTranslation': {'ar': 'والتر'}, 'shortNameTranslation': {'ar': 'والتر'}}}",6268297,90,,5365,"{'start': {'x': 50, 'y': 11.5}, 'end': {'x': 53.9, 'y': 0}, 'goal': {'x': 53.9, 'y': 82.9}}",1,35,2665,shot,penalty,13472617,11.5,50.0,88.5,4.736341767417068,7832.25,419.1662464164105,0.0,88.5,,0,1,90,1,0.47774446
"{'name': 'Dudu', 'slug': 'dudu', 'shortName': 'D. Rodrigues', 'position': 'M', 'jerseyNumber': '21', 'userCount': 536, 'gender': 'M', 'id': 1124220, 'fieldTranslations': {'nameTranslation': {'ar': 'دودو'}, 'shortNameTranslation': {'ar': 'دودو'}}}",True,left-foot,close-left,"{'x': 0, 'y': 59.2, 'z': 5.6}","{'x': 7.9, 'y': 44.2, 'z': 0}",0.19950380921364,0.0,"{'name': 'Walter', 'slug': 'walter', 'shortName': 'Walter', 'position': 'G', 'jerseyNumber': '22', 'userCount': 771, 'gender': 'M', 'id': 329055, 'fieldTranslations': {'nameTranslation': {'ar': 'والتر'}, 'shortNameTranslation': {'ar': 'والتر'}}}",6268306,86,,5105,"{'start': {'x': 46.4, 'y': 14.5}, 'block': {'x': 44.2, 'y': 7.9}, 'end': {'x': 40.8, 'y': 0}, 'goal': {'x': 40.8, 'y': 94.4}}",5,295,2405,shot,,13472617,14.5,46.4,85.57575591252467,4.893680546488336,7323.210000000001,418.7804119601562,3.6000000000000014,85.5,,0,1,86,0,0.03999623
"{'name': 'Felipe Jonatan', 'firstName': '', 'lastName': '', 'slug': 'felipe-jonatan', 'shortName': 'F. Jonatan', 'position': 'D', 'jerseyNumber': '16', 'userCount': 466, 'gender': 'M', 'id': 931574, 'fieldTranslations': {'nameTranslation': {'ar': 'فيليبي جوناتان'}, 'shortNameTranslation': {'ar': 'ف. جوناتان'}}}",False,left-foot,low-left,"{'x': 0, 'y': 53.3, 'z': 19}","{'x': 2.2, 'y': 39.2, 'z': 0}",0.041408598423004,0.0,"{'name': 'Thiago Couto', 'slug': 'thiago-couto', 'shortName': 'T. Couto', 'position': 'G', 'jerseyNumber': '12', 'userCount': 419, 'gender': 'M', 'id': 871291, 'fieldTranslations': {'nameTranslation': {'ar': 'تياغو كوتو'}, 'shortNameTranslation': {'ar': 'ت. كوتو'}}}",6268283,85,,5074,"{'start': {'x': 36.2, 'y': 3}, 'block': {'x': 39.2, 'y': 2.2}, 'end': {'x': 46.7, 'y': 0}, 'goal': {'x': 46.7, 'y': 81}}",6,326,2374,shot,,13472617,3.0,36.2,97.97673193161732,4.236172699250458,9599.440000000002,415.0463569704979,13.799999999999997,97.0,,0,0,85,0,0.02835445
"{'name': 'Luiz Otávio', 'slug': 'luiz-otavio', 'shortName': 'L. Otávio', 'position': 'D', 'jerseyNumber': '4', 'userCount': 172, 'gender': 'M', 'id': 874778, 'fieldTranslations': {'nameTranslation': {'ar': 'لويس أوتافيو'}, 'shortNameTranslation': {'ar': 'ل. أوتافيو'}}}",False,head,low-centre,"{'x': 0, 'y': 50.8, 'z': 19}","{'x': 10.1, 'y': 53.2, 'z': 0}",0.014891450293362,0.0,"{'name': 'Thiago Couto', 'slug': 'thiago-couto', 'shortName': 'T. Couto', 'position': 'G', 'jerseyNumber': '12', 'userCount': 419, 'gender': 'M', 'id': 871291, 'fieldTranslations': {'nameTranslation': {'ar': 'تياغو كوتو'}, 'shortNameTranslation': {'ar': 'ت. كوتو'}}}",6268320,81,,4840,"{'start': {'x': 54.3, 'y': 12.7}, 'block': {'x': 53.2, 'y': 10.1}, 'end': {'x': 49.2, 'y': 0}, 'goal': {'x': 49.2, 'y': 81}}",10,560,2140,shot,,13472617,12.7,54.3,87.40583504549338,4.78978387390045,7639.779999999998,418.65505918570693,4.299999999999997,87.3,,0,0,81,0,0.15139922
"{'name': 'Luiz Otávio', 'slug': 'luiz-otavio', 'shortName': 'L. Otávio', 'position': 'D', 'jerseyNumber': '4', 'userCount': 172, 'gender': 'M', 'id': 874778, 'fieldTranslations': {'nameTranslation': {'ar': 'لويس أوتافيو'}, 'shortNameTranslation': {'ar': 'ل. أوتافيو'}}}",False,head,low-centre,"{'x': 0, 'y': 48.4, 'z': 19}","{'x': 7.1, 'y': 53.4, 'z': 0}",0.021427590399981,0.0,"{'name': 'Thiago Couto', 'slug': 'thiago-couto', 'shortName': 'T. Couto', 'position': 'G', 'jerseyNumber': '12', 'userCount': 419, 'gender': 'M', 'id': 871291, 'fieldTranslations': {'nameTranslation': {'ar': 'تياغو كوتو'}, 'shortNameTranslation': {'ar': 'ت. كوتو'}}}",6268281,78,,4641,"{'start': {'x': 55.6, 'y': 10.7}, 'block': {'x': 53.4, 'y': 7.1}, 'end': {'x': 51.6, 'y': 0}, 'goal': {'x': 51.6, 'y': 81}}",13,759,1941,shot,,13472617,10.7,55.6,89.47541561792266,4.675622724663717,8005.8499999999985,418.35328656189006,5.600000000000001,89.3,,0,0,78,0,0.057067435
"{'name': 'Negueba', 'firstName': '', 'lastName': '', 'slug': 'negueba', 'shortName': 'Negueba', 'position': 'M', 'jerseyNumber': '11', 'userCount': 668, 'gender': 'M', 'id': 872007, 'fieldTranslations': {'nameTranslation': {'ar': 'نيغويبا'}, 'shortNameTranslation': {'ar': 'نيغويبا'}}}",False,left-foot,low-right,"{'x': 0, 'y': 45.7, 'z': 5.1}","{'x': 0.59999999999999, 'y': 46.4, 'z': 0}",0.045418102294207,0.28691974282265,"{'name': 'Thiago Couto', 'slug': 'thiago-couto', 'shortName': 'T. Couto', 'position': 'G', 'jerseyNumber': '12', 'userCount': 419, 'gender': 'M', 'id': 871291, 'fieldTranslations': {'nameTranslation': {'ar': 'تياغو كوتو'}, 'shortNameTranslation': {'ar': 'ت. كوتو'}}}",6268243,77,,4585,"{'start': {'x': 32.2, 'y': 4.4}, 'block': {'x': 46.4, 'y': 0.59999999999999}, 'end': {'x': 54.3, 'y': 0}, 'goal': {'x': 54.3, 'y': 94.9}}",14,815,1885,shot,,13472617,4.4,32.2,97.24299460629541,4.238356068900704,9456.199999999999,412.1504363476706,17.799999999999997,95.6,,0,0,77,0,0.023660699
"{'name': 'Renato Marques', 'firstName': 'Renato Marques', 'lastName': '', 'slug': 'marques-renato', 'shortName': 'Renato Marques', 'position': 'F', 'jerseyNumber': '78', 'userCount': 301, 'gender': 'M', 'id': 1194689, 'fieldTranslations': {'nameTranslation': {'ar': 'Marques de Oliveira Junior, Renato'}, 'shortNameTranslation': {'ar': 'R. M. d. O. Junior'}}}",False,right-foot,high-centre,"{'x': 0, 'y': 48.5, 'z': 22.2}","{'x': 1.8, 'y': 46.2, 'z': 0}",0.037010721862316,0.10458627343178,"{'name': 'Thiago Couto', 'slug': 'thiago-couto', 'shortName': 'T. Couto', 'position': 'G', 'jerseyNumber': '12', 'userCount': 419, 'gender': 'M', 'id': 871291, 'fieldTranslations': {'nameTranslation': {'ar': 'تياغو كوتو'}, 'shortNameTranslation': {'ar': 'ت. كوتو'}}}",6268174,71,,4247,"{'start': {'x': 29.2, 'y': 12.9}, 'block': {'x': 46.2, 'y': 1.8}, 'end': {'x': 51.5, 'y': 0}, 'goal': {'x': 51.5, 'y': 77.8}}",20,1153,1547,shot,,13472617,12.9,29.2,89.54914851633151,4.553437336934796,8019.049999999998,407.7564363449831,20.8,87.1,,0,0,71,0,0.011485654
"{'name': 'Chico da Costa', 'slug': 'francisco-da-costa', 'shortName': 'Chico da Costa', 'position': 'F', 'jerseyNumber': '19', 'userCount': 2262, 'gender': 'M', 'id': 866847, 'fieldTranslations': {'nameTranslation': {'ar': 'شيكو دا كوستا'}, 'shortNameTranslation': {'ar': 'ش. دا كوستا'}}}",False,right-foot,low-centre,"{'x': 0, 'y': 50.3, 'z': 5.7}","{'x': 3.3, 'y': 53.4, 'z': 0}",0.33144828677177,0.20385201275349,"{'name': 'Thiago Couto', 'slug': 'thiago-couto', 'shortName': 'T. Couto', 'position': 'G', 'jerseyNumber': '12', 'userCount': 419, 'gender': 'M', 'id': 871291, 'fieldTranslations': {'nameTranslation': {'ar': 'تياغو كوتو'}, 'shortNameTranslation': {'ar': 'ت. كوتو'}}}",6268205,70,,4176,"{'start': {'x': 59.1, 'y': 8.5}, 'block': {'x': 53.4, 'y': 3.3}, 'end': {'x': 49.7, 'y': 0}, 'goal': {'x': 49.7, 'y': 94.3}}",21,1224,1476,shot,,13472617,8.5,59.1,91.95140020684839,4.536468301232721,8455.059999999998,417.13461229233155,9.100000000000001,91.5,,0,0,70,0,0.15590677
"{'name': 'Chico da Costa', 'slug': 'francisco-da-costa', 'shortName': 'Chico da Costa', 'position': 'F', 'jerseyNumber': '19', 'userCount': 2262, 'gender': 'M', 'id': 866847, 'fieldTranslations': {'nameTranslation': {'ar': 'شيكو دا كوستا'}, 'shortNameTranslation': {'ar': 'ش. دا كوستا'}}}",False,left-foot,close-left,"{'x': 0, 'y': 57.6, 'z': 26.4}",,0.03199603036046,0.0,"{'name': 'Thiago Couto', 'slug': 'thiago-couto', 'shortName': 'T. Couto', 'position': 'G', 'jerseyNumber': '12', 'userCount': 419, 'gender': 'M', 'id': 871291, 'fieldTranslations': {'nameTranslation': {'ar': 'تياغو كوتو'}, 'shortNameTranslation': {'ar': 'ت. كوتو'}}}",6268166,68,,4040,"{'start': {'x': 30.6, 'y': 6.2}, 'end': {'x': 42.4, 'y': 0}, 'goal': {'x': 42.4, 'y': 73.6}}",23,1360,1340,shot,,13472617,6.2,30.6,95.78517630614874,4.286110145680425,9174.799999999997,410.5458159715724,19.4,93.8,,0,0,68,0,0.063272916
"{'name': 'Chico da Costa', 'slug': 'francisco-da-costa', 'shortName': 'Chico da Costa', 'position': 'F', 'jerseyNumber': '19', 'userCount': 2262, 'gender': 'M', 'id': 866847, 'fieldTranslations': {'nameTranslation': {'ar': 'شيكو دا كوستا'}, 'shortNameTranslation': {'ar': 'ش. دا كوستا'}}}",False,right-foot,low-left,"{'x': 0, 'y': 52.7, 'z': 19}","{'x': 20.9, 'y': 45.7, 'z': 0}",0.020451180636883,0.0,"{'name': 'Thiago Couto', 'slug': 'thiago-couto', 'shortName': 'T. Couto', 'position': 'G', 'jerseyNumber': '12', 'userCount': 419, 'gender': 'M', 'id': 871291, 'fieldTranslations': {'nameTranslation': {'ar': 'تياغو كوتو'}, 'shortNameTranslation': {'ar': 'ت. كوتو'}}}",6268159,63,,3741,"{'start': {'x': 45.4, 'y': 24.3}, 'block': {'x': 45.7, 'y': 20.9}, 'end': {'x': 47.3, 'y': 0}, 'goal': {'x': 47.3, 'y': 81}}",28,1659,1041,shot,,13472617,24.3,45.4,75.8396334379327,5.515758838197408,5751.650000000001,418.313128420929,4.600000000000001,75.7,,0,0,63,0,0.056246925
"{'name': 'Aitor Cantalapiedra', 'slug': 'aitor-cantalapiedra', 'shortName': 'A. Cantalapiedra', 'position': 'F', 'jerseyNumber': '17', 'userCount': 883, 'gender': 'M', 'id': 823831, 'fieldTranslations': {'nameTranslation': {'ar': 'أيتور كانتالابييدرا', 'bn': 'অ্যাটিটর ক্যান্টালাপিয়েড্রা', 'hi': 'एटोर कैंटालैपीड्रा'}, 'shortNameTranslation': {'ar': 'أ. كانتالابييدرا', 'bn': 'এ. ক্যান্টালাপিয়েড্রা', 'hi': 'ए. कैंटालैपीड्रा'}}}",True,left-foot,close-left,"{'x': 0, 'y': 58.2, 'z': 19.4}",,0.033294677734375,0.0,"{'name': 'Walter', 'slug': 'walter', 'shortName': 'Walter', 'position': 'G', 'jerseyNumber': '22', 'userCount': 771, 'gender': 'M', 'id': 329055, 'fieldTranslations': {'nameTranslation': {'ar': 'والتر'}, 'shortNameTranslation': {'ar': 'والتر'}}}",6268138,62,,3704,"{'start': {'x': 31.2, 'y': 6.3}, 'end': {'x': 41.8, 'y': 0}, 'goal': {'x': 41.8, 'y': 80.6}}",29,1696,1004,shot,,13472617,6.3,31.2,95.56741076329315,4.301047832046469,9133.130000000001,411.04000487775636,18.8,93.7,,0,1,62,0,0.048987396
"{'name': 'Reinaldo', 'firstName': '', 'lastName': '', 'slug': 'reinaldo', 'shortName': 'Reinaldo', 'position': 'D', 'jerseyNumber': '6', 'userCount': 2565, 'gender': 'M', 'id': 243109, 'fieldTranslations': {'nameTranslation': {'ar': 'رينالدو'}, 'shortNameTranslation': {'ar': 'رينالدو'}}}",False,left-foot,low-left,"{'x': 0, 'y': 54.2, 'z': 15.2}","{'x': 2.2, 'y': 49.8, 'z': 0}",0.018335323780775,0.187529489398,"{'name': 'Thiago Couto', 'slug': 'thiago-couto', 'shortName': 'T. Couto', 'position': 'G', 'jerseyNumber': '12', 'userCount': 419, 'gender': 'M', 'id': 871291, 'fieldTranslations': {'nameTranslation': {'ar': 'تياغو كوتو'}, 'shortNameTranslation': {'ar': 'ت. كوتو'}}}",6268096,58,,3473,"{'start': {'x': 41.1, 'y': 29.9}, 'block': {'x': 49.8, 'y': 2.2}, 'end': {'x': 45.8, 'y': 0}, 'goal': {'x': 45.8, 'y': 84.8}}",33,1927,773,shot,,13472617,29.9,41.1,70.66272001557823,5.883119372136277,4993.22,415.71721701149016,8.899999999999999,70.1,,0,0,58,0,0.026739098
"{'name': 'Reinaldo', 'firstName': '', 'lastName': '', 'slug': 'reinaldo', 'shortName': 'Reinaldo', 'position': 'D', 'jerseyNumber': '6', 'userCount': 2565, 'gender': 'M', 'id': 243109, 'fieldTranslations': {'nameTranslation': {'ar': 'رينالدو'}, 'shortNameTranslation': {'ar': 'رينالدو'}}}",False,left-foot,low-left,"{'x': 0, 'y': 54.4, 'z': 9.5}","{'x': 1, 'y': 45.7, 'z': 0}",0.027473824098706,0.10726112872362,"{'name': 'Thiago Couto', 'slug': 'thiago-couto', 'shortName': 'T. Couto', 'position': 'G', 'jerseyNumber': '12', 'userCount': 419, 'gender': 'M', 'id': 871291, 'fieldTranslations': {'nameTranslation': {'ar': 'تياغو كوتو'}, 'shortNameTranslation': {'ar': 'ت. كوتو'}}}",6268095,57,,3372,"{'start': {'x': 27.3, 'y': 10.1}, 'block': {'x': 45.7, 'y': 1}, 'end': {'x': 45.6, 'y': 0}, 'goal': {'x': 45.6, 'y': 90.5}}",34,2028,672,shot,,13472617,10.1,27.3,92.72162638780664,4.383892314415436,8597.3,406.48162530160505,22.7,89.9,,0,0,57,0,0.012443353
"{'name': 'Lucas Ramon', 'slug': 'lucas-ramon', 'shortName': 'L. Ramon', 'position': 'D', 'jerseyNumber': '19', 'userCount': 643, 'gender': 'M', 'id': 797225, 'fieldTranslations': {'nameTranslation': {'ar': 'لوكاس رامون'}, 'shortNameTranslation': {'ar': 'ل. رامون'}}}",False,right-foot,low-right,"{'x': 0, 'y': 46.1, 'z': 15.8}","{'x': 1.8, 'y': 53.8, 'z': 0}",0.016543561592698,0.067497693002224,"{'name': 'Thiago Couto', 'slug': 'thiago-couto', 'shortName': 'T. Couto', 'position': 'G', 'jerseyNumber': '12', 'userCount': 419, 'gender': 'M', 'id': 871291, 'fieldTranslations': {'nameTranslation': {'ar': 'تياغو كوتو'}, 'shortNameTranslation': {'ar': 'ت. كوتو'}}}",6268088,56,,3337,"{'start': {'x': 73.4, 'y': 22.8}, 'block': {'x': 53.8, 'y': 1.8}, 'end': {'x': 53.9, 'y': 0}, 'goal': {'x': 53.9, 'y': 84.2}}",35,2063,637,shot,,13472617,22.8,73.4,80.66845728040174,4.973313121679621,6507.400000000001,401.18949709827393,23.400000000000006,77.2,,0,0,56,0,0.025327522
"{'name': 'Gabriel Baralhas', 'slug': 'gabriel-baralhas', 'shortName': 'G. Baralhas', 'position': 'M', 'jerseyNumber': '44', 'userCount': 850, 'gender': 'M', 'id': 922575, 'fieldTranslations': {'nameTranslation': {'ar': 'غابرييل بارالهاس'}, 'shortNameTranslation': {'ar': 'غ. بارالهاس'}}}",True,head,close-left,"{'x': 0, 'y': 57.6, 'z': 12.5}",,0.11984350532293,0.0,"{'name': 'Walter', 'slug': 'walter', 'shortName': 'Walter', 'position': 'G', 'jerseyNumber': '22', 'userCount': 771, 'gender': 'M', 'id': 329055, 'fieldTranslations': {'nameTranslation': {'ar': 'والتر'}, 'shortNameTranslation': {'ar': 'والتر'}}}",6268073,52,,3076,"{'start': {'x': 50.7, 'y': 9.8}, 'end': {'x': 42.4, 'y': 0}, 'goal': {'x': 42.4, 'y': 87.5}}",39,2324,376,shot,,13472617,9.8,50.7,90.20271614535784,4.646895585329836,8136.53,419.1626034406237,0.7000000000000028,90.2,,0,1,52,0,0.3039594
"{'name': 'Gabriel Baralhas', 'slug': 'gabriel-baralhas', 'shortName': 'G. Baralhas', 'position': 'M', 'jerseyNumber': '44', 'userCount': 850, 'gender': 'M', 'id': 922575, 'fieldTranslations': {'nameTranslation': {'ar': 'غابرييل بارالهاس'}, 'shortNameTranslation': {'ar': 'غ. بارالهاس'}}}",True,left-foot,high-left,"{'x': 0, 'y': 73.8, 'z': 72.2}",,0.057135697454214,0.0,"{'name': 'Walter', 'slug': 'walter', 'shortName': 'Walter', 'position': 'G', 'jerseyNumber': '22', 'userCount': 771, 'gender': 'M', 'id': 329055, 'fieldTranslations': {'nameTranslation': {'ar': 'والتر'}, 'shortNameTranslation': {'ar': 'والتر'}}}",6268035,49,,2922,"{'start': {'x': 42.7, 'y': 19.5}, 'end': {'x': 26.2, 'y': 0}, 'goal': {'x': 26.2, 'y': 27.8}}",42,2478,222,shot,,13472617,19.5,42.7,80.83031609489103,5.164094118629493,6533.54,417.41535995258965,7.299999999999997,80.5,,0,1,49,0,0.059403494
"{'name': 'Ramon', 'firstName': '', 'lastName': '', 'slug': 'ramon', 'shortName': 'Ramon', 'position': 'D', 'jerseyNumber': '13', 'userCount': 859, 'gender': 'M', 'id': 980761, 'fieldTranslations': {'nameTranslation': {'ar': 'رامون', 'bn': 'রমন', 'hi': 'रेमन'}, 'shortNameTranslation': {'ar': 'رامون', 'bn': 'রমন', 'hi': 'रेमन'}}}",True,left-foot,low-left,"{'x': 0, 'y': 53, 'z': 19}","{'x': 4.6, 'y': 36.8, 'z': 0}",0.032629523426294,0.0,"{'name': 'Walter', 'slug': 'walter', 'shortName': 'Walter', 'position': 'G', 'jerseyNumber': '22', 'userCount': 771, 'gender': 'M', 'id': 329055, 'fieldTranslations': {'nameTranslation': {'ar': 'والتر'}, 'shortNameTranslation': {'ar': 'والتر'}}}",6268032,49,,2885,"{'start': {'x': 32.7, 'y': 6.9}, 'block': {'x': 36.8, 'y': 4.6}, 'end': {'x': 47, 'y': 0}, 'goal': {'x': 47, 'y': 81}}",42,2515,185,shot,,13472617,6.9,32.7,94.69371679261512,4.352650103242184,8966.9,412.16861617376236,17.299999999999997,93.1,,0,1,49,0,0.10191035
"{'name': 'Renato Kayzer', 'slug': 'renato-kayzer', 'shortName': 'R. Kayzer', 'position': 'F', 'jerseyNumber': '79', 'userCount': 1334, 'gender': 'M', 'id': 814723, 'fieldTranslations': {'nameTranslation': {'ar': 'ريناتو كايزر'}, 'shortNameTranslation': {'ar': 'ر. كايزر'}}}",True,right-foot,low-centre,"{'x': 0, 'y': 50.2, 'z': 19}","{'x': 21.2, 'y': 47, 'z': 0}",0.018363539129496,0.0,"{'name': 'Walter', 'slug': 'walter', 'shortName': 'Walter', 'position': 'G', 'jerseyNumber': '22', 'userCount': 771, 'gender': 'M', 'id': 329055, 'fieldTranslations': {'nameTranslation': {'ar': 'والتر'}, 'shortNameTranslation': {'ar': 'والتر'}}}",6268031,48,,2860,"{'start': {'x': 46.2, 'y': 28.1}, 'block': {'x': 47, 'y': 21.2}, 'end': {'x': 49.8, 'y': 0}, 'goal': {'x': 49.8, 'y': 81}}",43,2540,160,shot,,13472617,28.1,46.2,72.00034722138498,5.811977440082935,5184.05,418.4643937288276,3.799999999999997,71.9,,0,1,48,0,0.125076
"{'name': 'Reinaldo', 'firstName': '', 'lastName': '', 'slug': 'reinaldo', 'shortName': 'Reinaldo', 'position': 'D', 'jerseyNumber': '6', 'userCount': 2565, 'gender': 'M', 'id': 243109, 'fieldTranslations': {'nameTranslation': {'ar': 'رينالدو'}, 'shortNameTranslation': {'ar': 'رينالدو'}}}",False,left-foot,low-centre,"{'x': 0, 'y': 50.5, 'z': 19}","{'x': 10.9, 'y': 37.7, 'z': 0}",0.063693858683109,0.0,"{'name': 'Thiago Couto', 'slug': 'thiago-couto', 'shortName': 'T. Couto', 'position': 'G', 'jerseyNumber': '12', 'userCount': 419, 'gender': 'M', 'id': 871291, 'fieldTranslations': {'nameTranslation': {'ar': 'تياغو كوتو'}, 'shortNameTranslation': {'ar': 'ت. كوتو'}}}",6267913,45,2.0,2799,"{'start': {'x': 33.1, 'y': 15.1}, 'block': {'x': 37.7, 'y': 10.9}, 'end': {'x': 49.5, 'y': 0}, 'goal': {'x': 49.5, 'y': 81}}",1,2601,99,shot,,13472617,15.1,33.1,86.56569759437049,4.749309911097232,7493.620000000001,411.12732554598955,16.9,84.9,,0,0,45,0,0.02358441
"{'name': 'Carlos Eduardo', 'firstName': '', 'lastName': '', 'slug': 'carlos-eduardo', 'shortName': 'Carlos Eduardo', 'position': 'F', 'jerseyNumber': '96', 'userCount': 357, 'gender': 'M', 'id': 795295, 'fieldTranslations': {'nameTranslation': {'ar': 'كارلوس إدواردو'}, 'shortNameTranslation': {'ar': 'ك. إدواردو'}}}",False,left-foot,low-left,"{'x': 0, 'y': 52.4, 'z': 19}","{'x': 2.4, 'y': 44.1, 'z': 0}",0.10073704272509,0.0,"{'name': 'Thiago Couto', 'slug': 'thiago-couto', 'shortName': 'T. Couto', 'position': 'G', 'jerseyNumber': '12', 'userCount': 419, 'gender': 'M', 'id': 871291, 'fieldTranslations': {'nameTranslation': {'ar': 'تياغو كوتو'}, 'shortNameTranslation': {'ar': 'ت. كوتو'}}}",6267914,45,2.0,2794,"{'start': {'x': 40.9, 'y': 4.5}, 'block': {'x': 44.1, 'y': 2.4}, 'end': {'x': 47.6, 'y': 0}, 'goal': {'x': 47.6, 'y': 81}}",1,2606,94,shot,,13472617,4.5,40.9,95.93258049276064,4.3501258232743965,9203.059999999998,417.3187956949077,9.100000000000001,95.5,,0,0,45,0,0.0728663
"{'name': 'Alesson', 'firstName': '', 'lastName': '', 'slug': 'alesson', 'shortName': 'Alesson', 'position': 'F', 'jerseyNumber': '77', 'userCount': 441, 'gender': 'M', 'id': 871015, 'fieldTranslations': {'nameTranslation': {'ar': 'أليسون'}, 'shortNameTranslation': {'ar': 'أليسون'}}}",False,right-foot,high,"{'x': 0, 'y': 53.7, 'z': 39.2}",,0.030357683077455,0.0,"{'name': 'Thiago Couto', 'slug': 'thiago-couto', 'shortName': 'T. Couto', 'position': 'G', 'jerseyNumber': '12', 'userCount': 419, 'gender': 'M', 'id': 871291, 'fieldTranslations': {'nameTranslation': {'ar': 'تياغو كوتو'}, 'shortNameTranslation': {'ar': 'ت. كوتو'}}}",6267893,42,,2463,"{'start': {'x': 24.6, 'y': 11.6}, 'end': {'x': 46.3, 'y': 0}, 'goal': {'x': 46.3, 'y': 60.8}}",4,237,2463,shot,,13472617,11.6,24.6,91.97673618910382,4.380974210412849,8459.72,402.94770920241,25.4,88.4,,0,0,42,0,0.014907639
"{'name': 'Renato Kayzer', 'slug': 'renato-kayzer', 'shortName': 'R. Kayzer', 'position': 'F', 'jerseyNumber': '79', 'userCount': 1334, 'gender': 'M', 'id': 814723, 'fieldTranslations': {'nameTranslation': {'ar': 'ريناتو كايزر'}, 'shortNameTranslation': {'ar': 'ر. كايزر'}}}",True,right-foot,close-right,"{'x': 0, 'y': 41.7, 'z': 8.3}",,0.096488974988461,0.0,"{'name': 'Walter', 'slug': 'walter', 'shortName': 'Walter', 'position': 'G', 'jerseyNumber': '22', 'userCount': 771, 'gender': 'M', 'id': 329055, 'fieldTranslations': {'nameTranslation': {'ar': 'والتر'}, 'shortNameTranslation': {'ar': 'والتر'}}}",6267881,40,,2366,"{'start': {'x': 61.7, 'y': 10.2}, 'end': {'x': 58.3, 'y': 0}, 'goal': {'x': 58.3, 'y': 91.7}}",6,334,2366,shot,,13472617,10.2,61.7,90.55898630174698,4.5901449603587805,8200.929999999998,415.67887458816375,11.700000000000003,89.8,,0,1,40,0,0.0954431
"{'name': 'Negueba', 'firstName': '', 'lastName': '', 'slug': 'negueba', 'shortName': 'Negueba', 'position': 'M', 'jerseyNumber': '11', 'userCount': 668, 'gender': 'M', 'id': 872007, 'fieldTranslations': {'nameTranslation': {'ar': 'نيغويبا'}, 'shortNameTranslation': {'ar': 'نيغويبا'}}}",False,left-foot,high-right,"{'x': 0, 'y': 47.8, 'z': 20.9}","{'x': 0.7, 'y': 52.7, 'z': 0}",0.52150410413742,0.2108352035284,"{'name': 'Thiago Couto', 'slug': 'thiago-couto', 'shortName': 'T. Couto', 'position': 'G', 'jerseyNumber': '12', 'userCount': 419, 'gender': 'M', 'id': 871291, 'fieldTranslations': {'nameTranslation': {'ar': 'تياغو كوتو'}, 'shortNameTranslation': {'ar': 'ت. كوتو'}}}",6267855,33,,1970,"{'start': {'x': 56.4, 'y': 6.3}, 'block': {'x': 52.7, 'y': 0.7}, 'end': {'x': 52.2, 'y': 0}, 'goal': {'x': 52.2, 'y': 79.1}}",13,730,1970,shot,,13472617,6.3,56.4,93.91831557262938,4.453045007520505,8820.649999999998,418.2224862754325,6.399999999999999,93.7,,0,0,33,0,0.13032974
"{'name': 'Negueba', 'firstName': '', 'lastName': '', 'slug': 'negueba', 'shortName': 'Negueba', 'position': 'M', 'jerseyNumber': '11', 'userCount': 668, 'gender': 'M', 'id': 872007, 'fieldTranslations': {'nameTranslation': {'ar': 'نيغويبا'}, 'shortNameTranslation': {'ar': 'نيغويبا'}}}",False,right-foot,close-right,"{'x': 0, 'y': 42.9, 'z': 37.5}",,0.022428253665566,0.0,"{'name': 'Thiago Couto', 'slug': 'thiago-couto', 'shortName': 'T. Couto', 'position': 'G', 'jerseyNumber': '12', 'userCount': 419, 'gender': 'M', 'id': 871291, 'fieldTranslations': {'nameTranslation': {'ar': 'تياغو كوتو'}, 'shortNameTranslation': {'ar': 'ت. كوتو'}}}",6267841,32,,1886,"{'start': {'x': 64.6, 'y': 20.2}, 'end': {'x': 57.1, 'y': 0}, 'goal': {'x': 57.1, 'y': 62.5}}",14,814,1886,shot,,13472617,20.2,64.6,81.12459553057876,5.08247419019034,6581.199999999999,412.3136629737972,14.599999999999994,79.8,,0,0,32,0,0.01631778
"{'name': 'Aitor Cantalapiedra', 'slug': 'aitor-cantalapiedra', 'shortName': 'A. Cantalapiedra', 'position': 'F', 'jerseyNumber': '17', 'userCount': 883, 'gender': 'M', 'id': 823831, 'fieldTranslations': {'nameTranslation': {'ar': 'أيتور كانتالابييدرا', 'bn': 'অ্যাটিটর ক্যান্টালাপিয়েড্রা', 'hi': 'एटोर कैंटालैपीड्रा'}, 'shortNameTranslation': {'ar': 'أ. كانتالابييدرا', 'bn': 'এ. ক্যান্টালাপিয়েড্রা', 'hi': 'ए. कैंटालैपीड्रा'}}}",True,left-foot,low-centre,"{'x': 0, 'y': 48.9, 'z': 19}","{'x': 7.3, 'y': 35.2, 'z': 0}",0.058658324182034,0.0,"{'name': 'Walter', 'slug': 'walter', 'shortName': 'Walter', 'position': 'G', 'jerseyNumber': '22', 'userCount': 771, 'gender': 'M', 'id': 329055, 'fieldTranslations': {'nameTranslation': {'ar': 'والتر'}, 'shortNameTranslation': {'ar': 'والتر'}}}",6267883,28,,1660,"{'start': {'x': 32.7, 'y': 8.5}, 'block': {'x': 35.2, 'y': 7.3}, 'end': {'x': 51.1, 'y': 0}, 'goal': {'x': 51.1, 'y': 81}}",18,1040,1660,shot,,13472617,8.5,32.7,93.12110394534635,4.423498683547653,8671.539999999999,411.9210807127437,17.299999999999997,91.5,,0,1,28,0,0.062923975
"{'name': 'Lucas Halter', 'slug': 'lucas-halter', 'shortName': 'L. Halter', 'position': 'D', 'jerseyNumber': '5', 'userCount': 769, 'gender': 'M', 'id': 905450, 'fieldTranslations': {'nameTranslation': {'ar': 'لوكاس هالتر'}, 'shortNameTranslation': {'ar': 'ل. هالتر'}}}",True,right-foot,low-centre,"{'x': 0, 'y': 50.3, 'z': 3.2}",,0.62290447950363,0.68553203344345,"{'name': 'Walter', 'slug': 'walter', 'shortName': 'Walter', 'position': 'G', 'jerseyNumber': '22', 'userCount': 771, 'gender': 'M', 'id': 329055, 'fieldTranslations': {'nameTranslation': {'ar': 'والتر'}, 'shortNameTranslation': {'ar': 'والتر'}}}",6267811,25,,1443,"{'start': {'x': 50.8, 'y': 3.2}, 'end': {'x': 49.7, 'y': 0}, 'goal': {'x': 49.7, 'y': 96.8}}",21,1257,1443,shot,regular,13472617,3.2,50.8,96.8033057286785,4.330339420811449,9370.88,419.1911708617593,0.7999999999999972,96.8,,0,1,25,1,0.6679909
"{'name': 'Lucas Halter', 'slug': 'lucas-halter', 'shortName': 'L. Halter', 'position': 'D', 'jerseyNumber': '5', 'userCount': 769, 'gender': 'M', 'id': 905450, 'fieldTranslations': {'nameTranslation': {'ar': 'لوكاس هالتر'}, 'shortNameTranslation': {'ar': 'ل. هالتر'}}}",True,head,low-centre,"{'x': 0, 'y': 50.3, 'z': 16.5}","{'x': 2.2, 'y': 48.4, 'z': 0}",0.22326946258545,0.17423383891582,"{'name': 'Walter', 'slug': 'walter', 'shortName': 'Walter', 'position': 'G', 'jerseyNumber': '22', 'userCount': 771, 'gender': 'M', 'id': 329055, 'fieldTranslations': {'nameTranslation': {'ar': 'والتر'}, 'shortNameTranslation': {'ar': 'والتر'}}}",6267814,25,,1441,"{'start': {'x': 44.8, 'y': 5.5}, 'block': {'x': 48.4, 'y': 2.2}, 'end': {'x': 49.7, 'y': 0}, 'goal': {'x': 49.7, 'y': 83.5}}",21,1259,1441,shot,,13472617,5.5,44.8,94.64296064684368,4.42257432361823,8957.29,418.5655276679414,5.200000000000003,94.5,,0,1,25,0,0.28438014
"{'name': 'Renato Kayzer', 'slug': 'renato-kayzer', 'shortName': 'R. Kayzer', 'position': 'F', 'jerseyNumber': '79', 'userCount': 1334, 'gender': 'M', 'id': 814723, 'fieldTranslations': {'nameTranslation': {'ar': 'ريناتو كايزر'}, 'shortNameTranslation': {'ar': 'ر. كايزر'}}}",True,left-foot,low-centre,"{'x': 0, 'y': 51.2, 'z': 19}","{'x': 20.2, 'y': 53.2, 'z': 0}",0.012040929868817,0.0,"{'name': 'Walter', 'slug': 'walter', 'shortName': 'Walter', 'position': 'G', 'jerseyNumber': '22', 'userCount': 771, 'gender': 'M', 'id': 329055, 'fieldTranslations': {'nameTranslation': {'ar': 'والتر'}, 'shortNameTranslation': {'ar': 'والتر'}}}",6267805,24,,1414,"{'start': {'x': 54.6, 'y': 26.3}, 'block': {'x': 53.2, 'y': 20.2}, 'end': {'x': 48.8, 'y': 0}, 'goal': {'x': 48.8, 'y': 81}}",22,1286,1414,shot,,13472617,26.3,54.6,73.84341541396904,5.664060662882845,5452.85,418.25358445917874,4.600000000000001,73.7,,0,1,24,0,0.07238767
"{'name': 'Renato Kayzer', 'slug': 'renato-kayzer', 'shortName': 'R. Kayzer', 'position': 'F', 'jerseyNumber': '79', 'userCount': 1334, 'gender': 'M', 'id': 814723, 'fieldTranslations': {'nameTranslation': {'ar': 'ريناتو كايزر'}, 'shortNameTranslation': {'ar': 'ر. كايزر'}}}",True,right-foot,low-centre,"{'x': 0, 'y': 49.2, 'z': 19}","{'x': 18, 'y': 54, 'z': 0}",0.039314154535532,0.0,"{'name': 'Walter', 'slug': 'walter', 'shortName': 'Walter', 'position': 'G', 'jerseyNumber': '22', 'userCount': 771, 'gender': 'M', 'id': 329055, 'fieldTranslations': {'nameTranslation': {'ar': 'والتر'}, 'shortNameTranslation': {'ar': 'والتر'}}}",6267806,24,,1412,"{'start': {'x': 55.6, 'y': 27.1}, 'block': {'x': 54, 'y': 18}, 'end': {'x': 50.8, 'y': 0}, 'goal': {'x': 50.8, 'y': 81}}",22,1288,1412,shot,,13472617,27.1,55.6,73.11477278908825,5.7147480820831715,5345.7699999999995,417.8325075683889,5.600000000000001,72.9,,0,1,24,0,0.03247312
"{'name': 'Alesson', 'firstName': '', 'lastName': '', 'slug': 'alesson', 'shortName': 'Alesson', 'position': 'F', 'jerseyNumber': '77', 'userCount': 441, 'gender': 'M', 'id': 871015, 'fieldTranslations': {'nameTranslation': {'ar': 'أليسون'}, 'shortNameTranslation': {'ar': 'أليسون'}}}",False,right-foot,low-left,"{'x': 0, 'y': 54.2, 'z': 2.5}","{'x': 1.4, 'y': 50, 'z': 0}",0.018083795905113,0.22080314159393,"{'name': 'Thiago Couto', 'slug': 'thiago-couto', 'shortName': 'T. Couto', 'position': 'G', 'jerseyNumber': '12', 'userCount': 419, 'gender': 'M', 'id': 871291, 'fieldTranslations': {'nameTranslation': {'ar': 'تياغو كوتو'}, 'shortNameTranslation': {'ar': 'ت. كوتو'}}}",6267771,19,,1122,"{'start': {'x': 34.8, 'y': 25.2}, 'block': {'x': 50, 'y': 1.4}, 'end': {'x': 45.8, 'y': 0}, 'goal': {'x': 45.8, 'y': 97.5}}",27,1578,1122,shot,,13472617,25.2,34.8,76.32876259969107,5.381198067356186,5826.079999999999,410.74018978514675,15.200000000000003,74.8,,0,0,19,0,0.022972088
"{'name': 'Negueba', 'firstName': '', 'lastName': '', 'slug': 'negueba', 'shortName': 'Negueba', 'position': 'M', 'jerseyNumber': '11', 'userCount': 668, 'gender': 'M', 'id': 872007, 'fieldTranslations': {'nameTranslation': {'ar': 'نيغويبا'}, 'shortNameTranslation': {'ar': 'نيغويبا'}}}",False,right-foot,low-centre,"{'x': 0, 'y': 50.7, 'z': 19}","{'x': 8.3, 'y': 43.1, 'z': 0}",0.053310867398977,0.0,"{'name': 'Thiago Couto', 'slug': 'thiago-couto', 'shortName': 'T. Couto', 'position': 'G', 'jerseyNumber': '12', 'userCount': 419, 'gender': 'M', 'id': 871291, 'fieldTranslations': {'nameTranslation': {'ar': 'تياغو كوتو'}, 'shortNameTranslation': {'ar': 'ت. كوتو'}}}",6267758,15,,883,"{'start': {'x': 39.5, 'y': 13.1}, 'block': {'x': 43.1, 'y': 8.3}, 'end': {'x': 49.3, 'y': 0}, 'goal': {'x': 49.3, 'y': 81}}",31,1817,883,shot,,13472617,13.1,39.5,87.53205127266241,4.754237805164014,7661.8600000000015,416.14818732404655,10.5,86.9,,0,0,15,0,0.097181395
"{'name': 'Erick', 'firstName': '', 'lastName': '', 'slug': 'erick', 'shortName': 'Erick', 'position': 'F', 'jerseyNumber': '33', 'userCount': 1393, 'gender': 'M', 'id': 895650, 'fieldTranslations': {'nameTranslation': {'ar': 'إريك', 'bn': 'এরিক', 'hi': 'एरिक'}, 'shortNameTranslation': {'ar': 'إريك', 'bn': 'এরিক', 'hi': 'एरिक'}}}",True,left-foot,close-high-left,"{'x': 0, 'y': 58.2, 'z': 44.4}",,0.016064209863544,0.0,"{'name': 'Walter', 'slug': 'walter', 'shortName': 'Walter', 'position': 'G', 'jerseyNumber': '22', 'userCount': 771, 'gender': 'M', 'id': 329055, 'fieldTranslations': {'nameTranslation': {'ar': 'والتر'}, 'shortNameTranslation': {'ar': 'والتر'}}}",6267734,13,,755,"{'start': {'x': 72.9, 'y': 23.3}, 'end': {'x': 41.8, 'y': 0}, 'goal': {'x': 41.8, 'y': 55.6}}",33,1945,755,shot,,13472617,23.3,72.9,80.04561199716072,5.018228661626409,6407.3,401.6871843615787,22.900000000000006,76.7,,0,1,13,0,0.026508316
"{'name': 'Negueba', 'firstName': '', 'lastName': '', 'slug': 'negueba', 'shortName': 'Negueba', 'position': 'M', 'jerseyNumber': '11', 'userCount': 668, 'gender': 'M', 'id': 872007, 'fieldTranslations': {'nameTranslation': {'ar': 'نيغويبا'}, 'shortNameTranslation': {'ar': 'نيغويبا'}}}",False,right-foot,left,"{'x': 0, 'y': 61, 'z': 2.8}","{'x': 18, 'y': 45.8, 'z': 0}",0.0097012268379331,0.0,"{'name': 'Thiago Couto', 'slug': 'thiago-couto', 'shortName': 'T. Couto', 'position': 'G', 'jerseyNumber': '12', 'userCount': 419, 'gender': 'M', 'id': 871291, 'fieldTranslations': {'nameTranslation': {'ar': 'تياغو كوتو'}, 'shortNameTranslation': {'ar': 'ت. كوتو'}}}",6267773,12,,681,"{'start': {'x': 49.4, 'y': 31.3}, 'block': {'x': 45.8, 'y': 18}, 'end': {'x': 39, 'y': 0}, 'goal': {'x': 39, 'y': 97.2}}",34,2019,681,shot,,13472617,31.3,49.4,68.70262003737558,6.098648945910715,4720.050000000001,418.99316127224495,0.6000000000000014,68.7,,0,0,12,0,0.079559386
"{'name': 'Renato Kayzer', 'slug': 'renato-kayzer', 'shortName': 'R. Kayzer', 'position': 'F', 'jerseyNumber': '79', 'userCount': 1334, 'gender': 'M', 'id': 814723, 'fieldTranslations': {'nameTranslation': {'ar': 'ريناتو كايزر'}, 'shortNameTranslation': {'ar': 'ر. كايزر'}}}",True,left-foot,close-high,"{'x': 0, 'y': 51.1, 'z': 56.9}",,0.12144330888987,0.0,"{'name': 'Walter', 'slug': 'walter', 'shortName': 'Walter', 'position': 'G', 'jerseyNumber': '22', 'userCount': 771, 'gender': 'M', 'id': 329055, 'fieldTranslations': {'nameTranslation': {'ar': 'والتر'}, 'shortNameTranslation': {'ar': 'والتر'}}}",6267722,11,,604,"{'start': {'x': 53.9, 'y': 9.6}, 'end': {'x': 48.9, 'y': 0}, 'goal': {'x': 48.9, 'y': 43.1}}",35,2096,604,shot,,13472617,9.6,53.9,90.4840869987646,4.62831379733854,8187.37,418.78874829596305,3.8999999999999986,90.4,,0,1,11,0,0.177102
"{'name': 'Lucas Ramon', 'slug': 'lucas-ramon', 'shortName': 'L. Ramon', 'position': 'D', 'jerseyNumber': '19', 'userCount': 643, 'gender': 'M', 'id': 797225, 'fieldTranslations': {'nameTranslation': {'ar': 'لوكاس رامون'}, 'shortNameTranslation': {'ar': 'ل. رامون'}}}",False,left-foot,close-left,"{'x': 0, 'y': 56.5, 'z': 26.4}",,0.48150345683098,0.0,"{'name': 'Thiago Couto', 'slug': 'thiago-couto', 'shortName': 'T. Couto', 'position': 'G', 'jerseyNumber': '12', 'userCount': 419, 'gender': 'M', 'id': 871291, 'fieldTranslations': {'nameTranslation': {'ar': 'تياغو كوتو'}, 'shortNameTranslation': {'ar': 'ت. كوتو'}}}",6267733,9,,483,"{'start': {'x': 44.3, 'y': 2.2}, 'end': {'x': 43.5, 'y': 0}, 'goal': {'x': 43.5, 'y': 73.6}}",37,2217,483,shot,,13472617,2.2,44.3,97.96596347711791,4.27191827185365,9597.33,418.50258939764734,5.700000000000003,97.8,,0,0,9,0,0.12655078
"{'name': 'Lucas Ramon', 'slug': 'lucas-ramon', 'shortName': 'L. Ramon', 'position': 'D', 'jerseyNumber': '19', 'userCount': 643, 'gender': 'M', 'id': 797225, 'fieldTranslations': {'nameTranslation': {'ar': 'لوكاس رامون'}, 'shortNameTranslation': {'ar': 'ل. رامون'}}}",False,right-foot,low-centre,"{'x': 0, 'y': 51.6, 'z': 6.3}","{'x': 1, 'y': 49.6, 'z': 0}",0.29245564341545,0.4867342710495,"{'name': 'Thiago Couto', 'slug': 'thiago-couto', 'shortName': 'T. Couto', 'position': 'G', 'jerseyNumber': '12', 'userCount': 419, 'gender': 'M', 'id': 871291, 'fieldTranslations': {'nameTranslation': {'ar': 'تياغو كوتو'}, 'shortNameTranslation': {'ar': 'ت. كوتو'}}}",6267720,9,,482,"{'start': {'x': 44.5, 'y': 5.3}, 'block': {'x': 49.6, 'y': 1}, 'end': {'x': 48.4, 'y': 0}, 'goal': {'x': 48.4, 'y': 93.7}}",37,2218,482,shot,,13472617,5.3,44.5,94.85958043339639,4.411728891491335,8998.339999999998,418.494751632761,5.5,94.7,,0,0,9,0,0.11296313
"{'name': 'Renato Kayzer', 'slug': 'renato-kayzer', 'shortName': 'R. Kayzer', 'position': 'F', 'jerseyNumber': '79', 'userCount': 1334, 'gender': 'M', 'id': 814723, 'fieldTranslations': {'nameTranslation': {'ar': 'ريناتو كايزر'}, 'shortNameTranslation': {'ar': 'ر. كايزر'}}}",True,head,high,"{'x': 0, 'y': 47.4, 'z': 69.4}",,0.039034444838762,0.0,"{'name': 'Walter', 'slug': 'walter', 'shortName': 'Walter', 'position': 'G', 'jerseyNumber': '22', 'userCount': 771, 'gender': 'M', 'id': 329055, 'fieldTranslations': {'nameTranslation': {'ar': 'والتر'}, 'shortNameTranslation': {'ar': 'والتر'}}}",6267693,5,,291,"{'start': {'x': 49.2, 'y': 11.6}, 'end': {'x': 52.6, 'y': 0}, 'goal': {'x': 52.6, 'y': 30.6}}",41,2409,291,shot,,13472617,11.6,49.2,88.40361983538911,4.7413063110517335,7815.200000000003,419.14864064534856,0.7999999999999972,88.4,,0,1,5,0,0.35860282
"{'name': 'José Aldo', 'slug': 'jose-aldo', 'shortName': 'J. Aldo', 'position': 'M', 'jerseyNumber': '21', 'userCount': 318, 'gender': 'M', 'id': 988851, 'fieldTranslations': {'nameTranslation': {'ar': 'خوسيه ألدو'}, 'shortNameTranslation': {'ar': 'خ. ألدو'}}}",False,right-foot,low-centre,"{'x': 0, 'y': 50, 'z': 19}","{'x': 20.5, 'y': 36.5, 'z': 0}",0.015353715978563,0.0,"{'name': 'Thiago Couto', 'slug': 'thiago-couto', 'shortName': 'T. Couto', 'position': 'G', 'jerseyNumber': '12', 'userCount': 419, 'gender': 'M', 'id': 871291, 'fieldTranslations': {'nameTranslation': {'ar': 'تياغو كوتو'}, 'shortNameTranslation': {'ar': 'ت. كوتو'}}}",6267674,2,,98,"{'start': {'x': 29.7, 'y': 30.7}, 'block': {'x': 36.5, 'y': 20.5}, 'end': {'x': 50, 'y': 0}, 'goal': {'x': 50, 'y': 81}}",44,2602,98,shot,,13472617,30.7,29.7,72.21204885612927,5.570488706187027,5214.580000000001,402.25640260369397,20.3,69.3,,0,0,2,0,0.020133317
"{'name': 'Fernando Sobral', 'slug': 'fernando-sobral', 'shortName': 'F. Sobral', 'position': 'M', 'jerseyNumber': '88', 'userCount': 657, 'gender': 'M', 'id': 931479, 'fieldTranslations': {'nameTranslation': {'ar': 'فرناندو سوبرا'}, 'shortNameTranslation': {'ar': 'ف. سوبرا'}}}",True,right-foot,high,"{'x': 0, 'y': 49.6, 'z': 94.4}",,0.063983462750912,0.0,"{'name': 'Cássio', 'slug': 'cassio', 'shortName': 'Cássio', 'position': 'G', 'jerseyNumber': '1', 'userCount': 4585, 'gender': 'M', 'sofascoreId': 'rcassio12', 'id': 27756, 'fieldTranslations': {'nameTranslation': {'ar': 'كاسيو', 'bn': 'ক্যাসিও', 'hi': 'कैसियो'}, 'shortNameTranslation': {'ar': 'كاسيو', 'bn': 'ক্যাসিও', 'hi': 'कैसियो'}}}",6269126,90,4.0,5592,"{'start': {'x': 50.5, 'y': 14.9}, 'end': {'x': 50.4, 'y': 0}, 'goal': {'x': 50.4, 'y': 5.6}}",1,708,192,shot,,13472618,14.9,50.5,85.10146884748816,4.9251748073244865,7242.259999999998,419.1396104339583,0.5,85.1,,0,1,90,0,0.114014566
"{'name': 'Antonio Galeano', 'slug': 'antonio-galeano', 'shortName': 'Galeano', 'position': 'M', 'jerseyNumber': '27', 'userCount': 1101, 'gender': 'M', 'id': 883207, 'fieldTranslations': {'nameTranslation': {'ar': 'أنطونيو جاليانو'}, 'shortNameTranslation': {'ar': 'أ. جاليانو'}}}",True,right-foot,right,"{'x': 0, 'y': 38.7, 'z': 11.1}",,0.17035417258739,0.0,"{'name': 'Cássio', 'slug': 'cassio', 'shortName': 'Cássio', 'position': 'G', 'jerseyNumber': '1', 'userCount': 4585, 'gender': 'M', 'sofascoreId': 'rcassio12', 'id': 27756, 'fieldTranslations': {'nameTranslation': {'ar': 'كاسيو', 'bn': 'ক্যাসিও', 'hi': 'कैसियो'}, 'shortNameTranslation': {'ar': 'كاسيو', 'bn': 'ক্যাসিও', 'hi': 'कैसियो'}}}",6269120,90,,5362,"{'start': {'x': 54.2, 'y': 9.8}, 'end': {'x': 61.3, 'y': 0}, 'goal': {'x': 61.3, 'y': 88.9}}",1,38,2662,shot,,13472618,9.8,54.2,90.29772976105214,4.637148218273484,8153.680000000001,418.72395667560346,4.200000000000003,90.2,,0,1,90,0,0.16908394
"{'name': 'Antonio Galeano', 'slug': 'antonio-galeano', 'shortName': 'Galeano', 'position': 'M', 'jerseyNumber': '27', 'userCount': 1101, 'gender': 'M', 'id': 883207, 'fieldTranslations': {'nameTranslation': {'ar': 'أنطونيو جاليانو'}, 'shortNameTranslation': {'ar': 'أ. جاليانو'}}}",True,left-foot,low-left,"{'x': 0, 'y': 52.9, 'z': 19}","{'x': 10.3, 'y': 48.6, 'z': 0}",0.10068323463202,0.0,"{'name': 'Cássio', 'slug': 'cassio', 'shortName': 'Cássio', 'position': 'G', 'jerseyNumber': '1', 'userCount': 4585, 'gender': 'M', 'sofascoreId': 'rcassio12', 'id': 27756, 'fieldTranslations': {'nameTranslation': {'ar': 'كاسيو', 'bn': 'ক্যাসিও', 'hi': 'कैसियो'}, 'shortNameTranslation': {'ar': 'كاسيو', 'bn': 'ক্যাসিও', 'hi': 'कैसियो'}}}",6269114,87,,5169,"{'start': {'x': 49.1, 'y': 14.1}, 'block': {'x': 48.6, 'y': 10.3}, 'end': {'x': 47.1, 'y': 0}, 'goal': {'x': 47.1, 'y': 81}}",4,231,2469,shot,,13472618,14.1,49.1,85.90471465525046,4.878995530724713,7379.620000000003,419.12871887114875,0.8999999999999986,85.9,,0,1,87,0,0.1730999
"{'name': 'Japa', 'slug': 'joao-wellington-japa', 'shortName': 'Japa', 'position': 'M', 'jerseyNumber': '77', 'userCount': 1251, 'gender': 'M', 'id': 1459623, 'fieldTranslations': {'nameTranslation': {'ar': 'جابا'}, 'shortNameTranslation': {'ar': 'جابا'}}}",False,left-foot,low-centre,"{'x': 0, 'y': 51.1, 'z': 19}","{'x': 11.2, 'y': 57.8, 'z': 0}",0.093471571803093,0.0,"{'name': 'Bruno Ferreira', 'firstName': 'Bruno Ferreira', 'lastName': 'Ventura Diniz', 'slug': 'bruno-ferreira', 'shortName': 'B. Ferreira', 'position': 'G', 'jerseyNumber': '94', 'userCount': 352, 'gender': 'M', 'id': 1066241, 'fieldTranslations': {'nameTranslation': {'ar': 'برونو فيريرا'}, 'shortNameTranslation': {'ar': 'ب. فيريرا'}}}",6269110,83,,4933,"{'start': {'x': 62.8, 'y': 17.6}, 'block': {'x': 57.8, 'y': 11.2}, 'end': {'x': 48.9, 'y': 0}, 'goal': {'x': 48.9, 'y': 81}}",8,467,2233,shot,,13472618,17.6,62.8,83.38824857256567,4.967052906129547,6953.600000000001,414.19384240941537,12.799999999999997,82.4,,0,0,83,0,0.009769533
"{'name': 'Eduardo', 'slug': 'eduardo', 'shortName': 'Eduardo', 'position': 'M', 'jerseyNumber': '21', 'userCount': 1732, 'gender': 'M', 'id': 76507, 'fieldTranslations': {'nameTranslation': {'ar': 'إدواردو', 'bn': 'এডুয়ার্ডো', 'hi': 'एडुआर्डो'}, 'shortNameTranslation': {'ar': 'إدواردو', 'bn': 'এডুয়ার্ডো', 'hi': 'एडुआर्डो'}}}",False,right-foot,high-left,"{'x': 0, 'y': 56.8, 'z': 93.1}",,0.053608808666468,0.0,"{'name': 'Bruno Ferreira', 'firstName': 'Bruno Ferreira', 'lastName': 'Ventura Diniz', 'slug': 'bruno-ferreira', 'shortName': 'B. Ferreira', 'position': 'G', 'jerseyNumber': '94', 'userCount': 352, 'gender': 'M', 'id': 1066241, 'fieldTranslations': {'nameTranslation': {'ar': 'برونو فيريرا'}, 'shortNameTranslation': {'ar': 'ب. فيريرا'}}}",6269106,81,,4859,"{'start': {'x': 38.8, 'y': 25.3}, 'end': {'x': 43.2, 'y': 0}, 'goal': {'x': 43.2, 'y': 6.9}}",10,541,2159,shot,,13472618,25.3,38.8,75.53495879392536,5.487172012910001,5705.530000000002,414.4733118903374,11.200000000000003,74.7,,0,0,81,0,0.013043766
"{'name': 'Pedro Raul', 'slug': 'pedro-raul', 'shortName': 'P. Raul', 'position': 'F', 'jerseyNumber': '18', 'userCount': 7093, 'gender': 'M', 'id': 866911, 'fieldTranslations': {'nameTranslation': {'ar': 'بيدرو راوول', 'bn': 'পেদ্রো রাউল', 'hi': 'पेड्रो राउल'}, 'shortNameTranslation': {'ar': 'ب. راوول', 'bn': 'পি. রাউল', 'hi': 'पी. राउल'}}}",True,head,right,"{'x': 0, 'y': 35.5, 'z': 9.7}",,0.018722666427493,0.0,"{'name': 'Cássio', 'slug': 'cassio', 'shortName': 'Cássio', 'position': 'G', 'jerseyNumber': '1', 'userCount': 4585, 'gender': 'M', 'sofascoreId': 'rcassio12', 'id': 27756, 'fieldTranslations': {'nameTranslation': {'ar': 'كاسيو', 'bn': 'ক্যাসিও', 'hi': 'कैसियो'}, 'shortNameTranslation': {'ar': 'كاسيو', 'bn': 'ক্যাসিও', 'hi': 'कैसियो'}}}",6269117,79,,4709,"{'start': {'x': 61.3, 'y': 24.4}, 'end': {'x': 64.5, 'y': 0}, 'goal': {'x': 64.5, 'y': 90.3}}",12,691,2009,shot,,13472618,24.4,61.3,76.43984563040404,5.422671153222983,5843.049999999999,414.50814585680985,11.299999999999997,75.6,,0,1,79,0,0.017916849
"{'name': 'Gabriel Barbosa', 'slug': 'gabriel-barbosa', 'shortName': 'G. Barbosa', 'position': 'F', 'jerseyNumber': '9', 'userCount': 37025, 'gender': 'M', 'sofascoreId': 'Gabigol', 'id': 358554, 'fieldTranslations': {'nameTranslation': {'ar': 'غابرييل باربوسا', 'bn': 'গ্যাব্রিয়েল বারবোসা', 'hi': 'गेब्रियल बारबोसा'}, 'shortNameTranslation': {'ar': 'غ. باربوسا', 'bn': 'জি. বারবোসা', 'hi': 'जी. बारबोसा'}}}",False,left-foot,low-centre,"{'x': 0, 'y': 49.7, 'z': 19}","{'x': 9.2, 'y': 40.6, 'z': 0}",0.1541763395071,0.0,"{'name': 'Bruno Ferreira', 'firstName': 'Bruno Ferreira', 'lastName': 'Ventura Diniz', 'slug': 'bruno-ferreira', 'shortName': 'B. Ferreira', 'position': 'G', 'jerseyNumber': '94', 'userCount': 352, 'gender': 'M', 'id': 1066241, 'fieldTranslations': {'nameTranslation': {'ar': 'برونو فيريرا'}, 'shortNameTranslation': {'ar': 'ب. فيريرا'}}}",6269095,77,,4588,"{'start': {'x': 39.1, 'y': 10.6}, 'block': {'x': 40.6, 'y': 9.2}, 'end': {'x': 50.3, 'y': 0}, 'goal': {'x': 50.3, 'y': 81}}",14,812,1888,shot,,13472618,10.6,39.1,90.06203417644974,4.620221479526893,8111.170000000002,416.1065447919182,10.899999999999999,89.4,,0,0,77,0,0.03363302
"{'name': 'Willian Machado', 'slug': 'willian-machado', 'shortName': 'W. Machado', 'position': 'D', 'jerseyNumber': '23', 'userCount': 454, 'gender': 'M', 'id': 925871, 'fieldTranslations': {'nameTranslation': {'ar': 'ويليان ماتشادو'}, 'shortNameTranslation': {'ar': 'و. ماتشادو'}}}",False,right-foot,low-left,"{'x': 0, 'y': 53.7, 'z': 6.3}",,,,"{'name': 'Bruno Ferreira', 'firstName': 'Bruno Ferreira', 'lastName': 'Ventura Diniz', 'slug': 'bruno-ferreira', 'shortName': 'B. Ferreira', 'position': 'G', 'jerseyNumber': '94', 'userCount': 352, 'gender': 'M', 'id': 1066241, 'fieldTranslations': {'nameTranslation': {'ar': 'برونو فيريرا'}, 'shortNameTranslation': {'ar': 'ب. فيريرا'}}}",6269072,71,,4212,"{'start': {'x': 49.1, 'y': 1.8}, 'end': {'x': 46.3, 'y': 0}, 'goal': {'x': 46.3, 'y': 93.7}}",20,1188,1512,shot,own,13472618,1.8,49.1,98.20412414965065,4.268594079719733,9644.05,419.19354294926046,0.8999999999999986,98.2,,0,0,71,1,0.5114513
"{'name': 'Matheus Pereira', 'slug': 'matheus-pereira', 'shortName': 'M. Pereira', 'position': 'M', 'jerseyNumber': '10', 'userCount': 14142, 'gender': 'M', 'sofascoreId': 'matheus_pereira', 'id': 377238, 'fieldTranslations': {'nameTranslation': {'ar': 'ماثيوس بيريرا', 'bn': 'ম্যাথিউস পেরেইরা', 'hi': 'मैथियस परेरा'}, 'shortNameTranslation': {'ar': 'م. بيريرا', 'bn': 'এম. পেরেইরা', 'hi': 'एम. परेरा'}}}",False,left-foot,low-centre,"{'x': 0, 'y': 50.6, 'z': 19}","{'x': 12.9, 'y': 66.8, 'z': 0}",0.043808158487082,0.0,"{'name': 'Bruno Ferreira', 'firstName': 'Bruno Ferreira', 'lastName': 'Ventura Diniz', 'slug': 'bruno-ferreira', 'shortName': 'B. Ferreira', 'position': 'G', 'jerseyNumber': '94', 'userCount': 352, 'gender': 'M', 'id': 1066241, 'fieldTranslations': {'nameTranslation': {'ar': 'برونو فيريرا'}, 'shortNameTranslation': {'ar': 'ب. فيريرا'}}}",6269065,64,,3836,"{'start': {'x': 75.1, 'y': 19.1}, 'block': {'x': 66.8, 'y': 12.9}, 'end': {'x': 49.4, 'y': 0}, 'goal': {'x': 49.4, 'y': 81}}",27,1564,1136,shot,,13472618,19.1,75.1,84.70430921741823,4.727111674239604,7174.820000000002,400.406728960059,25.099999999999994,80.9,,0,0,64,0,0.011565969
"{'name': 'Gabriel Barbosa', 'slug': 'gabriel-barbosa', 'shortName': 'G. Barbosa', 'position': 'F', 'jerseyNumber': '9', 'userCount': 37025, 'gender': 'M', 'sofascoreId': 'Gabigol', 'id': 358554, 'fieldTranslations': {'nameTranslation': {'ar': 'غابرييل باربوسا', 'bn': 'গ্যাব্রিয়েল বারবোসা', 'hi': 'गेब्रियल बारबोसा'}, 'shortNameTranslation': {'ar': 'غ. باربوسا', 'bn': 'জি. বারবোসা', 'hi': 'जी. बारबोसा'}}}",False,left-foot,low-right,"{'x': 0, 'y': 46.4, 'z': 19}","{'x': 14.4, 'y': 33.4, 'z': 0}",0.037593457847834,0.0,"{'name': 'Bruno Ferreira', 'firstName': 'Bruno Ferreira', 'lastName': 'Ventura Diniz', 'slug': 'bruno-ferreira', 'shortName': 'B. Ferreira', 'position': 'G', 'jerseyNumber': '94', 'userCount': 352, 'gender': 'M', 'id': 1066241, 'fieldTranslations': {'nameTranslation': {'ar': 'برونو فيريرا'}, 'shortNameTranslation': {'ar': 'ب. فيريرا'}}}",6269034,59,,3520,"{'start': {'x': 31.5, 'y': 15.7}, 'block': {'x': 33.4, 'y': 14.4}, 'end': {'x': 53.6, 'y': 0}, 'goal': {'x': 53.6, 'y': 81}}",32,1880,820,shot,,13472618,15.7,31.5,86.3060832154953,4.744233581273286,7448.740000000001,409.4562182591195,18.5,84.3,,0,0,59,0,0.017061574
"{'name': 'Vinicius Zanocelo', 'slug': 'vinicius-zanocelo', 'shortName': 'Vinicius Zanocelo', 'position': 'M', 'jerseyNumber': '25', 'userCount': 589, 'gender': 'M', 'id': 973841, 'fieldTranslations': {'nameTranslation': {'ar': 'فينيسيوس زانوكولو'}, 'shortNameTranslation': {'ar': 'ف. زانوكولو'}}}",True,right-foot,low-left,"{'x': 0, 'y': 53.9, 'z': 19.6}",,0.081621639430523,0.18005894124508,"{'name': 'Cássio', 'slug': 'cassio', 'shortName': 'Cássio', 'position': 'G', 'jerseyNumber': '1', 'userCount': 4585, 'gender': 'M', 'sofascoreId': 'rcassio12', 'id': 27756, 'fieldTranslations': {'nameTranslation': {'ar': 'كاسيو', 'bn': 'ক্যাসিও', 'hi': 'कैसियो'}, 'shortNameTranslation': {'ar': 'كاسيو', 'bn': 'ক্যাসিও', 'hi': 'कैसियो'}}}",6269030,56,,3340,"{'start': {'x': 45.4, 'y': 21.8}, 'end': {'x': 46.1, 'y': 0}, 'goal': {'x': 46.1, 'y': 80.4}}",35,2060,640,shot,regular,13472618,21.8,45.4,78.33517728326144,5.340912106478843,6136.4,418.3812967153375,4.600000000000001,78.2,,0,1,56,1,0.19235301
"{'name': 'Luis Sinisterra', 'slug': 'luis-sinisterra', 'shortName': 'L. Sinisterra', 'position': 'F', 'jerseyNumber': '17', 'userCount': 6568, 'gender': 'M', 'sofascoreId': 'Sinisterra29', 'id': 836070, 'fieldTranslations': {'nameTranslation': {'ar': 'لويس سينيستيرا', 'bn': 'লুইস সিনিস্টেরা', 'hi': 'लुइस सिनिस्टर्रा'}, 'shortNameTranslation': {'ar': 'ل. سينيستيرا', 'bn': 'এল. সিনিস্টেরা', 'hi': 'एल. सिनिस्टर्रा'}}}",False,right-foot,high-left,"{'x': 0, 'y': 52.6, 'z': 23.4}","{'x': 1.8, 'y': 48.7, 'z': 0}",0.052518021315336,0.33041217923164,"{'name': 'Bruno Ferreira', 'firstName': 'Bruno Ferreira', 'lastName': 'Ventura Diniz', 'slug': 'bruno-ferreira', 'shortName': 'B. Ferreira', 'position': 'G', 'jerseyNumber': '94', 'userCount': 352, 'gender': 'M', 'id': 1066241, 'fieldTranslations': {'nameTranslation': {'ar': 'برونو فيريرا'}, 'shortNameTranslation': {'ar': 'ب. فيريرا'}}}",6268990,48,,2841,"{'start': {'x': 41.1, 'y': 14.1}, 'block': {'x': 48.7, 'y': 1.8}, 'end': {'x': 47.4, 'y': 0}, 'goal': {'x': 47.4, 'y': 76.6}}",43,2559,141,shot,,13472618,14.1,41.1,86.3598286241931,4.827858540470309,7458.020000000001,416.93303617686297,8.899999999999999,85.9,,0,0,48,0,0.07933649
"{'name': 'Vinicius Zanocelo', 'slug': 'vinicius-zanocelo', 'shortName': 'Vinicius Zanocelo', 'position': 'M', 'jerseyNumber': '25', 'userCount': 589, 'gender': 'M', 'id': 973841, 'fieldTranslations': {'nameTranslation': {'ar': 'فينيسيوس زانوكولو'}, 'shortNameTranslation': {'ar': 'ف. زانوكولو'}}}",True,right-foot,low-centre,"{'x': 0, 'y': 50.2, 'z': 19}","{'x': 12.3, 'y': 47.3, 'z': 0}",0.024215213954449,0.0,"{'name': 'Cássio', 'slug': 'cassio', 'shortName': 'Cássio', 'position': 'G', 'jerseyNumber': '1', 'userCount': 4585, 'gender': 'M', 'sofascoreId': 'rcassio12', 'id': 27756, 'fieldTranslations': {'nameTranslation': {'ar': 'كاسيو', 'bn': 'ক্যাসিও', 'hi': 'कैसियो'}, 'shortNameTranslation': {'ar': 'كاسيو', 'bn': 'ক্যাসিও', 'hi': 'कैसियो'}}}",6268939,45,3.0,2864,"{'start': {'x': 44, 'y': 25.9}, 'block': {'x': 47.3, 'y': 12.3}, 'end': {'x': 49.8, 'y': 0}, 'goal': {'x': 49.8, 'y': 81}}",1,2536,164,shot,,13472618,25.9,44.0,74.34251811715824,5.618701895743469,5526.81,417.7084474792202,6.0,74.1,,0,1,45,0,0.032461032
"{'name': 'Willian Machado', 'slug': 'willian-machado', 'shortName': 'W. Machado', 'position': 'D', 'jerseyNumber': '23', 'userCount': 454, 'gender': 'M', 'id': 925871, 'fieldTranslations': {'nameTranslation': {'ar': 'ويليان ماتشادو'}, 'shortNameTranslation': {'ar': 'و. ماتشادو'}}}",True,head,low-right,"{'x': 0, 'y': 46.6, 'z': 8.9}","{'x': 0.59999999999999, 'y': 50.7, 'z': 0}",0.01852417550981,0.14621268212795,"{'name': 'Cássio', 'slug': 'cassio', 'shortName': 'Cássio', 'position': 'G', 'jerseyNumber': '1', 'userCount': 4585, 'gender': 'M', 'sofascoreId': 'rcassio12', 'id': 27756, 'fieldTranslations': {'nameTranslation': {'ar': 'كاسيو', 'bn': 'ক্যাসিও', 'hi': 'कैसियो'}, 'shortNameTranslation': {'ar': 'كاسيو', 'bn': 'ক্যাসিও', 'hi': 'कैसियो'}}}",6268877,42,,2507,"{'start': {'x': 53.4, 'y': 11.4}, 'block': {'x': 50.7, 'y': 0.59999999999999}, 'end': {'x': 53.4, 'y': 0}, 'goal': {'x': 53.4, 'y': 91.1}}",4,193,2507,shot,,13472618,11.4,53.4,88.66521302066555,4.724065054502797,7861.5199999999995,418.86023438097254,3.3999999999999986,88.6,,0,1,42,0,0.1327774
"{'name': 'Fernandinho', 'firstName': '', 'lastName': '', 'slug': 'fernandinho', 'shortName': 'Fernandinho', 'position': 'M', 'jerseyNumber': '11', 'userCount': 371, 'gender': 'M', 'id': 871219, 'fieldTranslations': {'nameTranslation': {'ar': 'فيرناندينيو'}, 'shortNameTranslation': {'ar': 'فيرناندينيو'}}}",True,right-foot,low-centre,"{'x': 0, 'y': 49.1, 'z': 19}","{'x': 9.7, 'y': 31.9, 'z': 0}",0.02913373708725,0.0,"{'name': 'Cássio', 'slug': 'cassio', 'shortName': 'Cássio', 'position': 'G', 'jerseyNumber': '1', 'userCount': 4585, 'gender': 'M', 'sofascoreId': 'rcassio12', 'id': 27756, 'fieldTranslations': {'nameTranslation': {'ar': 'كاسيو', 'bn': 'ক্যাসিও', 'hi': 'कैसियो'}, 'shortNameTranslation': {'ar': 'كاسيو', 'bn': 'ক্যাসিও', 'hi': 'कैसियो'}}}",6268870,40,,2397,"{'start': {'x': 27.4, 'y': 12}, 'block': {'x': 31.9, 'y': 9.7}, 'end': {'x': 50.9, 'y': 0}, 'goal': {'x': 50.9, 'y': 81}}",6,303,2397,shot,,13472618,12.0,27.4,90.85570978204947,4.469255606104929,8254.76,406.0573902900671,22.6,88.0,,0,1,40,0,0.037427563
"{'name': 'Pedro Raul', 'slug': 'pedro-raul', 'shortName': 'P. Raul', 'position': 'F', 'jerseyNumber': '18', 'userCount': 7093, 'gender': 'M', 'id': 866911, 'fieldTranslations': {'nameTranslation': {'ar': 'بيدرو راوول', 'bn': 'পেদ্রো রাউল', 'hi': 'पेड्रो राउल'}, 'shortNameTranslation': {'ar': 'ب. راوول', 'bn': 'পি. রাউল', 'hi': 'पी. राउल'}}}",True,right-foot,left,"{'x': 0, 'y': 69.9, 'z': 5.6}",,0.040161155164242,0.0,"{'name': 'Cássio', 'slug': 'cassio', 'shortName': 'Cássio', 'position': 'G', 'jerseyNumber': '1', 'userCount': 4585, 'gender': 'M', 'sofascoreId': 'rcassio12', 'id': 27756, 'fieldTranslations': {'nameTranslation': {'ar': 'كاسيو', 'bn': 'ক্যাসিও', 'hi': 'कैसियो'}, 'shortNameTranslation': {'ar': 'كاسيو', 'bn': 'ক্যাসিও', 'hi': 'कैसियो'}}}",6268869,37,,2209,"{'start': {'x': 67.3, 'y': 17.5}, 'end': {'x': 30.1, 'y': 0}, 'goal': {'x': 30.1, 'y': 94.4}}",9,491,2209,shot,,13472618,17.5,67.3,84.29436517348002,4.867026844198559,7105.540000000001,410.26293811400336,17.299999999999997,82.5,,0,1,37,0,0.021893196
"{'name': 'Walace', 'slug': 'walace', 'shortName': 'Walace', 'position': 'M', 'jerseyNumber': '5', 'userCount': 1456, 'gender': 'M', 'id': 553686, 'fieldTranslations': {'nameTranslation': {'ar': 'والاس', 'bn': 'ওয়ালেস', 'hi': 'वालेस'}, 'shortNameTranslation': {'ar': 'والاس', 'bn': 'ওয়ালেস', 'hi': 'वालेस'}}}",False,right-foot,low-centre,"{'x': 0, 'y': 50.2, 'z': 19}","{'x': 16.3, 'y': 47.1, 'z': 0}",0.026199707761407,0.0,"{'name': 'Bruno Ferreira', 'firstName': 'Bruno Ferreira', 'lastName': 'Ventura Diniz', 'slug': 'bruno-ferreira', 'shortName': 'B. Ferreira', 'position': 'G', 'jerseyNumber': '94', 'userCount': 352, 'gender': 'M', 'id': 1066241, 'fieldTranslations': {'nameTranslation': {'ar': 'برونو فيريرا'}, 'shortNameTranslation': {'ar': 'ب. فيريرا'}}}",6268814,33,,1964,"{'start': {'x': 46.2, 'y': 26.6}, 'block': {'x': 47.1, 'y': 16.3}, 'end': {'x': 49.8, 'y': 0}, 'goal': {'x': 49.8, 'y': 81}}",13,736,1964,shot,,13472618,26.6,46.2,73.49829930005184,5.694038808736648,5402.000000000001,418.5021685906368,3.799999999999997,73.4,,0,0,33,0,0.042480793
"{'name': 'Walace', 'slug': 'walace', 'shortName': 'Walace', 'position': 'M', 'jerseyNumber': '5', 'userCount': 1456, 'gender': 'M', 'id': 553686, 'fieldTranslations': {'nameTranslation': {'ar': 'والاس', 'bn': 'ওয়ালেস', 'hi': 'वालेस'}, 'shortNameTranslation': {'ar': 'والاس', 'bn': 'ওয়ালেস', 'hi': 'वालेस'}}}",False,right-foot,close-right,"{'x': 0, 'y': 40.8, 'z': 12.5}","{'x': 14.9, 'y': 54.7, 'z': 0}",0.020529504865408,0.0,"{'name': 'Bruno Ferreira', 'firstName': 'Bruno Ferreira', 'lastName': 'Ventura Diniz', 'slug': 'bruno-ferreira', 'shortName': 'B. Ferreira', 'position': 'G', 'jerseyNumber': '94', 'userCount': 352, 'gender': 'M', 'id': 1066241, 'fieldTranslations': {'nameTranslation': {'ar': 'برونو فيريرا'}, 'shortNameTranslation': {'ar': 'ب. فيريرا'}}}",6268811,31,,1856,"{'start': {'x': 48.5, 'y': 29.4}, 'block': {'x': 54.7, 'y': 14.9}, 'end': {'x': 59.2, 'y': 0}, 'goal': {'x': 59.2, 'y': 87.5}}",15,844,1856,shot,,13472618,29.4,48.5,70.61593304630335,5.9326028790808385,4986.609999999998,418.936287699479,1.5,70.6,,0,0,31,0,0.10099829
"{'name': 'Gabriel Barbosa', 'slug': 'gabriel-barbosa', 'shortName': 'G. Barbosa', 'position': 'F', 'jerseyNumber': '9', 'userCount': 37025, 'gender': 'M', 'sofascoreId': 'Gabigol', 'id': 358554, 'fieldTranslations': {'nameTranslation': {'ar': 'غابرييل باربوسا', 'bn': 'গ্যাব্রিয়েল বারবোসা', 'hi': 'गेब्रियल बारबोसा'}, 'shortNameTranslation': {'ar': 'غ. باربوسا', 'bn': 'জি. বারবোসা', 'hi': 'जी. बारबोसा'}}}",False,left-foot,close-high-left,"{'x': 0, 'y': 57.5, 'z': 56.9}",,0.024554692208767,0.0,"{'name': 'Bruno Ferreira', 'firstName': 'Bruno Ferreira', 'lastName': 'Ventura Diniz', 'slug': 'bruno-ferreira', 'shortName': 'B. Ferreira', 'position': 'G', 'jerseyNumber': '94', 'userCount': 352, 'gender': 'M', 'id': 1066241, 'fieldTranslations': {'nameTranslation': {'ar': 'برونو فيريرا'}, 'shortNameTranslation': {'ar': 'ب. فيريرا'}}}",6268781,23,,1376,"{'start': {'x': 36, 'y': 22.7}, 'end': {'x': 42.5, 'y': 0}, 'goal': {'x': 42.5, 'y': 43.1}}",23,1324,1376,shot,,13472618,22.7,36.0,78.55755851603332,5.250046066143009,6171.29,412.43080105289994,14.0,77.3,,0,0,23,0,0.027188735
"{'name': 'Lucas Mugni', 'firstName': '', 'lastName': '', 'slug': 'lucas-mugni', 'shortName': 'L. Mugni', 'position': 'M', 'jerseyNumber': '10', 'userCount': 607, 'gender': 'M', 'id': 249881, 'fieldTranslations': {'nameTranslation': {'ar': 'لوكاس موغني'}, 'shortNameTranslation': {'ar': 'ل. موغني'}}}",True,left-foot,low-left,"{'x': 0, 'y': 54.2, 'z': 19}","{'x': 14.7, 'y': 49.1, 'z': 0}",0.025021832436323,0.0,"{'name': 'Cássio', 'slug': 'cassio', 'shortName': 'Cássio', 'position': 'G', 'jerseyNumber': '1', 'userCount': 4585, 'gender': 'M', 'sofascoreId': 'rcassio12', 'id': 27756, 'fieldTranslations': {'nameTranslation': {'ar': 'كاسيو', 'bn': 'ক্যাসিও', 'hi': 'कैसियो'}, 'shortNameTranslation': {'ar': 'كاسيو', 'bn': 'ক্যাসিও', 'hi': 'कैसियो'}}}",6268807,23,,1338,"{'start': {'x': 51.5, 'y': 25.4}, 'block': {'x': 49.1, 'y': 14.7}, 'end': {'x': 45.8, 'y': 0}, 'goal': {'x': 45.8, 'y': 81}}",23,1362,1338,shot,,13472618,25.4,51.5,74.61507890500417,5.615286824766513,5567.409999999998,418.9850695041837,1.5,74.6,,0,1,23,0,0.13204005
"{'name': 'Christian', 'slug': 'christian', 'shortName': 'Christian', 'position': 'M', 'jerseyNumber': '88', 'userCount': 1765, 'gender': 'M', 'id': 981733, 'fieldTranslations': {'nameTranslation': {'ar': 'كريستيان'}, 'shortNameTranslation': {'ar': 'كريستيان'}}}",False,right-foot,high,"{'x': 0, 'y': 44.9, 'z': 72.2}",,0.085980407893658,0.0,"{'name': 'Bruno Ferreira', 'firstName': 'Bruno Ferreira', 'lastName': 'Ventura Diniz', 'slug': 'bruno-ferreira', 'shortName': 'B. Ferreira', 'position': 'G', 'jerseyNumber': '94', 'userCount': 352, 'gender': 'M', 'id': 1066241, 'fieldTranslations': {'nameTranslation': {'ar': 'برونو فيريرا'}, 'shortNameTranslation': {'ar': 'ب. فيريرا'}}}",6268780,21,,1244,"{'start': {'x': 59.5, 'y': 20.9}, 'end': {'x': 55.1, 'y': 0}, 'goal': {'x': 55.1, 'y': 27.8}}",25,1456,1244,shot,,13472618,20.9,59.5,79.66843791615347,5.223356498851983,6347.0599999999995,416.1366529427259,9.5,79.1,,0,0,21,0,0.03494824
"{'name': 'Gabriel Barbosa', 'slug': 'gabriel-barbosa', 'shortName': 'G. Barbosa', 'position': 'F', 'jerseyNumber': '9', 'userCount': 37025, 'gender': 'M', 'sofascoreId': 'Gabigol', 'id': 358554, 'fieldTranslations': {'nameTranslation': {'ar': 'غابرييل باربوسا', 'bn': 'গ্যাব্রিয়েল বারবোসা', 'hi': 'गेब्रियल बारबोसा'}, 'shortNameTranslation': {'ar': 'غ. باربوسا', 'bn': 'জি. বারবোসা', 'hi': 'जी. बारबोसा'}}}",False,left-foot,low-centre,"{'x': 0, 'y': 50.3, 'z': 18.4}","{'x': 2.3, 'y': 48.4, 'z': 0}",0.047376837581396,0.035929579287767,"{'name': 'Bruno Ferreira', 'firstName': 'Bruno Ferreira', 'lastName': 'Ventura Diniz', 'slug': 'bruno-ferreira', 'shortName': 'B. Ferreira', 'position': 'G', 'jerseyNumber': '94', 'userCount': 352, 'gender': 'M', 'id': 1066241, 'fieldTranslations': {'nameTranslation': {'ar': 'برونو فيريرا'}, 'shortNameTranslation': {'ar': 'ب. فيريرا'}}}",6268777,18,,1029,"{'start': {'x': 49.6, 'y': 18.1}, 'block': {'x': 48.4, 'y': 2.3}, 'end': {'x': 49.7, 'y': 0}, 'goal': {'x': 49.7, 'y': 81.6}}",28,1671,1029,shot,,13472618,18.1,49.6,81.90097679515185,5.117414913527068,6707.770000000001,419.12128008394444,0.3999999999999986,81.9,,0,0,18,0,0.08702215
"{'name': 'Fernandinho', 'firstName': '', 'lastName': '', 'slug': 'fernandinho', 'shortName': 'Fernandinho', 'position': 'M', 'jerseyNumber': '11', 'userCount': 371, 'gender': 'M', 'id': 871219, 'fieldTranslations': {'nameTranslation': {'ar': 'فيرناندينيو'}, 'shortNameTranslation': {'ar': 'فيرناندينيو'}}}",True,right-foot,low-centre,"{'x': 0, 'y': 51.1, 'z': 18.4}","{'x': 1.2, 'y': 52.5, 'z': 0}",0.17811225354671,0.47004124522209,"{'name': 'Cássio', 'slug': 'cassio', 'shortName': 'Cássio', 'position': 'G', 'jerseyNumber': '1', 'userCount': 4585, 'gender': 'M', 'sofascoreId': 'rcassio12', 'id': 27756, 'fieldTranslations': {'nameTranslation': {'ar': 'كاسيو', 'bn': 'ক্যাসিও', 'hi': 'कैसियो'}, 'shortNameTranslation': {'ar': 'كاسيو', 'bn': 'ক্যাসিও', 'hi': 'कैसियो'}}}",6268776,16,,923,"{'start': {'x': 61.3, 'y': 11.6}, 'block': {'x': 52.5, 'y': 1.2}, 'end': {'x': 48.9, 'y': 0}, 'goal': {'x': 48.9, 'y': 81.6}}",30,1777,923,shot,,13472618,11.6,61.3,89.11930206189903,4.665670915450624,7942.250000000002,415.80133563546116,11.299999999999997,88.4,,0,1,16,0,0.09257624
"{'name': 'Matheus Pereira', 'slug': 'matheus-pereira', 'shortName': 'M. Pereira', 'position': 'M', 'jerseyNumber': '10', 'userCount': 14142, 'gender': 'M', 'sofascoreId': 'matheus_pereira', 'id': 377238, 'fieldTranslations': {'nameTranslation': {'ar': 'ماثيوس بيريرا', 'bn': 'ম্যাথিউস পেরেইরা', 'hi': 'मैथियस परेरा'}, 'shortNameTranslation': {'ar': 'م. بيريرا', 'bn': 'এম. পেরেইরা', 'hi': 'एम. परेरा'}}}",False,left-foot,close-right,"{'x': 0, 'y': 40.8, 'z': 4.2}",,0.061414547264576,0.0,"{'name': 'Bruno Ferreira', 'firstName': 'Bruno Ferreira', 'lastName': 'Ventura Diniz', 'slug': 'bruno-ferreira', 'shortName': 'B. Ferreira', 'position': 'G', 'jerseyNumber': '94', 'userCount': 352, 'gender': 'M', 'id': 1066241, 'fieldTranslations': {'nameTranslation': {'ar': 'برونو فيريرا'}, 'shortNameTranslation': {'ar': 'ب. فيريرا'}}}",6268770,10,,565,"{'start': {'x': 43.9, 'y': 26.1}, 'end': {'x': 59.2, 'y': 0}, 'goal': {'x': 59.2, 'y': 95.8}}",36,2135,565,shot,,13472618,26.1,43.9,74.15133174798684,5.632451244431209,5498.420000000002,417.65376078017994,6.100000000000001,73.9,,0,0,10,0,0.020311877
"{'name': 'Matheus Pereira', 'slug': 'matheus-pereira', 'shortName': 'M. Pereira', 'position': 'M', 'jerseyNumber': '10', 'userCount': 14142, 'gender': 'M', 'sofascoreId': 'matheus_pereira', 'id': 377238, 'fieldTranslations': {'nameTranslation': {'ar': 'ماثيوس بيريرا', 'bn': 'ম্যাথিউস পেরেইরা', 'hi': 'मैथियस परेरा'}, 'shortNameTranslation': {'ar': 'م. بيريرا', 'bn': 'এম. পেরেইরা', 'hi': 'एम. परेरा'}}}",False,left-foot,low-centre,"{'x': 0, 'y': 50.2, 'z': 3.2}","{'x': 1, 'y': 47.8, 'z': 0}",0.18278536200523,0.18327099084854,"{'name': 'Bruno Ferreira', 'firstName': 'Bruno Ferreira', 'lastName': 'Ventura Diniz', 'slug': 'bruno-ferreira', 'shortName': 'B. Ferreira', 'position': 'G', 'jerseyNumber': '94', 'userCount': 352, 'gender': 'M', 'id': 1066241, 'fieldTranslations': {'nameTranslation': {'ar': 'برونو فيريرا'}, 'shortNameTranslation': {'ar': 'ب. فيريرا'}}}",6268769,9,,507,"{'start': {'x': 45.1, 'y': 13.5}, 'block': {'x': 47.8, 'y': 1}, 'end': {'x': 49.8, 'y': 0}, 'goal': {'x': 49.8, 'y': 96.8}}",37,2193,507,shot,,13472618,13.5,45.1,86.63867496678374,4.8302695627702965,7506.259999999999,418.48815465080435,4.899999999999999,86.5,,0,0,9,0,0.12254617
"{'name': 'Jordan Barrera', 'firstName': 'Jordan Andres', 'lastName': 'Barrera Herrera', 'slug': 'jordan-andres-barrera-herrera', 'shortName': 'J. Barrera', 'position': 'M', 'jerseyNumber': '14', 'userCount': 2295, 'gender': 'M', 'id': 1899902, 'fieldTranslations': {'nameTranslation': {'ar': 'جوردان باريرا'}, 'shortNameTranslation': {'ar': 'ج. باريرا'}}}",False,right-foot,close-right,"{'x': 0, 'y': 43, 'z': 22.2}",,0.07212982326746,0.0,"{'name': 'Hugo Souza', 'slug': 'hugo-souza', 'shortName': 'H. Souza', 'position': 'G', 'jerseyNumber': '1', 'userCount': 25726, 'gender': 'M', 'sofascoreId': 'hugosouza', 'id': 950454, 'fieldTranslations': {'nameTranslation': {'ar': 'هوغو سوزا', 'bn': 'হুগো সুজা', 'hi': 'ह्यूगो सूज़ा'}, 'shortNameTranslation': {'ar': 'ه. سوزا', 'bn': 'এইচ. সুজা', 'hi': 'एच. सूज़ा'}}}",6276215,90,6.0,5736,"{'start': {'x': 55.8, 'y': 11.4}, 'end': {'x': 57, 'y': 0}, 'goal': {'x': 57, 'y': 77.8}}",1,564,336,shot,,13472611,11.4,55.8,88.78963903519374,4.7108713379493725,7883.6,418.276565637765,5.799999999999997,88.6,,0,0,90,0,0.05718414
"{'name': 'Gustavo Henrique', 'slug': 'gustavo-henrique', 'shortName': 'G. Henrique', 'position': 'D', 'jerseyNumber': '13', 'userCount': 5461, 'gender': 'M', 'id': 243181, 'fieldTranslations': {'nameTranslation': {'ar': 'غوستافو هنريك', 'bn': 'গুস্তাভো হেনরিক', 'hi': 'गुस्तावो हेनरिक'}, 'shortNameTranslation': {'ar': 'غ. هنريك', 'bn': 'গুস্তাভো হেনরিক', 'hi': 'गुस्तावो हेनरिक'}}}",True,right-foot,low-right,"{'x': 0, 'y': 47.3, 'z': 6.3}",,0.69055908918381,0.83046293258667,"{'name': 'Léo Linck', 'slug': 'leo-linck', 'shortName': 'L. Linck', 'position': 'G', 'jerseyNumber': '24', 'userCount': 1042, 'gender': 'M', 'id': 1119887, 'fieldTranslations': {'nameTranslation': {'ar': 'ليو لينك'}, 'shortNameTranslation': {'ar': 'ل. لينك'}}}",6276132,82,,4877,"{'start': {'x': 50, 'y': 6.7}, 'end': {'x': 52.7, 'y': 0}, 'goal': {'x': 52.7, 'y': 93.7}}",9,523,2177,shot,regular,13472611,6.7,50.0,93.3,4.492927859817354,8704.89,419.1901693209591,0.0,93.3,,0,1,82,1,0.50155205
"{'name': 'André Luiz', 'firstName': 'André Luiz', 'slug': 'andre-luiz', 'shortName': 'A. Luiz', 'position': 'M', 'jerseyNumber': '49', 'userCount': 2401, 'gender': 'M', 'id': 1647612, 'fieldTranslations': {'nameTranslation': {'ar': 'أندريه لويز'}, 'shortNameTranslation': {'ar': 'أ. لويز'}}}",True,right-foot,low-centre,"{'x': 0, 'y': 50.2, 'z': 19}","{'x': 12.1, 'y': 45.3, 'z': 0}",0.03088597021997,0.0,"{'name': 'Léo Linck', 'slug': 'leo-linck', 'shortName': 'L. Linck', 'position': 'G', 'jerseyNumber': '24', 'userCount': 1042, 'gender': 'M', 'id': 1119887, 'fieldTranslations': {'nameTranslation': {'ar': 'ليو لينك'}, 'shortNameTranslation': {'ar': 'ل. لينك'}}}",6276127,81,,4817,"{'start': {'x': 44.1, 'y': 15.4}, 'block': {'x': 45.3, 'y': 12.1}, 'end': {'x': 49.8, 'y': 0}, 'goal': {'x': 49.8, 'y': 81}}",10,583,2117,shot,,13472611,15.4,44.1,84.80548331328582,4.930511739493194,7191.969999999999,418.1344310495499,5.899999999999999,84.6,,0,1,81,0,0.014242777
"{'name': 'João Pedro Tchoca', 'slug': 'joao-pedro', 'shortName': 'J. Pedro', 'position': 'D', 'jerseyNumber': '4', 'userCount': 3436, 'gender': 'M', 'id': 1411150, 'fieldTranslations': {'nameTranslation': {'ar': 'جواو بيدرو تشوكا', 'bn': 'জোয়াও পেদ্রো চোকা', 'hi': 'जोआओ पेड्रो चोका'}, 'shortNameTranslation': {'ar': 'ج. بيدرو', 'bn': 'জে. পেড্রো', 'hi': 'जे. पेड्रो'}}}",True,head,right,"{'x': 0, 'y': 38.7, 'z': 15.3}","{'x': 7, 'y': 51.8, 'z': 0}",0.026510549709201,0.0,"{'name': 'Léo Linck', 'slug': 'leo-linck', 'shortName': 'L. Linck', 'position': 'G', 'jerseyNumber': '24', 'userCount': 1042, 'gender': 'M', 'id': 1119887, 'fieldTranslations': {'nameTranslation': {'ar': 'ليو لينك'}, 'shortNameTranslation': {'ar': 'ل. لينك'}}}",6276125,81,,4815,"{'start': {'x': 47.7, 'y': 11.2}, 'block': {'x': 51.8, 'y': 7}, 'end': {'x': 61.3, 'y': 0}, 'goal': {'x': 61.3, 'y': 84.7}}",10,585,2115,shot,,13472611,11.2,47.7,88.82978104217077,4.717203105798671,7890.7300000000005,419.0281190195438,2.299999999999997,88.8,,0,1,81,0,0.30521324
"{'name': 'João Pedro Tchoca', 'slug': 'joao-pedro', 'shortName': 'J. Pedro', 'position': 'D', 'jerseyNumber': '4', 'userCount': 3436, 'gender': 'M', 'id': 1411150, 'fieldTranslations': {'nameTranslation': {'ar': 'جواو بيدرو تشوكا', 'bn': 'জোয়াও পেদ্রো চোকা', 'hi': 'जोआओ पेड्रो चोका'}, 'shortNameTranslation': {'ar': 'ج. بيدرو', 'bn': 'জে. পেড্রো', 'hi': 'जे. पेड्रो'}}}",True,head,right,"{'x': 0, 'y': 32.9, 'z': 12.5}","{'x': 5.1, 'y': 54.3, 'z': 0}",0.013970384374261,0.0,"{'name': 'Léo Linck', 'slug': 'leo-linck', 'shortName': 'L. Linck', 'position': 'G', 'jerseyNumber': '24', 'userCount': 1042, 'gender': 'M', 'id': 1119887, 'fieldTranslations': {'nameTranslation': {'ar': 'ليو لينك'}, 'shortNameTranslation': {'ar': 'ل. لينك'}}}",6276124,80,,4789,"{'start': {'x': 40.1, 'y': 9.2}, 'block': {'x': 54.3, 'y': 5.1}, 'end': {'x': 67.1, 'y': 0}, 'goal': {'x': 67.1, 'y': 87.5}}",11,611,2089,shot,,13472611,9.2,40.1,91.33810814769484,4.562408334002738,8342.649999999998,416.7217458250863,9.899999999999999,90.8,,0,1,80,0,0.1006971
"{'name': 'Arthur Cabral', 'slug': 'arthur-cabral', 'shortName': 'A. Cabral', 'position': 'F', 'jerseyNumber': '19', 'userCount': 4955, 'gender': 'M', 'sofascoreId': 'arthurcabral9', 'id': 870762, 'fieldTranslations': {'nameTranslation': {'ar': 'أرثر كابرال', 'bn': 'আর্থার ক্যাব্রাল', 'hi': 'आर्थर कैब्राल'}, 'shortNameTranslation': {'ar': 'أ. كابرال', 'bn': 'এ. ক্যাব্রাল', 'hi': 'ए. कैब्राल'}}}",False,left-foot,close-high-left,"{'x': 0, 'y': 59.2, 'z': 50}",,0.073725126683712,0.0,"{'name': 'Hugo Souza', 'slug': 'hugo-souza', 'shortName': 'H. Souza', 'position': 'G', 'jerseyNumber': '1', 'userCount': 25726, 'gender': 'M', 'sofascoreId': 'hugosouza', 'id': 950454, 'fieldTranslations': {'nameTranslation': {'ar': 'هوغو سوزا', 'bn': 'হুগো সুজা', 'hi': 'ह्यूगो सूज़ा'}, 'shortNameTranslation': {'ar': 'ه. سوزا', 'bn': 'এইচ. সুজা', 'hi': 'एच. सूज़ा'}}}",6276097,77,,4583,"{'start': {'x': 30.9, 'y': 11.7}, 'end': {'x': 40.8, 'y': 0}, 'goal': {'x': 40.8, 'y': 50}}",14,817,1883,shot,,13472611,11.7,30.9,90.34212749321327,4.53543287228247,8161.700000000001,409.7406547846534,19.1,88.3,,0,0,77,0,0.012856986
"{'name': 'João Pedro Tchoca', 'slug': 'joao-pedro', 'shortName': 'J. Pedro', 'position': 'D', 'jerseyNumber': '4', 'userCount': 3436, 'gender': 'M', 'id': 1411150, 'fieldTranslations': {'nameTranslation': {'ar': 'جواو بيدرو تشوكا', 'bn': 'জোয়াও পেদ্রো চোকা', 'hi': 'जोआओ पेड्रो चोका'}, 'shortNameTranslation': {'ar': 'ج. بيدرو', 'bn': 'জে. পেড্রো', 'hi': 'जे. पेड्रो'}}}",True,right-foot,low-centre,"{'x': 0, 'y': 50.6, 'z': 9.7}","{'x': 1.2, 'y': 49.6, 'z': 0}",0.26718103885651,0.0,"{'name': 'Léo Linck', 'slug': 'leo-linck', 'shortName': 'L. Linck', 'position': 'G', 'jerseyNumber': '24', 'userCount': 1042, 'gender': 'M', 'id': 1119887, 'fieldTranslations': {'nameTranslation': {'ar': 'ليو لينك'}, 'shortNameTranslation': {'ar': 'ل. لينك'}}}",6276086,72,,4309,"{'start': {'x': 50, 'y': 7.2}, 'block': {'x': 49.6, 'y': 1.2}, 'end': {'x': 49.4, 'y': 0}, 'goal': {'x': 49.4, 'y': 90.3}}",19,1091,1609,shot,,13472611,7.2,50.0,92.8,4.5171104430782485,8611.84,419.1878491176615,0.0,92.8,,0,1,72,0,0.23868698
"{'name': 'Arthur Cabral', 'slug': 'arthur-cabral', 'shortName': 'A. Cabral', 'position': 'F', 'jerseyNumber': '19', 'userCount': 4955, 'gender': 'M', 'sofascoreId': 'arthurcabral9', 'id': 870762, 'fieldTranslations': {'nameTranslation': {'ar': 'أرثر كابرال', 'bn': 'আর্থার ক্যাব্রাল', 'hi': 'आर्थर कैब्राल'}, 'shortNameTranslation': {'ar': 'أ. كابرال', 'bn': 'এ. ক্যাব্রাল', 'hi': 'ए. कैब्राल'}}}",False,head,right,"{'x': 0, 'y': 38.7, 'z': 27.8}",,0.063152469694614,0.0,"{'name': 'Hugo Souza', 'slug': 'hugo-souza', 'shortName': 'H. Souza', 'position': 'G', 'jerseyNumber': '1', 'userCount': 25726, 'gender': 'M', 'sofascoreId': 'hugosouza', 'id': 950454, 'fieldTranslations': {'nameTranslation': {'ar': 'هوغو سوزا', 'bn': 'হুগো সুজা', 'hi': 'ह्यूगो सूज़ा'}, 'shortNameTranslation': {'ar': 'ه. سوزا', 'bn': 'এইচ. সুজা', 'hi': 'एच. सूज़ा'}}}",6276081,71,,4213,"{'start': {'x': 51.2, 'y': 9.5}, 'end': {'x': 61.3, 'y': 0}, 'goal': {'x': 61.3, 'y': 72.2}}",20,1187,1513,shot,,13472611,9.5,51.2,90.50795545144084,4.630974486517338,8191.689999999999,419.1400325224703,1.2000000000000028,90.5,,0,0,71,0,0.14378592
"{'name': 'Jordan Barrera', 'firstName': 'Jordan Andres', 'lastName': 'Barrera Herrera', 'slug': 'jordan-andres-barrera-herrera', 'shortName': 'J. Barrera', 'position': 'M', 'jerseyNumber': '14', 'userCount': 2295, 'gender': 'M', 'id': 1899902, 'fieldTranslations': {'nameTranslation': {'ar': 'جوردان باريرا'}, 'shortNameTranslation': {'ar': 'ج. باريرا'}}}",False,right-foot,low-right,"{'x': 0, 'y': 46.2, 'z': 7}",,0.055566441267729,0.57177495956421,"{'name': 'Hugo Souza', 'slug': 'hugo-souza', 'shortName': 'H. Souza', 'position': 'G', 'jerseyNumber': '1', 'userCount': 25726, 'gender': 'M', 'sofascoreId': 'hugosouza', 'id': 950454, 'fieldTranslations': {'nameTranslation': {'ar': 'هوغو سوزا', 'bn': 'হুগো সুজা', 'hi': 'ह्यूगो सूज़ा'}, 'shortNameTranslation': {'ar': 'ه. سوزا', 'bn': 'এইচ. সুজা', 'hi': 'एच. सूज़ा'}}}",6275924,66,,3948,"{'start': {'x': 46, 'y': 9.6}, 'end': {'x': 53.8, 'y': 0}, 'goal': {'x': 53.8, 'y': 93}}",25,1452,1248,shot,regular,13472611,9.6,46.0,90.4884523019374,4.62786846523692,8188.16,418.7686548762313,4.0,90.4,,0,0,66,1,0.42401403
"{'name': 'Marçal', 'slug': 'marcal', 'shortName': 'Marçal', 'position': 'D', 'jerseyNumber': '21', 'userCount': 1065, 'gender': 'M', 'id': 143593, 'fieldTranslations': {'nameTranslation': {'ar': 'مارسال', 'bn': 'মার্চাল', 'hi': 'मार्शल'}, 'shortNameTranslation': {'ar': 'مارسال', 'bn': 'মার্চাল', 'hi': 'मार्शल'}}}",False,head,low-centre,"{'x': 0, 'y': 50.1, 'z': 19}","{'x': 6.8, 'y': 50.7, 'z': 0}",0.072347886860371,0.0,"{'name': 'Hugo Souza', 'slug': 'hugo-souza', 'shortName': 'H. Souza', 'position': 'G', 'jerseyNumber': '1', 'userCount': 25726, 'gender': 'M', 'sofascoreId': 'hugosouza', 'id': 950454, 'fieldTranslations': {'nameTranslation': {'ar': 'هوغو سوزا', 'bn': 'হুগো সুজা', 'hi': 'ह्यूगो सूज़ा'}, 'shortNameTranslation': {'ar': 'ه. سوزا', 'bn': 'এইচ. সুজা', 'hi': 'एच. सूज़ा'}}}",6275927,66,,3944,"{'start': {'x': 50.9, 'y': 8.3}, 'block': {'x': 50.7, 'y': 6.8}, 'end': {'x': 49.9, 'y': 0}, 'goal': {'x': 49.9, 'y': 81}}",25,1456,1244,shot,,13472611,8.3,50.9,91.70441646943729,4.570799814406357,8409.7,419.1625297787472,0.8999999999999986,91.7,,0,0,66,0,0.3159702
"{'name': 'Cuiabano', 'firstName': 'Cuiabano', 'lastName': '', 'slug': 'cuiabano', 'shortName': 'Cuiabano', 'position': 'D', 'jerseyNumber': '6', 'userCount': 2707, 'gender': 'M', 'id': 1160554, 'fieldTranslations': {'nameTranslation': {'ar': 'كويابانو', 'bn': 'কুইয়াবানো', 'hi': 'क्युइबानो'}, 'shortNameTranslation': {'ar': 'كويابانو', 'bn': 'কুইয়াবানো', 'hi': 'क्युइबानो'}}}",False,left-foot,low-left,"{'x': 0, 'y': 53.7, 'z': 14.6}",,0.080011546611786,0.5839855670929,"{'name': 'Hugo Souza', 'slug': 'hugo-souza', 'shortName': 'H. Souza', 'position': 'G', 'jerseyNumber': '1', 'userCount': 25726, 'gender': 'M', 'sofascoreId': 'hugosouza', 'id': 950454, 'fieldTranslations': {'nameTranslation': {'ar': 'هوغو سوزا', 'bn': 'হুগো সুজা', 'hi': 'ह्यूगो सूज़ा'}, 'shortNameTranslation': {'ar': 'ه. سوزا', 'bn': 'এইচ. সুজা', 'hi': 'एच. सूज़ा'}}}",6275874,60,,3573,"{'start': {'x': 38.5, 'y': 11.1}, 'end': {'x': 46.3, 'y': 0}, 'goal': {'x': 46.3, 'y': 85.4}}",31,1827,873,shot,regular,13472611,11.1,38.5,89.64072735090897,4.637665518814733,8035.46,415.72371031678324,11.5,88.9,,0,0,60,1,0.022067327
"{'name': 'Artur', 'slug': 'artur', 'shortName': 'Artur', 'position': 'M', 'jerseyNumber': '7', 'userCount': 3071, 'gender': 'M', 'id': 841128, 'fieldTranslations': {'nameTranslation': {'ar': 'أرثور'}, 'shortNameTranslation': {'ar': 'أرثور'}}}",False,left-foot,high-left,"{'x': 0, 'y': 59.3, 'z': 95.8}",,0.035784356296062,0.0,"{'name': 'Hugo Souza', 'slug': 'hugo-souza', 'shortName': 'H. Souza', 'position': 'G', 'jerseyNumber': '1', 'userCount': 25726, 'gender': 'M', 'sofascoreId': 'hugosouza', 'id': 950454, 'fieldTranslations': {'nameTranslation': {'ar': 'هوغو سوزا', 'bn': 'হুগো সুজা', 'hi': 'ह्यूगो सूज़ा'}, 'shortNameTranslation': {'ar': 'ه. سوزا', 'bn': 'এইচ. সুজা', 'hi': 'एच. सूज़ा'}}}",6275733,57,,3410,"{'start': {'x': 30.6, 'y': 24.8}, 'end': {'x': 40.7, 'y': 0}, 'goal': {'x': 40.7, 'y': 4.2}}",34,1990,710,shot,,13472611,24.8,30.6,77.66208856321082,5.226274565507609,6031.400000000001,405.88339816210805,19.4,75.2,,0,0,57,0,0.017078033
"{'name': 'Raniele', 'firstName': '', 'lastName': '', 'slug': 'raniele', 'shortName': 'Raniele', 'position': 'M', 'jerseyNumber': '14', 'userCount': 6199, 'gender': 'M', 'sofascoreId': 'R14niele', 'id': 866392, 'fieldTranslations': {'nameTranslation': {'ar': 'رانيل', 'bn': 'রানিয়েল', 'hi': 'रानीले'}, 'shortNameTranslation': {'ar': 'رانيل', 'bn': 'রানিয়েল', 'hi': 'रानीले'}}}",True,right-foot,high,"{'x': 0, 'y': 52.1, 'z': 61.1}",,0.028173059225082,0.0,"{'name': 'Léo Linck', 'slug': 'leo-linck', 'shortName': 'L. Linck', 'position': 'G', 'jerseyNumber': '24', 'userCount': 1042, 'gender': 'M', 'id': 1119887, 'fieldTranslations': {'nameTranslation': {'ar': 'ليو لينك'}, 'shortNameTranslation': {'ar': 'ل. لينك'}}}",6275720,51,,3021,"{'start': {'x': 55, 'y': 25.6}, 'end': {'x': 47.9, 'y': 0}, 'goal': {'x': 47.9, 'y': 38.9}}",40,2379,321,shot,,13472611,25.6,55.0,74.56782147816845,5.607400755518387,5560.360000000001,418.131658494042,5.0,74.4,,0,1,51,0,0.062155474
"{'name': 'Joaquín Correa', 'slug': 'joaquin-correa', 'shortName': 'J. Correa', 'position': 'F', 'jerseyNumber': '30', 'userCount': 5660, 'gender': 'M', 'sofascoreId': 'tucocorrea', 'id': 249929, 'fieldTranslations': {'nameTranslation': {'ar': 'خواكين كوريا', 'bn': 'জোয়াকুইন কোরেয়া', 'hi': 'जोआक्विन कोरिया'}, 'shortNameTranslation': {'ar': 'خ. كوريا', 'bn': 'জে. কোরেয়া', 'hi': 'जे. कोरिया'}}}",False,head,high,"{'x': 0, 'y': 44.9, 'z': 70.8}",,0.18481686711311,0.0,"{'name': 'Hugo Souza', 'slug': 'hugo-souza', 'shortName': 'H. Souza', 'position': 'G', 'jerseyNumber': '1', 'userCount': 25726, 'gender': 'M', 'sofascoreId': 'hugosouza', 'id': 950454, 'fieldTranslations': {'nameTranslation': {'ar': 'هوغو سوزا', 'bn': 'হুগো সুজা', 'hi': 'ह्यूगो सूज़ा'}, 'shortNameTranslation': {'ar': 'ه. سوزا', 'bn': 'এইচ. সুজা', 'hi': 'एच. सूज़ा'}}}",6275595,39,,2302,"{'start': {'x': 55.4, 'y': 2.9}, 'end': {'x': 55.1, 'y': 0}, 'goal': {'x': 55.1, 'y': 29.2}}",7,398,2302,shot,,13472611,2.9,55.4,97.25003856040365,4.303987337513311,9457.569999999998,418.56293453665853,5.399999999999999,97.1,,0,0,39,0,0.1004631
"{'name': 'João Pedro Tchoca', 'slug': 'joao-pedro', 'shortName': 'J. Pedro', 'position': 'D', 'jerseyNumber': '4', 'userCount': 3436, 'gender': 'M', 'id': 1411150, 'fieldTranslations': {'nameTranslation': {'ar': 'جواو بيدرو تشوكا', 'bn': 'জোয়াও পেদ্রো চোকা', 'hi': 'जोआओ पेड्रो चोका'}, 'shortNameTranslation': {'ar': 'ج. بيدرو', 'bn': 'জে. পেড্রো', 'hi': 'जे. पेड्रो'}}}",True,left-foot,low-centre,"{'x': 0, 'y': 50.2, 'z': 19}","{'x': 5.9, 'y': 47.7, 'z': 0}",0.1191489174962,0.0,"{'name': 'Léo Linck', 'slug': 'leo-linck', 'shortName': 'L. Linck', 'position': 'G', 'jerseyNumber': '24', 'userCount': 1042, 'gender': 'M', 'id': 1119887, 'fieldTranslations': {'nameTranslation': {'ar': 'ليو لينك'}, 'shortNameTranslation': {'ar': 'ل. لينك'}}}",6275568,34,,2009,"{'start': {'x': 47, 'y': 7.7}, 'block': {'x': 47.7, 'y': 5.9}, 'end': {'x': 49.8, 'y': 0}, 'goal': {'x': 49.8, 'y': 81}}",12,691,2009,shot,,13472611,7.7,47.0,92.34874119336982,4.5367743733862955,8528.289999999999,418.96540246056355,3.0,92.3,,0,1,34,0,0.21118118
"{'name': 'Yuri Alberto', 'slug': 'yuri-alberto', 'shortName': 'Y. Alberto', 'position': 'F', 'jerseyNumber': '9', 'userCount': 45117, 'gender': 'M', 'sofascoreId': 'yurialberto', 'id': 905463, 'fieldTranslations': {'nameTranslation': {'ar': 'يوري ألبيرتو', 'bn': 'ইউরি আলবার্তো', 'hi': 'यूरी अल्बर्टो'}, 'shortNameTranslation': {'ar': 'يوري ألبرتو', 'bn': 'ইউরি আলবার্তো', 'hi': 'यूरी अल्बर्टो'}}}",True,left-foot,right,"{'x': 0, 'y': 38.8, 'z': 5.6}","{'x': 3.2, 'y': 49.8, 'z': 0}",0.41780745983124,0.0,"{'name': 'Léo Linck', 'slug': 'leo-linck', 'shortName': 'L. Linck', 'position': 'G', 'jerseyNumber': '24', 'userCount': 1042, 'gender': 'M', 'id': 1119887, 'fieldTranslations': {'nameTranslation': {'ar': 'ليو لينك'}, 'shortNameTranslation': {'ar': 'ل. لينك'}}}",6275679,34,,2007,"{'start': {'x': 47.1, 'y': 4.2}, 'block': {'x': 49.8, 'y': 3.2}, 'end': {'x': 61.2, 'y': 0}, 'goal': {'x': 61.2, 'y': 94.4}}",12,693,2007,shot,,13472611,4.2,47.1,95.84388347724648,4.37179932120295,9186.050000000001,419.0102247272808,2.8999999999999986,95.8,,0,1,34,0,0.42053512
"{'name': 'Matheuzinho', 'slug': 'matheuzinho', 'shortName': 'Matheuzinho', 'position': 'D', 'jerseyNumber': '2', 'userCount': 7300, 'gender': 'M', 'sofascoreId': 'mateuzinhoo', 'id': 931540, 'fieldTranslations': {'nameTranslation': {'ar': 'ماثيوزينهو'}, 'shortNameTranslation': {'ar': 'ماثيوزينهو'}}}",True,right-foot,low-left,"{'x': 0, 'y': 53.5, 'z': 1.9}","{'x': 1.1, 'y': 48.9, 'z': 0}",0.012867617420852,0.058832388371229,"{'name': 'Léo Linck', 'slug': 'leo-linck', 'shortName': 'L. Linck', 'position': 'G', 'jerseyNumber': '24', 'userCount': 1042, 'gender': 'M', 'id': 1119887, 'fieldTranslations': {'nameTranslation': {'ar': 'ليو لينك'}, 'shortNameTranslation': {'ar': 'ل. لينك'}}}",6275584,34,,2003,"{'start': {'x': 25.4, 'y': 21.1}, 'block': {'x': 48.9, 'y': 1.1}, 'end': {'x': 46.5, 'y': 0}, 'goal': {'x': 46.5, 'y': 98.1}}",12,697,2003,shot,,13472611,21.1,25.4,82.64605253731119,4.842651038449342,6830.370000000002,400.225992143549,24.6,78.9,,0,1,34,0,0.02107662
"{'name': 'Raniele', 'firstName': '', 'lastName': '', 'slug': 'raniele', 'shortName': 'Raniele', 'position': 'M', 'jerseyNumber': '14', 'userCount': 6199, 'gender': 'M', 'sofascoreId': 'R14niele', 'id': 866392, 'fieldTranslations': {'nameTranslation': {'ar': 'رانيل', 'bn': 'রানিয়েল', 'hi': 'रानीले'}, 'shortNameTranslation': {'ar': 'رانيل', 'bn': 'রানিয়েল', 'hi': 'रानीले'}}}",True,head,low-left,"{'x': 0, 'y': 52.4, 'z': 19}","{'x': 1.4, 'y': 43.5, 'z': 0}",0.053713999688625,0.0,"{'name': 'Léo Linck', 'slug': 'leo-linck', 'shortName': 'L. Linck', 'position': 'G', 'jerseyNumber': '24', 'userCount': 1042, 'gender': 'M', 'id': 1119887, 'fieldTranslations': {'nameTranslation': {'ar': 'ليو لينك'}, 'shortNameTranslation': {'ar': 'ل. لينك'}}}",6275521,17,,1010,"{'start': {'x': 39.2, 'y': 2.8}, 'block': {'x': 43.5, 'y': 1.4}, 'end': {'x': 47.6, 'y': 0}, 'goal': {'x': 47.6, 'y': 81}}",29,1690,1010,shot,,13472611,2.8,39.2,97.79815949188409,4.260355668082697,9564.479999999998,416.65494311930405,10.799999999999997,97.2,,0,1,17,0,0.19855165
"{'name': 'Matheuzinho', 'slug': 'matheuzinho', 'shortName': 'Matheuzinho', 'position': 'D', 'jerseyNumber': '2', 'userCount': 7300, 'gender': 'M', 'sofascoreId': 'mateuzinhoo', 'id': 931540, 'fieldTranslations': {'nameTranslation': {'ar': 'ماثيوزينهو'}, 'shortNameTranslation': {'ar': 'ماثيوزينهو'}}}",True,right-foot,high-right,"{'x': 0, 'y': 47.2, 'z': 27.8}","{'x': 1.1, 'y': 52.5, 'z': 0}",0.033540744334459,0.11370947211981,"{'name': 'Léo Linck', 'slug': 'leo-linck', 'shortName': 'L. Linck', 'position': 'G', 'jerseyNumber': '24', 'userCount': 1042, 'gender': 'M', 'id': 1119887, 'fieldTranslations': {'nameTranslation': {'ar': 'ليو لينك'}, 'shortNameTranslation': {'ar': 'ل. لينك'}}}",6275514,17,,964,"{'start': {'x': 71.6, 'y': 19.2}, 'block': {'x': 52.5, 'y': 1.1}, 'end': {'x': 52.8, 'y': 0}, 'goal': {'x': 52.8, 'y': 72.2}}",29,1736,964,shot,,13472611,19.2,71.6,83.6373122475848,4.842188768686653,6995.199999999999,404.9876540083938,21.599999999999994,80.8,,0,1,17,0,0.026520988
"{'name': 'Breno Bidon', 'slug': 'breno-bidon', 'shortName': 'B. Bidon', 'position': 'M', 'jerseyNumber': '7', 'userCount': 10006, 'gender': 'M', 'sofascoreId': 'BrenoBidon', 'id': 1199261, 'fieldTranslations': {'nameTranslation': {'ar': 'برينو بيدون', 'bn': 'ব্রেনো বিডন', 'hi': 'ब्रेनो बिडॉन'}, 'shortNameTranslation': {'ar': 'ب. بيدون', 'bn': 'বি. বিডন', 'hi': 'बी. बिडॉन'}}}",True,left-foot,low-left,"{'x': 0, 'y': 51.9, 'z': 15.2}","{'x': 2.3, 'y': 52.5, 'z': 0}",0.040193412452936,0.18313339352608,"{'name': 'Léo Linck', 'slug': 'leo-linck', 'shortName': 'L. Linck', 'position': 'G', 'jerseyNumber': '24', 'userCount': 1042, 'gender': 'M', 'id': 1119887, 'fieldTranslations': {'nameTranslation': {'ar': 'ليو لينك'}, 'shortNameTranslation': {'ar': 'ل. لينك'}}}",6275508,16,,919,"{'start': {'x': 67, 'y': 14.7}, 'block': {'x': 52.5, 'y': 2.3}, 'end': {'x': 48.1, 'y': 0}, 'goal': {'x': 48.1, 'y': 84.8}}",30,1781,919,shot,,13472611,14.7,67.0,86.97752583282649,4.726629686536575,7565.089999999999,411.11055566293953,17.0,85.3,,0,1,16,0,0.033660516
"{'name': 'Raniele', 'firstName': '', 'lastName': '', 'slug': 'raniele', 'shortName': 'Raniele', 'position': 'M', 'jerseyNumber': '14', 'userCount': 6199, 'gender': 'M', 'sofascoreId': 'R14niele', 'id': 866392, 'fieldTranslations': {'nameTranslation': {'ar': 'رانيل', 'bn': 'রানিয়েল', 'hi': 'रानीले'}, 'shortNameTranslation': {'ar': 'رانيل', 'bn': 'রানিয়েল', 'hi': 'रानीले'}}}",True,right-foot,low-left,"{'x': 0, 'y': 52.9, 'z': 1.3}",,0.25157079100609,0.92468219995499,"{'name': 'Léo Linck', 'slug': 'leo-linck', 'shortName': 'L. Linck', 'position': 'G', 'jerseyNumber': '24', 'userCount': 1042, 'gender': 'M', 'id': 1119887, 'fieldTranslations': {'nameTranslation': {'ar': 'ليو لينك'}, 'shortNameTranslation': {'ar': 'ل. لينك'}}}",6275449,7,,397,"{'start': {'x': 41.3, 'y': 7.9}, 'end': {'x': 47.1, 'y': 0}, 'goal': {'x': 47.1, 'y': 98.7}}",39,2303,397,shot,regular,13472611,7.9,41.3,92.50999945951789,4.511256747941842,8558.1,417.33635931384623,8.700000000000003,92.1,,0,1,7,1,0.3595619
"{'name': 'Gustavo Henrique', 'slug': 'gustavo-henrique', 'shortName': 'G. Henrique', 'position': 'D', 'jerseyNumber': '13', 'userCount': 5461, 'gender': 'M', 'id': 243181, 'fieldTranslations': {'nameTranslation': {'ar': 'غوستافو هنريك', 'bn': 'গুস্তাভো হেনরিক', 'hi': 'गुस्तावो हेनरिक'}, 'shortNameTranslation': {'ar': 'غ. هنريك', 'bn': 'গুস্তাভো হেনরিক', 'hi': 'गुस्तावो हेनरिक'}}}",True,head,close-high,"{'x': 0, 'y': 50.6, 'z': 59.7}",,0.031544826924801,0.0,"{'name': 'Léo Linck', 'slug': 'leo-linck', 'shortName': 'L. Linck', 'position': 'G', 'jerseyNumber': '24', 'userCount': 1042, 'gender': 'M', 'id': 1119887, 'fieldTranslations': {'nameTranslation': {'ar': 'ليو لينك'}, 'shortNameTranslation': {'ar': 'ل. لينك'}}}",6275427,1,,53,"{'start': {'x': 40.5, 'y': 7.4}, 'end': {'x': 49.4, 'y': 0}, 'goal': {'x': 49.4, 'y': 40.3}}",45,2647,53,shot,,13472611,7.4,40.5,93.08603547256698,4.479827451388086,8665.009999999997,417.0093770508907,9.5,92.6,,0,1,1,0,0.16105792
"{'name': 'Cadu', 'slug': 'cadu', 'shortName': 'Cadu', 'position': 'F', 'jerseyNumber': '42', 'userCount': 659, 'gender': 'M', 'id': 1199473, 'fieldTranslations': {'nameTranslation': {'ar': 'كادو'}, 'shortNameTranslation': {'ar': 'كادو'}}}",False,head,left,"{'x': 0, 'y': 64.7, 'z': 22.2}",,0.056048557162285,0.0,"{'name': 'Brenno', 'slug': 'brenno', 'shortName': 'Brenno', 'position': 'G', 'jerseyNumber': '12', 'userCount': 502, 'gender': 'M', 'id': 914481, 'fieldTranslations': {'nameTranslation': {'ar': 'برينو', 'bn': 'ব্রেনো', 'hi': 'ब्रेनो'}, 'shortNameTranslation': {'ar': 'ب. برينو', 'bn': 'ব্রেনো', 'hi': 'ब्रेनो'}}}",6277714,90,,5374,"{'start': {'x': 57.9, 'y': 8}, 'end': {'x': 35.3, 'y': 0}, 'goal': {'x': 35.3, 'y': 77.8}}",1,26,2674,shot,,13472608,8.0,57.9,92.33856182549087,4.523084394353735,8526.41,417.6551079899453,7.899999999999999,92.0,,0,0,90,0,0.06733185
"{'name': 'Cadu', 'slug': 'cadu', 'shortName': 'Cadu', 'position': 'F', 'jerseyNumber': '42', 'userCount': 659, 'gender': 'M', 'id': 1199473, 'fieldTranslations': {'nameTranslation': {'ar': 'كادو'}, 'shortNameTranslation': {'ar': 'كادو'}}}",False,right-foot,left,"{'x': 0, 'y': 97.3, 'z': 5.6}","{'x': 6.7, 'y': 21.5, 'z': 0}",0.17896424233913,0.0,"{'name': 'Brenno', 'slug': 'brenno', 'shortName': 'Brenno', 'position': 'G', 'jerseyNumber': '12', 'userCount': 502, 'gender': 'M', 'id': 914481, 'fieldTranslations': {'nameTranslation': {'ar': 'برينو', 'bn': 'ব্রেনো', 'hi': 'ब्रेनो'}, 'shortNameTranslation': {'ar': 'ب. برينو', 'bn': 'ব্রেনো', 'hi': 'ब्रेनो'}}}",6277632,86,,5124,"{'start': {'x': 66, 'y': 3.8}, 'block': {'x': 21.5, 'y': 6.7}, 'end': {'x': 2.7, 'y': 0}, 'goal': {'x': 2.7, 'y': 94.4}}",5,276,2424,shot,,13472608,3.8,66.0,97.52148481232226,4.240590216548985,9510.44,413.5486543984642,16.0,96.2,,0,0,86,0,0.027678737
"{'name': 'Matheus Pereira', 'firstName': '', 'lastName': '', 'slug': 'pereira-matheus', 'shortName': 'M. Pereira', 'position': 'M', 'jerseyNumber': '23', 'userCount': 3475, 'gender': 'M', 'id': 795268, 'fieldTranslations': {'nameTranslation': {'ar': 'بيريرا، ماثيو', 'bn': 'পেরেরা, ম্যাথিউস', 'hi': 'परेरा, मैथियस'}, 'shortNameTranslation': {'ar': 'م. بيريرا', 'bn': 'এম. পেরেরা', 'hi': 'एम. परेरा'}}}",True,left-foot,low-centre,"{'x': 0, 'y': 48.9, 'z': 19}","{'x': 11.6, 'y': 53.2, 'z': 0}",0.14959892630577,0.0,"{'name': 'Everson', 'slug': 'everson', 'shortName': 'Everson', 'position': 'G', 'jerseyNumber': '22', 'userCount': 2199, 'gender': 'M', 'id': 870748, 'fieldTranslations': {'nameTranslation': {'ar': 'إيفرسون', 'bn': 'এভারসন', 'hi': 'एवरसन'}, 'shortNameTranslation': {'ar': 'إيفرسون', 'bn': 'এভারসন', 'hi': 'एवरसन'}}}",6277626,83,,4940,"{'start': {'x': 54.6, 'y': 18.8}, 'block': {'x': 53.2, 'y': 11.6}, 'end': {'x': 51.1, 'y': 0}, 'goal': {'x': 51.1, 'y': 81}}",8,460,2240,shot,,13472608,18.8,54.6,81.33019119613577,5.145137459513951,6614.6,418.45501331266996,4.600000000000001,81.2,,0,1,83,0,0.051300935
"{'name': 'Moisés', 'firstName': 'Moisés', 'slug': 'moises', 'shortName': 'Moisés', 'position': 'M', 'jerseyNumber': '21', 'userCount': 1137, 'gender': 'M', 'id': 1046501, 'fieldTranslations': {'nameTranslation': {'ar': 'مويزس'}, 'shortNameTranslation': {'ar': 'مويزس'}}}",True,right-foot,low-left,"{'x': 0, 'y': 54.4, 'z': 19}","{'x': 6.4, 'y': 45.1, 'z': 0}",0.13486310839653,0.0,"{'name': 'Everson', 'slug': 'everson', 'shortName': 'Everson', 'position': 'G', 'jerseyNumber': '22', 'userCount': 2199, 'gender': 'M', 'id': 870748, 'fieldTranslations': {'nameTranslation': {'ar': 'إيفرسون', 'bn': 'এভারসন', 'hi': 'एवरसन'}, 'shortNameTranslation': {'ar': 'إيفرسون', 'bn': 'এভারসন', 'hi': 'एवरसन'}}}",6277621,79,,4701,"{'start': {'x': 45, 'y': 8}, 'block': {'x': 45.1, 'y': 6.4}, 'end': {'x': 45.6, 'y': 0}, 'goal': {'x': 45.6, 'y': 81}}",12,699,2001,shot,,13472608,8.0,45.0,92.13576938409967,4.542965198476024,8488.999999999998,418.56959384677754,5.0,92.0,,0,1,79,0,0.11615752
"{'name': 'Gustavo Scarpa', 'slug': 'gustavo-scarpa', 'shortName': 'G. Scarpa', 'position': 'M', 'jerseyNumber': '10', 'userCount': 5526, 'gender': 'M', 'sofascoreId': 'gustavoscarpa10', 'id': 559036, 'fieldTranslations': {'nameTranslation': {'ar': 'غوستافو سكاربا', 'bn': 'গুস্তাভো স্কারপা', 'hi': 'गुस्तावो स्कार्पा'}, 'shortNameTranslation': {'ar': 'غوستافو سكاربا', 'bn': 'গুস্তাভো স্কারপা', 'hi': 'गुस्तावो स्कार्पा'}}}",False,left-foot,low-right,"{'x': 0, 'y': 48, 'z': 1.9}","{'x': 1.1, 'y': 47.8, 'z': 0}",0.017213754355907,0.050475534051657,"{'name': 'Brenno', 'slug': 'brenno', 'shortName': 'Brenno', 'position': 'G', 'jerseyNumber': '12', 'userCount': 502, 'gender': 'M', 'id': 914481, 'fieldTranslations': {'nameTranslation': {'ar': 'برينو', 'bn': 'ব্রেনো', 'hi': 'ब्रेनो'}, 'shortNameTranslation': {'ar': 'ب. برينو', 'bn': 'ব্রেনো', 'hi': 'ब्रेनो'}}}",6277541,74,,4394,"{'start': {'x': 38.4, 'y': 30.2}, 'block': {'x': 47.8, 'y': 1.1}, 'end': {'x': 52, 'y': 0}, 'goal': {'x': 52, 'y': 98.1}}",17,1006,1694,shot,,13472608,30.2,38.4,70.75733177558351,5.842528520456485,5006.599999999999,413.4017289302485,11.600000000000001,69.8,,0,0,74,0,0.01123195
"{'name': 'Alexsander', 'firstName': 'Alexsander', 'slug': 'alexsander', 'shortName': 'Alexsander', 'position': 'M', 'jerseyNumber': '5', 'userCount': 1979, 'gender': 'M', 'id': 1185617, 'fieldTranslations': {'nameTranslation': {'ar': 'Gomes da Costa, Alexsander Cristhian'}, 'shortNameTranslation': {'ar': 'A. C. G. d. Costa'}}}",False,left-foot,low-left,"{'x': 0, 'y': 52.6, 'z': 19}","{'x': 18.5, 'y': 45.5, 'z': 0}",0.027615875005722,0.0,"{'name': 'Brenno', 'slug': 'brenno', 'shortName': 'Brenno', 'position': 'G', 'jerseyNumber': '12', 'userCount': 502, 'gender': 'M', 'id': 914481, 'fieldTranslations': {'nameTranslation': {'ar': 'برينو', 'bn': 'ব্রেনো', 'hi': 'ब्रेनो'}, 'shortNameTranslation': {'ar': 'ب. برينو', 'bn': 'ব্রেনো', 'hi': 'ब्रेनो'}}}",6277535,69,,4136,"{'start': {'x': 45, 'y': 23.2}, 'block': {'x': 45.5, 'y': 18.5}, 'end': {'x': 47.4, 'y': 0}, 'goal': {'x': 47.4, 'y': 81}}",22,1264,1436,shot,,13472608,23.2,45.0,76.96258831406334,5.433930039167185,5923.239999999999,418.2093205318462,5.0,76.8,,0,0,69,0,0.03816203
"{'name': 'Bernard', 'slug': 'bernard', 'shortName': 'Bernard', 'position': 'M', 'jerseyNumber': '11', 'userCount': 2377, 'gender': 'M', 'id': 241488, 'fieldTranslations': {'nameTranslation': {'ar': 'برنارد', 'bn': 'বার্নার্ড', 'hi': 'बर्नार्ड'}, 'shortNameTranslation': {'ar': 'برنارد', 'bn': 'বার্নার্ড', 'hi': 'बर्नार्ड'}}}",False,left-foot,low-left,"{'x': 0, 'y': 53.8, 'z': 8.9}","{'x': 1.6, 'y': 51.4, 'z': 0}",0.040101259946823,0.49711748957634,"{'name': 'Brenno', 'slug': 'brenno', 'shortName': 'Brenno', 'position': 'G', 'jerseyNumber': '12', 'userCount': 502, 'gender': 'M', 'id': 914481, 'fieldTranslations': {'nameTranslation': {'ar': 'برينو', 'bn': 'ব্রেনো', 'hi': 'ब्रेनो'}, 'shortNameTranslation': {'ar': 'ب. برينو', 'bn': 'ব্রেনো', 'hi': 'ब्रेनो'}}}",6277527,63,,3721,"{'start': {'x': 55.8, 'y': 18.2}, 'block': {'x': 51.4, 'y': 1.6}, 'end': {'x': 46.2, 'y': 0}, 'goal': {'x': 46.2, 'y': 91.1}}",28,1679,1021,shot,,13472608,18.2,55.8,82.0053656781067,5.098238122264238,6724.88,418.0828815303429,5.799999999999997,81.8,,0,0,63,0,0.016258407
"{'name': 'José Herrera', 'firstName': 'José Herrera', 'slug': 'jose-herrera', 'shortName': 'J. Herrera', 'position': 'F', 'jerseyNumber': '32', 'userCount': 473, 'gender': 'M', 'id': 1179171, 'fieldTranslations': {'nameTranslation': {'ar': 'خوسيه هيريرا'}, 'shortNameTranslation': {'ar': 'خ. هيريرا'}}}",True,left-foot,high-centre,"{'x': 0, 'y': 49, 'z': 23.4}","{'x': 2, 'y': 50.7, 'z': 0}",0.026326190680265,0.020935583859682,"{'name': 'Everson', 'slug': 'everson', 'shortName': 'Everson', 'position': 'G', 'jerseyNumber': '22', 'userCount': 2199, 'gender': 'M', 'id': 870748, 'fieldTranslations': {'nameTranslation': {'ar': 'إيفرسون', 'bn': 'এভারসন', 'hi': 'एवरसन'}, 'shortNameTranslation': {'ar': 'إيفرسون', 'bn': 'এভারসন', 'hi': 'एवरसन'}}}",6277523,61,,3653,"{'start': {'x': 53.6, 'y': 28.5}, 'block': {'x': 50.7, 'y': 2}, 'end': {'x': 51, 'y': 0}, 'goal': {'x': 51, 'y': 76.6}}",30,1747,953,shot,,13472608,28.5,53.6,71.59057200497843,5.84593474829018,5125.210000000001,418.51381253387353,3.6000000000000014,71.5,,0,1,61,0,0.055903062
"{'name': 'Tomás Pochettino', 'firstName': '', 'lastName': '', 'slug': 'tomas-pochettino', 'shortName': 'T. Pochettino', 'position': 'M', 'jerseyNumber': '7', 'userCount': 989, 'gender': 'M', 'id': 824626, 'fieldTranslations': {'nameTranslation': {'ar': 'توماس بوتشيتينو', 'bn': 'টমাস পোচেত্তিনো', 'hi': 'टॉमस पोचेतीनो'}, 'shortNameTranslation': {'ar': 'ت. بوتشيتينو', 'bn': 'টি. পোচেত্তিনো', 'hi': 'टी. पोचेतीनो'}}}",True,right-foot,high,"{'x': 0, 'y': 50.1, 'z': 90.3}",,0.026752360165119,0.0,"{'name': 'Everson', 'slug': 'everson', 'shortName': 'Everson', 'position': 'G', 'jerseyNumber': '22', 'userCount': 2199, 'gender': 'M', 'id': 870748, 'fieldTranslations': {'nameTranslation': {'ar': 'إيفرسون', 'bn': 'এভারসন', 'hi': 'एवरसन'}, 'shortNameTranslation': {'ar': 'إيفرسون', 'bn': 'এভারসন', 'hi': 'एवरसन'}}}",6277522,61,,3602,"{'start': {'x': 44.8, 'y': 27.9}, 'end': {'x': 49.9, 'y': 0}, 'goal': {'x': 49.9, 'y': 9.7}}",30,1798,902,shot,,13472608,27.9,44.8,72.28727412207489,5.782055248239279,5225.449999999998,417.9690127184545,5.200000000000003,72.1,,0,1,61,0,0.026512273
"{'name': 'Gastón Ávila', 'slug': 'gaston-avila', 'shortName': 'G. Ávila', 'position': 'D', 'jerseyNumber': '13', 'userCount': 1200, 'gender': 'M', 'id': 975526, 'fieldTranslations': {'nameTranslation': {'ar': 'غاستون أفيلّا', 'bn': 'গ্যাস্টন আভিলা', 'hi': 'गैस्टन एविला'}, 'shortNameTranslation': {'ar': 'غ. أفيلّا', 'bn': 'জি. আভিলা', 'hi': 'जी. एविला'}}}",True,left-foot,left,"{'x': 0, 'y': 67.4, 'z': 31.9}",,0.020815260708332,0.0,"{'name': 'Everson', 'slug': 'everson', 'shortName': 'Everson', 'position': 'G', 'jerseyNumber': '22', 'userCount': 2199, 'gender': 'M', 'id': 870748, 'fieldTranslations': {'nameTranslation': {'ar': 'إيفرسون', 'bn': 'এভারসন', 'hi': 'एवरसन'}, 'shortNameTranslation': {'ar': 'إيفرسون', 'bn': 'এভারসন', 'hi': 'एवरसन'}}}",6277421,49,,2897,"{'start': {'x': 74.4, 'y': 11.1}, 'end': {'x': 32.6, 'y': 0}, 'goal': {'x': 32.6, 'y': 68.1}}",42,2503,197,shot,,13472608,11.1,74.4,92.18768898285715,4.3855634429064,8498.570000000002,404.2949586892434,24.400000000000006,88.9,,0,1,49,0,0.051161587
"{'name': 'José Herrera', 'firstName': 'José Herrera', 'slug': 'jose-herrera', 'shortName': 'J. Herrera', 'position': 'F', 'jerseyNumber': '32', 'userCount': 473, 'gender': 'M', 'id': 1179171, 'fieldTranslations': {'nameTranslation': {'ar': 'خوسيه هيريرا'}, 'shortNameTranslation': {'ar': 'خ. هيريرا'}}}",True,left-foot,low-right,"{'x': 0, 'y': 46.9, 'z': 19}","{'x': 12.3, 'y': 67.9, 'z': 0}",0.033364593982697,0.0,"{'name': 'Everson', 'slug': 'everson', 'shortName': 'Everson', 'position': 'G', 'jerseyNumber': '22', 'userCount': 2199, 'gender': 'M', 'id': 870748, 'fieldTranslations': {'nameTranslation': {'ar': 'إيفرسون', 'bn': 'এভারসন', 'hi': 'एवरसन'}, 'shortNameTranslation': {'ar': 'إيفرسون', 'bn': 'এভারসন', 'hi': 'एवरसन'}}}",6277376,48,,2847,"{'start': {'x': 70.9, 'y': 14.8}, 'block': {'x': 67.9, 'y': 12.3}, 'end': {'x': 53.1, 'y': 0}, 'goal': {'x': 53.1, 'y': 81}}",43,2553,147,shot,,13472608,14.8,70.9,87.72599386726833,4.641111427053808,7695.85,407.1461125870313,20.900000000000006,85.2,,0,1,48,0,0.0268933
"{'name': 'Bernard', 'slug': 'bernard', 'shortName': 'Bernard', 'position': 'M', 'jerseyNumber': '11', 'userCount': 2377, 'gender': 'M', 'id': 241488, 'fieldTranslations': {'nameTranslation': {'ar': 'برنارد', 'bn': 'বার্নার্ড', 'hi': 'बर्नार्ड'}, 'shortNameTranslation': {'ar': 'برنارد', 'bn': 'বার্নার্ড', 'hi': 'बर्नार्ड'}}}",False,right-foot,low-right,"{'x': 0, 'y': 48, 'z': 19}","{'x': 11.8, 'y': 65.7, 'z': 0}",0.049095693975687,0.0,"{'name': 'Brenno', 'slug': 'brenno', 'shortName': 'Brenno', 'position': 'G', 'jerseyNumber': '12', 'userCount': 502, 'gender': 'M', 'id': 914481, 'fieldTranslations': {'nameTranslation': {'ar': 'برينو', 'bn': 'ব্রেনো', 'hi': 'ब्रेनो'}, 'shortNameTranslation': {'ar': 'ب. برينو', 'bn': 'ব্রেনো', 'hi': 'ब्रेनो'}}}",6277313,45,3.0,2852,"{'start': {'x': 71.1, 'y': 16.4}, 'block': {'x': 65.7, 'y': 11.8}, 'end': {'x': 52, 'y': 0}, 'goal': {'x': 52, 'y': 81}}",1,2548,152,shot,,13472608,16.4,71.1,86.22163301631441,4.714212861424484,7434.17,406.4671312985313,21.099999999999994,83.6,,0,0,45,0,0.015634019
"{'name': 'Breno Lopes', 'slug': 'breno-lopes', 'shortName': 'B. Lopes', 'position': 'M', 'jerseyNumber': '26', 'userCount': 1396, 'gender': 'M', 'id': 937552, 'fieldTranslations': {'nameTranslation': {'ar': 'برينو لوبيس'}, 'shortNameTranslation': {'ar': 'ب. لوبيس'}}}",True,left-foot,high,"{'x': 0, 'y': 50.1, 'z': 77.8}",,0.017969122156501,0.0,"{'name': 'Everson', 'slug': 'everson', 'shortName': 'Everson', 'position': 'G', 'jerseyNumber': '22', 'userCount': 2199, 'gender': 'M', 'id': 870748, 'fieldTranslations': {'nameTranslation': {'ar': 'إيفرسون', 'bn': 'এভারসন', 'hi': 'एवरसन'}, 'shortNameTranslation': {'ar': 'إيفرسون', 'bn': 'এভারসন', 'hi': 'एवरसन'}}}",6277310,45,2.0,2811,"{'start': {'x': 72.2, 'y': 11.6}, 'end': {'x': 49.9, 'y': 0}, 'goal': {'x': 49.9, 'y': 22.2}}",1,2589,111,shot,,13472608,11.6,72.2,91.14493951942697,4.461109255978965,8307.4,406.6075333257586,22.200000000000003,88.4,,0,1,45,0,0.036633924
"{'name': 'Tomás Pochettino', 'firstName': '', 'lastName': '', 'slug': 'tomas-pochettino', 'shortName': 'T. Pochettino', 'position': 'M', 'jerseyNumber': '7', 'userCount': 989, 'gender': 'M', 'id': 824626, 'fieldTranslations': {'nameTranslation': {'ar': 'توماس بوتشيتينو', 'bn': 'টমাস পোচেত্তিনো', 'hi': 'टॉमस पोचेतीनो'}, 'shortNameTranslation': {'ar': 'ت. بوتشيتينو', 'bn': 'টি. পোচেত্তিনো', 'hi': 'टी. पोचेतीनो'}}}",True,right-foot,low-left,"{'x': 0, 'y': 52.9, 'z': 19}","{'x': 22.1, 'y': 39.5, 'z': 0}",0.027102023363113,0.0,"{'name': 'Everson', 'slug': 'everson', 'shortName': 'Everson', 'position': 'G', 'jerseyNumber': '22', 'userCount': 2199, 'gender': 'M', 'id': 870748, 'fieldTranslations': {'nameTranslation': {'ar': 'إيفرسون', 'bn': 'এভারসন', 'hi': 'एवरसन'}, 'shortNameTranslation': {'ar': 'إيفرسون', 'bn': 'এভারসন', 'hi': 'एवरसन'}}}",6277311,45,2.0,2801,"{'start': {'x': 38, 'y': 26.6}, 'block': {'x': 39.5, 'y': 22.1}, 'end': {'x': 47.1, 'y': 0}, 'goal': {'x': 47.1, 'y': 81}}",1,2599,101,shot,,13472608,26.6,38.0,74.37445798121826,5.561197523019108,5531.56,413.6110515010397,12.0,73.4,,0,1,45,0,0.03800214
"{'name': 'Ruan', 'slug': 'ruan', 'shortName': 'Ruan', 'position': 'D', 'jerseyNumber': '4', 'userCount': 1233, 'gender': 'M', 'id': 914487, 'fieldTranslations': {'nameTranslation': {'ar': 'روان', 'bn': 'রুয়ান', 'hi': 'रुआन'}, 'shortNameTranslation': {'ar': 'روان', 'bn': 'রুয়ান', 'hi': 'रुआन'}}}",False,right-foot,low-centre,"{'x': 0, 'y': 48.8, 'z': 17.1}","{'x': 3.8, 'y': 53.6, 'z': 0}",0.078969553112984,0.13700354099274,"{'name': 'Brenno', 'slug': 'brenno', 'shortName': 'Brenno', 'position': 'G', 'jerseyNumber': '12', 'userCount': 502, 'gender': 'M', 'id': 914481, 'fieldTranslations': {'nameTranslation': {'ar': 'برينو', 'bn': 'ব্রেনো', 'hi': 'ब्रेनो'}, 'shortNameTranslation': {'ar': 'ب. برينو', 'bn': 'ব্রেনো', 'hi': 'ब्रेनो'}}}",6277298,44,,2610,"{'start': {'x': 60.9, 'y': 10.1}, 'block': {'x': 53.6, 'y': 3.8}, 'end': {'x': 51.2, 'y': 0}, 'goal': {'x': 51.2, 'y': 82.9}}",2,90,2610,shot,,13472608,10.1,60.9,90.55837896075658,4.595296074880548,8200.820000000002,416.14256338590997,10.899999999999999,89.9,,0,0,44,0,0.05675142
"{'name': 'Tomás Pochettino', 'firstName': '', 'lastName': '', 'slug': 'tomas-pochettino', 'shortName': 'T. Pochettino', 'position': 'M', 'jerseyNumber': '7', 'userCount': 989, 'gender': 'M', 'id': 824626, 'fieldTranslations': {'nameTranslation': {'ar': 'توماس بوتشيتينو', 'bn': 'টমাস পোচেত্তিনো', 'hi': 'टॉमस पोचेतीनो'}, 'shortNameTranslation': {'ar': 'ت. بوتشيتينو', 'bn': 'টি. পোচেত্তিনো', 'hi': 'टी. पोचेतीनो'}}}",True,right-foot,low-left,"{'x': 0, 'y': 53.2, 'z': 1.3}",,0.23835948109627,0.70434576272964,"{'name': 'Everson', 'slug': 'everson', 'shortName': 'Everson', 'position': 'G', 'jerseyNumber': '22', 'userCount': 2199, 'gender': 'M', 'id': 870748, 'fieldTranslations': {'nameTranslation': {'ar': 'إيفرسون', 'bn': 'এভারসন', 'hi': 'एवरसन'}, 'shortNameTranslation': {'ar': 'إيفرسون', 'bn': 'এভারসন', 'hi': 'एवरसन'}}}",6277292,41,,2427,"{'start': {'x': 45.8, 'y': 9.7}, 'end': {'x': 46.8, 'y': 0}, 'goal': {'x': 46.8, 'y': 98.7}}",5,273,2427,shot,regular,13472608,9.7,45.8,90.39762165012971,4.6320406303842585,8171.73,418.7254563735045,4.200000000000003,90.3,,0,1,41,1,0.40871915
"{'name': 'Diogo Barbosa', 'slug': 'diogo-barbosa', 'shortName': 'D. Barbosa', 'position': 'D', 'jerseyNumber': '16', 'userCount': 554, 'gender': 'M', 'id': 243107, 'fieldTranslations': {'nameTranslation': {'ar': 'دييغو باربوسا'}, 'shortNameTranslation': {'ar': 'د. باربوسا'}}}",True,left-foot,left,"{'x': 0, 'y': 66.1, 'z': 37.5}",,0.040427692234516,0.0,"{'name': 'Everson', 'slug': 'everson', 'shortName': 'Everson', 'position': 'G', 'jerseyNumber': '22', 'userCount': 2199, 'gender': 'M', 'id': 870748, 'fieldTranslations': {'nameTranslation': {'ar': 'إيفرسون', 'bn': 'এভারসন', 'hi': 'एवरसन'}, 'shortNameTranslation': {'ar': 'إيفرسون', 'bn': 'এভারসন', 'hi': 'एवरसन'}}}",6277206,38,,2242,"{'start': {'x': 59.9, 'y': 23.1}, 'end': {'x': 33.9, 'y': 0}, 'goal': {'x': 33.9, 'y': 62.5}}",8,458,2242,shot,,13472608,23.1,59.9,77.53463742096174,5.361264522746379,6011.620000000001,415.683700889006,9.899999999999999,76.9,,0,1,38,0,0.035180427
"{'name': 'Adam Bareiro', 'slug': 'adam-bareiro', 'shortName': 'A. Bareiro', 'position': 'F', 'jerseyNumber': '9', 'userCount': 1294, 'gender': 'M', 'id': 871580, 'fieldTranslations': {'nameTranslation': {'ar': 'آدم باريرو', 'bn': 'অ্যাডাম বেরেইরো', 'hi': 'एडम बरेरो'}, 'shortNameTranslation': {'ar': 'آ. باريرو', 'bn': 'এ. বারেইরো', 'hi': 'ए. बरेरो'}}}",True,right-foot,high-centre,"{'x': 0, 'y': 51.6, 'z': 29.7}","{'x': 1.1, 'y': 51.8, 'z': 0}",0.136170566082,0.43757569789886,"{'name': 'Everson', 'slug': 'everson', 'shortName': 'Everson', 'position': 'G', 'jerseyNumber': '22', 'userCount': 2199, 'gender': 'M', 'id': 870748, 'fieldTranslations': {'nameTranslation': {'ar': 'إيفرسون', 'bn': 'এভারসন', 'hi': 'एवरसन'}, 'shortNameTranslation': {'ar': 'إيفرسون', 'bn': 'এভারসন', 'hi': 'एवरसन'}}}",6277197,35,,2074,"{'start': {'x': 59.3, 'y': 12.8}, 'block': {'x': 51.8, 'y': 1.1}, 'end': {'x': 48.4, 'y': 0}, 'goal': {'x': 48.4, 'y': 70.3}}",11,626,2074,shot,,13472608,12.8,59.3,87.69452662509788,4.752964442383536,7690.330000000001,416.8089668407465,9.299999999999997,87.2,,0,1,35,0,0.10920305
"{'name': 'Guilherme Arana', 'slug': 'guilherme-arana', 'shortName': 'G. Arana', 'position': 'D', 'jerseyNumber': '13', 'userCount': 4924, 'gender': 'M', 'sofascoreId': 'guiarana', 'id': 1127439, 'fieldTranslations': {'nameTranslation': {'ar': 'غيليرمي أرنا', 'bn': 'গুইলহার্ম আরনা', 'hi': 'गिल्हर्मे अराना'}, 'shortNameTranslation': {'ar': 'غ. أرنا', 'bn': 'জি. আরানা', 'hi': 'जी. अराना'}}}",False,left-foot,low-left,"{'x': 0, 'y': 54, 'z': 19}","{'x': 7.6, 'y': 38.6, 'z': 0}",0.11948071420193,0.0,"{'name': 'Brenno', 'slug': 'brenno', 'shortName': 'Brenno', 'position': 'G', 'jerseyNumber': '12', 'userCount': 502, 'gender': 'M', 'id': 914481, 'fieldTranslations': {'nameTranslation': {'ar': 'برينو', 'bn': 'ব্রেনো', 'hi': 'ब्रेनो'}, 'shortNameTranslation': {'ar': 'ب. برينو', 'bn': 'ব্রেনো', 'hi': 'ब्रेनो'}}}",6277195,32,,1906,"{'start': {'x': 35.8, 'y': 10.5}, 'block': {'x': 38.6, 'y': 7.6}, 'end': {'x': 46, 'y': 0}, 'goal': {'x': 46, 'y': 81}}",14,794,1906,shot,,13472608,10.5,35.8,90.61947914218001,4.568785677181641,8211.889999999998,414.02097837845247,14.200000000000003,89.5,,0,0,32,0,0.047194943
"{'name': 'José Herrera', 'firstName': 'José Herrera', 'slug': 'jose-herrera', 'shortName': 'J. Herrera', 'position': 'F', 'jerseyNumber': '32', 'userCount': 473, 'gender': 'M', 'id': 1179171, 'fieldTranslations': {'nameTranslation': {'ar': 'خوسيه هيريرا'}, 'shortNameTranslation': {'ar': 'خ. هيريرا'}}}",True,left-foot,left,"{'x': 0, 'y': 75.1, 'z': 26.4}","{'x': 21.1, 'y': 62.1, 'z': 0}",0.011397978290915,0.0,"{'name': 'Everson', 'slug': 'everson', 'shortName': 'Everson', 'position': 'G', 'jerseyNumber': '22', 'userCount': 2199, 'gender': 'M', 'id': 870748, 'fieldTranslations': {'nameTranslation': {'ar': 'إيفرسون', 'bn': 'এভারসন', 'hi': 'एवरसन'}, 'shortNameTranslation': {'ar': 'إيفرسون', 'bn': 'এভারসন', 'hi': 'एवरसन'}}}",6276960,29,,1717,"{'start': {'x': 72.2, 'y': 23.2}, 'block': {'x': 62.1, 'y': 21.1}, 'end': {'x': 24.9, 'y': 0}, 'goal': {'x': 24.9, 'y': 73.6}}",17,983,1717,shot,,13472608,23.2,72.2,79.94423056106051,5.037451317707195,6391.080000000001,402.71516958290204,22.200000000000003,76.8,,0,1,29,0,0.030019823
"{'name': 'Guilherme Arana', 'slug': 'guilherme-arana', 'shortName': 'G. Arana', 'position': 'D', 'jerseyNumber': '13', 'userCount': 4924, 'gender': 'M', 'sofascoreId': 'guiarana', 'id': 1127439, 'fieldTranslations': {'nameTranslation': {'ar': 'غيليرمي أرنا', 'bn': 'গুইলহার্ম আরনা', 'hi': 'गिल्हर्मे अराना'}, 'shortNameTranslation': {'ar': 'غ. أرنا', 'bn': 'জি. আরানা', 'hi': 'जी. अराना'}}}",False,left-foot,high-centre,"{'x': 0, 'y': 50.6, 'z': 27.8}","{'x': 0.90000000000001, 'y': 46, 'z': 0}",0.052364856004715,0.068334832787514,"{'name': 'Brenno', 'slug': 'brenno', 'shortName': 'Brenno', 'position': 'G', 'jerseyNumber': '12', 'userCount': 502, 'gender': 'M', 'id': 914481, 'fieldTranslations': {'nameTranslation': {'ar': 'برينو', 'bn': 'ব্রেনো', 'hi': 'ब्रेनो'}, 'shortNameTranslation': {'ar': 'ب. برينو', 'bn': 'ব্রেনো', 'hi': 'ब्रेनो'}}}",6276768,22,,1317,"{'start': {'x': 28.4, 'y': 21}, 'block': {'x': 46, 'y': 0.90000000000001}, 'end': {'x': 49.4, 'y': 0}, 'goal': {'x': 49.4, 'y': 72.2}}",24,1383,1317,shot,,13472608,21.0,28.4,81.8996947491259,4.937278242508992,6707.56,404.3615809529872,21.6,79.0,,0,0,22,0,0.023330584
"{'name': 'Gastón Ávila', 'slug': 'gaston-avila', 'shortName': 'G. Ávila', 'position': 'D', 'jerseyNumber': '13', 'userCount': 1200, 'gender': 'M', 'id': 975526, 'fieldTranslations': {'nameTranslation': {'ar': 'غاستون أفيلّا', 'bn': 'গ্যাস্টন আভিলা', 'hi': 'गैस्टन एविला'}, 'shortNameTranslation': {'ar': 'غ. أفيلّا', 'bn': 'জি. আভিলা', 'hi': 'जी. एविला'}}}",True,head,left,"{'x': 0, 'y': 79.2, 'z': 8.3}","{'x': 4.1, 'y': 49.1, 'z': 0}",0.2019744515419,0.0,"{'name': 'Everson', 'slug': 'everson', 'shortName': 'Everson', 'position': 'G', 'jerseyNumber': '22', 'userCount': 2199, 'gender': 'M', 'id': 870748, 'fieldTranslations': {'nameTranslation': {'ar': 'إيفرسون', 'bn': 'এভারসন', 'hi': 'एवरसन'}, 'shortNameTranslation': {'ar': 'إيفرسون', 'bn': 'এভারসন', 'hi': 'एवरसन'}}}",6276699,8,,438,"{'start': {'x': 51.4, 'y': 4.7}, 'block': {'x': 49.1, 'y': 4.1}, 'end': {'x': 20.8, 'y': 0}, 'goal': {'x': 20.8, 'y': 91.7}}",38,2262,438,shot,,13472608,4.7,51.4,95.3102827610956,4.397784496266387,9084.05,419.1540838615117,1.3999999999999986,95.3,,0,1,8,0,0.56678885
"{'name': 'Breno Lopes', 'slug': 'breno-lopes', 'shortName': 'B. Lopes', 'position': 'M', 'jerseyNumber': '26', 'userCount': 1396, 'gender': 'M', 'id': 937552, 'fieldTranslations': {'nameTranslation': {'ar': 'برينو لوبيس'}, 'shortNameTranslation': {'ar': 'ب. لوبيس'}}}",True,left-foot,right,"{'x': 0, 'y': 44.4, 'z': 6.3}",,0.14097921550274,0.0,"{'name': 'Everson', 'slug': 'everson', 'shortName': 'Everson', 'position': 'G', 'jerseyNumber': '22', 'userCount': 2199, 'gender': 'M', 'id': 870748, 'fieldTranslations': {'nameTranslation': {'ar': 'إيفرسون', 'bn': 'এভারসন', 'hi': 'एवरसन'}, 'shortNameTranslation': {'ar': 'إيفرسون', 'bn': 'এভারসন', 'hi': 'एवरसन'}}}",6276693,7,,403,"{'start': {'x': 57.6, 'y': 1.6}, 'end': {'x': 55.6, 'y': 0}, 'goal': {'x': 55.6, 'y': 93.7}}",39,2297,403,shot,,13472608,1.6,57.6,98.69305953307963,4.235077159576746,9740.320000000002,417.97272223729357,7.600000000000001,98.4,,0,1,7,0,0.31451997
"{'name': 'Breno Lopes', 'slug': 'breno-lopes', 'shortName': 'B. Lopes', 'position': 'M', 'jerseyNumber': '26', 'userCount': 1396, 'gender': 'M', 'id': 937552, 'fieldTranslations': {'nameTranslation': {'ar': 'برينو لوبيس'}, 'shortNameTranslation': {'ar': 'ب. لوبيس'}}}",True,right-foot,low-right,"{'x': 0, 'y': 46.9, 'z': 6.3}","{'x': 3.1, 'y': 56.5, 'z': 0}",0.15652960538864,0.26484593749046,"{'name': 'Everson', 'slug': 'everson', 'shortName': 'Everson', 'position': 'G', 'jerseyNumber': '22', 'userCount': 2199, 'gender': 'M', 'id': 870748, 'fieldTranslations': {'nameTranslation': {'ar': 'إيفرسون', 'bn': 'এভারসন', 'hi': 'एवरसन'}, 'shortNameTranslation': {'ar': 'إيفرسون', 'bn': 'এভারসন', 'hi': 'एवरसन'}}}",6276508,7,,401,"{'start': {'x': 58.1, 'y': 4.5}, 'block': {'x': 56.5, 'y': 3.1}, 'end': {'x': 53.1, 'y': 0}, 'goal': {'x': 53.1, 'y': 93.7}}",39,2299,401,shot,,13472608,4.5,58.1,95.8428922768924,4.358251682171005,9185.86,417.70744648990075,8.100000000000001,95.5,,0,1,7,0,0.27498743
"{'name': 'Tchê Tchê', 'slug': 'tche-tche', 'shortName': 'Tchê Tchê', 'position': 'M', 'jerseyNumber': '3', 'userCount': 2493, 'gender': 'M', 'id': 840398, 'fieldTranslations': {'nameTranslation': {'ar': 'تشي تشي', 'bn': 'ছে ছে', 'hi': 'त्चे त्चे'}, 'shortNameTranslation': {'ar': 'تشي تشي', 'bn': 'ছে ছে', 'hi': 'त्चे त्चे'}}}",True,right-foot,close-high,"{'x': 0, 'y': 50.8, 'z': 54.2}",,0.02449294552207,0.0,"{'name': 'Walter', 'slug': 'walter', 'shortName': 'Walter', 'position': 'G', 'jerseyNumber': '22', 'userCount': 771, 'gender': 'M', 'id': 329055, 'fieldTranslations': {'nameTranslation': {'ar': 'والتر'}, 'shortNameTranslation': {'ar': 'والتر'}}}",6288355,90,6.0,5713,"{'start': {'x': 30.4, 'y': 20}, 'end': {'x': 49.2, 'y': 0}, 'goal': {'x': 49.2, 'y': 45.8}}",1,587,313,shot,,13472621,20.0,30.4,82.36601240803151,4.943181866666433,6784.160000000001,407.15017896500376,19.6,80.0,,0,1,90,0,0.0110480115
"{'name': 'Carlos Cuesta', 'slug': 'carlos-cuesta', 'shortName': 'C. Cuesta', 'position': 'D', 'jerseyNumber': '46', 'userCount': 4426, 'gender': 'M', 'id': 839095, 'fieldTranslations': {'nameTranslation': {'ar': 'كارلوس كوستا', 'bn': 'কার্লোস কুয়েস্তা', 'hi': 'कार्लोस क्यूस्टा'}, 'shortNameTranslation': {'ar': 'ك. كوستا', 'bn': 'সি. কুয়েস্তা', 'hi': 'सी. क्यूस्टा'}}}",True,head,low-centre,"{'x': 0, 'y': 50.5, 'z': 19}","{'x': 5.9, 'y': 47.5, 'z': 0}",0.11050414294004,0.0,"{'name': 'Walter', 'slug': 'walter', 'shortName': 'Walter', 'position': 'G', 'jerseyNumber': '22', 'userCount': 771, 'gender': 'M', 'id': 329055, 'fieldTranslations': {'nameTranslation': {'ar': 'والتر'}, 'shortNameTranslation': {'ar': 'والتر'}}}",6288358,90,5.0,5649,"{'start': {'x': 47, 'y': 7.3}, 'block': {'x': 47.5, 'y': 5.9}, 'end': {'x': 49.5, 'y': 0}, 'goal': {'x': 49.5, 'y': 81}}",1,651,249,shot,,13472621,7.3,47.0,92.74853098567115,4.517259415265825,8602.290000000003,418.9691748470972,3.0,92.7,,0,1,90,0,0.12642235
"{'name': 'Carlos Eduardo', 'firstName': '', 'lastName': '', 'slug': 'carlos-eduardo', 'shortName': 'Carlos Eduardo', 'position': 'F', 'jerseyNumber': '96', 'userCount': 357, 'gender': 'M', 'id': 795295, 'fieldTranslations': {'nameTranslation': {'ar': 'كارلوس إدواردو'}, 'shortNameTranslation': {'ar': 'ك. إدواردو'}}}",False,left-foot,low-centre,"{'x': 0, 'y': 48.6, 'z': 2.5}",,0.72015631198883,0.99161046743393,"{'name': 'Léo Jardim', 'slug': 'leo-jardim', 'shortName': 'L. Jardim', 'position': 'G', 'jerseyNumber': '1', 'userCount': 5913, 'gender': 'M', 'sofascoreId': 'leocjardim', 'id': 595598, 'fieldTranslations': {'nameTranslation': {'ar': 'ليو جارديم', 'bn': 'লিও জার্দিম', 'hi': 'लियो जार्डिम'}, 'shortNameTranslation': {'ar': 'ل. جارديم', 'bn': 'এল. জার্দিম', 'hi': 'एल. जार्डिम'}}}",6288353,90,2.0,5517,"{'start': {'x': 51.9, 'y': 12.4}, 'end': {'x': 51.4, 'y': 0}, 'goal': {'x': 51.4, 'y': 97.5}}",1,783,117,shot,regular,13472621,12.4,51.9,87.62060260007345,4.782703136339218,7677.369999999999,419.0633308633035,1.8999999999999986,87.6,,0,0,90,1,0.50689864
"{'name': 'David', 'firstName': '', 'lastName': '', 'slug': 'david', 'shortName': 'David', 'position': 'M', 'jerseyNumber': '7', 'userCount': 2166, 'gender': 'M', 'id': 840291, 'fieldTranslations': {'nameTranslation': {'ar': 'دافيد'}, 'shortNameTranslation': {'ar': 'دافيد'}}}",True,head,close-right,"{'x': 0, 'y': 43.9, 'z': 12.5}",,0.1267314851284,0.0,"{'name': 'Walter', 'slug': 'walter', 'shortName': 'Walter', 'position': 'G', 'jerseyNumber': '22', 'userCount': 771, 'gender': 'M', 'id': 329055, 'fieldTranslations': {'nameTranslation': {'ar': 'والتر'}, 'shortNameTranslation': {'ar': 'والتر'}}}",6288351,88,,5242,"{'start': {'x': 46.2, 'y': 8.8}, 'end': {'x': 56.1, 'y': 0}, 'goal': {'x': 56.1, 'y': 87.5}}",3,158,2542,shot,,13472621,8.8,46.2,91.2791323359288,4.588329213964698,8331.880000000001,418.81870952229184,3.799999999999997,91.2,,0,1,88,0,0.06414794
"{'name': 'Philippe Coutinho', 'slug': 'philippe-coutinho', 'shortName': 'P. Coutinho', 'position': 'M', 'userCount': 68505, 'gender': 'M', 'sofascoreId': 'Coutinho', 'id': 119159, 'fieldTranslations': {'nameTranslation': {'ar': 'فيليب كوتينيو', 'bn': 'ফিলিপে কৌতিনহো', 'hi': 'फिलिप कूटिन्हो'}, 'shortNameTranslation': {'ar': 'ف. كوتينيو', 'bn': 'পি. কৌতিনহো', 'hi': 'पी. कूटिन्हो'}}}",True,right-foot,low-left,"{'x': 0, 'y': 52.1, 'z': 19}","{'x': 13.7, 'y': 53.8, 'z': 0}",0.05487622320652,0.0,"{'name': 'Walter', 'slug': 'walter', 'shortName': 'Walter', 'position': 'G', 'jerseyNumber': '22', 'userCount': 771, 'gender': 'M', 'id': 329055, 'fieldTranslations': {'nameTranslation': {'ar': 'والتر'}, 'shortNameTranslation': {'ar': 'والتر'}}}",6288329,73,,4355,"{'start': {'x': 54.6, 'y': 15.6}, 'block': {'x': 53.8, 'y': 13.7}, 'end': {'x': 47.9, 'y': 0}, 'goal': {'x': 47.9, 'y': 81}}",18,1045,1655,shot,,13472621,15.6,54.6,84.52526249589528,4.951480857046637,7144.52,418.52521918526753,4.600000000000001,84.4,,0,1,73,0,0.04205186
"{'name': 'Philippe Coutinho', 'slug': 'philippe-coutinho', 'shortName': 'P. Coutinho', 'position': 'M', 'userCount': 68505, 'gender': 'M', 'sofascoreId': 'Coutinho', 'id': 119159, 'fieldTranslations': {'nameTranslation': {'ar': 'فيليب كوتينيو', 'bn': 'ফিলিপে কৌতিনহো', 'hi': 'फिलिप कूटिन्हो'}, 'shortNameTranslation': {'ar': 'ف. كوتينيو', 'bn': 'পি. কৌতিনহো', 'hi': 'पी. कूटिन्हो'}}}",True,right-foot,low-left,"{'x': 0, 'y': 53.5, 'z': 19}","{'x': 14.9, 'y': 45.8, 'z': 0}",0.079918473958969,0.0,"{'name': 'Walter', 'slug': 'walter', 'shortName': 'Walter', 'position': 'G', 'jerseyNumber': '22', 'userCount': 771, 'gender': 'M', 'id': 329055, 'fieldTranslations': {'nameTranslation': {'ar': 'والتر'}, 'shortNameTranslation': {'ar': 'والتر'}}}",6288330,73,,4352,"{'start': {'x': 45.7, 'y': 18.1}, 'block': {'x': 45.8, 'y': 14.9}, 'end': {'x': 46.5, 'y': 0}, 'goal': {'x': 46.5, 'y': 81}}",18,1048,1652,shot,,13472621,18.1,45.7,82.0128038784189,5.1035149752367195,6726.100000000001,418.5535727546629,4.299999999999997,81.9,,0,1,73,0,0.04599977
"{'name': 'Renato Marques', 'firstName': 'Renato Marques', 'lastName': '', 'slug': 'marques-renato', 'shortName': 'Renato Marques', 'position': 'F', 'jerseyNumber': '78', 'userCount': 301, 'gender': 'M', 'id': 1194689, 'fieldTranslations': {'nameTranslation': {'ar': 'Marques de Oliveira Junior, Renato'}, 'shortNameTranslation': {'ar': 'R. M. d. O. Junior'}}}",False,left-foot,low-right,"{'x': 0, 'y': 46, 'z': 3.2}",,0.24263052642345,0.85267055034637,"{'name': 'Léo Jardim', 'slug': 'leo-jardim', 'shortName': 'L. Jardim', 'position': 'G', 'jerseyNumber': '1', 'userCount': 5913, 'gender': 'M', 'sofascoreId': 'leocjardim', 'id': 595598, 'fieldTranslations': {'nameTranslation': {'ar': 'ليو جارديم', 'bn': 'লিও জার্দিম', 'hi': 'लियो जार्डिम'}, 'shortNameTranslation': {'ar': 'ل. جارديم', 'bn': 'এল. জার্দিম', 'hi': 'एल. जार्डिम'}}}",6288328,70,,4179,"{'start': {'x': 44.9, 'y': 12.6}, 'end': {'x': 54, 'y': 0}, 'goal': {'x': 54, 'y': 96.8}}",21,1221,1479,shot,regular,13472621,12.6,44.9,87.54867217725236,4.779655907226985,7664.770000000001,418.452528141883,5.100000000000001,87.4,,0,0,70,1,0.35442957
"{'name': 'Cauan Barros', 'firstName': '', 'lastName': '', 'slug': 'barros-cauan', 'shortName': 'C. Barros', 'position': 'M', 'jerseyNumber': '88', 'userCount': 2269, 'gender': 'M', 'id': 1444694, 'fieldTranslations': {'nameTranslation': {'ar': 'باروس، كوان'}, 'shortNameTranslation': {'ar': 'ك. باروس'}}}",True,head,high,"{'x': 0, 'y': 50.6, 'z': 86.1}",,0.062967345118523,0.0,"{'name': 'Walter', 'slug': 'walter', 'shortName': 'Walter', 'position': 'G', 'jerseyNumber': '22', 'userCount': 771, 'gender': 'M', 'id': 329055, 'fieldTranslations': {'nameTranslation': {'ar': 'والتر'}, 'shortNameTranslation': {'ar': 'والتر'}}}",6288325,61,,3634,"{'start': {'x': 47, 'y': 9.1}, 'end': {'x': 49.4, 'y': 0}, 'goal': {'x': 49.4, 'y': 13.9}}",30,1766,934,shot,,13472621,9.1,47.0,90.94949147741289,4.606422750059632,8271.81,418.9518066479094,3.0,90.9,,0,1,61,0,0.10795046
"{'name': 'Cauan Barros', 'firstName': '', 'lastName': '', 'slug': 'barros-cauan', 'shortName': 'C. Barros', 'position': 'M', 'jerseyNumber': '88', 'userCount': 2269, 'gender': 'M', 'id': 1444694, 'fieldTranslations': {'nameTranslation': {'ar': 'باروس، كوان'}, 'shortNameTranslation': {'ar': 'ك. باروس'}}}",True,head,low-right,"{'x': 0, 'y': 47.6, 'z': 9.5}","{'x': 1.4, 'y': 53.1, 'z': 0}",0.0079045947641134,0.037229266017675,"{'name': 'Walter', 'slug': 'walter', 'shortName': 'Walter', 'position': 'G', 'jerseyNumber': '22', 'userCount': 771, 'gender': 'M', 'id': 329055, 'fieldTranslations': {'nameTranslation': {'ar': 'والتر'}, 'shortNameTranslation': {'ar': 'والتر'}}}",6288321,56,,3313,"{'start': {'x': 67, 'y': 7.7}, 'block': {'x': 53.1, 'y': 1.4}, 'end': {'x': 52.4, 'y': 0}, 'goal': {'x': 52.4, 'y': 90.5}}",35,2087,613,shot,,13472621,7.7,67.0,93.85249064356256,4.3929132680788605,8808.289999999997,412.2858513903531,17.0,92.3,,0,1,56,0,0.07476828
"{'name': 'Paulo Henrique', 'slug': 'paulo-henrique', 'shortName': 'P. Henrique', 'position': 'D', 'jerseyNumber': '96', 'userCount': 6654, 'gender': 'M', 'id': 1021721, 'fieldTranslations': {'nameTranslation': {'ar': 'باولو هنريك', 'bn': 'পাওলো হেনরিক', 'hi': 'पाउलो हेनरिक'}, 'shortNameTranslation': {'ar': 'ب. هنريك', 'bn': 'পি. হেনরিক', 'hi': 'पी. हेनरिक'}}}",True,right-foot,high-centre,"{'x': 0, 'y': 48.5, 'z': 31.6}","{'x': 2.4, 'y': 54.9, 'z': 0}",0.046104226261377,0.079595498740673,"{'name': 'Walter', 'slug': 'walter', 'shortName': 'Walter', 'position': 'G', 'jerseyNumber': '22', 'userCount': 771, 'gender': 'M', 'id': 329055, 'fieldTranslations': {'nameTranslation': {'ar': 'والتر'}, 'shortNameTranslation': {'ar': 'والتر'}}}",6288320,55,,3262,"{'start': {'x': 73, 'y': 14.1}, 'block': {'x': 54.9, 'y': 2.4}, 'end': {'x': 51.5, 'y': 0}, 'goal': {'x': 51.5, 'y': 68.4}}",36,2138,562,shot,,13472621,14.1,73.0,88.92586800251095,4.553979514444085,7907.810000000001,404.9665811875936,23.0,85.9,,0,1,55,0,0.029675568
"{'name': 'Philippe Coutinho', 'slug': 'philippe-coutinho', 'shortName': 'P. Coutinho', 'position': 'M', 'userCount': 68505, 'gender': 'M', 'sofascoreId': 'Coutinho', 'id': 119159, 'fieldTranslations': {'nameTranslation': {'ar': 'فيليب كوتينيو', 'bn': 'ফিলিপে কৌতিনহো', 'hi': 'फिलिप कूटिन्हो'}, 'shortNameTranslation': {'ar': 'ف. كوتينيو', 'bn': 'পি. কৌতিনহো', 'hi': 'पी. कूटिन्हो'}}}",True,right-foot,high-centre,"{'x': 0, 'y': 49.7, 'z': 31}","{'x': 1.2, 'y': 48.4, 'z': 0}",0.024257242679596,0.035821080207825,"{'name': 'Walter', 'slug': 'walter', 'shortName': 'Walter', 'position': 'G', 'jerseyNumber': '22', 'userCount': 771, 'gender': 'M', 'id': 329055, 'fieldTranslations': {'nameTranslation': {'ar': 'والتر'}, 'shortNameTranslation': {'ar': 'والتر'}}}",6288319,51,,3030,"{'start': {'x': 30.7, 'y': 24.4}, 'block': {'x': 48.4, 'y': 1.2}, 'end': {'x': 50.3, 'y': 0}, 'goal': {'x': 50.3, 'y': 69}}",40,2370,330,shot,,13472621,24.4,30.7,78.02467558407403,5.205363449337746,6087.8499999999985,406.1467944317742,19.3,75.6,,0,1,51,0,0.040681936
"{'name': 'Andrés Gómez', 'slug': 'andres-gomez', 'shortName': 'A. Gómez', 'position': 'M', 'jerseyNumber': '11', 'userCount': 4215, 'gender': 'M', 'id': 1160386, 'fieldTranslations': {'nameTranslation': {'ar': 'أندريس غوميز', 'bn': 'আন্দ্রেস গোমেজ', 'hi': 'एन्ड्रेस गोमेज़'}, 'shortNameTranslation': {'ar': 'أ. غوميز', 'bn': 'এ. গোমেজ', 'hi': 'ए. गोमेज़'}}}",True,right-foot,low-centre,"{'x': 0, 'y': 50.6, 'z': 2.5}","{'x': 0.3, 'y': 48.4, 'z': 0}",0.026661401614547,0.015083802863955,"{'name': 'Walter', 'slug': 'walter', 'shortName': 'Walter', 'position': 'G', 'jerseyNumber': '22', 'userCount': 771, 'gender': 'M', 'id': 329055, 'fieldTranslations': {'nameTranslation': {'ar': 'والتر'}, 'shortNameTranslation': {'ar': 'والتر'}}}",6288315,47,,2761,"{'start': {'x': 26.8, 'y': 15.3}, 'block': {'x': 48.4, 'y': 0.3}, 'end': {'x': 49.4, 'y': 0}, 'goal': {'x': 49.4, 'y': 97.5}}",44,2639,61,shot,,13472621,15.3,26.8,87.81987246631596,4.604158800093529,7712.329999999999,404.33663863888006,23.2,84.7,,0,1,47,0,0.017978236
"{'name': 'Renato Marques', 'firstName': 'Renato Marques', 'lastName': '', 'slug': 'marques-renato', 'shortName': 'Renato Marques', 'position': 'F', 'jerseyNumber': '78', 'userCount': 301, 'gender': 'M', 'id': 1194689, 'fieldTranslations': {'nameTranslation': {'ar': 'Marques de Oliveira Junior, Renato'}, 'shortNameTranslation': {'ar': 'R. M. d. O. Junior'}}}",False,right-foot,left,"{'x': 0, 'y': 64.5, 'z': 12.5}",,0.025440433993936,0.0,"{'name': 'Léo Jardim', 'slug': 'leo-jardim', 'shortName': 'L. Jardim', 'position': 'G', 'jerseyNumber': '1', 'userCount': 5913, 'gender': 'M', 'sofascoreId': 'leocjardim', 'id': 595598, 'fieldTranslations': {'nameTranslation': {'ar': 'ليو جارديم', 'bn': 'লিও জার্দিম', 'hi': 'लियो जार्डिम'}, 'shortNameTranslation': {'ar': 'ل. جارديم', 'bn': 'এল. জার্দিম', 'hi': 'एल. जार्डिम'}}}",6288298,45,5.0,2975,"{'start': {'x': 54.4, 'y': 28.2}, 'end': {'x': 35.5, 'y': 0}, 'goal': {'x': 35.5, 'y': 87.5}}",1,2425,275,shot,,13472621,28.2,54.4,71.93469260377776,5.814503344173564,5174.599999999999,418.26451070676313,4.399999999999999,71.8,,0,0,45,0,0.0441588
"{'name': 'Philippe Coutinho', 'slug': 'philippe-coutinho', 'shortName': 'P. Coutinho', 'position': 'M', 'userCount': 68505, 'gender': 'M', 'sofascoreId': 'Coutinho', 'id': 119159, 'fieldTranslations': {'nameTranslation': {'ar': 'فيليب كوتينيو', 'bn': 'ফিলিপে কৌতিনহো', 'hi': 'फिलिप कूटिन्हो'}, 'shortNameTranslation': {'ar': 'ف. كوتينيو', 'bn': 'পি. কৌতিনহো', 'hi': 'पी. कूटिन्हो'}}}",True,right-foot,low-centre,"{'x': 0, 'y': 50.7, 'z': 19}","{'x': 17.3, 'y': 46, 'z': 0}",0.035011015832424,0.0,"{'name': 'Walter', 'slug': 'walter', 'shortName': 'Walter', 'position': 'G', 'jerseyNumber': '22', 'userCount': 771, 'gender': 'M', 'id': 329055, 'fieldTranslations': {'nameTranslation': {'ar': 'والتر'}, 'shortNameTranslation': {'ar': 'والتر'}}}",6288270,45,1.0,2737,"{'start': {'x': 45.5, 'y': 20.1}, 'block': {'x': 46, 'y': 17.3}, 'end': {'x': 49.3, 'y': 0}, 'goal': {'x': 49.3, 'y': 81}}",1,2663,37,shot,,13472621,20.1,45.5,80.02662057090754,5.228930020152542,6404.260000000002,418.4535987145754,4.5,79.9,,0,1,45,0,0.102352165
"{'name': 'Renato Marques', 'firstName': 'Renato Marques', 'lastName': '', 'slug': 'marques-renato', 'shortName': 'Renato Marques', 'position': 'F', 'jerseyNumber': '78', 'userCount': 301, 'gender': 'M', 'id': 1194689, 'fieldTranslations': {'nameTranslation': {'ar': 'Marques de Oliveira Junior, Renato'}, 'shortNameTranslation': {'ar': 'R. M. d. O. Junior'}}}",False,right-foot,low-centre,"{'x': 0, 'y': 50.5, 'z': 5.7}","{'x': 1.4, 'y': 50, 'z': 0}",0.027268461883068,0.012408437207341,"{'name': 'Léo Jardim', 'slug': 'leo-jardim', 'shortName': 'L. Jardim', 'position': 'G', 'jerseyNumber': '1', 'userCount': 5913, 'gender': 'M', 'sofascoreId': 'leocjardim', 'id': 595598, 'fieldTranslations': {'nameTranslation': {'ar': 'ليو جارديم', 'bn': 'লিও জার্দিম', 'hi': 'लियो जार्डिम'}, 'shortNameTranslation': {'ar': 'ل. جارديم', 'bn': 'এল. জার্দিম', 'hi': 'एल. जार्डिम'}}}",6288269,41,,2447,"{'start': {'x': 42.7, 'y': 24.1}, 'block': {'x': 50, 'y': 1.4}, 'end': {'x': 49.5, 'y': 0}, 'goal': {'x': 49.5, 'y': 94.3}}",5,253,2447,shot,,13472621,24.1,42.7,76.25024590124285,5.471066281475733,5814.100000000002,417.17014930452297,7.299999999999997,75.9,,0,0,41,0,0.023177868
"{'name': 'Danielzinho', 'slug': 'danielzinho', 'shortName': 'Danielzinho', 'position': 'M', 'jerseyNumber': '94', 'userCount': 1194, 'gender': 'M', 'id': 356514, 'fieldTranslations': {'nameTranslation': {'ar': 'دانييلزينيو'}, 'shortNameTranslation': {'ar': 'دانييلزينيو'}}}",False,right-foot,low-centre,"{'x': 0, 'y': 50.6, 'z': 19}","{'x': 23.7, 'y': 43.7, 'z': 0}",0.015690617263317,0.0,"{'name': 'Léo Jardim', 'slug': 'leo-jardim', 'shortName': 'L. Jardim', 'position': 'G', 'jerseyNumber': '1', 'userCount': 5913, 'gender': 'M', 'sofascoreId': 'leocjardim', 'id': 595598, 'fieldTranslations': {'nameTranslation': {'ar': 'ليو جارديم', 'bn': 'লিও জার্দিম', 'hi': 'लियो जार्डिम'}, 'shortNameTranslation': {'ar': 'ل. جارديم', 'bn': 'এল. জার্দিম', 'hi': 'एल. जार्डिम'}}}",6288265,36,,2158,"{'start': {'x': 43.2, 'y': 25.6}, 'block': {'x': 43.7, 'y': 23.7}, 'end': {'x': 49.4, 'y': 0}, 'goal': {'x': 49.4, 'y': 81}}",10,542,2158,shot,,13472621,25.6,43.2,74.71010641138186,5.586146786109761,5581.6,417.341620819859,6.799999999999997,74.4,,0,0,36,0,0.016302317
"{'name': 'Renato Marques', 'firstName': 'Renato Marques', 'lastName': '', 'slug': 'marques-renato', 'shortName': 'Renato Marques', 'position': 'F', 'jerseyNumber': '78', 'userCount': 301, 'gender': 'M', 'id': 1194689, 'fieldTranslations': {'nameTranslation': {'ar': 'Marques de Oliveira Junior, Renato'}, 'shortNameTranslation': {'ar': 'R. M. d. O. Junior'}}}",False,right-foot,high-right,"{'x': 0, 'y': 46, 'z': 29.7}","{'x': 1.2, 'y': 50.5, 'z': 0}",0.075015060603619,0.68043422698975,"{'name': 'Léo Jardim', 'slug': 'leo-jardim', 'shortName': 'L. Jardim', 'position': 'G', 'jerseyNumber': '1', 'userCount': 5913, 'gender': 'M', 'sofascoreId': 'leocjardim', 'id': 595598, 'fieldTranslations': {'nameTranslation': {'ar': 'ليو جارديم', 'bn': 'লিও জার্দিম', 'hi': 'लियो जार्डिम'}, 'shortNameTranslation': {'ar': 'ل. جارديم', 'bn': 'এল. জার্দিম', 'hi': 'एल. जार्डिम'}}}",6288262,33,,1955,"{'start': {'x': 56.4, 'y': 14.5}, 'block': {'x': 50.5, 'y': 1.2}, 'end': {'x': 54, 'y': 0}, 'goal': {'x': 54, 'y': 70.3}}",13,745,1955,shot,,13472621,14.5,56.4,85.7391975703062,4.87509716300639,7351.210000000001,417.9869188334441,6.399999999999999,85.5,,0,0,33,0,0.01948978
"{'name': 'Alesson', 'firstName': '', 'lastName': '', 'slug': 'alesson', 'shortName': 'Alesson', 'position': 'F', 'jerseyNumber': '77', 'userCount': 441, 'gender': 'M', 'id': 871015, 'fieldTranslations': {'nameTranslation': {'ar': 'أليسون'}, 'shortNameTranslation': {'ar': 'أليسون'}}}",False,right-foot,low-centre,"{'x': 0, 'y': 49.7, 'z': 19}","{'x': 9.9, 'y': 42.8, 'z': 0}",0.049771722406149,0.0,"{'name': 'Léo Jardim', 'slug': 'leo-jardim', 'shortName': 'L. Jardim', 'position': 'G', 'jerseyNumber': '1', 'userCount': 5913, 'gender': 'M', 'sofascoreId': 'leocjardim', 'id': 595598, 'fieldTranslations': {'nameTranslation': {'ar': 'ليو جارديم', 'bn': 'লিও জার্দিম', 'hi': 'लियो जार्डिम'}, 'shortNameTranslation': {'ar': 'ل. جارديم', 'bn': 'এল. জার্দিম', 'hi': 'एल. जार्डिम'}}}",6288263,33,,1943,"{'start': {'x': 36, 'y': 18.9}, 'block': {'x': 42.8, 'y': 9.9}, 'end': {'x': 50.3, 'y': 0}, 'goal': {'x': 50.3, 'y': 81}}",13,757,1943,shot,,13472621,18.9,36.0,82.29951397183339,5.018882324067393,6773.21,413.0515759525721,14.0,81.1,,0,0,33,0,0.017486498
"{'name': 'Andrés Gómez', 'slug': 'andres-gomez', 'shortName': 'A. Gómez', 'position': 'M', 'jerseyNumber': '11', 'userCount': 4215, 'gender': 'M', 'id': 1160386, 'fieldTranslations': {'nameTranslation': {'ar': 'أندريس غوميز', 'bn': 'আন্দ্রেস গোমেজ', 'hi': 'एन्ड्रेस गोमेज़'}, 'shortNameTranslation': {'ar': 'أ. غوميز', 'bn': 'এ. গোমেজ', 'hi': 'ए. गोमेज़'}}}",True,left-foot,right,"{'x': 0, 'y': 35.6, 'z': 6.9}","{'x': 19, 'y': 52, 'z': 0}",0.016746925190091,0.0,"{'name': 'Walter', 'slug': 'walter', 'shortName': 'Walter', 'position': 'G', 'jerseyNumber': '22', 'userCount': 771, 'gender': 'M', 'id': 329055, 'fieldTranslations': {'nameTranslation': {'ar': 'والتر'}, 'shortNameTranslation': {'ar': 'والتر'}}}",6288253,23,,1353,"{'start': {'x': 47.6, 'y': 26.8}, 'block': {'x': 52, 'y': 19}, 'end': {'x': 64.4, 'y': 0}, 'goal': {'x': 64.4, 'y': 93.1}}",23,1347,1353,shot,,13472621,26.8,47.6,73.23933369440222,5.718688484076807,5364.0,418.8329341796365,2.3999999999999986,73.2,,0,1,23,0,0.11960095
"{'name': 'Robert Renan', 'firstName': 'Robert Renan', 'slug': 'robert-renan', 'shortName': 'R. Renan', 'position': 'D', 'jerseyNumber': '30', 'userCount': 3215, 'gender': 'M', 'id': 1191278, 'fieldTranslations': {'nameTranslation': {'ar': 'روبرت رينان', 'bn': 'রবার্ট রেনান', 'hi': 'रॉबर्ट रेनन'}, 'shortNameTranslation': {'ar': 'ر. رينان', 'bn': 'রবার্ট রেনান', 'hi': 'रॉबर्ट रेनन'}}}",True,left-foot,low-centre,"{'x': 0, 'y': 49.3, 'z': 19}","{'x': 12.8, 'y': 48.6, 'z': 0}",0.027328073978424,0.0,"{'name': 'Walter', 'slug': 'walter', 'shortName': 'Walter', 'position': 'G', 'jerseyNumber': '22', 'userCount': 771, 'gender': 'M', 'id': 329055, 'fieldTranslations': {'nameTranslation': {'ar': 'والتر'}, 'shortNameTranslation': {'ar': 'والتر'}}}",6288252,22,,1286,"{'start': {'x': 46.4, 'y': 25.6}, 'block': {'x': 48.6, 'y': 12.8}, 'end': {'x': 50.7, 'y': 0}, 'goal': {'x': 50.7, 'y': 81}}",24,1414,1286,shot,,13472621,25.6,46.4,74.48704585362478,5.619520422270071,5548.320000000001,418.5814753690116,3.6000000000000014,74.4,,0,1,22,0,0.0686739
"{'name': 'Rayan', 'firstName': 'Rayan', 'slug': 'rayan', 'shortName': 'Rayan', 'position': 'M', 'jerseyNumber': '37', 'userCount': 32026, 'gender': 'M', 'id': 1464966, 'fieldTranslations': {'nameTranslation': {'ar': 'ريان', 'bn': 'রায়ান', 'hi': 'रायन'}, 'shortNameTranslation': {'ar': 'ريان', 'bn': 'রায়ান', 'hi': 'रायन'}}}",True,left-foot,low-right,"{'x': 0, 'y': 46, 'z': 4.4}","{'x': 1.8, 'y': 51.6, 'z': 0}",0.018940268084407,0.10075800120831,"{'name': 'Walter', 'slug': 'walter', 'shortName': 'Walter', 'position': 'G', 'jerseyNumber': '22', 'userCount': 771, 'gender': 'M', 'id': 329055, 'fieldTranslations': {'nameTranslation': {'ar': 'والتر'}, 'shortNameTranslation': {'ar': 'والتر'}}}",6288217,16,,930,"{'start': {'x': 59.9, 'y': 24.3}, 'block': {'x': 51.6, 'y': 1.8}, 'end': {'x': 54, 'y': 0}, 'goal': {'x': 54, 'y': 95.6}}",30,1770,930,shot,,13472621,24.3,59.9,76.34461343146614,5.443305588800124,5828.500000000001,415.56706096628466,9.899999999999999,75.7,,0,1,16,0,0.0402139
"{'name': 'Renato Marques', 'firstName': 'Renato Marques', 'lastName': '', 'slug': 'marques-renato', 'shortName': 'Renato Marques', 'position': 'F', 'jerseyNumber': '78', 'userCount': 301, 'gender': 'M', 'id': 1194689, 'fieldTranslations': {'nameTranslation': {'ar': 'Marques de Oliveira Junior, Renato'}, 'shortNameTranslation': {'ar': 'R. M. d. O. Junior'}}}",False,right-foot,low-left,"{'x': 0, 'y': 52.6, 'z': 19}","{'x': 17, 'y': 49.5, 'z': 0}",0.086289674043655,0.0,"{'name': 'Léo Jardim', 'slug': 'leo-jardim', 'shortName': 'L. Jardim', 'position': 'G', 'jerseyNumber': '1', 'userCount': 5913, 'gender': 'M', 'sofascoreId': 'leocjardim', 'id': 595598, 'fieldTranslations': {'nameTranslation': {'ar': 'ليو جارديم', 'bn': 'লিও জার্দিম', 'hi': 'लियो जार्डिम'}, 'shortNameTranslation': {'ar': 'ل. جارديم', 'bn': 'এল. জার্দিম', 'hi': 'एल. जार्डिम'}}}",6288216,15,,858,"{'start': {'x': 49.7, 'y': 18.9}, 'block': {'x': 49.5, 'y': 17}, 'end': {'x': 47.4, 'y': 0}, 'goal': {'x': 47.4, 'y': 81}}",31,1842,858,shot,,13472621,18.9,49.7,81.10055486863206,5.1678792611318265,6577.299999999999,419.1178755718874,0.29999999999999716,81.1,,0,0,15,0,0.088737376
"{'name': 'Gustavo Cuéllar', 'slug': 'gustavo-cuellar', 'shortName': 'G. Cuéllar', 'position': 'M', 'jerseyNumber': '6', 'userCount': 1946, 'gender': 'M', 'id': 180059, 'fieldTranslations': {'nameTranslation': {'ar': 'غوستافو كوييار', 'bn': 'গুস্তাভো কুয়েলার', 'hi': 'गुस्तावो क्यूएलर'}, 'shortNameTranslation': {'ar': 'غ. كوييار', 'bn': 'জি. কুয়েলার', 'hi': 'जी. क्यूएलर'}}}",True,right-foot,low-left,"{'x': 0, 'y': 52.6, 'z': 4.2}","{'x': 12.4, 'y': 60.1, 'z': 0}",0.0046888026408851,0.0,"{'name': 'Fábio', 'firstName': '', 'lastName': '', 'slug': 'fabio', 'shortName': 'Fábio', 'position': 'G', 'jerseyNumber': '1', 'userCount': 4343, 'gender': 'M', 'id': 17785, 'fieldTranslations': {'nameTranslation': {'ar': 'فابيو', 'bn': 'ফ্যাবিও', 'hi': 'फैबियो'}, 'shortNameTranslation': {'ar': 'فابيو', 'bn': 'ফ্যাবিও', 'hi': 'फैबियो'}}}",6288686,90,7.0,5786,"{'start': {'x': 72.8, 'y': 27.4}, 'block': {'x': 60.1, 'y': 12.4}, 'end': {'x': 47.4, 'y': 0}, 'goal': {'x': 47.4, 'y': 95.8}}",1,514,386,shot,,13472604,27.4,72.8,76.09599201009209,5.2557186233431485,5790.599999999999,399.93912236921244,22.799999999999997,72.6,,0,1,90,0,0.011641329
"{'name': 'Marcos Rocha', 'slug': 'marcos-rocha', 'shortName': 'M. Rocha', 'position': 'D', 'jerseyNumber': '14', 'userCount': 2458, 'gender': 'M', 'id': 82576, 'fieldTranslations': {'nameTranslation': {'ar': 'ماركوس روشا', 'bn': 'মার্কোস রোচা', 'hi': 'मार्कोस रोचा'}, 'shortNameTranslation': {'ar': 'م. روشا', 'bn': 'এম. রোচা', 'hi': 'एम. रोचा'}}}",True,right-foot,low-left,"{'x': 0, 'y': 52.8, 'z': 8.3}","{'x': 9.9, 'y': 54.3, 'z': 0}",0.047607909888029,0.0,"{'name': 'Fábio', 'firstName': '', 'lastName': '', 'slug': 'fabio', 'shortName': 'Fábio', 'position': 'G', 'jerseyNumber': '1', 'userCount': 4343, 'gender': 'M', 'id': 17785, 'fieldTranslations': {'nameTranslation': {'ar': 'فابيو', 'bn': 'ফ্যাবিও', 'hi': 'फैबियो'}, 'shortNameTranslation': {'ar': 'فابيو', 'bn': 'ফ্যাবিও', 'hi': 'फैबियो'}}}",6288685,90,6.0,5701,"{'start': {'x': 59.7, 'y': 26.6}, 'block': {'x': 54.3, 'y': 9.9}, 'end': {'x': 47.2, 'y': 0}, 'goal': {'x': 47.2, 'y': 91.7}}",1,599,301,shot,,13472604,26.6,59.7,74.03816583357532,5.611633307999146,5481.65,415.47503745485557,9.700000000000003,73.4,,0,1,90,0,0.01737254
"{'name': 'Gustavo Martins', 'firstName': 'Gustavo Martins', 'lastName': '', 'slug': 'gustavo-martins', 'shortName': 'G. Martins', 'position': 'D', 'jerseyNumber': '53', 'userCount': 1213, 'gender': 'M', 'id': 1105796, 'fieldTranslations': {'nameTranslation': {'ar': 'غوستافو مارتينز'}, 'shortNameTranslation': {'ar': 'غ. مارتينز'}}}",True,head,high-centre,"{'x': 0, 'y': 50.4, 'z': 31.6}","{'x': 1.1, 'y': 49.5, 'z': 0}",0.02501367405057,0.041508376598358,"{'name': 'Fábio', 'firstName': '', 'lastName': '', 'slug': 'fabio', 'shortName': 'Fábio', 'position': 'G', 'jerseyNumber': '1', 'userCount': 4343, 'gender': 'M', 'id': 17785, 'fieldTranslations': {'nameTranslation': {'ar': 'فابيو', 'bn': 'ফ্যাবিও', 'hi': 'फैबियो'}, 'shortNameTranslation': {'ar': 'فابيو', 'bn': 'ফ্যাবিও', 'hi': 'फैबियो'}}}",6288682,90,4.0,5606,"{'start': {'x': 40.3, 'y': 9.8}, 'block': {'x': 49.5, 'y': 1.1}, 'end': {'x': 49.6, 'y': 0}, 'goal': {'x': 49.6, 'y': 68.4}}",1,694,206,shot,,13472604,9.8,40.3,90.72006393295808,4.594188897869262,8230.130000000003,416.7851105347857,9.700000000000003,90.2,,0,1,90,0,0.10345202
"{'name': 'Wagner Leonardo', 'slug': 'wagner-leonardo', 'shortName': 'W. Leonardo', 'position': 'D', 'jerseyNumber': '3', 'userCount': 1495, 'gender': 'M', 'id': 976235, 'fieldTranslations': {'nameTranslation': {'ar': 'واغنر ليوناردو'}, 'shortNameTranslation': {'ar': 'و. ليوناردو'}}}",True,head,low-right,"{'x': 0, 'y': 45.8, 'z': 15.2}","{'x': 1.4, 'y': 52.5, 'z': 0}",0.0077887936495245,0.149807035923,"{'name': 'Fábio', 'firstName': '', 'lastName': '', 'slug': 'fabio', 'shortName': 'Fábio', 'position': 'G', 'jerseyNumber': '1', 'userCount': 4343, 'gender': 'M', 'id': 17785, 'fieldTranslations': {'nameTranslation': {'ar': 'فابيو', 'bn': 'ফ্যাবিও', 'hi': 'फैबियो'}, 'shortNameTranslation': {'ar': 'فابيو', 'bn': 'ফ্যাবিও', 'hi': 'फैबियो'}}}",6288680,90,2.0,5498,"{'start': {'x': 63.7, 'y': 12.7}, 'block': {'x': 52.5, 'y': 1.4}, 'end': {'x': 54.2, 'y': 0}, 'goal': {'x': 54.2, 'y': 84.8}}",1,802,98,shot,,13472604,12.7,63.7,88.36843327795282,4.686291684627773,7808.979999999999,414.12025405405444,13.700000000000003,87.3,,0,1,90,0,0.020138755
"{'name': 'Franco Cristaldo', 'slug': 'franco-cristaldo', 'shortName': 'F. Cristaldo', 'position': 'M', 'jerseyNumber': '10', 'userCount': 2298, 'gender': 'M', 'id': 558820, 'fieldTranslations': {'nameTranslation': {'ar': 'فرانكو كريستالدو', 'bn': 'ফ্রাঙ্কো ক্রিস্টালদো', 'hi': 'फ्रेंको क्रिस्टाल्डो'}, 'shortNameTranslation': {'ar': 'ف. كريستالدو', 'bn': 'এফ ক্রিস্টালডো', 'hi': 'एफ. क्रिस्टाल्डो'}}}",True,right-foot,low-right,"{'x': 0, 'y': 45.9, 'z': 4.4}","{'x': 0.90000000000001, 'y': 52.3, 'z': 0}",0.039231602102518,0.10877220332623,"{'name': 'Fábio', 'firstName': '', 'lastName': '', 'slug': 'fabio', 'shortName': 'Fábio', 'position': 'G', 'jerseyNumber': '1', 'userCount': 4343, 'gender': 'M', 'id': 17785, 'fieldTranslations': {'nameTranslation': {'ar': 'فابيو', 'bn': 'ফ্যাবিও', 'hi': 'फैबियो'}, 'shortNameTranslation': {'ar': 'فابيو', 'bn': 'ফ্যাবিও', 'hi': 'फैबियो'}}}",6288678,90,1.0,5417,"{'start': {'x': 49.1, 'y': 19.4}, 'block': {'x': 52.3, 'y': 0.90000000000001}, 'end': {'x': 54.1, 'y': 0}, 'goal': {'x': 54.1, 'y': 95.6}}",1,883,17,shot,,13472604,19.4,49.1,80.60502465727555,5.19931906472815,6497.169999999999,419.0912414134554,0.8999999999999986,80.6,,0,1,90,0,0.09709669
"{'name': 'Jardiel', 'firstName': 'Jardiel', 'slug': 'jardiel', 'shortName': 'Jardiel', 'position': 'F', 'jerseyNumber': '40', 'userCount': 438, 'gender': 'M', 'id': 1631875, 'fieldTranslations': {'nameTranslation': {'ar': 'جارديل'}, 'shortNameTranslation': {'ar': 'جارديل'}}}",True,right-foot,low-left,"{'x': 0, 'y': 53.4, 'z': 15.3}","{'x': 12.1, 'y': 50, 'z': 0}",0.10846998542547,0.0,"{'name': 'Fábio', 'firstName': '', 'lastName': '', 'slug': 'fabio', 'shortName': 'Fábio', 'position': 'G', 'jerseyNumber': '1', 'userCount': 4343, 'gender': 'M', 'id': 17785, 'fieldTranslations': {'nameTranslation': {'ar': 'فابيو', 'bn': 'ফ্যাবিও', 'hi': 'फैबियो'}, 'shortNameTranslation': {'ar': 'فابيو', 'bn': 'ফ্যাবিও', 'hi': 'फैबियो'}}}",6288679,90,1.0,5404,"{'start': {'x': 49.5, 'y': 15.4}, 'block': {'x': 50, 'y': 12.1}, 'end': {'x': 46.6, 'y': 0}, 'goal': {'x': 46.6, 'y': 84.7}}",1,896,4,shot,,13472604,15.4,49.5,84.60147752846872,4.954245235191004,7157.409999999998,419.13646693553494,0.5,84.6,,0,1,90,0,0.11080796
"{'name': 'Alexander Aravena', 'firstName': '', 'lastName': '', 'slug': 'alexander-aravena', 'shortName': 'A. Aravena', 'position': 'M', 'jerseyNumber': '16', 'userCount': 2838, 'gender': 'M', 'id': 1000502, 'fieldTranslations': {'nameTranslation': {'ar': 'ألكسندر أرافينا', 'bn': 'আলেকজান্ডার অ্যারাভেনা', 'hi': 'अलेक्जेंडर अरवेना'}, 'shortNameTranslation': {'ar': 'أ. أرافينا', 'bn': 'এ. আরবেনা', 'hi': 'ए. अरवेना'}}}",True,right-foot,high,"{'x': 0, 'y': 46.1, 'z': 66.7}",,0.037357956171036,0.0,"{'name': 'Fábio', 'firstName': '', 'lastName': '', 'slug': 'fabio', 'shortName': 'Fábio', 'position': 'G', 'jerseyNumber': '1', 'userCount': 4343, 'gender': 'M', 'id': 17785, 'fieldTranslations': {'nameTranslation': {'ar': 'فابيو', 'bn': 'ফ্যাবিও', 'hi': 'फैबियो'}, 'shortNameTranslation': {'ar': 'فابيو', 'bn': 'ফ্যাবিও', 'hi': 'फैबियो'}}}",6288674,84,,5007,"{'start': {'x': 52.3, 'y': 28.2}, 'end': {'x': 53.9, 'y': 0}, 'goal': {'x': 53.9, 'y': 33.3}}",7,393,2307,shot,,13472604,28.2,52.3,71.83682899460415,5.830288292002103,5160.529999999999,418.82942302179777,2.299999999999997,71.8,,0,1,84,0,0.08763578
"{'name': 'Jardiel', 'firstName': 'Jardiel', 'slug': 'jardiel', 'shortName': 'Jardiel', 'position': 'F', 'jerseyNumber': '40', 'userCount': 438, 'gender': 'M', 'id': 1631875, 'fieldTranslations': {'nameTranslation': {'ar': 'جارديل'}, 'shortNameTranslation': {'ar': 'جارديل'}}}",True,right-foot,high,"{'x': 0, 'y': 47.5, 'z': 39.2}",,0.2199447453022,0.0,"{'name': 'Fábio', 'firstName': '', 'lastName': '', 'slug': 'fabio', 'shortName': 'Fábio', 'position': 'G', 'jerseyNumber': '1', 'userCount': 4343, 'gender': 'M', 'id': 17785, 'fieldTranslations': {'nameTranslation': {'ar': 'فابيو', 'bn': 'ফ্যাবিও', 'hi': 'फैबियो'}, 'shortNameTranslation': {'ar': 'فابيو', 'bn': 'ফ্যাবিও', 'hi': 'फैबियो'}}}",6288657,77,,4617,"{'start': {'x': 61.5, 'y': 10.7}, 'end': {'x': 52.5, 'y': 0}, 'goal': {'x': 52.5, 'y': 60.8}}",14,783,1917,shot,,13472604,10.7,61.5,90.03743665831452,4.617590985695643,8106.739999999999,415.7560558885756,11.5,89.3,,0,1,77,0,0.028610498
"{'name': 'Edenilson', 'slug': 'edenilson', 'shortName': 'Edenilson', 'position': 'M', 'jerseyNumber': '88', 'userCount': 1398, 'gender': 'M', 'id': 221636, 'fieldTranslations': {'nameTranslation': {'ar': 'إدنيلسون'}, 'shortNameTranslation': {'ar': 'إدنيلسون'}}}",True,right-foot,low-right,"{'x': 0, 'y': 47.4, 'z': 6.3}","{'x': 1.1, 'y': 52.2, 'z': 0}",0.017213754355907,0.056372385472059,"{'name': 'Fábio', 'firstName': '', 'lastName': '', 'slug': 'fabio', 'shortName': 'Fábio', 'position': 'G', 'jerseyNumber': '1', 'userCount': 4343, 'gender': 'M', 'id': 17785, 'fieldTranslations': {'nameTranslation': {'ar': 'فابيو', 'bn': 'ফ্যাবিও', 'hi': 'फैबियो'}, 'shortNameTranslation': {'ar': 'فابيو', 'bn': 'ফ্যাবিও', 'hi': 'फैबियो'}}}",6288655,77,,4580,"{'start': {'x': 61.1, 'y': 30.7}, 'block': {'x': 52.2, 'y': 1.1}, 'end': {'x': 52.6, 'y': 0}, 'goal': {'x': 52.6, 'y': 93.7}}",14,820,1880,shot,,13472604,30.7,61.1,70.18333135438927,5.895830642483215,4925.7,413.7890355907613,11.100000000000001,69.3,,0,1,77,0,0.017860118
"{'name': 'Willian', 'firstName': '', 'lastName': '', 'slug': 'willian', 'shortName': 'Willian', 'position': 'F', 'jerseyNumber': '88', 'userCount': 9646, 'gender': 'M', 'sofascoreId': 'willianborges88', 'id': 31417, 'fieldTranslations': {'nameTranslation': {'ar': 'ويليان', 'bn': 'উইলিয়ান', 'hi': 'विलियन'}, 'shortNameTranslation': {'ar': 'ويليان', 'bn': 'উইলিয়ান', 'hi': 'विलियन'}}}",True,right-foot,close-right,"{'x': 0, 'y': 42.5, 'z': 5.6}",,0.038817927241325,0.0,"{'name': 'Fábio', 'firstName': '', 'lastName': '', 'slug': 'fabio', 'shortName': 'Fábio', 'position': 'G', 'jerseyNumber': '1', 'userCount': 4343, 'gender': 'M', 'id': 17785, 'fieldTranslations': {'nameTranslation': {'ar': 'فابيو', 'bn': 'ফ্যাবিও', 'hi': 'फैबियो'}, 'shortNameTranslation': {'ar': 'فابيو', 'bn': 'ফ্যাবিও', 'hi': 'फैबियो'}}}",6288653,65,,3843,"{'start': {'x': 54.4, 'y': 27.7}, 'end': {'x': 57.5, 'y': 0}, 'goal': {'x': 57.5, 'y': 94.4}}",26,1557,1143,shot,,13472604,27.7,54.4,72.43376284578898,5.774656436433923,5246.65,418.2800948325637,4.399999999999999,72.3,,0,1,65,0,0.10641546
"{'name': 'Everaldo', 'firstName': '', 'lastName': '', 'slug': 'everaldo', 'shortName': 'Everaldo', 'position': 'F', 'jerseyNumber': '27', 'userCount': 2419, 'gender': 'M', 'id': 386212, 'fieldTranslations': {'nameTranslation': {'ar': 'إيفيرالدو', 'bn': 'এভারালডো', 'hi': 'एवराल्डो'}, 'shortNameTranslation': {'ar': 'إيفيرالدو', 'bn': 'এভারালডো', 'hi': 'एवराल्डो'}}}",False,head,low-right,"{'x': 0, 'y': 47.4, 'z': 9.7}","{'x': 8, 'y': 43.5, 'z': 0}",0.029803149402142,0.0,"{'name': 'Tiago Volpi', 'slug': 'tiago-volpi', 'shortName': 'T. Volpi', 'position': 'G', 'jerseyNumber': '18', 'userCount': 1692, 'gender': 'M', 'id': 243509, 'fieldTranslations': {'nameTranslation': {'ar': 'تياغو فوليبي'}, 'shortNameTranslation': {'ar': 'ت. فوليبي'}}}",6288652,62,,3684,"{'start': {'x': 42.1, 'y': 9.7}, 'block': {'x': 43.5, 'y': 8}, 'end': {'x': 52.6, 'y': 0}, 'goal': {'x': 52.6, 'y': 90.3}}",29,1716,984,shot,,13472604,9.7,42.1,90.6449116056715,4.606869502096299,8216.499999999998,417.5892787963829,7.899999999999999,90.3,,0,0,62,0,0.111653194
"{'name': 'André Henrique', 'firstName': '', 'lastName': '', 'slug': 'andre-henrique', 'shortName': 'A. Henrique', 'position': 'F', 'jerseyNumber': '77', 'userCount': 1037, 'gender': 'M', 'id': 1463912, 'fieldTranslations': {'nameTranslation': {'ar': 'أندريه هنريكي'}, 'shortNameTranslation': {'ar': 'أ. هنريكي'}}}",True,head,high-right,"{'x': 0, 'y': 47.3, 'z': 24.1}",,0.035514257848263,0.087163306772709,"{'name': 'Fábio', 'firstName': '', 'lastName': '', 'slug': 'fabio', 'shortName': 'Fábio', 'position': 'G', 'jerseyNumber': '1', 'userCount': 4343, 'gender': 'M', 'id': 17785, 'fieldTranslations': {'nameTranslation': {'ar': 'فابيو', 'bn': 'ফ্যাবিও', 'hi': 'फैबियो'}, 'shortNameTranslation': {'ar': 'فابيو', 'bn': 'ফ্যাবিও', 'hi': 'फैबियो'}}}",6288556,54,,3183,"{'start': {'x': 57.9, 'y': 8.3}, 'end': {'x': 52.7, 'y': 0}, 'goal': {'x': 52.7, 'y': 75.9}}",37,2217,483,shot,regular,13472604,8.3,57.9,92.03966536227738,4.537649625342916,8471.300000000001,417.6437530478253,7.899999999999999,91.7,,0,1,54,1,0.45109794
"{'name': 'Yeferson Soteldo', 'slug': 'yeferson-soteldo', 'shortName': 'Y. Soteldo', 'position': 'M', 'jerseyNumber': '7', 'userCount': 11177, 'gender': 'M', 'sofascoreId': 'yefersonsoteldo1006', 'id': 789960, 'fieldTranslations': {'nameTranslation': {'ar': 'يفرسون سوتيلدو', 'bn': 'ইয়েফারসন সোটেলডো', 'hi': 'येफरसन सोतेल्डो'}, 'shortNameTranslation': {'ar': 'ي. سوتيلدو', 'bn': 'ওয়াই. সোটেলডো', 'hi': 'वाई. सोतेल्डो'}}}",False,left-foot,low-centre,"{'x': 0, 'y': 50.6, 'z': 3.8}",,0.26301896572113,0.16134838759899,"{'name': 'Tiago Volpi', 'slug': 'tiago-volpi', 'shortName': 'T. Volpi', 'position': 'G', 'jerseyNumber': '18', 'userCount': 1692, 'gender': 'M', 'id': 243509, 'fieldTranslations': {'nameTranslation': {'ar': 'تياغو فوليبي'}, 'shortNameTranslation': {'ar': 'ت. فوليبي'}}}",6288555,52,,3078,"{'start': {'x': 60.1, 'y': 9.7}, 'end': {'x': 49.4, 'y': 0}, 'goal': {'x': 49.4, 'y': 96.2}}",39,2322,378,shot,regular,13472604,9.7,60.1,90.86308381295453,4.584831541991876,8256.099999999999,416.5919326682853,10.100000000000001,90.3,,0,0,52,1,0.18949531
"{'name': 'André Henrique', 'firstName': '', 'lastName': '', 'slug': 'andre-henrique', 'shortName': 'A. Henrique', 'position': 'F', 'jerseyNumber': '77', 'userCount': 1037, 'gender': 'M', 'id': 1463912, 'fieldTranslations': {'nameTranslation': {'ar': 'أندريه هنريكي'}, 'shortNameTranslation': {'ar': 'أ. هنريكي'}}}",True,right-foot,right,"{'x': 0, 'y': 38.8, 'z': 20.8}",,0.034173745661974,0.0,"{'name': 'Fábio', 'firstName': '', 'lastName': '', 'slug': 'fabio', 'shortName': 'Fábio', 'position': 'G', 'jerseyNumber': '1', 'userCount': 4343, 'gender': 'M', 'id': 17785, 'fieldTranslations': {'nameTranslation': {'ar': 'فابيو', 'bn': 'ফ্যাবিও', 'hi': 'फैबियो'}, 'shortNameTranslation': {'ar': 'فابيو', 'bn': 'ফ্যাবিও', 'hi': 'फैबियो'}}}",6288505,46,,2747,"{'start': {'x': 65.2, 'y': 12.6}, 'end': {'x': 61.2, 'y': 0}, 'goal': {'x': 61.2, 'y': 79.2}}",45,2653,47,shot,,13472604,12.6,65.2,88.71189322745852,4.655475947209601,7869.8,412.9960851518594,15.200000000000003,87.4,,0,1,46,0,0.030792514
"{'name': 'Everaldo', 'firstName': '', 'lastName': '', 'slug': 'everaldo', 'shortName': 'Everaldo', 'position': 'F', 'jerseyNumber': '27', 'userCount': 2419, 'gender': 'M', 'id': 386212, 'fieldTranslations': {'nameTranslation': {'ar': 'إيفيرالدو', 'bn': 'এভারালডো', 'hi': 'एवराल्डो'}, 'shortNameTranslation': {'ar': 'إيفيرالدو', 'bn': 'এভারালডো', 'hi': 'एवराल्डो'}}}",False,left-foot,high,"{'x': 0, 'y': 52.6, 'z': 84.7}",,0.20943380892277,0.0,"{'name': 'Tiago Volpi', 'slug': 'tiago-volpi', 'shortName': 'T. Volpi', 'position': 'G', 'jerseyNumber': '18', 'userCount': 1692, 'gender': 'M', 'id': 243509, 'fieldTranslations': {'nameTranslation': {'ar': 'تياغو فوليبي'}, 'shortNameTranslation': {'ar': 'ت. فوليبي'}}}",6288452,45,3.0,2857,"{'start': {'x': 43.6, 'y': 8.9}, 'end': {'x': 47.4, 'y': 0}, 'goal': {'x': 47.4, 'y': 15.3}}",1,2543,157,shot,,13472604,8.9,43.6,91.3245312060237,4.578775932760614,8340.169999999998,418.15456555678696,6.399999999999999,91.1,,0,0,45,0,0.134848
"{'name': 'Cristian Pavón', 'firstName': '', 'lastName': '', 'slug': 'cristian-pavon', 'shortName': 'C. Pavón', 'position': 'M', 'jerseyNumber': '7', 'userCount': 2411, 'gender': 'M', 'id': 358956, 'fieldTranslations': {'nameTranslation': {'ar': 'كريستيان بافون', 'bn': 'ক্রিশ্চিয়ান পাভন', 'hi': 'क्रिस्टियन पावोन'}, 'shortNameTranslation': {'ar': 'ك. بافون', 'bn': 'সি. পাভন', 'hi': 'सी. पावोन'}}}",True,right-foot,right,"{'x': 0, 'y': 38.3, 'z': 18.1}",,0.031712107360363,0.0,"{'name': 'Fábio', 'firstName': '', 'lastName': '', 'slug': 'fabio', 'shortName': 'Fábio', 'position': 'G', 'jerseyNumber': '1', 'userCount': 4343, 'gender': 'M', 'id': 17785, 'fieldTranslations': {'nameTranslation': {'ar': 'فابيو', 'bn': 'ফ্যাবিও', 'hi': 'फैबियो'}, 'shortNameTranslation': {'ar': 'فابيو', 'bn': 'ফ্যাবিও', 'hi': 'फैबियो'}}}",6288449,45,,2653,"{'start': {'x': 35.6, 'y': 18.2}, 'end': {'x': 61.7, 'y': 0}, 'goal': {'x': 61.7, 'y': 81.9}}",1,47,2653,shot,,13472604,18.2,35.6,83.05781119196436,4.970257533734675,6898.6,412.8187118123731,14.399999999999999,81.8,,0,1,45,0,0.029538304
"{'name': 'Juan Freytes', 'firstName': '', 'lastName': '', 'slug': 'juan-freytes', 'shortName': 'J. Freytes', 'position': 'D', 'jerseyNumber': '22', 'userCount': 1342, 'gender': 'M', 'id': 962187, 'fieldTranslations': {'nameTranslation': {'ar': 'خوان فريتس'}, 'shortNameTranslation': {'ar': 'خ. فريتس'}}}",False,right-foot,low-centre,"{'x': 0, 'y': 51.7, 'z': 19}","{'x': 16.6, 'y': 40.6, 'z': 0}",0.032957784831524,0.0,"{'name': 'Tiago Volpi', 'slug': 'tiago-volpi', 'shortName': 'T. Volpi', 'position': 'G', 'jerseyNumber': '18', 'userCount': 1692, 'gender': 'M', 'id': 243509, 'fieldTranslations': {'nameTranslation': {'ar': 'تياغو فوليبي'}, 'shortNameTranslation': {'ar': 'ت. فوليبي'}}}",6288453,33,,1955,"{'start': {'x': 39.9, 'y': 18.1}, 'block': {'x': 40.6, 'y': 16.6}, 'end': {'x': 48.3, 'y': 0}, 'goal': {'x': 48.3, 'y': 81}}",13,745,1955,shot,,13472604,18.1,39.9,82.52042171487008,5.041122148484954,6809.620000000002,415.9955256091503,10.100000000000001,81.9,,0,0,33,0,0.022452049
"{'name': 'Cristian Pavón', 'firstName': '', 'lastName': '', 'slug': 'cristian-pavon', 'shortName': 'C. Pavón', 'position': 'M', 'jerseyNumber': '7', 'userCount': 2411, 'gender': 'M', 'id': 358956, 'fieldTranslations': {'nameTranslation': {'ar': 'كريستيان بافون', 'bn': 'ক্রিশ্চিয়ান পাভন', 'hi': 'क्रिस्टियन पावोन'}, 'shortNameTranslation': {'ar': 'ك. بافون', 'bn': 'সি. পাভন', 'hi': 'सी. पावोन'}}}",True,right-foot,low-right,"{'x': 0, 'y': 46.8, 'z': 9.5}","{'x': 1.5, 'y': 50.4, 'z': 0}",0.03090164065361,0.070778906345367,"{'name': 'Fábio', 'firstName': '', 'lastName': '', 'slug': 'fabio', 'shortName': 'Fábio', 'position': 'G', 'jerseyNumber': '1', 'userCount': 4343, 'gender': 'M', 'id': 17785, 'fieldTranslations': {'nameTranslation': {'ar': 'فابيو', 'bn': 'ফ্যাবিও', 'hi': 'फैबियो'}, 'shortNameTranslation': {'ar': 'فابيو', 'bn': 'ফ্যাবিও', 'hi': 'फैबियो'}}}",6288441,28,,1652,"{'start': {'x': 29.7, 'y': 20.9}, 'block': {'x': 50.4, 'y': 1.5}, 'end': {'x': 53.2, 'y': 0}, 'goal': {'x': 53.2, 'y': 90.5}}",18,1048,1652,shot,,13472604,20.9,29.7,81.66333326530334,4.972068896047184,6668.899999999999,406.03571927595004,20.3,79.1,,0,1,28,0,0.030389717
"{'name': 'Yeferson Soteldo', 'slug': 'yeferson-soteldo', 'shortName': 'Y. Soteldo', 'position': 'M', 'jerseyNumber': '7', 'userCount': 11177, 'gender': 'M', 'sofascoreId': 'yefersonsoteldo1006', 'id': 789960, 'fieldTranslations': {'nameTranslation': {'ar': 'يفرسون سوتيلدو', 'bn': 'ইয়েফারসন সোটেলডো', 'hi': 'येफरसन सोतेल्डो'}, 'shortNameTranslation': {'ar': 'ي. سوتيلدو', 'bn': 'ওয়াই. সোটেলডো', 'hi': 'वाई. सोतेल्डो'}}}",False,left-foot,low-centre,"{'x': 0, 'y': 51.3, 'z': 10.8}",,0.65461909770966,0.99172908067703,"{'name': 'Tiago Volpi', 'slug': 'tiago-volpi', 'shortName': 'T. Volpi', 'position': 'G', 'jerseyNumber': '18', 'userCount': 1692, 'gender': 'M', 'id': 243509, 'fieldTranslations': {'nameTranslation': {'ar': 'تياغو فوليبي'}, 'shortNameTranslation': {'ar': 'ت. فوليبي'}}}",6288380,19,,1111,"{'start': {'x': 43.1, 'y': 4.2}, 'end': {'x': 48.7, 'y': 0}, 'goal': {'x': 48.7, 'y': 89.2}}",27,1589,1111,shot,regular,13472604,4.2,43.1,96.04816500069118,4.353267291805487,9225.249999999998,418.1233351354455,6.899999999999999,95.8,,0,0,19,1,0.16947433
"{'name': 'André Henrique', 'firstName': '', 'lastName': '', 'slug': 'andre-henrique', 'shortName': 'A. Henrique', 'position': 'F', 'jerseyNumber': '77', 'userCount': 1037, 'gender': 'M', 'id': 1463912, 'fieldTranslations': {'nameTranslation': {'ar': 'أندريه هنريكي'}, 'shortNameTranslation': {'ar': 'أ. هنريكي'}}}",True,right-foot,low-right,"{'x': 0, 'y': 48.1, 'z': 8.9}","{'x': 1.5, 'y': 49.8, 'z': 0}",0.018335323780775,0.046132024377584,"{'name': 'Fábio', 'firstName': '', 'lastName': '', 'slug': 'fabio', 'shortName': 'Fábio', 'position': 'G', 'jerseyNumber': '1', 'userCount': 4343, 'gender': 'M', 'id': 17785, 'fieldTranslations': {'nameTranslation': {'ar': 'فابيو', 'bn': 'ফ্যাবিও', 'hi': 'फैबियो'}, 'shortNameTranslation': {'ar': 'فابيو', 'bn': 'ফ্যাবিও', 'hi': 'फैबियो'}}}",6288373,11,,635,"{'start': {'x': 42.7, 'y': 30.3}, 'block': {'x': 49.8, 'y': 1.5}, 'end': {'x': 51.9, 'y': 0}, 'goal': {'x': 51.9, 'y': 91.1}}",35,2065,635,shot,,13472604,30.3,42.7,70.08123857352979,5.946831712431507,4911.379999999999,416.76133199554516,7.299999999999997,69.7,,0,1,11,0,0.033347435
"{'name': 'Luciano Acosta', 'slug': 'luciano-acosta', 'shortName': 'L. F. Acosta', 'position': 'M', 'jerseyNumber': '32', 'userCount': 3392, 'gender': 'M', 'id': 548030, 'fieldTranslations': {'nameTranslation': {'ar': 'لوسيانو أكوستا', 'bn': 'লুসিয়ানো অ্যাকোস্টা', 'hi': 'लुसियानो अकोस्टा'}, 'shortNameTranslation': {'ar': 'ل. ف. أكوستا', 'bn': 'এল.এফ. অ্যাকোস্টা', 'hi': 'एल. एफ. अकोस्टा'}}}",False,right-foot,left,"{'x': 0, 'y': 68.4, 'z': 12.5}","{'x': 11.8, 'y': 43.3, 'z': 0}",0.11045233905315,0.0,"{'name': 'Tiago Volpi', 'slug': 'tiago-volpi', 'shortName': 'T. Volpi', 'position': 'G', 'jerseyNumber': '18', 'userCount': 1692, 'gender': 'M', 'id': 243509, 'fieldTranslations': {'nameTranslation': {'ar': 'تياغو فوليبي'}, 'shortNameTranslation': {'ar': 'ت. فوليبي'}}}",6288372,5,,286,"{'start': {'x': 46.4, 'y': 17.8}, 'block': {'x': 43.3, 'y': 11.8}, 'end': {'x': 31.6, 'y': 0}, 'goal': {'x': 31.6, 'y': 87.5}}",41,2414,286,shot,,13472604,17.8,46.4,82.27879435188632,5.089154956071108,6769.8,418.72953405545775,3.6000000000000014,82.2,,0,0,5,0,0.046737067
"{'name': 'Alysson', 'firstName': 'Alysson Edward Franco da Rocha', 'slug': 'alysson-edward-franco-da-rocha', 'shortName': 'Alysson', 'position': 'M', 'jerseyNumber': '47', 'userCount': 2272, 'gender': 'M', 'id': 1631879, 'fieldTranslations': {'nameTranslation': {'ar': 'أليسون'}, 'shortNameTranslation': {'ar': 'أليسون'}}}",True,left-foot,low-right,"{'x': 0, 'y': 47.2, 'z': 18.1}","{'x': 7.5, 'y': 55.8, 'z': 0}",0.028675051406026,0.0,"{'name': 'Fábio', 'firstName': '', 'lastName': '', 'slug': 'fabio', 'shortName': 'Fábio', 'position': 'G', 'jerseyNumber': '1', 'userCount': 4343, 'gender': 'M', 'id': 17785, 'fieldTranslations': {'nameTranslation': {'ar': 'فابيو', 'bn': 'ফ্যাবিও', 'hi': 'फैबियो'}, 'shortNameTranslation': {'ar': 'فابيو', 'bn': 'ফ্যাবিও', 'hi': 'फैबियो'}}}",6288369,1,,54,"{'start': {'x': 66.9, 'y': 20.3}, 'block': {'x': 55.8, 'y': 7.5}, 'end': {'x': 52.8, 'y': 0}, 'goal': {'x': 52.8, 'y': 81.9}}",45,2646,54,shot,,13472604,20.3,66.9,81.47208110757943,5.033066414561409,6637.700000000001,410.0543951469811,16.900000000000006,79.7,,0,1,1,0,0.026624056
"{'name': 'Vinicinho', 'firstName': 'Vinicius', 'lastName': 'Mendonça Pereira', 'slug': 'vinicinho', 'shortName': 'Vinicinho', 'position': 'F', 'jerseyNumber': '17', 'userCount': 342, 'gender': 'M', 'id': 1587965, 'fieldTranslations': {'nameTranslation': {'ar': 'فينيشينو'}, 'shortNameTranslation': {'ar': 'فينيشينو'}}}",True,left-foot,low-left,"{'x': 0, 'y': 52, 'z': 2.5}","{'x': 1.1, 'y': 45.3, 'z': 0}",0.0592295601964,0.079584077000618,"{'name': 'Thiago Couto', 'slug': 'thiago-couto', 'shortName': 'T. Couto', 'position': 'G', 'jerseyNumber': '12', 'userCount': 419, 'gender': 'M', 'id': 871291, 'fieldTranslations': {'nameTranslation': {'ar': 'تياغو كوتو'}, 'shortNameTranslation': {'ar': 'ت. كوتو'}}}",6293608,85,,5085,"{'start': {'x': 31.6, 'y': 6.3}, 'block': {'x': 45.3, 'y': 1.1}, 'end': {'x': 48, 'y': 0}, 'goal': {'x': 48, 'y': 97.5}}",6,315,2385,shot,,15121159,6.3,31.6,95.48952822168512,4.308050563013068,9118.249999999998,411.3737158172828,18.4,93.7,,0,1,85,0,0.036888137
"{'name': 'Gustavo Marques', 'firstName': 'Gustavo Marques', 'lastName': '', 'slug': 'gustavo-marques', 'shortName': 'G. Marques', 'position': 'D', 'jerseyNumber': '16', 'userCount': 371, 'gender': 'M', 'id': 1174764, 'fieldTranslations': {'nameTranslation': {'ar': 'غوستافو ماركيس'}, 'shortNameTranslation': {'ar': 'غ. ماركيس'}}}",True,head,close-left,"{'x': 0, 'y': 57.8, 'z': 5.6}",,0.034960724413395,0.0,"{'name': 'Thiago Couto', 'slug': 'thiago-couto', 'shortName': 'T. Couto', 'position': 'G', 'jerseyNumber': '12', 'userCount': 419, 'gender': 'M', 'id': 871291, 'fieldTranslations': {'nameTranslation': {'ar': 'تياغو كوتو'}, 'shortNameTranslation': {'ar': 'ت. كوتو'}}}",6293596,81,,4838,"{'start': {'x': 43, 'y': 8.8}, 'end': {'x': 42.2, 'y': 0}, 'goal': {'x': 42.2, 'y': 94.4}}",10,562,2138,shot,,15121159,8.8,43.0,91.46824585614398,4.569425956787402,8366.44,417.95737683687605,7.0,91.2,,0,1,81,0,0.12981977
"{'name': 'Gustavo Neves', 'slug': 'gustavo-neves', 'shortName': 'G. Neves', 'position': 'M', 'jerseyNumber': '22', 'userCount': 309, 'gender': 'M', 'id': 1463904, 'fieldTranslations': {'nameTranslation': {'ar': 'غوستافو نيفيس'}, 'shortNameTranslation': {'ar': 'غ. نيفيس'}}}",True,left-foot,high-left,"{'x': 0, 'y': 53.4, 'z': 23.4}","{'x': 2.5, 'y': 48.4, 'z': 0}",0.1117052808404,0.26150217652321,"{'name': 'Thiago Couto', 'slug': 'thiago-couto', 'shortName': 'T. Couto', 'position': 'G', 'jerseyNumber': '12', 'userCount': 419, 'gender': 'M', 'id': 871291, 'fieldTranslations': {'nameTranslation': {'ar': 'تياغو كوتو'}, 'shortNameTranslation': {'ar': 'ت. كوتو'}}}",6293591,77,,4596,"{'start': {'x': 47.4, 'y': 17.8}, 'block': {'x': 48.4, 'y': 2.5}, 'end': {'x': 46.6, 'y': 0}, 'goal': {'x': 46.6, 'y': 76.6}}",14,804,1896,shot,,15121159,17.8,47.4,82.24110894193974,5.093804717457981,6763.600000000001,418.9201486974284,2.6000000000000014,82.2,,0,1,77,0,0.047281213
"{'name': 'Renzo López', 'slug': 'renzo-lopez', 'shortName': 'R. López', 'position': 'F', 'jerseyNumber': '31', 'userCount': 441, 'gender': 'M', 'id': 926513, 'fieldTranslations': {'nameTranslation': {'ar': 'رينزو لوبيز', 'bn': 'রেনজো লোপেজ', 'hi': 'रेन्ज़ो लोपेज़'}, 'shortNameTranslation': {'ar': 'ر. لوبيز', 'bn': 'আর. লোপেজ', 'hi': 'आर. लोपेज़'}}}",False,head,high-left,"{'x': 0, 'y': 53.8, 'z': 27.8}","{'x': 0.90000000000001, 'y': 46.6, 'z': 0}",0.027215579524636,0.24404415488243,"{'name': 'Cleiton', 'slug': 'cleiton', 'shortName': 'Cleiton', 'position': 'G', 'jerseyNumber': '1', 'userCount': 552, 'gender': 'M', 'id': 844576, 'fieldTranslations': {'nameTranslation': {'ar': 'كليتون'}, 'shortNameTranslation': {'ar': 'كليتون'}}}",6293587,75,,4497,"{'start': {'x': 37.8, 'y': 7.4}, 'block': {'x': 46.6, 'y': 0.90000000000001}, 'end': {'x': 46.2, 'y': 0}, 'goal': {'x': 46.2, 'y': 72.2}}",16,903,1797,shot,,15121159,7.4,37.8,93.40021413251684,4.449814908876403,8723.599999999999,415.61366533912195,12.200000000000003,92.6,,0,0,75,0,0.033583842
"{'name': 'Alix Vinicius', 'firstName': 'Alix Vinicius', 'slug': 'alix-vinicius', 'shortName': 'A. Vinicius', 'position': 'D', 'jerseyNumber': '4', 'userCount': 338, 'gender': 'M', 'id': 1117597, 'fieldTranslations': {'nameTranslation': {'ar': 'أليكس فينيسيوس'}, 'shortNameTranslation': {'ar': 'أ. فينيسيوس'}}}",True,head,left,"{'x': 0, 'y': 64.7, 'z': 6.9}",,0.0092577775940299,0.0,"{'name': 'Thiago Couto', 'slug': 'thiago-couto', 'shortName': 'T. Couto', 'position': 'G', 'jerseyNumber': '12', 'userCount': 419, 'gender': 'M', 'id': 871291, 'fieldTranslations': {'nameTranslation': {'ar': 'تياغو كوتو'}, 'shortNameTranslation': {'ar': 'ت. كوتو'}}}",6293585,74,,4389,"{'start': {'x': 45.2, 'y': 14.8}, 'end': {'x': 35.3, 'y': 0}, 'goal': {'x': 35.3, 'y': 93.1}}",17,1011,1689,shot,,15121159,14.8,45.2,85.33510414829293,4.904052790400974,7282.080000000001,418.48785561759365,4.799999999999997,85.2,,0,1,74,0,0.037652668
"{'name': 'Nathan Mendes', 'firstName': 'Nathan', 'slug': 'nathan-mendes', 'shortName': 'N. Mendes', 'position': 'D', 'jerseyNumber': '45', 'userCount': 356, 'gender': 'M', 'id': 1116955, 'fieldTranslations': {'nameTranslation': {'ar': 'ناثان ميندس'}, 'shortNameTranslation': {'ar': 'ن. ميندس'}}}",True,right-foot,high-left,"{'x': 0, 'y': 52.8, 'z': 23.6}","{'x': 16, 'y': 65.9, 'z': 0}",0.038923665881157,0.0,"{'name': 'Thiago Couto', 'slug': 'thiago-couto', 'shortName': 'T. Couto', 'position': 'G', 'jerseyNumber': '12', 'userCount': 419, 'gender': 'M', 'id': 871291, 'fieldTranslations': {'nameTranslation': {'ar': 'تياغو كوتو'}, 'shortNameTranslation': {'ar': 'ت. كوتو'}}}",6293584,73,,4350,"{'start': {'x': 68.5, 'y': 19.1}, 'block': {'x': 65.9, 'y': 16}, 'end': {'x': 47.2, 'y': 0}, 'goal': {'x': 47.2, 'y': 76.4}}",18,1050,1650,shot,,15121159,19.1,68.5,82.98831243012476,4.924054522540722,6887.06,408.63897513957824,18.5,80.9,,0,1,73,0,0.012121506
"{'name': 'Isidro Pitta', 'slug': 'isidro-pitta', 'shortName': 'I. Pitta', 'position': 'F', 'jerseyNumber': '9', 'userCount': 1807, 'gender': 'M', 'id': 979861, 'fieldTranslations': {'nameTranslation': {'ar': 'إيسيدرو بيتا', 'bn': 'ইসিদ্রো পিত্তা', 'hi': 'इसिड्रो पिट्टा'}, 'shortNameTranslation': {'ar': 'إ. بيتا', 'bn': 'আই. পিট্টা', 'hi': 'आई. पिट्टा'}}}",True,right-foot,high-right,"{'x': 0, 'y': 32.4, 'z': 59.7}",,0.025896934792399,0.0,"{'name': 'Thiago Couto', 'slug': 'thiago-couto', 'shortName': 'T. Couto', 'position': 'G', 'jerseyNumber': '12', 'userCount': 419, 'gender': 'M', 'id': 871291, 'fieldTranslations': {'nameTranslation': {'ar': 'تياغو كوتو'}, 'shortNameTranslation': {'ar': 'ت. كوتو'}}}",6293576,69,,4107,"{'start': {'x': 31.3, 'y': 24.1}, 'end': {'x': 67.6, 'y': 0}, 'goal': {'x': 67.6, 'y': 40.3}}",22,1293,1407,shot,,15121159,24.1,31.3,78.16968721953543,5.206598800882458,6110.500000000001,406.99819974259,18.7,75.9,,0,1,69,0,0.025959425
"{'name': 'Zé Marcos', 'slug': 'ze-marcos', 'shortName': 'Z. Marcos', 'position': 'D', 'jerseyNumber': '3', 'userCount': 353, 'gender': 'M', 'id': 901700, 'fieldTranslations': {'nameTranslation': {'ar': 'زي ماركوس'}, 'shortNameTranslation': {'ar': 'ز. ماركوس'}}}",False,left-foot,low-left,"{'x': 0, 'y': 54.2, 'z': 16.5}","{'x': 1.1, 'y': 49.8, 'z': 0}",0.016311068087816,0.16448800265789,"{'name': 'Cleiton', 'slug': 'cleiton', 'shortName': 'Cleiton', 'position': 'G', 'jerseyNumber': '1', 'userCount': 552, 'gender': 'M', 'id': 844576, 'fieldTranslations': {'nameTranslation': {'ar': 'كليتون'}, 'shortNameTranslation': {'ar': 'كليتون'}}}",6293574,69,,4080,"{'start': {'x': 42.3, 'y': 30.5}, 'block': {'x': 49.8, 'y': 1.1}, 'end': {'x': 45.8, 'y': 0}, 'goal': {'x': 45.8, 'y': 83.5}}",22,1320,1380,shot,,15121159,30.5,42.3,69.92524579863841,5.9562585505675445,4889.539999999999,416.49284318867734,7.700000000000003,69.5,,0,0,69,0,0.028701521
"{'name': 'Jhon Jhon', 'firstName': 'Jhon Jhon', 'lastName': '', 'slug': 'jhon-jhon', 'shortName': 'Jhon Jhon', 'position': 'M', 'jerseyNumber': '10', 'userCount': 2837, 'gender': 'M', 'id': 1167069, 'fieldTranslations': {'nameTranslation': {'ar': 'جون جون', 'bn': 'ঝোঁ ঝোঁ', 'hi': 'झोन झोन'}, 'shortNameTranslation': {'ar': 'ج. جون', 'bn': 'ঝোঁ ঝোঁ', 'hi': 'झोन झोन'}}}",True,left-foot,low-left,"{'x': 0, 'y': 52.4, 'z': 2.5}",,0.55100440979004,0.89466166496277,"{'name': 'Thiago Couto', 'slug': 'thiago-couto', 'shortName': 'T. Couto', 'position': 'G', 'jerseyNumber': '12', 'userCount': 419, 'gender': 'M', 'id': 871291, 'fieldTranslations': {'nameTranslation': {'ar': 'تياغو كوتو'}, 'shortNameTranslation': {'ar': 'ت. كوتو'}}}",6293564,65,,3846,"{'start': {'x': 51.1, 'y': 7.9}, 'end': {'x': 47.6, 'y': 0}, 'goal': {'x': 47.6, 'y': 97.5}}",26,1554,1146,shot,regular,15121159,7.9,51.1,92.10656871255165,4.550759031849328,8483.619999999999,419.1547994612951,1.1000000000000014,92.1,,0,1,65,1,0.49414882
"{'name': 'Jhon Jhon', 'firstName': 'Jhon Jhon', 'lastName': '', 'slug': 'jhon-jhon', 'shortName': 'Jhon Jhon', 'position': 'M', 'jerseyNumber': '10', 'userCount': 2837, 'gender': 'M', 'id': 1167069, 'fieldTranslations': {'nameTranslation': {'ar': 'جون جون', 'bn': 'ঝোঁ ঝোঁ', 'hi': 'झोन झोन'}, 'shortNameTranslation': {'ar': 'ج. جون', 'bn': 'ঝোঁ ঝোঁ', 'hi': 'झोन झोन'}}}",True,right-foot,low-centre,"{'x': 0, 'y': 51.8, 'z': 3.2}","{'x': 1.2, 'y': 48.9, 'z': 0}",0.14640980958939,0.14800788462162,"{'name': 'Thiago Couto', 'slug': 'thiago-couto', 'shortName': 'T. Couto', 'position': 'G', 'jerseyNumber': '12', 'userCount': 419, 'gender': 'M', 'id': 871291, 'fieldTranslations': {'nameTranslation': {'ar': 'تياغو كوتو'}, 'shortNameTranslation': {'ar': 'ت. كوتو'}}}",6293563,65,,3844,"{'start': {'x': 52.3, 'y': 11.7}, 'block': {'x': 48.9, 'y': 1.2}, 'end': {'x': 48.2, 'y': 0}, 'goal': {'x': 48.2, 'y': 96.8}}",26,1556,1144,shot,,15121159,11.7,52.3,88.32994962072604,4.74384795768416,7802.18,419.02385111062597,2.299999999999997,88.3,,0,1,65,0,0.6574575
"{'name': 'Gustavo Neves', 'slug': 'gustavo-neves', 'shortName': 'G. Neves', 'position': 'M', 'jerseyNumber': '22', 'userCount': 309, 'gender': 'M', 'id': 1463904, 'fieldTranslations': {'nameTranslation': {'ar': 'غوستافو نيفيس'}, 'shortNameTranslation': {'ar': 'غ. نيفيس'}}}",True,right-foot,low-centre,"{'x': 0, 'y': 48.6, 'z': 19}","{'x': 10.5, 'y': 65.9, 'z': 0}",0.042030457407236,0.0,"{'name': 'Thiago Couto', 'slug': 'thiago-couto', 'shortName': 'T. Couto', 'position': 'G', 'jerseyNumber': '12', 'userCount': 419, 'gender': 'M', 'id': 871291, 'fieldTranslations': {'nameTranslation': {'ar': 'تياغو كوتو'}, 'shortNameTranslation': {'ar': 'ت. كوتو'}}}",6293562,63,,3762,"{'start': {'x': 72.6, 'y': 15.3}, 'block': {'x': 65.9, 'y': 10.5}, 'end': {'x': 51.4, 'y': 0}, 'goal': {'x': 51.4, 'y': 81}}",28,1638,1062,shot,,15121159,15.3,72.6,87.66327623355176,4.620580120236784,7684.85,405.055191439575,22.599999999999994,84.7,,0,1,63,0,0.01150503
"{'name': 'Erick', 'firstName': '', 'lastName': '', 'slug': 'erick', 'shortName': 'Erick', 'position': 'F', 'jerseyNumber': '33', 'userCount': 1393, 'gender': 'M', 'id': 895650, 'fieldTranslations': {'nameTranslation': {'ar': 'إريك', 'bn': 'এরিক', 'hi': 'एरिक'}, 'shortNameTranslation': {'ar': 'إريك', 'bn': 'এরিক', 'hi': 'एरिक'}}}",False,left-foot,low-centre,"{'x': 0, 'y': 51.7, 'z': 19}","{'x': 7.7, 'y': 52, 'z': 0}",0.061505656689405,0.0,"{'name': 'Cleiton', 'slug': 'cleiton', 'shortName': 'Cleiton', 'position': 'G', 'jerseyNumber': '1', 'userCount': 552, 'gender': 'M', 'id': 844576, 'fieldTranslations': {'nameTranslation': {'ar': 'كليتون'}, 'shortNameTranslation': {'ar': 'كليتون'}}}",6293559,63,,3728,"{'start': {'x': 56.6, 'y': 18.7}, 'block': {'x': 52, 'y': 7.7}, 'end': {'x': 48.3, 'y': 0}, 'goal': {'x': 48.3, 'y': 81}}",28,1672,1028,shot,,15121159,18.7,56.6,81.56745674593515,5.121613634272055,6653.250000000001,417.7569985828776,6.600000000000001,81.3,,0,0,63,0,0.018732782
"{'name': 'Gabriel Baralhas', 'slug': 'gabriel-baralhas', 'shortName': 'G. Baralhas', 'position': 'M', 'jerseyNumber': '44', 'userCount': 850, 'gender': 'M', 'id': 922575, 'fieldTranslations': {'nameTranslation': {'ar': 'غابرييل بارالهاس'}, 'shortNameTranslation': {'ar': 'غ. بارالهاس'}}}",False,right-foot,low-centre,"{'x': 0, 'y': 49.4, 'z': 19}","{'x': 23.3, 'y': 48.6, 'z': 0}",0.02199930883944,0.0,"{'name': 'Cleiton', 'slug': 'cleiton', 'shortName': 'Cleiton', 'position': 'G', 'jerseyNumber': '1', 'userCount': 552, 'gender': 'M', 'id': 844576, 'fieldTranslations': {'nameTranslation': {'ar': 'كليتون'}, 'shortNameTranslation': {'ar': 'كليتون'}}}",6293554,58,,3449,"{'start': {'x': 48.1, 'y': 28.5}, 'block': {'x': 48.6, 'y': 23.3}, 'end': {'x': 50.6, 'y': 0}, 'goal': {'x': 50.6, 'y': 81}}",33,1951,749,shot,,15121159,28.5,48.1,71.52524030019053,5.85657272533491,5115.86,418.89277151512124,1.8999999999999986,71.5,,0,0,58,0,0.16584298
"{'name': 'Lucas Barbosa', 'firstName': 'Lucas Barbosa', 'slug': 'lucas-barbosa', 'shortName': 'L. Barbosa', 'position': 'M', 'jerseyNumber': '21', 'userCount': 762, 'gender': 'M', 'id': 1067641, 'fieldTranslations': {'nameTranslation': {'ar': 'لوكاس باربوسا'}, 'shortNameTranslation': {'ar': 'ل. باربوسا'}}}",True,left-foot,low-centre,"{'x': 0, 'y': 50.9, 'z': 1.9}",,0.019288873299956,0.017801797017455,"{'name': 'Thiago Couto', 'slug': 'thiago-couto', 'shortName': 'T. Couto', 'position': 'G', 'jerseyNumber': '12', 'userCount': 419, 'gender': 'M', 'id': 871291, 'fieldTranslations': {'nameTranslation': {'ar': 'تياغو كوتو'}, 'shortNameTranslation': {'ar': 'ت. كوتو'}}}",6293544,51,,3051,"{'start': {'x': 52.2, 'y': 27.8}, 'end': {'x': 49.1, 'y': 0}, 'goal': {'x': 49.1, 'y': 98.1}}",40,2349,351,shot,regular,15121159,27.8,52.2,72.2335102289789,5.798605935130841,5217.679999999999,418.8536611290914,2.200000000000003,72.2,,0,1,51,1,0.23829629
"{'name': 'Jhon Jhon', 'firstName': 'Jhon Jhon', 'lastName': '', 'slug': 'jhon-jhon', 'shortName': 'Jhon Jhon', 'position': 'M', 'jerseyNumber': '10', 'userCount': 2837, 'gender': 'M', 'id': 1167069, 'fieldTranslations': {'nameTranslation': {'ar': 'جون جون', 'bn': 'ঝোঁ ঝোঁ', 'hi': 'झोन झोन'}, 'shortNameTranslation': {'ar': 'ج. جون', 'bn': 'ঝোঁ ঝোঁ', 'hi': 'झोन झोन'}}}",True,right-foot,low-right,"{'x': 0, 'y': 46.8, 'z': 4.4}","{'x': 1, 'y': 49.3, 'z': 0}",0.3530370593071,0.81391859054565,"{'name': 'Thiago Couto', 'slug': 'thiago-couto', 'shortName': 'T. Couto', 'position': 'G', 'jerseyNumber': '12', 'userCount': 419, 'gender': 'M', 'id': 871291, 'fieldTranslations': {'nameTranslation': {'ar': 'تياغو كوتو'}, 'shortNameTranslation': {'ar': 'ت. كوتو'}}}",6293471,45,1.0,2717,"{'start': {'x': 43.8, 'y': 9.9}, 'block': {'x': 49.3, 'y': 1}, 'end': {'x': 53.2, 'y': 0}, 'goal': {'x': 53.2, 'y': 95.6}}",1,2683,17,shot,,15121159,9.9,43.8,90.31306660721913,4.630460827394394,8156.449999999999,418.1911171265889,6.200000000000003,90.1,,0,1,45,0,0.10994653
"{'name': 'Gustavo Marques', 'firstName': 'Gustavo Marques', 'lastName': '', 'slug': 'gustavo-marques', 'shortName': 'G. Marques', 'position': 'D', 'jerseyNumber': '16', 'userCount': 371, 'gender': 'M', 'id': 1174764, 'fieldTranslations': {'nameTranslation': {'ar': 'غوستافو ماركيس'}, 'shortNameTranslation': {'ar': 'غ. ماركيس'}}}",True,right-foot,right,"{'x': 0, 'y': 40.7, 'z': 13.9}",,0.048395588994026,0.0,"{'name': 'Thiago Couto', 'slug': 'thiago-couto', 'shortName': 'T. Couto', 'position': 'G', 'jerseyNumber': '12', 'userCount': 419, 'gender': 'M', 'id': 871291, 'fieldTranslations': {'nameTranslation': {'ar': 'تياغو كوتو'}, 'shortNameTranslation': {'ar': 'ت. كوتو'}}}",6293455,37,,2178,"{'start': {'x': 44.6, 'y': 18.2}, 'end': {'x': 59.3, 'y': 0}, 'goal': {'x': 59.3, 'y': 86.1}}",9,522,2178,shot,,15121159,18.2,44.6,81.97804584155443,5.101625568689135,6720.4,418.2212947364441,5.399999999999999,81.8,,0,1,37,0,0.021624738
"{'name': 'Eduardo Sasha', 'firstName': '', 'lastName': '', 'slug': 'eduardo-sasha', 'shortName': 'E. Sasha', 'position': 'F', 'jerseyNumber': '8', 'userCount': 1441, 'gender': 'M', 'id': 143846, 'fieldTranslations': {'nameTranslation': {'ar': 'إدواردو ساشا', 'bn': 'এডুয়ার্ডো সাশা', 'hi': 'एडुआर्डो साशा'}, 'shortNameTranslation': {'ar': 'إ. ساشا', 'bn': 'ই. সাশা', 'hi': 'ई. साशा'}}}",True,left-foot,right,"{'x': 0, 'y': 37.1, 'z': 4.2}","{'x': 4.7, 'y': 54.2, 'z': 0}",0.034975919872522,0.0,"{'name': 'Thiago Couto', 'slug': 'thiago-couto', 'shortName': 'T. Couto', 'position': 'G', 'jerseyNumber': '12', 'userCount': 419, 'gender': 'M', 'id': 871291, 'fieldTranslations': {'nameTranslation': {'ar': 'تياغو كوتو'}, 'shortNameTranslation': {'ar': 'ت. كوتو'}}}",6293450,33,,1932,"{'start': {'x': 37.3, 'y': 15}, 'block': {'x': 54.2, 'y': 4.7}, 'end': {'x': 62.9, 'y': 0}, 'goal': {'x': 62.9, 'y': 95.8}}",13,768,1932,shot,,15121159,15.0,37.3,85.94352797040624,4.823772540414699,7386.289999999999,414.5720302500082,12.700000000000003,85.0,,0,1,33,0,0.027836466
"{'name': 'Aitor Cantalapiedra', 'slug': 'aitor-cantalapiedra', 'shortName': 'A. Cantalapiedra', 'position': 'F', 'jerseyNumber': '17', 'userCount': 883, 'gender': 'M', 'id': 823831, 'fieldTranslations': {'nameTranslation': {'ar': 'أيتور كانتالابييدرا', 'bn': 'অ্যাটিটর ক্যান্টালাপিয়েড্রা', 'hi': 'एटोर कैंटालैपीड्रा'}, 'shortNameTranslation': {'ar': 'أ. كانتالابييدرا', 'bn': 'এ. ক্যান্টালাপিয়েড্রা', 'hi': 'ए. कैंटालैपीड्रा'}}}",False,left-foot,high-left,"{'x': 0, 'y': 57.8, 'z': 83.3}",,0.029651112854481,0.0,"{'name': 'Cleiton', 'slug': 'cleiton', 'shortName': 'Cleiton', 'position': 'G', 'jerseyNumber': '1', 'userCount': 552, 'gender': 'M', 'id': 844576, 'fieldTranslations': {'nameTranslation': {'ar': 'كليتون'}, 'shortNameTranslation': {'ar': 'كليتون'}}}",6293445,32,,1881,"{'start': {'x': 31.1, 'y': 18.4}, 'end': {'x': 42.2, 'y': 0}, 'goal': {'x': 42.2, 'y': 16.7}}",14,819,1881,shot,,15121159,18.4,31.1,83.76019340951882,4.875604798217507,7015.7699999999995,408.3816008870764,18.9,81.6,,0,0,32,0,0.015150538
"{'name': 'Gustavo Neves', 'slug': 'gustavo-neves', 'shortName': 'G. Neves', 'position': 'M', 'jerseyNumber': '22', 'userCount': 309, 'gender': 'M', 'id': 1463904, 'fieldTranslations': {'nameTranslation': {'ar': 'غوستافو نيفيس'}, 'shortNameTranslation': {'ar': 'غ. نيفيس'}}}",True,right-foot,low-right,"{'x': 0, 'y': 47.1, 'z': 11.1}","{'x': 8.1, 'y': 54.5, 'z': 0}",0.13404084742069,0.0,"{'name': 'Thiago Couto', 'slug': 'thiago-couto', 'shortName': 'T. Couto', 'position': 'G', 'jerseyNumber': '12', 'userCount': 419, 'gender': 'M', 'id': 871291, 'fieldTranslations': {'nameTranslation': {'ar': 'تياغو كوتو'}, 'shortNameTranslation': {'ar': 'ت. كوتو'}}}",6293440,29,,1691,"{'start': {'x': 54.9, 'y': 12.6}, 'block': {'x': 54.5, 'y': 8.1}, 'end': {'x': 52.9, 'y': 0}, 'goal': {'x': 52.9, 'y': 88.9}}",17,1009,1691,shot,,15121159,12.6,54.9,87.53724921426307,4.780899800750086,7662.77,418.5068173266809,4.899999999999999,87.4,,0,1,29,0,0.22405896
"{'name': 'Gabriel Girotto', 'slug': 'gabriel-girotto', 'shortName': 'Gabriel', 'position': 'M', 'jerseyNumber': '6', 'userCount': 539, 'gender': 'M', 'id': 242052, 'fieldTranslations': {'nameTranslation': {'ar': 'غابرييل جيروتو'}, 'shortNameTranslation': {'ar': 'غ. جيروتو'}}}",True,right-foot,low-left,"{'x': 0, 'y': 53, 'z': 5.1}","{'x': 1.9, 'y': 52.5, 'z': 0}",0.085196137428284,0.25039774179459,"{'name': 'Thiago Couto', 'slug': 'thiago-couto', 'shortName': 'T. Couto', 'position': 'G', 'jerseyNumber': '12', 'userCount': 419, 'gender': 'M', 'id': 871291, 'fieldTranslations': {'nameTranslation': {'ar': 'تياغو كوتو'}, 'shortNameTranslation': {'ar': 'ت. كوتو'}}}",6293432,29,,1684,"{'start': {'x': 64.2, 'y': 12.5}, 'block': {'x': 52.5, 'y': 1.9}, 'end': {'x': 47, 'y': 0}, 'goal': {'x': 47, 'y': 94.9}}",17,1016,1684,shot,,15121159,12.5,64.2,88.64474039670938,4.667824164178948,7857.89,413.7780612511298,14.200000000000003,87.5,,0,1,29,0,0.04959946
"{'name': 'Juninho Capixaba', 'slug': 'juninho-capixaba', 'shortName': 'J. Capixaba', 'position': 'D', 'jerseyNumber': '29', 'userCount': 916, 'gender': 'M', 'id': 870556, 'fieldTranslations': {'nameTranslation': {'ar': 'جونينيو كابيكابا'}, 'shortNameTranslation': {'ar': 'ج. كابيكابا'}}}",True,left-foot,left,"{'x': 0, 'y': 70.4, 'z': 27.8}",,0.049697887152433,0.0,"{'name': 'Thiago Couto', 'slug': 'thiago-couto', 'shortName': 'T. Couto', 'position': 'G', 'jerseyNumber': '12', 'userCount': 419, 'gender': 'M', 'id': 871291, 'fieldTranslations': {'nameTranslation': {'ar': 'تياغو كوتو'}, 'shortNameTranslation': {'ar': 'ت. كوتو'}}}",6293389,23,,1363,"{'start': {'x': 67.7, 'y': 20.3}, 'end': {'x': 29.6, 'y': 0}, 'goal': {'x': 29.6, 'y': 72.2}}",23,1337,1363,shot,,15121159,20.3,67.7,81.64177852055894,5.012229905557028,6665.38,409.20736384360896,17.700000000000003,79.7,,0,1,23,0,0.033075377
"{'name': 'Gustavo Neves', 'slug': 'gustavo-neves', 'shortName': 'G. Neves', 'position': 'M', 'jerseyNumber': '22', 'userCount': 309, 'gender': 'M', 'id': 1463904, 'fieldTranslations': {'nameTranslation': {'ar': 'غوستافو نيفيس'}, 'shortNameTranslation': {'ar': 'غ. نيفيس'}}}",True,left-foot,high,"{'x': 0, 'y': 55.5, 'z': 77.8}",,0.014668837189674,0.0,"{'name': 'Thiago Couto', 'slug': 'thiago-couto', 'shortName': 'T. Couto', 'position': 'G', 'jerseyNumber': '12', 'userCount': 419, 'gender': 'M', 'id': 871291, 'fieldTranslations': {'nameTranslation': {'ar': 'تياغو كوتو'}, 'shortNameTranslation': {'ar': 'ت. كوتو'}}}",6293386,22,,1289,"{'start': {'x': 45.2, 'y': 29.9}, 'end': {'x': 44.5, 'y': 0}, 'goal': {'x': 44.5, 'y': 22.2}}",24,1411,1289,shot,,15121159,29.9,45.2,70.26414448351306,5.949756369938899,4937.049999999999,418.054541219089,4.799999999999997,70.1,,0,1,22,0,0.039079517
"{'name': 'Eduardo Sasha', 'firstName': '', 'lastName': '', 'slug': 'eduardo-sasha', 'shortName': 'E. Sasha', 'position': 'F', 'jerseyNumber': '8', 'userCount': 1441, 'gender': 'M', 'id': 143846, 'fieldTranslations': {'nameTranslation': {'ar': 'إدواردو ساشا', 'bn': 'এডুয়ার্ডো সাশা', 'hi': 'एडुआर्डो साशा'}, 'shortNameTranslation': {'ar': 'إ. ساشا', 'bn': 'ই. সাশা', 'hi': 'ई. साशा'}}}",True,right-foot,close-right,"{'x': 0, 'y': 43, 'z': 4.2}","{'x': 18.2, 'y': 62.8, 'z': 0}",0.03094144910574,0.0,"{'name': 'Thiago Couto', 'slug': 'thiago-couto', 'shortName': 'T. Couto', 'position': 'G', 'jerseyNumber': '12', 'userCount': 419, 'gender': 'M', 'id': 871291, 'fieldTranslations': {'nameTranslation': {'ar': 'تياغو كوتو'}, 'shortNameTranslation': {'ar': 'ت. كوتو'}}}",6293539,21,,1221,"{'start': {'x': 68.1, 'y': 22.5}, 'block': {'x': 62.8, 'y': 18.2}, 'end': {'x': 57, 'y': 0}, 'goal': {'x': 57, 'y': 95.8}}",25,1479,1221,shot,,15121159,22.5,68.1,79.58555145250926,5.12889998827826,6333.86,408.1863339118936,18.099999999999994,77.5,,0,1,21,0,0.03159158
"{'name': 'Erick', 'firstName': '', 'lastName': '', 'slug': 'erick', 'shortName': 'Erick', 'position': 'F', 'jerseyNumber': '33', 'userCount': 1393, 'gender': 'M', 'id': 895650, 'fieldTranslations': {'nameTranslation': {'ar': 'إريك', 'bn': 'এরিক', 'hi': 'एरिक'}, 'shortNameTranslation': {'ar': 'إريك', 'bn': 'এরিক', 'hi': 'एरिक'}}}",False,left-foot,close-right,"{'x': 0, 'y': 43.2, 'z': 8.3}",,0.13023257255554,0.0,"{'name': 'Cleiton', 'slug': 'cleiton', 'shortName': 'Cleiton', 'position': 'G', 'jerseyNumber': '1', 'userCount': 552, 'gender': 'M', 'id': 844576, 'fieldTranslations': {'nameTranslation': {'ar': 'كليتون'}, 'shortNameTranslation': {'ar': 'كليتون'}}}",6293378,17,,974,"{'start': {'x': 55.8, 'y': 14.8}, 'end': {'x': 56.8, 'y': 0}, 'goal': {'x': 56.8, 'y': 91.7}}",29,1726,974,shot,,15121159,14.8,55.8,85.39718964930873,4.896946322917927,7292.680000000002,418.1854538407072,5.799999999999997,85.2,,0,0,17,0,0.018114269
"{'name': 'Eduardo Sasha', 'firstName': '', 'lastName': '', 'slug': 'eduardo-sasha', 'shortName': 'E. Sasha', 'position': 'F', 'jerseyNumber': '8', 'userCount': 1441, 'gender': 'M', 'id': 143846, 'fieldTranslations': {'nameTranslation': {'ar': 'إدواردو ساشا', 'bn': 'এডুয়ার্ডো সাশা', 'hi': 'एडुआर्डो साशा'}, 'shortNameTranslation': {'ar': 'إ. ساشا', 'bn': 'ই. সাশা', 'hi': 'ई. साशा'}}}",True,right-foot,high-centre,"{'x': 0, 'y': 50.8, 'z': 32.9}",,0.35795167088509,0.79115331172943,"{'name': 'Thiago Couto', 'slug': 'thiago-couto', 'shortName': 'T. Couto', 'position': 'G', 'jerseyNumber': '12', 'userCount': 419, 'gender': 'M', 'id': 871291, 'fieldTranslations': {'nameTranslation': {'ar': 'تياغو كوتو'}, 'shortNameTranslation': {'ar': 'ت. كوتو'}}}",6293367,8,,475,"{'start': {'x': 49.2, 'y': 4.3}, 'end': {'x': 49.2, 'y': 0}, 'goal': {'x': 49.2, 'y': 67.1}}",38,2225,475,shot,regular,15121159,4.3,49.2,95.70334372423986,4.380058356022965,9159.130000000001,419.18623037869475,0.7999999999999972,95.7,,0,1,8,1,0.585087
"{'name': 'Erick', 'firstName': '', 'lastName': '', 'slug': 'erick', 'shortName': 'Erick', 'position': 'F', 'jerseyNumber': '33', 'userCount': 1393, 'gender': 'M', 'id': 895650, 'fieldTranslations': {'nameTranslation': {'ar': 'إريك', 'bn': 'এরিক', 'hi': 'एरिक'}, 'shortNameTranslation': {'ar': 'إريك', 'bn': 'এরিক', 'hi': 'एरिक'}}}",False,left-foot,high-centre,"{'x': 0, 'y': 49.4, 'z': 20.3}","{'x': 9, 'y': 60.3, 'z': 0}",0.075750529766083,0.20212325453758,"{'name': 'Cleiton', 'slug': 'cleiton', 'shortName': 'Cleiton', 'position': 'G', 'jerseyNumber': '1', 'userCount': 552, 'gender': 'M', 'id': 844576, 'fieldTranslations': {'nameTranslation': {'ar': 'كليتون'}, 'shortNameTranslation': {'ar': 'كليتون'}}}",6293364,7,,388,"{'start': {'x': 61.5, 'y': 10.5}, 'block': {'x': 60.3, 'y': 9}, 'end': {'x': 50.6, 'y': 0}, 'goal': {'x': 50.6, 'y': 79.7}}",39,2312,388,shot,,15121159,10.5,61.5,90.23580220732788,4.607617594980627,8142.499999999999,415.7720699476756,11.5,89.5,,0,0,7,0,0.05110907
"{'name': 'Eduardo Sasha', 'firstName': '', 'lastName': '', 'slug': 'eduardo-sasha', 'shortName': 'E. Sasha', 'position': 'F', 'jerseyNumber': '8', 'userCount': 1441, 'gender': 'M', 'id': 143846, 'fieldTranslations': {'nameTranslation': {'ar': 'إدواردو ساشا', 'bn': 'এডুয়ার্ডো সাশা', 'hi': 'एडुआर्डो साशा'}, 'shortNameTranslation': {'ar': 'إ. ساشا', 'bn': 'ই. সাশা', 'hi': 'ई. साशा'}}}",True,right-foot,low-right,"{'x': 0, 'y': 47.8, 'z': 1.3}",,0.40814808011055,0.44148230552673,"{'name': 'Thiago Couto', 'slug': 'thiago-couto', 'shortName': 'T. Couto', 'position': 'G', 'jerseyNumber': '12', 'userCount': 419, 'gender': 'M', 'id': 871291, 'fieldTranslations': {'nameTranslation': {'ar': 'تياغو كوتو'}, 'shortNameTranslation': {'ar': 'ت. كوتو'}}}",6293340,6,,311,"{'start': {'x': 38.6, 'y': 9.3}, 'end': {'x': 52.2, 'y': 0}, 'goal': {'x': 52.2, 'y': 98.7}}",40,2389,311,shot,regular,15121159,9.3,38.6,91.41362042934301,4.549898242198688,8356.449999999999,415.92267090448587,11.399999999999999,90.7,,0,1,6,1,0.43568122
"{'name': 'Raniele', 'firstName': '', 'lastName': '', 'slug': 'raniele', 'shortName': 'Raniele', 'position': 'M', 'jerseyNumber': '14', 'userCount': 6199, 'gender': 'M', 'sofascoreId': 'R14niele', 'id': 866392, 'fieldTranslations': {'nameTranslation': {'ar': 'رانيل', 'bn': 'রানিয়েল', 'hi': 'रानीले'}, 'shortNameTranslation': {'ar': 'رانيل', 'bn': 'রানিয়েল', 'hi': 'रानीले'}}}",False,head,high,"{'x': 0, 'y': 50.3, 'z': 63.9}",,0.29348769783974,0.0,"{'name': 'Brenno', 'slug': 'brenno', 'shortName': 'Brenno', 'position': 'G', 'jerseyNumber': '12', 'userCount': 502, 'gender': 'M', 'id': 914481, 'fieldTranslations': {'nameTranslation': {'ar': 'برينو', 'bn': 'ব্রেনো', 'hi': 'ब्रेनो'}, 'shortNameTranslation': {'ar': 'ب. برينو', 'bn': 'ব্রেনো', 'hi': 'ब्रेनो'}}}",6293628,90,2.0,5466,"{'start': {'x': 47.5, 'y': 7.2}, 'end': {'x': 49.7, 'y': 0}, 'goal': {'x': 49.7, 'y': 36.1}}",1,834,66,shot,,13472590,7.2,47.5,92.8336684613939,4.513843014025897,8618.09,419.03660585085913,2.5,92.8,,0,0,90,0,0.12357408
"{'name': 'Ángel Romero', 'slug': 'angel-romero', 'shortName': 'Á. Romero', 'position': 'F', 'jerseyNumber': '29', 'userCount': 10588, 'gender': 'M', 'sofascoreId': 'ÁRomero', 'id': 1197041, 'fieldTranslations': {'nameTranslation': {'ar': 'أنخيل روميرو', 'bn': 'অ্যাঞ্জেল রোমেরো', 'hi': 'एंजेल रोमेरो'}, 'shortNameTranslation': {'ar': 'أ. روميرو', 'bn': 'অ্যাঞ্জেল রোমেরো', 'hi': 'एंजेल रोमेरो'}}}",False,head,low-right,"{'x': 0, 'y': 47.7, 'z': 16.5}","{'x': 1, 'y': 54.2, 'z': 0}",0.51524215936661,0.84499990940094,"{'name': 'Brenno', 'slug': 'brenno', 'shortName': 'Brenno', 'position': 'G', 'jerseyNumber': '12', 'userCount': 502, 'gender': 'M', 'id': 914481, 'fieldTranslations': {'nameTranslation': {'ar': 'برينو', 'bn': 'ব্রেনো', 'hi': 'ब्रेनो'}, 'shortNameTranslation': {'ar': 'ب. برينو', 'bn': 'ব্রেনো', 'hi': 'ब्रेनो'}}}",6293629,90,1.0,5412,"{'start': {'x': 53.8, 'y': 4.5}, 'block': {'x': 54.2, 'y': 1}, 'end': {'x': 52.3, 'y': 0}, 'goal': {'x': 52.3, 'y': 83.5}}",1,888,12,shot,,13472590,4.5,53.8,95.57557219289875,4.3826062618138435,9134.69,418.8701011690391,3.799999999999997,95.5,,0,0,90,0,0.19768289
"{'name': 'Matheus Pereira', 'firstName': '', 'lastName': '', 'slug': 'pereira-matheus', 'shortName': 'M. Pereira', 'position': 'M', 'jerseyNumber': '23', 'userCount': 3475, 'gender': 'M', 'id': 795268, 'fieldTranslations': {'nameTranslation': {'ar': 'بيريرا، ماثيو', 'bn': 'পেরেরা, ম্যাথিউস', 'hi': 'परेरा, मैथियस'}, 'shortNameTranslation': {'ar': 'م. بيريرا', 'bn': 'এম. পেরেরা', 'hi': 'एम. परेरा'}}}",True,right-foot,low-centre,"{'x': 0, 'y': 51.2, 'z': 19}","{'x': 15.3, 'y': 48, 'z': 0}",0.018365511670709,0.0,"{'name': 'Hugo Souza', 'slug': 'hugo-souza', 'shortName': 'H. Souza', 'position': 'G', 'jerseyNumber': '1', 'userCount': 25726, 'gender': 'M', 'sofascoreId': 'hugosouza', 'id': 950454, 'fieldTranslations': {'nameTranslation': {'ar': 'هوغو سوزا', 'bn': 'হুগো সুজা', 'hi': 'ह्यूगो सूज़ा'}, 'shortNameTranslation': {'ar': 'ه. سوزا', 'bn': 'এইচ. সুজা', 'hi': 'एच. सूज़ा'}}}",6293607,80,,4748,"{'start': {'x': 47.4, 'y': 30.3}, 'block': {'x': 48, 'y': 15.3}, 'end': {'x': 48.8, 'y': 0}, 'goal': {'x': 48.8, 'y': 81}}",11,652,2048,shot,,13472590,30.3,47.4,69.74847668587465,6.003452822399738,4864.849999999999,418.7316892178965,2.6000000000000014,69.7,,0,1,80,0,0.044175602
"{'name': 'Moisés', 'firstName': 'Moisés', 'slug': 'moises', 'shortName': 'Moisés', 'position': 'M', 'jerseyNumber': '21', 'userCount': 1137, 'gender': 'M', 'id': 1046501, 'fieldTranslations': {'nameTranslation': {'ar': 'مويزس'}, 'shortNameTranslation': {'ar': 'مويزس'}}}",True,left-foot,high,"{'x': 0, 'y': 54.3, 'z': 68.1}",,0.091964967548847,0.0,"{'name': 'Hugo Souza', 'slug': 'hugo-souza', 'shortName': 'H. Souza', 'position': 'G', 'jerseyNumber': '1', 'userCount': 25726, 'gender': 'M', 'sofascoreId': 'hugosouza', 'id': 950454, 'fieldTranslations': {'nameTranslation': {'ar': 'هوغو سوزا', 'bn': 'হুগো সুজা', 'hi': 'ह्यूगो सूज़ा'}, 'shortNameTranslation': {'ar': 'ه. سوزا', 'bn': 'এইচ. সুজা', 'hi': 'एच. सूज़ा'}}}",6293603,78,,4667,"{'start': {'x': 36.1, 'y': 8.6}, 'end': {'x': 45.7, 'y': 0}, 'goal': {'x': 45.7, 'y': 31.9}}",13,733,1967,shot,,13472590,8.6,36.1,92.45090589064014,4.482820061113788,8547.17,414.4407755947045,13.899999999999999,91.4,,0,1,78,0,0.03621431
"{'name': 'André Luiz', 'firstName': 'André Luiz', 'slug': 'andre-luiz', 'shortName': 'A. Luiz', 'position': 'M', 'jerseyNumber': '49', 'userCount': 2401, 'gender': 'M', 'id': 1647612, 'fieldTranslations': {'nameTranslation': {'ar': 'أندريه لويز'}, 'shortNameTranslation': {'ar': 'أ. لويز'}}}",False,right-foot,low-centre,"{'x': 0, 'y': 48.9, 'z': 19}","{'x': 11.1, 'y': 58.5, 'z': 0}",0.022953884676099,0.0,"{'name': 'Brenno', 'slug': 'brenno', 'shortName': 'Brenno', 'position': 'G', 'jerseyNumber': '12', 'userCount': 502, 'gender': 'M', 'id': 914481, 'fieldTranslations': {'nameTranslation': {'ar': 'برينو', 'bn': 'ব্রেনো', 'hi': 'ब्रेनो'}, 'shortNameTranslation': {'ar': 'ب. برينو', 'bn': 'ব্রেনো', 'hi': 'ब्रेनो'}}}",6293602,77,,4616,"{'start': {'x': 66.3, 'y': 22.8}, 'block': {'x': 58.5, 'y': 11.1}, 'end': {'x': 51.1, 'y': 0}, 'goal': {'x': 51.1, 'y': 81}}",14,784,1916,shot,,13472590,22.8,66.3,78.9020278573371,5.197763274702431,6225.530000000001,410.1140626964149,16.299999999999997,77.2,,0,0,77,0,0.008890918
"{'name': 'Talles Magno', 'firstName': '', 'lastName': '', 'slug': 'talles-magno', 'shortName': 'T. Magno', 'position': 'F', 'jerseyNumber': '11', 'userCount': 7630, 'gender': 'M', 'sofascoreId': 'TallesMagico', 'id': 985860, 'fieldTranslations': {'nameTranslation': {'ar': 'تالس ماغنو'}, 'shortNameTranslation': {'ar': 'ت. ماغنو'}}}",False,head,right,"{'x': 0, 'y': 32.9, 'z': 11.1}","{'x': 2.3, 'y': 67, 'z': 0}",0.091155909001827,0.0,"{'name': 'Brenno', 'slug': 'brenno', 'shortName': 'Brenno', 'position': 'G', 'jerseyNumber': '12', 'userCount': 502, 'gender': 'M', 'id': 914481, 'fieldTranslations': {'nameTranslation': {'ar': 'برينو', 'bn': 'ব্রেনো', 'hi': 'ब्रेनो'}, 'shortNameTranslation': {'ar': 'ب. برينو', 'bn': 'ব্রেনো', 'hi': 'ब्रेनो'}}}",6293594,75,,4457,"{'start': {'x': 48.1, 'y': 9.5}, 'block': {'x': 67, 'y': 2.3}, 'end': {'x': 67.1, 'y': 0}, 'goal': {'x': 67.1, 'y': 88.9}}",16,943,1757,shot,,13472590,9.5,48.1,90.51994255411346,4.629751386918162,8193.86,419.08482958365914,1.8999999999999986,90.5,,0,0,75,0,0.15723763
"{'name': 'André Luiz', 'firstName': 'André Luiz', 'slug': 'andre-luiz', 'shortName': 'A. Luiz', 'position': 'M', 'jerseyNumber': '49', 'userCount': 2401, 'gender': 'M', 'id': 1647612, 'fieldTranslations': {'nameTranslation': {'ar': 'أندريه لويز'}, 'shortNameTranslation': {'ar': 'أ. لويز'}}}",False,right-foot,low-right,"{'x': 0, 'y': 47.2, 'z': 4.4}",,0.28526559472084,0.57862079143524,"{'name': 'Brenno', 'slug': 'brenno', 'shortName': 'Brenno', 'position': 'G', 'jerseyNumber': '12', 'userCount': 502, 'gender': 'M', 'id': 914481, 'fieldTranslations': {'nameTranslation': {'ar': 'برينو', 'bn': 'ব্রেনো', 'hi': 'ब्रेनो'}, 'shortNameTranslation': {'ar': 'ب. برينو', 'bn': 'ব্রেনো', 'hi': 'ब्रेनो'}}}",6293586,70,,4151,"{'start': {'x': 48.9, 'y': 13}, 'end': {'x': 52.8, 'y': 0}, 'goal': {'x': 52.8, 'y': 95.6}}",21,1249,1451,shot,regular,13472590,13.0,48.9,87.00695374508868,4.817139629953836,7570.210000000001,419.124644967027,1.1000000000000014,87.0,,0,0,70,1,0.6180836
"{'name': 'Dieguinho', 'firstName': 'Diego', 'lastName': 'da Cruz Lopes', 'slug': 'diego-da-cruz-lopes', 'shortName': 'Dieguinho', 'position': 'M', 'jerseyNumber': '61', 'userCount': 2484, 'gender': 'M', 'id': 1916131, 'fieldTranslations': {'nameTranslation': {'ar': 'ديغوينيو'}, 'shortNameTranslation': {'ar': 'ديغوينيو'}}}",False,right-foot,low-centre,"{'x': 0, 'y': 49.1, 'z': 1.9}","{'x': 0.90000000000001, 'y': 50.2, 'z': 0}",0.084843136370182,0.045739043504,"{'name': 'Brenno', 'slug': 'brenno', 'shortName': 'Brenno', 'position': 'G', 'jerseyNumber': '12', 'userCount': 502, 'gender': 'M', 'id': 914481, 'fieldTranslations': {'nameTranslation': {'ar': 'برينو', 'bn': 'ব্রেনো', 'hi': 'ब्रेनो'}, 'shortNameTranslation': {'ar': 'ب. برينو', 'bn': 'ব্রেনো', 'hi': 'ब्रेनो'}}}",6293581,68,,4079,"{'start': {'x': 57.7, 'y': 19.5}, 'block': {'x': 50.2, 'y': 0.90000000000001}, 'end': {'x': 50.9, 'y': 0}, 'goal': {'x': 50.9, 'y': 98.1}}",23,1321,1379,shot,,13472590,19.5,57.7,80.86742236525163,5.1593719944022975,6539.539999999999,417.22511421078127,7.700000000000003,80.5,,0,0,68,0,0.029590167
"{'name': 'Eros Mancuso', 'firstName': 'Eros Mancuso', 'lastName': '', 'slug': 'eros-mancuso', 'shortName': 'E. Mancuso', 'position': 'D', 'jerseyNumber': '40', 'userCount': 489, 'gender': 'M', 'id': 1116624, 'fieldTranslations': {'nameTranslation': {'ar': 'إيروس مانكوسو'}, 'shortNameTranslation': {'ar': 'إ. مانكوسو'}}}",True,right-foot,low-centre,"{'x': 0, 'y': 48.4, 'z': 19}","{'x': 5.5, 'y': 67.5, 'z': 0}",0.035692360252142,0.0,"{'name': 'Hugo Souza', 'slug': 'hugo-souza', 'shortName': 'H. Souza', 'position': 'G', 'jerseyNumber': '1', 'userCount': 25726, 'gender': 'M', 'sofascoreId': 'hugosouza', 'id': 950454, 'fieldTranslations': {'nameTranslation': {'ar': 'هوغو سوزا', 'bn': 'হুগো সুজা', 'hi': 'ह्यूगो सूज़ा'}, 'shortNameTranslation': {'ar': 'ه. سوزا', 'bn': 'এইচ. সুজা', 'hi': 'एच. सूज़ा'}}}",6293577,66,,3900,"{'start': {'x': 70.6, 'y': 6.6}, 'block': {'x': 67.5, 'y': 5.5}, 'end': {'x': 51.6, 'y': 0}, 'goal': {'x': 51.6, 'y': 81}}",25,1500,1200,shot,,13472590,6.6,70.6,95.64475939642486,4.280412632816224,9147.920000000002,409.39903638312524,20.599999999999994,93.4,,0,1,66,0,0.11282598
"{'name': 'Gustavo Henrique', 'slug': 'gustavo-henrique', 'shortName': 'G. Henrique', 'position': 'D', 'jerseyNumber': '13', 'userCount': 5461, 'gender': 'M', 'id': 243181, 'fieldTranslations': {'nameTranslation': {'ar': 'غوستافو هنريك', 'bn': 'গুস্তাভো হেনরিক', 'hi': 'गुस्तावो हेनरिक'}, 'shortNameTranslation': {'ar': 'غ. هنريك', 'bn': 'গুস্তাভো হেনরিক', 'hi': 'गुस्तावो हेनरिक'}}}",False,left-foot,left,"{'x': 0, 'y': 61.7, 'z': 37.5}",,0.082875229418278,0.0,"{'name': 'Brenno', 'slug': 'brenno', 'shortName': 'Brenno', 'position': 'G', 'jerseyNumber': '12', 'userCount': 502, 'gender': 'M', 'id': 914481, 'fieldTranslations': {'nameTranslation': {'ar': 'برينو', 'bn': 'ব্রেনো', 'hi': 'ब्रेनो'}, 'shortNameTranslation': {'ar': 'ب. برينو', 'bn': 'ব্রেনো', 'hi': 'ब्रेनो'}}}",6293571,64,,3828,"{'start': {'x': 43.4, 'y': 9.7}, 'end': {'x': 38.3, 'y': 0}, 'goal': {'x': 38.3, 'y': 62.5}}",27,1572,1128,shot,,13472590,9.7,43.4,90.54087474726539,4.617434228869246,8197.65,418.06653416978634,6.600000000000001,90.3,,0,0,64,0,0.10014693
"{'name': 'Gustavo Henrique', 'slug': 'gustavo-henrique', 'shortName': 'G. Henrique', 'position': 'D', 'jerseyNumber': '13', 'userCount': 5461, 'gender': 'M', 'id': 243181, 'fieldTranslations': {'nameTranslation': {'ar': 'غوستافو هنريك', 'bn': 'গুস্তাভো হেনরিক', 'hi': 'गुस्तावो हेनरिक'}, 'shortNameTranslation': {'ar': 'غ. هنريك', 'bn': 'গুস্তাভো হেনরিক', 'hi': 'गुस्तावो हेनरिक'}}}",False,head,right,"{'x': 0, 'y': 37.8, 'z': 22.2}","{'x': 7.2, 'y': 51.8, 'z': 0}",0.016904639080167,0.0,"{'name': 'Brenno', 'slug': 'brenno', 'shortName': 'Brenno', 'position': 'G', 'jerseyNumber': '12', 'userCount': 502, 'gender': 'M', 'id': 914481, 'fieldTranslations': {'nameTranslation': {'ar': 'برينو', 'bn': 'ব্রেনো', 'hi': 'ब्रेनो'}, 'shortNameTranslation': {'ar': 'ب. برينو', 'bn': 'ব্রেনো', 'hi': 'ब्रेनो'}}}",6293573,64,,3826,"{'start': {'x': 45.4, 'y': 12.1}, 'block': {'x': 51.8, 'y': 7.2}, 'end': {'x': 62.2, 'y': 0}, 'goal': {'x': 62.2, 'y': 77.8}}",27,1574,1126,shot,,13472590,12.1,45.4,88.02028175369584,4.755647927833592,7747.570000000001,418.5934705292925,4.600000000000001,87.9,,0,0,64,0,0.22883478
"{'name': 'Vitinho', 'slug': 'vitinho', 'shortName': 'Vitinho', 'position': 'F', 'jerseyNumber': '11', 'userCount': 4011, 'gender': 'M', 'id': 242054, 'fieldTranslations': {'nameTranslation': {'ar': 'فيتينهو', 'bn': 'ভিতিনহো', 'hi': 'विटिन्हो'}, 'shortNameTranslation': {'ar': 'فيتينهو', 'bn': 'ভিতিনহো', 'hi': 'विटिन्हो'}}}",False,left-foot,low-centre,"{'x': 0, 'y': 51.4, 'z': 19}","{'x': 9.3, 'y': 32.1, 'z': 0}",0.032387915998697,0.0,"{'name': 'Brenno', 'slug': 'brenno', 'shortName': 'Brenno', 'position': 'G', 'jerseyNumber': '12', 'userCount': 502, 'gender': 'M', 'id': 914481, 'fieldTranslations': {'nameTranslation': {'ar': 'برينو', 'bn': 'ব্রেনো', 'hi': 'ब्रेनो'}, 'shortNameTranslation': {'ar': 'ب. برينو', 'bn': 'ব্রেনো', 'hi': 'ब्रेनो'}}}",6293568,64,,3794,"{'start': {'x': 29.1, 'y': 11}, 'block': {'x': 32.1, 'y': 9.3}, 'end': {'x': 48.6, 'y': 0}, 'goal': {'x': 48.6, 'y': 81}}",27,1606,1094,shot,,13472590,11.0,29.1,91.42105884313526,4.4642423400257965,8357.81,408.12576165751415,20.9,89.0,,0,0,64,0,0.018601688
"{'name': 'José Herrera', 'firstName': 'José Herrera', 'slug': 'jose-herrera', 'shortName': 'J. Herrera', 'position': 'F', 'jerseyNumber': '32', 'userCount': 473, 'gender': 'M', 'id': 1179171, 'fieldTranslations': {'nameTranslation': {'ar': 'خوسيه هيريرا'}, 'shortNameTranslation': {'ar': 'خ. هيريرا'}}}",True,left-foot,high-centre,"{'x': 0, 'y': 50, 'z': 24.1}",,0.19340398907661,0.087555207312107,"{'name': 'Hugo Souza', 'slug': 'hugo-souza', 'shortName': 'H. Souza', 'position': 'G', 'jerseyNumber': '1', 'userCount': 25726, 'gender': 'M', 'sofascoreId': 'hugosouza', 'id': 950454, 'fieldTranslations': {'nameTranslation': {'ar': 'هوغو سوزا', 'bn': 'হুগো সুজা', 'hi': 'ह्यूगो सूज़ा'}, 'shortNameTranslation': {'ar': 'ه. سوزا', 'bn': 'এইচ. সুজা', 'hi': 'एच. सूज़ा'}}}",6293561,58,,3457,"{'start': {'x': 48.1, 'y': 19.3}, 'end': {'x': 50, 'y': 0}, 'goal': {'x': 50, 'y': 75.9}}",33,1943,757,shot,regular,13472590,19.3,48.1,80.72236369185431,5.190662918636601,6516.099999999999,419.0025799200057,1.8999999999999986,80.7,,0,1,58,1,0.25298485
"{'name': 'Tomás Pochettino', 'firstName': '', 'lastName': '', 'slug': 'tomas-pochettino', 'shortName': 'T. Pochettino', 'position': 'M', 'jerseyNumber': '7', 'userCount': 989, 'gender': 'M', 'id': 824626, 'fieldTranslations': {'nameTranslation': {'ar': 'توماس بوتشيتينو', 'bn': 'টমাস পোচেত্তিনো', 'hi': 'टॉमस पोचेतीनो'}, 'shortNameTranslation': {'ar': 'ت. بوتشيتينو', 'bn': 'টি. পোচেত্তিনো', 'hi': 'टी. पोचेतीनो'}}}",True,right-foot,low-right,"{'x': 0, 'y': 46.6, 'z': 3.2}","{'x': 1.5, 'y': 48.9, 'z': 0}",0.028424680233002,0.20477788150311,"{'name': 'Hugo Souza', 'slug': 'hugo-souza', 'shortName': 'H. Souza', 'position': 'G', 'jerseyNumber': '1', 'userCount': 25726, 'gender': 'M', 'sofascoreId': 'hugosouza', 'id': 950454, 'fieldTranslations': {'nameTranslation': {'ar': 'هوغو سوزا', 'bn': 'হুগো সুজা', 'hi': 'ह्यूगो सूज़ा'}, 'shortNameTranslation': {'ar': 'ه. سوزا', 'bn': 'এইচ. সুজা', 'hi': 'एच. सूज़ा'}}}",6293549,50,,2988,"{'start': {'x': 41.9, 'y': 23.4}, 'block': {'x': 48.9, 'y': 1.5}, 'end': {'x': 53.4, 'y': 0}, 'goal': {'x': 53.4, 'y': 96.8}}",41,2412,288,shot,,13472590,23.4,41.9,77.0270731626225,5.410826120182271,5933.169999999999,416.78009942950865,8.100000000000001,76.6,,0,1,50,0,0.059314232
"{'name': 'André Ramalho', 'slug': 'andre-ramalho', 'shortName': 'A. Ramalho', 'position': 'D', 'jerseyNumber': '5', 'userCount': 5372, 'gender': 'M', 'id': 148155, 'fieldTranslations': {'nameTranslation': {'ar': 'أندريه رامالو', 'bn': 'আন্দ্রে রামালহো', 'hi': 'आंद्रे रामाल्हो'}, 'shortNameTranslation': {'ar': 'أ. رامالو', 'bn': 'এ. রামালহো', 'hi': 'ए. रामाल्हो'}}}",False,left-foot,low-centre,"{'x': 0, 'y': 50.6, 'z': 19}","{'x': 19, 'y': 46.9, 'z': 0}",0.024144725874066,0.0,"{'name': 'Brenno', 'slug': 'brenno', 'shortName': 'Brenno', 'position': 'G', 'jerseyNumber': '12', 'userCount': 502, 'gender': 'M', 'id': 914481, 'fieldTranslations': {'nameTranslation': {'ar': 'برينو', 'bn': 'ব্রেনো', 'hi': 'ब्रेनो'}, 'shortNameTranslation': {'ar': 'ب. برينو', 'bn': 'ব্রেনো', 'hi': 'ब्रेनो'}}}",6293548,49,,2907,"{'start': {'x': 46, 'y': 26.3}, 'block': {'x': 46.9, 'y': 19}, 'end': {'x': 49.4, 'y': 0}, 'goal': {'x': 49.4, 'y': 81}}",42,2493,207,shot,,13472590,26.3,46.0,73.80846834882838,5.66940381158646,5447.690000000001,418.45001178420625,4.0,73.7,,0,0,49,0,0.14635769
"{'name': 'Vitinho', 'slug': 'vitinho', 'shortName': 'Vitinho', 'position': 'F', 'jerseyNumber': '11', 'userCount': 4011, 'gender': 'M', 'id': 242054, 'fieldTranslations': {'nameTranslation': {'ar': 'فيتينهو', 'bn': 'ভিতিনহো', 'hi': 'विटिन्हो'}, 'shortNameTranslation': {'ar': 'فيتينهو', 'bn': 'ভিতিনহো', 'hi': 'विटिन्हो'}}}",False,head,low-left,"{'x': 0, 'y': 52.7, 'z': 3.2}","{'x': 1.1, 'y': 48.9, 'z': 0}",0.052611075341702,0.16051962971687,"{'name': 'Brenno', 'slug': 'brenno', 'shortName': 'Brenno', 'position': 'G', 'jerseyNumber': '12', 'userCount': 502, 'gender': 'M', 'id': 914481, 'fieldTranslations': {'nameTranslation': {'ar': 'برينو', 'bn': 'ব্রেনো', 'hi': 'ब्रेनो'}, 'shortNameTranslation': {'ar': 'ب. برينو', 'bn': 'ব্রেনো', 'hi': 'ब्रेनो'}}}",6293545,49,,2885,"{'start': {'x': 44.6, 'y': 9.2}, 'block': {'x': 48.9, 'y': 1.1}, 'end': {'x': 47.3, 'y': 0}, 'goal': {'x': 47.3, 'y': 96.8}}",42,2515,185,shot,,13472590,9.2,44.6,90.96043095764223,4.600273199680617,8273.8,418.4428327658407,5.399999999999999,90.8,,0,0,49,0,0.15775037
"{'name': 'José Herrera', 'firstName': 'José Herrera', 'slug': 'jose-herrera', 'shortName': 'J. Herrera', 'position': 'F', 'jerseyNumber': '32', 'userCount': 473, 'gender': 'M', 'id': 1179171, 'fieldTranslations': {'nameTranslation': {'ar': 'خوسيه هيريرا'}, 'shortNameTranslation': {'ar': 'خ. هيريرا'}}}",True,left-foot,low-centre,"{'x': 0, 'y': 49.7, 'z': 19}","{'x': 15.1, 'y': 53.6, 'z': 0}",0.093907721340656,0.0,"{'name': 'Hugo Souza', 'slug': 'hugo-souza', 'shortName': 'H. Souza', 'position': 'G', 'jerseyNumber': '1', 'userCount': 25726, 'gender': 'M', 'sofascoreId': 'hugosouza', 'id': 950454, 'fieldTranslations': {'nameTranslation': {'ar': 'هوغو سوزا', 'bn': 'হুগো সুজা', 'hi': 'ह्यूगो सूज़ा'}, 'shortNameTranslation': {'ar': 'ه. سوزا', 'bn': 'এইচ. সুজা', 'hi': 'एच. सूज़ा'}}}",6293542,47,,2779,"{'start': {'x': 54.4, 'y': 18.7}, 'block': {'x': 53.6, 'y': 15.1}, 'end': {'x': 50.3, 'y': 0}, 'goal': {'x': 50.3, 'y': 81}}",44,2621,79,shot,,13472590,18.7,54.4,81.41897813163709,5.14024826398339,6629.049999999998,418.51376099644915,4.399999999999999,81.3,,0,1,47,0,0.084289365
"{'name': 'Tomás Pochettino', 'firstName': '', 'lastName': '', 'slug': 'tomas-pochettino', 'shortName': 'T. Pochettino', 'position': 'M', 'jerseyNumber': '7', 'userCount': 989, 'gender': 'M', 'id': 824626, 'fieldTranslations': {'nameTranslation': {'ar': 'توماس بوتشيتينو', 'bn': 'টমাস পোচেত্তিনো', 'hi': 'टॉमस पोचेतीनो'}, 'shortNameTranslation': {'ar': 'ت. بوتشيتينو', 'bn': 'টি. পোচেত্তিনো', 'hi': 'टी. पोचेतीनो'}}}",True,right-foot,low-centre,"{'x': 0, 'y': 49.9, 'z': 19}","{'x': 22.3, 'y': 40.2, 'z': 0}",0.016882963478565,0.0,"{'name': 'Hugo Souza', 'slug': 'hugo-souza', 'shortName': 'H. Souza', 'position': 'G', 'jerseyNumber': '1', 'userCount': 25726, 'gender': 'M', 'sofascoreId': 'hugosouza', 'id': 950454, 'fieldTranslations': {'nameTranslation': {'ar': 'هوغو سوزا', 'bn': 'হুগো সুজা', 'hi': 'ह्यूगो सूज़ा'}, 'shortNameTranslation': {'ar': 'ه. سوزا', 'bn': 'এইচ. সুজা', 'hi': 'एच. सूज़ा'}}}",6293473,45,1.0,2756,"{'start': {'x': 38.9, 'y': 25.4}, 'block': {'x': 40.2, 'y': 22.3}, 'end': {'x': 50.1, 'y': 0}, 'goal': {'x': 50.1, 'y': 81}}",1,2644,56,shot,,13472590,25.4,38.9,75.42128346826244,5.4963398726017285,5688.369999999998,414.54100756940846,11.100000000000001,74.6,,0,1,45,0,0.04664841
"{'name': 'José Herrera', 'firstName': 'José Herrera', 'slug': 'jose-herrera', 'shortName': 'J. Herrera', 'position': 'F', 'jerseyNumber': '32', 'userCount': 473, 'gender': 'M', 'id': 1179171, 'fieldTranslations': {'nameTranslation': {'ar': 'خوسيه هيريرا'}, 'shortNameTranslation': {'ar': 'خ. هيريرا'}}}",True,left-foot,high-left,"{'x': 0, 'y': 59.7, 'z': 98.6}",,0.048711448907852,0.0,"{'name': 'Hugo Souza', 'slug': 'hugo-souza', 'shortName': 'H. Souza', 'position': 'G', 'jerseyNumber': '1', 'userCount': 25726, 'gender': 'M', 'sofascoreId': 'hugosouza', 'id': 950454, 'fieldTranslations': {'nameTranslation': {'ar': 'هوغو سوزا', 'bn': 'হুগো সুজা', 'hi': 'ह्यूगो सूज़ा'}, 'shortNameTranslation': {'ar': 'ه. سوزا', 'bn': 'এইচ. সুজা', 'hi': 'एच. सूज़ा'}}}",6293472,45,,2655,"{'start': {'x': 60.7, 'y': 25.3}, 'end': {'x': 40.3, 'y': 0}, 'goal': {'x': 40.3, 'y': 1.4}}",1,45,2655,shot,,13472590,25.3,60.7,75.4624409888787,5.49768333642146,5694.58,414.8686043502462,10.700000000000003,74.7,,0,1,45,0,0.044859402
"{'name': 'Gui Negão', 'slug': 'guilherme-silva-inacio', 'shortName': 'G. Negão', 'position': 'F', 'jerseyNumber': '56', 'userCount': 6655, 'gender': 'M', 'id': 1922597, 'fieldTranslations': {'nameTranslation': {'ar': 'غوي نيجاو'}, 'shortNameTranslation': {'ar': 'غ. نيجاو'}}}",False,right-foot,low-centre,"{'x': 0, 'y': 50.8, 'z': 19}","{'x': 3.3, 'y': 48.6, 'z': 0}",0.41404229402542,0.0,"{'name': 'Brenno', 'slug': 'brenno', 'shortName': 'Brenno', 'position': 'G', 'jerseyNumber': '12', 'userCount': 502, 'gender': 'M', 'id': 914481, 'fieldTranslations': {'nameTranslation': {'ar': 'برينو', 'bn': 'ব্রেনো', 'hi': 'ब्रेनो'}, 'shortNameTranslation': {'ar': 'ب. برينو', 'bn': 'ব্রেনো', 'hi': 'ब्रेनो'}}}",6293470,42,,2518,"{'start': {'x': 48.3, 'y': 4.6}, 'block': {'x': 48.6, 'y': 3.3}, 'end': {'x': 49.2, 'y': 0}, 'goal': {'x': 49.2, 'y': 81}}",4,182,2518,shot,,13472590,4.6,48.3,95.41514554828285,4.39273347979605,9104.050000000001,419.1333043295551,1.7000000000000028,95.4,,0,0,42,0,0.43583125
"{'name': 'Dieguinho', 'firstName': 'Diego', 'lastName': 'da Cruz Lopes', 'slug': 'diego-da-cruz-lopes', 'shortName': 'Dieguinho', 'position': 'M', 'jerseyNumber': '61', 'userCount': 2484, 'gender': 'M', 'id': 1916131, 'fieldTranslations': {'nameTranslation': {'ar': 'ديغوينيو'}, 'shortNameTranslation': {'ar': 'ديغوينيو'}}}",False,left-foot,close-left,"{'x': 0, 'y': 56.6, 'z': 33.3}",,0.034870680421591,0.0,"{'name': 'Brenno', 'slug': 'brenno', 'shortName': 'Brenno', 'position': 'G', 'jerseyNumber': '12', 'userCount': 502, 'gender': 'M', 'id': 914481, 'fieldTranslations': {'nameTranslation': {'ar': 'برينو', 'bn': 'ব্রেনো', 'hi': 'ब्रेनो'}, 'shortNameTranslation': {'ar': 'ب. برينو', 'bn': 'ব্রেনো', 'hi': 'ब्रेनो'}}}",6293461,37,,2164,"{'start': {'x': 69.4, 'y': 14.9}, 'end': {'x': 43.4, 'y': 0}, 'goal': {'x': 43.4, 'y': 66.7}}",9,536,2164,shot,,13472590,14.9,69.4,87.28327445736669,4.682707594520159,7618.37,408.7220521760984,19.400000000000006,85.1,,0,0,37,0,0.01105079
"{'name': 'Maycon', 'slug': 'maycon', 'shortName': 'Maycon', 'position': 'M', 'jerseyNumber': '8', 'userCount': 3551, 'gender': 'M', 'id': 831778, 'fieldTranslations': {'nameTranslation': {'ar': 'مايكون', 'bn': 'মেকন', 'hi': 'मेकॉन'}, 'shortNameTranslation': {'ar': 'م. مايكون', 'bn': 'মেকন', 'hi': 'मेकॉन'}}}",False,left-foot,high-left,"{'x': 0, 'y': 53.9, 'z': 20.3}","{'x': 1, 'y': 50.5, 'z': 0}",0.059669110924006,0.46918922662735,"{'name': 'Brenno', 'slug': 'brenno', 'shortName': 'Brenno', 'position': 'G', 'jerseyNumber': '12', 'userCount': 502, 'gender': 'M', 'id': 914481, 'fieldTranslations': {'nameTranslation': {'ar': 'برينو', 'bn': 'ব্রেনো', 'hi': 'ब्रेनो'}, 'shortNameTranslation': {'ar': 'ب. برينو', 'bn': 'ব্রেনো', 'hi': 'ब्रेनो'}}}",6293454,34,,1995,"{'start': {'x': 54.2, 'y': 19.8}, 'block': {'x': 50.5, 'y': 1}, 'end': {'x': 46.1, 'y': 0}, 'goal': {'x': 46.1, 'y': 79.7}}",12,705,1995,shot,,13472590,19.8,54.2,80.30989976335421,5.211620644690661,6449.68,418.5447315797344,4.200000000000003,80.2,,0,0,34,0,0.061417717
"{'name': 'Gui Negão', 'slug': 'guilherme-silva-inacio', 'shortName': 'G. Negão', 'position': 'F', 'jerseyNumber': '56', 'userCount': 6655, 'gender': 'M', 'id': 1922597, 'fieldTranslations': {'nameTranslation': {'ar': 'غوي نيجاو'}, 'shortNameTranslation': {'ar': 'غ. نيجاو'}}}",False,left-foot,low-centre,"{'x': 0, 'y': 50.8, 'z': 19}","{'x': 5.5, 'y': 35.4, 'z': 0}",0.045390263199806,0.0,"{'name': 'Brenno', 'slug': 'brenno', 'shortName': 'Brenno', 'position': 'G', 'jerseyNumber': '12', 'userCount': 502, 'gender': 'M', 'id': 914481, 'fieldTranslations': {'nameTranslation': {'ar': 'برينو', 'bn': 'ব্রেনো', 'hi': 'ब्रेनो'}, 'shortNameTranslation': {'ar': 'ب. برينو', 'bn': 'ব্রেনো', 'hi': 'ब्रेनो'}}}",6293453,31,,1859,"{'start': {'x': 32.3, 'y': 7.1}, 'block': {'x': 35.4, 'y': 5.5}, 'end': {'x': 49.2, 'y': 0}, 'goal': {'x': 49.2, 'y': 81}}",15,841,1859,shot,,13472590,7.1,32.3,94.57113724599067,4.354575626101884,8943.700000000004,411.817169184127,17.700000000000003,92.9,,0,0,31,0,0.050833464
"{'name': 'Tomás Pochettino', 'firstName': '', 'lastName': '', 'slug': 'tomas-pochettino', 'shortName': 'T. Pochettino', 'position': 'M', 'jerseyNumber': '7', 'userCount': 989, 'gender': 'M', 'id': 824626, 'fieldTranslations': {'nameTranslation': {'ar': 'توماس بوتشيتينو', 'bn': 'টমাস পোচেত্তিনো', 'hi': 'टॉमस पोचेतीनो'}, 'shortNameTranslation': {'ar': 'ت. بوتشيتينو', 'bn': 'টি. পোচেত্তিনো', 'hi': 'टी. पोचेतीनो'}}}",True,right-foot,close-left,"{'x': 0, 'y': 58.5, 'z': 2.8}",,0.025882713496685,0.0,"{'name': 'Hugo Souza', 'slug': 'hugo-souza', 'shortName': 'H. Souza', 'position': 'G', 'jerseyNumber': '1', 'userCount': 25726, 'gender': 'M', 'sofascoreId': 'hugosouza', 'id': 950454, 'fieldTranslations': {'nameTranslation': {'ar': 'هوغو سوزا', 'bn': 'হুগো সুজা', 'hi': 'ह्यूगो सूज़ा'}, 'shortNameTranslation': {'ar': 'ه. سوزا', 'bn': 'এইচ. সুজা', 'hi': 'एच. सूज़ा'}}}",6293434,26,,1534,"{'start': {'x': 35.4, 'y': 21.8}, 'end': {'x': 41.5, 'y': 0}, 'goal': {'x': 41.5, 'y': 97.2}}",20,1166,1534,shot,,13472590,21.8,35.4,79.55124134795132,5.1794251182695294,6328.4,412.02969762710063,14.600000000000001,78.2,,0,1,26,0,0.033193395
"{'name': 'Vitinho', 'slug': 'vitinho', 'shortName': 'Vitinho', 'position': 'F', 'jerseyNumber': '11', 'userCount': 4011, 'gender': 'M', 'id': 242054, 'fieldTranslations': {'nameTranslation': {'ar': 'فيتينهو', 'bn': 'ভিতিনহো', 'hi': 'विटिन्हो'}, 'shortNameTranslation': {'ar': 'فيتينهو', 'bn': 'ভিতিনহো', 'hi': 'विटिन्हो'}}}",False,right-foot,low-left,"{'x': 0, 'y': 52.4, 'z': 19}","{'x': 9.4, 'y': 35, 'z': 0}",0.038584690541029,0.0,"{'name': 'Brenno', 'slug': 'brenno', 'shortName': 'Brenno', 'position': 'G', 'jerseyNumber': '12', 'userCount': 502, 'gender': 'M', 'id': 914481, 'fieldTranslations': {'nameTranslation': {'ar': 'برينو', 'bn': 'ব্রেনো', 'hi': 'ब्रेनो'}, 'shortNameTranslation': {'ar': 'ب. برينو', 'bn': 'ব্রেনো', 'hi': 'ब्रेनो'}}}",6293433,25,,1452,"{'start': {'x': 30.9, 'y': 12.5}, 'block': {'x': 35, 'y': 9.4}, 'end': {'x': 47.6, 'y': 0}, 'goal': {'x': 47.6, 'y': 81}}",21,1248,1452,shot,,13472590,12.5,30.9,89.56037070043871,4.573116791734758,8021.06,409.57003512416594,19.1,87.5,,0,0,25,0,0.03323902
"{'name': 'Gui Negão', 'slug': 'guilherme-silva-inacio', 'shortName': 'G. Negão', 'position': 'F', 'jerseyNumber': '56', 'userCount': 6655, 'gender': 'M', 'id': 1922597, 'fieldTranslations': {'nameTranslation': {'ar': 'غوي نيجاو'}, 'shortNameTranslation': {'ar': 'غ. نيجاو'}}}",False,head,high-centre,"{'x': 0, 'y': 50.4, 'z': 25.3}","{'x': 0.90000000000001, 'y': 50, 'z': 0}",0.048796731978655,0.027869356796145,"{'name': 'Brenno', 'slug': 'brenno', 'shortName': 'Brenno', 'position': 'G', 'jerseyNumber': '12', 'userCount': 502, 'gender': 'M', 'id': 914481, 'fieldTranslations': {'nameTranslation': {'ar': 'برينو', 'bn': 'ব্রেনো', 'hi': 'ब्रेनो'}, 'shortNameTranslation': {'ar': 'ب. برينو', 'bn': 'ব্রেনো', 'hi': 'ब्रेनो'}}}",6293396,23,,1349,"{'start': {'x': 55.8, 'y': 10.8}, 'block': {'x': 50, 'y': 0.90000000000001}, 'end': {'x': 49.6, 'y': 0}, 'goal': {'x': 49.6, 'y': 74.7}}",23,1351,1349,shot,,13472590,10.8,55.8,89.38836613340688,4.679485720894675,7990.280000000002,418.2915829353826,5.799999999999997,89.2,,0,0,23,0,0.08845798
"{'name': 'Breno Bidon', 'slug': 'breno-bidon', 'shortName': 'B. Bidon', 'position': 'M', 'jerseyNumber': '7', 'userCount': 10006, 'gender': 'M', 'sofascoreId': 'BrenoBidon', 'id': 1199261, 'fieldTranslations': {'nameTranslation': {'ar': 'برينو بيدون', 'bn': 'ব্রেনো বিডন', 'hi': 'ब्रेनो बिडॉन'}, 'shortNameTranslation': {'ar': 'ب. بيدون', 'bn': 'বি. বিডন', 'hi': 'बी. बिडॉन'}}}",False,left-foot,close-left,"{'x': 0, 'y': 56.5, 'z': 5.6}",,0.08480478823185,0.0,"{'name': 'Brenno', 'slug': 'brenno', 'shortName': 'Brenno', 'position': 'G', 'jerseyNumber': '12', 'userCount': 502, 'gender': 'M', 'id': 914481, 'fieldTranslations': {'nameTranslation': {'ar': 'برينو', 'bn': 'ব্রেনো', 'hi': 'ब्रेनो'}, 'shortNameTranslation': {'ar': 'ب. برينو', 'bn': 'ব্রেনো', 'hi': 'ब्रेनो'}}}",6293375,14,,830,"{'start': {'x': 50.9, 'y': 17.8}, 'end': {'x': 43.5, 'y': 0}, 'goal': {'x': 43.5, 'y': 94.4}}",32,1870,830,shot,,13472590,17.8,50.9,82.20492685964753,5.098274963970797,6757.65,419.10332052359155,0.8999999999999986,82.2,,0,0,14,0,0.085287146
"{'name': 'Gui Negão', 'slug': 'guilherme-silva-inacio', 'shortName': 'G. Negão', 'position': 'F', 'jerseyNumber': '56', 'userCount': 6655, 'gender': 'M', 'id': 1922597, 'fieldTranslations': {'nameTranslation': {'ar': 'غوي نيجاو'}, 'shortNameTranslation': {'ar': 'غ. نيجاو'}}}",False,left-foot,low-centre,"{'x': 0, 'y': 51.3, 'z': 19}","{'x': 21.1, 'y': 48.2, 'z': 0}",0.021298969164491,0.0,"{'name': 'Brenno', 'slug': 'brenno', 'shortName': 'Brenno', 'position': 'G', 'jerseyNumber': '12', 'userCount': 502, 'gender': 'M', 'id': 914481, 'fieldTranslations': {'nameTranslation': {'ar': 'برينو', 'bn': 'ব্রেনো', 'hi': 'ब्रेनो'}, 'shortNameTranslation': {'ar': 'ب. برينو', 'bn': 'ব্রেনো', 'hi': 'ब्रेनो'}}}",6293376,14,,821,"{'start': {'x': 48.1, 'y': 24.8}, 'block': {'x': 48.2, 'y': 21.1}, 'end': {'x': 48.7, 'y': 0}, 'goal': {'x': 48.7, 'y': 81}}",32,1879,821,shot,,13472590,24.8,48.1,75.22399883016058,5.569256818595165,5658.650000000001,418.9417684068666,1.8999999999999986,75.2,,0,0,14,0,0.11656823
"{'name': 'Matheus Bidu', 'slug': 'matheus-bidu', 'shortName': 'M. Bidu', 'position': 'D', 'jerseyNumber': '21', 'userCount': 6281, 'gender': 'M', 'id': 981703, 'fieldTranslations': {'nameTranslation': {'ar': 'ماتيوس بيدو', 'bn': 'ম্যাথিউস বিদু', 'hi': 'मैथियस बिदु'}, 'shortNameTranslation': {'ar': 'م. بيدو', 'bn': 'এম. বিদু', 'hi': 'एम. बिदु'}}}",False,right-foot,high-left,"{'x': 0, 'y': 53.5, 'z': 30.4}","{'x': 1.6, 'y': 49.1, 'z': 0}",0.012480122968554,0.2131439447403,"{'name': 'Brenno', 'slug': 'brenno', 'shortName': 'Brenno', 'position': 'G', 'jerseyNumber': '12', 'userCount': 502, 'gender': 'M', 'id': 914481, 'fieldTranslations': {'nameTranslation': {'ar': 'برينو', 'bn': 'ব্রেনো', 'hi': 'ब्रेनो'}, 'shortNameTranslation': {'ar': 'ب. برينو', 'bn': 'ব্রেনো', 'hi': 'ब्रेनो'}}}",6293371,10,,569,"{'start': {'x': 30.5, 'y': 26.8}, 'block': {'x': 49.1, 'y': 1.6}, 'end': {'x': 46.5, 'y': 0}, 'goal': {'x': 46.5, 'y': 69.6}}",36,2131,569,shot,,13472590,26.8,30.5,75.75282172962272,5.346860622679827,5738.490000000001,405.0397795630045,19.5,73.2,,0,0,10,0,0.020133317
"{'name': 'Tomás Pochettino', 'firstName': '', 'lastName': '', 'slug': 'tomas-pochettino', 'shortName': 'T. Pochettino', 'position': 'M', 'jerseyNumber': '7', 'userCount': 989, 'gender': 'M', 'id': 824626, 'fieldTranslations': {'nameTranslation': {'ar': 'توماس بوتشيتينو', 'bn': 'টমাস পোচেত্তিনো', 'hi': 'टॉमस पोचेतीनो'}, 'shortNameTranslation': {'ar': 'ت. بوتشيتينو', 'bn': 'টি. পোচেত্তিনো', 'hi': 'टी. पोचेतीनो'}}}",True,right-foot,high-left,"{'x': 0, 'y': 52.3, 'z': 32.3}",,0.57687771320343,0.90552228689194,"{'name': 'Hugo Souza', 'slug': 'hugo-souza', 'shortName': 'H. Souza', 'position': 'G', 'jerseyNumber': '1', 'userCount': 25726, 'gender': 'M', 'sofascoreId': 'hugosouza', 'id': 950454, 'fieldTranslations': {'nameTranslation': {'ar': 'هوغو سوزا', 'bn': 'হুগো সুজা', 'hi': 'ह्यूगो सूज़ा'}, 'shortNameTranslation': {'ar': 'ه. سوزا', 'bn': 'এইচ. সুজা', 'hi': 'एच. सूज़ा'}}}",6293370,8,,471,"{'start': {'x': 45.5, 'y': 7.5}, 'end': {'x': 47.7, 'y': 0}, 'goal': {'x': 47.7, 'y': 67.7}}",38,2229,471,shot,regular,13472590,7.5,45.5,92.60939477180487,4.521073111044053,8576.5,418.69384453287074,4.5,92.5,,0,1,8,1,0.3881032
"{'name': 'Giovanny', 'slug': 'giovanny', 'shortName': 'Giovanny', 'position': 'M', 'jerseyNumber': '11', 'userCount': 202, 'gender': 'M', 'id': 797649, 'fieldTranslations': {'nameTranslation': {'ar': 'جيوفاني'}, 'shortNameTranslation': {'ar': 'جيوفاني'}}}",True,right-foot,low-centre,"{'x': 0, 'y': 49.5, 'z': 19}","{'x': 12.7, 'y': 42.6, 'z': 0}",0.03233128413558,0.0,"{'name': 'Gabriel Brazão', 'firstName': '', 'lastName': '', 'slug': 'gabriel-brazao', 'shortName': 'G. Brazão', 'position': 'G', 'jerseyNumber': '77', 'userCount': 3103, 'gender': 'M', 'id': 905448, 'fieldTranslations': {'nameTranslation': {'ar': 'غابرييل برازاو', 'bn': 'গ্যাব্রিয়েল ব্রাজাও', 'hi': 'गेब्रियल ब्राज़ाओ'}, 'shortNameTranslation': {'ar': 'غ. برازاو', 'bn': 'জি. ব্রাজাও', 'hi': 'जी. ब्राज़ाओ'}}}",6293707,88,,5268,"{'start': {'x': 37, 'y': 21.6}, 'block': {'x': 42.6, 'y': 12.7}, 'end': {'x': 50.5, 'y': 0}, 'goal': {'x': 50.5, 'y': 81}}",3,132,2568,shot,,13472584,21.6,37.0,79.47049767051922,5.203120775339562,6315.560000000001,413.4945974560528,13.0,78.4,,0,1,88,0,0.014109387
"{'name': 'Peixoto', 'slug': 'peixoto', 'shortName': 'Peixoto', 'position': 'M', 'jerseyNumber': '72', 'userCount': 94, 'gender': 'M', 'id': 1049781, 'fieldTranslations': {'nameTranslation': {'ar': 'بيكسوتو'}, 'shortNameTranslation': {'ar': 'بيكسوتو'}}}",True,right-foot,right,"{'x': 0, 'y': 29.9, 'z': 20.8}",,0.039794582873583,0.0,"{'name': 'Gabriel Brazão', 'firstName': '', 'lastName': '', 'slug': 'gabriel-brazao', 'shortName': 'G. Brazão', 'position': 'G', 'jerseyNumber': '77', 'userCount': 3103, 'gender': 'M', 'id': 905448, 'fieldTranslations': {'nameTranslation': {'ar': 'غابرييل برازاو', 'bn': 'গ্যাব্রিয়েল ব্রাজাও', 'hi': 'गेब्रियल ब्राज़ाओ'}, 'shortNameTranslation': {'ar': 'غ. برازاو', 'bn': 'জি. ব্রাজাও', 'hi': 'जी. ब्राज़ाओ'}}}",6293705,87,,5208,"{'start': {'x': 54.4, 'y': 18.9}, 'end': {'x': 70.1, 'y': 0}, 'goal': {'x': 70.1, 'y': 79.2}}",4,192,2508,shot,,13472584,18.9,54.4,81.21927111221818,5.1528336090744125,6596.569999999999,418.50938989156435,4.399999999999999,81.1,,0,1,87,0,0.041965283
"{'name': 'Willian Arão', 'firstName': '', 'lastName': '', 'slug': 'willian-arao', 'shortName': 'Willian Arão', 'position': 'M', 'jerseyNumber': '15', 'userCount': 1906, 'gender': 'M', 'id': 242213, 'fieldTranslations': {'nameTranslation': {'ar': 'ويليان أراو', 'bn': 'উইলিয়ান আরাও', 'hi': 'विलीयन अराओ'}, 'shortNameTranslation': {'ar': 'و. أراو', 'bn': 'উইলিয়ান. আরাও', 'hi': 'विलीयन अराओ'}}}",False,head,right,"{'x': 0, 'y': 36.5, 'z': 2.8}",,0.038924906402826,0.0,"{'name': 'Jandrei', 'firstName': '', 'lastName': '', 'slug': 'jandrei', 'shortName': 'Jandrei', 'position': 'G', 'jerseyNumber': '93', 'userCount': 1017, 'gender': 'M', 'id': 874979, 'fieldTranslations': {'nameTranslation': {'ar': 'جاندري', 'bn': 'জান্দ্রেই', 'hi': 'जन्द्रेई'}, 'shortNameTranslation': {'ar': 'جاندري', 'bn': 'জান্দ্রেই', 'hi': 'जन्द्रेई'}}}",6293704,87,,5165,"{'start': {'x': 40.3, 'y': 7.3}, 'end': {'x': 63.5, 'y': 0}, 'goal': {'x': 63.5, 'y': 97.2}}",4,235,2465,shot,,13472584,7.3,40.3,93.20611567917634,4.473126758138488,8687.380000000001,416.9227700666749,9.700000000000003,92.7,,0,0,87,0,0.033057395
"{'name': 'Neymar', 'slug': 'neymar', 'shortName': 'Neymar', 'position': 'F', 'jerseyNumber': '10', 'userCount': 1013524, 'gender': 'M', 'sofascoreId': 'Neymar', 'id': 124712, 'fieldTranslations': {'nameTranslation': {'ar': 'نيمار', 'bn': 'নেইমার', 'hi': 'नेमार'}, 'shortNameTranslation': {'ar': 'نيمار', 'bn': 'নেইমার', 'hi': 'नेमार'}}}",False,right-foot,low-right,"{'x': 0, 'y': 47, 'z': 2.5}",,0.7884,0.75872129201889,"{'name': 'Jandrei', 'firstName': '', 'lastName': '', 'slug': 'jandrei', 'shortName': 'Jandrei', 'position': 'G', 'jerseyNumber': '93', 'userCount': 1017, 'gender': 'M', 'id': 874979, 'fieldTranslations': {'nameTranslation': {'ar': 'جاندري', 'bn': 'জান্দ্রেই', 'hi': 'जन्द्रेई'}, 'shortNameTranslation': {'ar': 'جاندري', 'bn': 'জান্দ্রেই', 'hi': 'जन्द्रेई'}}}",6293675,73,,4361,"{'start': {'x': 50, 'y': 11.5}, 'end': {'x': 53, 'y': 0}, 'goal': {'x': 53, 'y': 97.5}}",18,1039,1661,shot,penalty,13472584,11.5,50.0,88.5,4.736341767417068,7832.25,419.1662464164105,0.0,88.5,,0,0,73,1,0.5027412
"{'name': 'Neymar', 'slug': 'neymar', 'shortName': 'Neymar', 'position': 'F', 'jerseyNumber': '10', 'userCount': 1013524, 'gender': 'M', 'sofascoreId': 'Neymar', 'id': 124712, 'fieldTranslations': {'nameTranslation': {'ar': 'نيمار', 'bn': 'নেইমার', 'hi': 'नेमार'}, 'shortNameTranslation': {'ar': 'نيمار', 'bn': 'নেইমার', 'hi': 'नेमार'}}}",False,left-foot,low-left,"{'x': 0, 'y': 52.9, 'z': 2.5}",,0.093410640954971,0.18952436745167,"{'name': 'Jandrei', 'firstName': '', 'lastName': '', 'slug': 'jandrei', 'shortName': 'Jandrei', 'position': 'G', 'jerseyNumber': '93', 'userCount': 1017, 'gender': 'M', 'id': 874979, 'fieldTranslations': {'nameTranslation': {'ar': 'جاندري', 'bn': 'জান্দ্রেই', 'hi': 'जन्द्रेई'}, 'shortNameTranslation': {'ar': 'جاندري', 'bn': 'জান্দ্রেই', 'hi': 'जन्द्रेई'}}}",6293669,65,,3898,"{'start': {'x': 34.2, 'y': 7.4}, 'end': {'x': 47.1, 'y': 0}, 'goal': {'x': 47.1, 'y': 97.5}}",26,1502,1198,shot,regular,13472584,7.4,34.2,93.93827760822528,4.399108938538122,8824.399999999998,413.2447166972193,15.799999999999997,92.6,,0,0,65,1,0.084510036
"{'name': 'Álvaro Barreal', 'slug': 'alvaro-barreal', 'shortName': 'Á. Barreal', 'position': 'M', 'jerseyNumber': '22', 'userCount': 2824, 'gender': 'M', 'id': 949687, 'fieldTranslations': {'nameTranslation': {'ar': 'ألفارو باريال', 'bn': 'আলভারো ব্যারিয়াল', 'hi': 'अल्वारो बरियल'}, 'shortNameTranslation': {'ar': 'أ. باريال', 'bn': 'এ. ব্যারিয়াল', 'hi': 'आ. बरियल'}}}",False,left-foot,high-left,"{'x': 0, 'y': 66.9, 'z': 69.4}",,0.021038191393018,0.0,"{'name': 'Jandrei', 'firstName': '', 'lastName': '', 'slug': 'jandrei', 'shortName': 'Jandrei', 'position': 'G', 'jerseyNumber': '93', 'userCount': 1017, 'gender': 'M', 'id': 874979, 'fieldTranslations': {'nameTranslation': {'ar': 'جاندري', 'bn': 'জান্দ্রেই', 'hi': 'जन्द्रेई'}, 'shortNameTranslation': {'ar': 'جاندري', 'bn': 'জান্দ্রেই', 'hi': 'जन्द्रेई'}}}",6293630,63,,3732,"{'start': {'x': 58.9, 'y': 23.2}, 'end': {'x': 33.1, 'y': 0}, 'goal': {'x': 33.1, 'y': 30.6}}",28,1668,1032,shot,,13472584,23.2,58.9,77.31397027704631,5.384830229420499,5977.45,416.3226043043569,8.899999999999999,76.8,,0,0,63,0,0.02078329
"{'name': 'Nenê', 'firstName': '', 'lastName': '', 'slug': 'nene', 'shortName': 'Nenê', 'position': 'M', 'jerseyNumber': '10', 'userCount': 1564, 'gender': 'M', 'id': 5672, 'fieldTranslations': {'nameTranslation': {'ar': 'نيني', 'bn': 'নেনে', 'hi': 'नेने'}, 'shortNameTranslation': {'ar': 'نيني', 'bn': 'নেনে', 'hi': 'नेने'}}}",True,left-foot,high-left,"{'x': 0, 'y': 52.4, 'z': 20.9}","{'x': 2, 'y': 50.7, 'z': 0}",0.031672049313784,0.09903135150671,"{'name': 'Gabriel Brazão', 'firstName': '', 'lastName': '', 'slug': 'gabriel-brazao', 'shortName': 'G. Brazão', 'position': 'G', 'jerseyNumber': '77', 'userCount': 3103, 'gender': 'M', 'id': 905448, 'fieldTranslations': {'nameTranslation': {'ar': 'غابرييل برازاو', 'bn': 'গ্যাব্রিয়েল ব্রাজাও', 'hi': 'गेब्रियल ब्राज़ाओ'}, 'shortNameTranslation': {'ar': 'غ. برازاو', 'bn': 'জি. ব্রাজাও', 'hi': 'जी. ब्राज़ाओ'}}}",6293625,61,,3619,"{'start': {'x': 49.1, 'y': 23.2}, 'block': {'x': 50.7, 'y': 2}, 'end': {'x': 47.6, 'y': 0}, 'goal': {'x': 47.6, 'y': 79.1}}",30,1781,919,shot,,13472584,23.2,49.1,76.80527325646332,5.456128956096388,5899.05,419.0594753954851,0.8999999999999986,76.8,,0,1,61,0,0.1253376
"{'name': 'Igor Formiga', 'firstName': '', 'lastName': '', 'slug': 'igor-formiga', 'shortName': 'Igor Formiga', 'position': 'D', 'jerseyNumber': '32', 'userCount': 273, 'gender': 'M', 'id': 1009030, 'fieldTranslations': {'nameTranslation': {'ar': 'إيغور فورميغا'}, 'shortNameTranslation': {'ar': 'إ. فورميغا'}}}",True,head,high,"{'x': 0, 'y': 53.3, 'z': 83.3}",,0.045550346374512,0.0,"{'name': 'Gabriel Brazão', 'firstName': '', 'lastName': '', 'slug': 'gabriel-brazao', 'shortName': 'G. Brazão', 'position': 'G', 'jerseyNumber': '77', 'userCount': 3103, 'gender': 'M', 'id': 905448, 'fieldTranslations': {'nameTranslation': {'ar': 'غابرييل برازاو', 'bn': 'গ্যাব্রিয়েল ব্রাজাও', 'hi': 'गेब्रियल ब्राज़ाओ'}, 'shortNameTranslation': {'ar': 'غ. برازاو', 'bn': 'জি. ব্রাজাও', 'hi': 'जी. ब्राज़ाओ'}}}",6293621,59,,3494,"{'start': {'x': 56, 'y': 10.7}, 'end': {'x': 46.7, 'y': 0}, 'goal': {'x': 46.7, 'y': 16.7}}",32,1906,794,shot,,13472584,10.7,56.0,89.50134077208006,4.672921895649544,8010.49,418.2327749838442,6.0,89.3,,0,1,59,0,0.07077005
"{'name': 'Neymar', 'slug': 'neymar', 'shortName': 'Neymar', 'position': 'F', 'jerseyNumber': '10', 'userCount': 1013524, 'gender': 'M', 'sofascoreId': 'Neymar', 'id': 124712, 'fieldTranslations': {'nameTranslation': {'ar': 'نيمار', 'bn': 'নেইমার', 'hi': 'नेमार'}, 'shortNameTranslation': {'ar': 'نيمار', 'bn': 'নেইমার', 'hi': 'नेमार'}}}",False,right-foot,high-left,"{'x': 0, 'y': 54.3, 'z': 29.7}",,0.2401607632637,0.69560343027115,"{'name': 'Jandrei', 'firstName': '', 'lastName': '', 'slug': 'jandrei', 'shortName': 'Jandrei', 'position': 'G', 'jerseyNumber': '93', 'userCount': 1017, 'gender': 'M', 'id': 874979, 'fieldTranslations': {'nameTranslation': {'ar': 'جاندري', 'bn': 'জান্দ্রেই', 'hi': 'जन्द्रेई'}, 'shortNameTranslation': {'ar': 'جاندري', 'bn': 'জান্দ্রেই', 'hi': 'जन्द्रेई'}}}",6293614,56,,3312,"{'start': {'x': 48.2, 'y': 13.9}, 'end': {'x': 45.7, 'y': 0}, 'goal': {'x': 45.7, 'y': 70.3}}",35,2088,612,shot,regular,13472584,13.9,48.2,86.11881327561359,4.866088211965251,7416.45,419.06174210889986,1.7999999999999972,86.1,,0,0,56,1,0.5816139
"{'name': 'Jádson', 'slug': 'jadson', 'shortName': 'Jádson', 'position': 'M', 'jerseyNumber': '16', 'userCount': 458, 'gender': 'M', 'id': 243651, 'fieldTranslations': {'nameTranslation': {'ar': 'جادسون'}, 'shortNameTranslation': {'ar': 'جادسون'}}}",True,right-foot,high,"{'x': 0, 'y': 44.7, 'z': 88.9}",,0.01744413562119,0.0,"{'name': 'Gabriel Brazão', 'firstName': '', 'lastName': '', 'slug': 'gabriel-brazao', 'shortName': 'G. Brazão', 'position': 'G', 'jerseyNumber': '77', 'userCount': 3103, 'gender': 'M', 'id': 905448, 'fieldTranslations': {'nameTranslation': {'ar': 'غابرييل برازاو', 'bn': 'গ্যাব্রিয়েল ব্রাজাও', 'hi': 'गेब्रियल ब्राज़ाओ'}, 'shortNameTranslation': {'ar': 'غ. برازاو', 'bn': 'জি. ব্রাজাও', 'hi': 'जी. ब्राज़ाओ'}}}",6293609,53,,3123,"{'start': {'x': 43.8, 'y': 23.1}, 'end': {'x': 55.3, 'y': 0}, 'goal': {'x': 55.3, 'y': 11.1}}",38,2277,423,shot,,13472584,23.1,43.8,77.1495301346677,5.414724729792268,5952.049999999999,417.743468712039,6.200000000000003,76.9,,0,1,53,0,0.05285336
"{'name': 'Neymar', 'slug': 'neymar', 'shortName': 'Neymar', 'position': 'F', 'jerseyNumber': '10', 'userCount': 1013524, 'gender': 'M', 'sofascoreId': 'Neymar', 'id': 124712, 'fieldTranslations': {'nameTranslation': {'ar': 'نيمار', 'bn': 'নেইমার', 'hi': 'नेमार'}, 'shortNameTranslation': {'ar': 'نيمار', 'bn': 'নেইমার', 'hi': 'नेमार'}}}",False,right-foot,high,"{'x': 0, 'y': 49.6, 'z': 61.1}",,0.53875797986984,0.0,"{'name': 'Jandrei', 'firstName': '', 'lastName': '', 'slug': 'jandrei', 'shortName': 'Jandrei', 'position': 'G', 'jerseyNumber': '93', 'userCount': 1017, 'gender': 'M', 'id': 874979, 'fieldTranslations': {'nameTranslation': {'ar': 'جاندري', 'bn': 'জান্দ্রেই', 'hi': 'जन्द्रेई'}, 'shortNameTranslation': {'ar': 'جاندري', 'bn': 'জান্দ্রেই', 'hi': 'जन्द्रेई'}}}",6293595,47,,2817,"{'start': {'x': 45.6, 'y': 2.9}, 'end': {'x': 50.4, 'y': 0}, 'goal': {'x': 50.4, 'y': 38.9}}",44,2583,117,shot,,13472584,2.9,45.6,97.19963991702849,4.3084412985679235,9447.769999999999,418.7789428244568,4.399999999999999,97.1,,0,0,47,0,0.25367457
"{'name': 'Nenê', 'firstName': '', 'lastName': '', 'slug': 'nene', 'shortName': 'Nenê', 'position': 'M', 'jerseyNumber': '10', 'userCount': 1564, 'gender': 'M', 'id': 5672, 'fieldTranslations': {'nameTranslation': {'ar': 'نيني', 'bn': 'নেনে', 'hi': 'नेने'}, 'shortNameTranslation': {'ar': 'نيني', 'bn': 'নেনে', 'hi': 'नेने'}}}",True,left-foot,left,"{'x': 0, 'y': 97.1, 'z': 5.6}","{'x': 15.9, 'y': 33.4, 'z': 0}",0.01260079164058,0.0,"{'name': 'Gabriel Brazão', 'firstName': '', 'lastName': '', 'slug': 'gabriel-brazao', 'shortName': 'G. Brazão', 'position': 'G', 'jerseyNumber': '77', 'userCount': 3103, 'gender': 'M', 'id': 905448, 'fieldTranslations': {'nameTranslation': {'ar': 'غابرييل برازاو', 'bn': 'গ্যাব্রিয়েল ব্রাজাও', 'hi': 'गेब्रियल ब्राज़ाओ'}, 'shortNameTranslation': {'ar': 'غ. برازاو', 'bn': 'জি. ব্রাজাও', 'hi': 'जी. ब्राज़ाओ'}}}",6293547,38,,2253,"{'start': {'x': 74.6, 'y': 23.2}, 'block': {'x': 33.4, 'y': 15.9}, 'end': {'x': 2.9, 'y': 0}, 'goal': {'x': 2.9, 'y': 94.4}}",8,447,2253,shot,,13472584,23.2,74.6,80.64366063119903,4.950707161280557,6503.4,399.243148198756,24.599999999999994,76.8,,0,1,38,0,0.021344425
"{'name': 'Rodrigo Sam', 'firstName': '', 'lastName': '', 'slug': 'rodrigo-sam', 'shortName': 'R. Sam', 'position': 'D', 'jerseyNumber': '34', 'userCount': 112, 'gender': 'M', 'id': 794640, 'fieldTranslations': {'nameTranslation': {'ar': 'رودريغو سام'}, 'shortNameTranslation': {'ar': 'ر. سام'}}}",True,head,left,"{'x': 0, 'y': 62.9, 'z': 8.3}",,0.047241002321243,0.0,"{'name': 'Gabriel Brazão', 'firstName': '', 'lastName': '', 'slug': 'gabriel-brazao', 'shortName': 'G. Brazão', 'position': 'G', 'jerseyNumber': '77', 'userCount': 3103, 'gender': 'M', 'id': 905448, 'fieldTranslations': {'nameTranslation': {'ar': 'غابرييل برازاو', 'bn': 'গ্যাব্রিয়েল ব্রাজাও', 'hi': 'गेब्रियल ब्राज़ाओ'}, 'shortNameTranslation': {'ar': 'غ. برازاو', 'bn': 'জি. ব্রাজাও', 'hi': 'जी. ब्राज़ाओ'}}}",6293543,37,,2210,"{'start': {'x': 56.2, 'y': 8.3}, 'end': {'x': 37.1, 'y': 0}, 'goal': {'x': 37.1, 'y': 91.7}}",9,490,2210,shot,,13472584,8.3,56.2,91.9093575214189,4.550491947076225,8447.33,418.2327912621663,6.200000000000003,91.7,,0,1,37,0,0.2970353
"{'name': 'Guilherme', 'slug': 'guilherme', 'shortName': 'Guilherme', 'position': 'M', 'jerseyNumber': '20', 'userCount': 3597, 'gender': 'M', 'id': 844605, 'fieldTranslations': {'nameTranslation': {'ar': 'غيليرمي أوغوستو', 'bn': 'গুইলহার্ম অগোস্তু', 'hi': 'गिल्हर्मे ऑगस्टो'}, 'shortNameTranslation': {'ar': 'غ. أوغوستو', 'bn': 'উইলিয়াম অগোস্তু', 'hi': 'गिल्हर्मे ऑगस्टो'}}}",False,left-foot,low-right,"{'x': 0, 'y': 48.1, 'z': 1.3}","{'x': 1, 'y': 46.2, 'z': 0}",0.014592482708395,0.044630941003561,"{'name': 'Jandrei', 'firstName': '', 'lastName': '', 'slug': 'jandrei', 'shortName': 'Jandrei', 'position': 'G', 'jerseyNumber': '93', 'userCount': 1017, 'gender': 'M', 'id': 874979, 'fieldTranslations': {'nameTranslation': {'ar': 'جاندري', 'bn': 'জান্দ্রেই', 'hi': 'जन्द्रेई'}, 'shortNameTranslation': {'ar': 'جاندري', 'bn': 'জান্দ্রেই', 'hi': 'जन्द्रेई'}}}",6293541,36,,2118,"{'start': {'x': 26.6, 'y': 7.4}, 'block': {'x': 46.2, 'y': 1}, 'end': {'x': 51.9, 'y': 0}, 'goal': {'x': 51.9, 'y': 98.7}}",10,582,2118,shot,,13472584,7.4,26.6,95.51083708145373,4.255767477206651,9122.319999999996,406.4719141720338,23.4,92.6,,0,0,36,0,0.03224242
"{'name': 'Souza', 'firstName': 'Souza', 'lastName': '', 'slug': 'souza', 'shortName': 'Souza', 'position': 'D', 'jerseyNumber': '38', 'userCount': 2933, 'gender': 'M', 'id': 1482340, 'fieldTranslations': {'nameTranslation': {'ar': 'سوزا'}, 'shortNameTranslation': {'ar': 'سوزا'}}}",False,right-foot,low-centre,"{'x': 0, 'y': 50.9, 'z': 19.6}","{'x': 1.1, 'y': 48.4, 'z': 0}",0.027450665831566,0.018539439886808,"{'name': 'Jandrei', 'firstName': '', 'lastName': '', 'slug': 'jandrei', 'shortName': 'Jandrei', 'position': 'G', 'jerseyNumber': '93', 'userCount': 1017, 'gender': 'M', 'id': 874979, 'fieldTranslations': {'nameTranslation': {'ar': 'جاندري', 'bn': 'জান্দ্রেই', 'hi': 'जन्द्रेई'}, 'shortNameTranslation': {'ar': 'جاندري', 'bn': 'জান্দ্রেই', 'hi': 'जन्द्रेई'}}}",6293538,33,,1951,"{'start': {'x': 30.5, 'y': 21.6}, 'block': {'x': 48.4, 'y': 1.1}, 'end': {'x': 49.1, 'y': 0}, 'goal': {'x': 49.1, 'y': 80.4}}",13,749,1951,shot,,13472584,21.6,30.5,80.78867494890606,5.035249565723982,6526.810000000002,406.79114045189516,19.5,78.4,,0,0,33,0,0.01571794
"{'name': 'Neymar', 'slug': 'neymar', 'shortName': 'Neymar', 'position': 'F', 'jerseyNumber': '10', 'userCount': 1013524, 'gender': 'M', 'sofascoreId': 'Neymar', 'id': 124712, 'fieldTranslations': {'nameTranslation': {'ar': 'نيمار', 'bn': 'নেইমার', 'hi': 'नेमार'}, 'shortNameTranslation': {'ar': 'نيمار', 'bn': 'নেইমার', 'hi': 'नेमार'}}}",False,right-foot,high-left,"{'x': 0, 'y': 61.7, 'z': 45.8}",,0.01615646481514,0.0,"{'name': 'Jandrei', 'firstName': '', 'lastName': '', 'slug': 'jandrei', 'shortName': 'Jandrei', 'position': 'G', 'jerseyNumber': '93', 'userCount': 1017, 'gender': 'M', 'id': 874979, 'fieldTranslations': {'nameTranslation': {'ar': 'جاندري', 'bn': 'জান্দ্রেই', 'hi': 'जन्द्रेई'}, 'shortNameTranslation': {'ar': 'جاندري', 'bn': 'জান্দ্রেই', 'hi': 'जन्द्रेई'}}}",6293536,31,,1848,"{'start': {'x': 41.5, 'y': 43.1}, 'end': {'x': 38.3, 'y': 0}, 'goal': {'x': 38.3, 'y': 54.2}}",15,852,1848,shot,,13472584,43.1,41.5,57.531382740205366,7.201158227233485,3309.86,414.2925901437484,8.5,56.9,,0,0,31,0,0.031456437
"{'name': 'Marcelo Hermes', 'slug': 'marcelo-hermes', 'shortName': 'M. Hermes', 'position': 'D', 'jerseyNumber': '22', 'userCount': 288, 'gender': 'M', 'id': 783490, 'fieldTranslations': {'nameTranslation': {'ar': 'مارسيلو هيرميس'}, 'shortNameTranslation': {'ar': 'م. هيرميس'}}}",True,left-foot,low-left,"{'x': 0, 'y': 54.3, 'z': 4.4}","{'x': 0.7, 'y': 45.7, 'z': 0}",0.03648117557168,0.15561498701572,"{'name': 'Gabriel Brazão', 'firstName': '', 'lastName': '', 'slug': 'gabriel-brazao', 'shortName': 'G. Brazão', 'position': 'G', 'jerseyNumber': '77', 'userCount': 3103, 'gender': 'M', 'id': 905448, 'fieldTranslations': {'nameTranslation': {'ar': 'غابرييل برازاو', 'bn': 'গ্যাব্রিয়েল ব্রাজাও', 'hi': 'गेब्रियल ब्राज़ाओ'}, 'shortNameTranslation': {'ar': 'غ. برازاو', 'bn': 'জি. ব্রাজাও', 'hi': 'जी. ब्राज़ाओ'}}}",6293532,27,,1571,"{'start': {'x': 28.2, 'y': 12}, 'block': {'x': 45.7, 'y': 0.7}, 'end': {'x': 45.7, 'y': 0}, 'goal': {'x': 45.7, 'y': 95.6}}",19,1129,1571,shot,,13472584,12.0,28.2,90.66002426648693,4.488522440582696,8219.239999999998,406.9295533838984,21.8,88.0,,0,1,27,0,0.06868426
"{'name': 'Gabriel Taliari', 'slug': 'gabriel-taliari', 'shortName': 'G. Taliari', 'position': 'F', 'jerseyNumber': '19', 'userCount': 442, 'gender': 'M', 'id': 933955, 'fieldTranslations': {'nameTranslation': {'ar': 'غابرييل تاليارى'}, 'shortNameTranslation': {'ar': 'غ. تاليارى'}}}",True,head,left,"{'x': 0, 'y': 63.5, 'z': 19.4}",,0.24324651062489,0.0,"{'name': 'Gabriel Brazão', 'firstName': '', 'lastName': '', 'slug': 'gabriel-brazao', 'shortName': 'G. Brazão', 'position': 'G', 'jerseyNumber': '77', 'userCount': 3103, 'gender': 'M', 'id': 905448, 'fieldTranslations': {'nameTranslation': {'ar': 'غابرييل برازاو', 'bn': 'গ্যাব্রিয়েল ব্রাজাও', 'hi': 'गेब्रियल ब्राज़ाओ'}, 'shortNameTranslation': {'ar': 'غ. برازاو', 'bn': 'জি. ব্রাজাও', 'hi': 'जी. ब्राज़ाओ'}}}",6293476,22,,1282,"{'start': {'x': 46.8, 'y': 7.5}, 'end': {'x': 36.5, 'y': 0}, 'goal': {'x': 36.5, 'y': 80.6}}",24,1418,1282,shot,,13472584,7.5,46.8,92.55533480032364,4.526342314321265,8566.49,418.9371283228764,3.200000000000003,92.5,,0,1,22,0,0.291724
"{'name': 'Luis Mandaca', 'firstName': 'Luis Mandaca', 'slug': 'luis-mandaca', 'shortName': 'L. Mandaca', 'position': 'M', 'jerseyNumber': '44', 'userCount': 391, 'gender': 'M', 'id': 1116677, 'fieldTranslations': {'nameTranslation': {'ar': 'لويس ماندكا'}, 'shortNameTranslation': {'ar': 'ل. ماندكا'}}}",True,head,low-right,"{'x': 0, 'y': 46.4, 'z': 19.6}","{'x': 1.6, 'y': 52.5, 'z': 0}",0.010448882356286,0.15496921539307,"{'name': 'Gabriel Brazão', 'firstName': '', 'lastName': '', 'slug': 'gabriel-brazao', 'shortName': 'G. Brazão', 'position': 'G', 'jerseyNumber': '77', 'userCount': 3103, 'gender': 'M', 'id': 905448, 'fieldTranslations': {'nameTranslation': {'ar': 'غابرييل برازاو', 'bn': 'গ্যাব্রিয়েল ব্রাজাও', 'hi': 'गेब्रियल ब्राज़ाओ'}, 'shortNameTranslation': {'ar': 'غ. برازاو', 'bn': 'জি. ব্রাজাও', 'hi': 'जी. ब्राज़ाओ'}}}",6293475,20,,1152,"{'start': {'x': 62.6, 'y': 10.1}, 'block': {'x': 52.5, 'y': 1.6}, 'end': {'x': 53.6, 'y': 0}, 'goal': {'x': 53.6, 'y': 80.4}}",26,1548,1152,shot,,13472584,10.1,62.6,90.77868692595196,4.573077380895938,8240.77,415.13795984850475,12.600000000000001,89.9,,0,1,20,0,0.12792651
"{'name': 'Marcelo Hermes', 'slug': 'marcelo-hermes', 'shortName': 'M. Hermes', 'position': 'D', 'jerseyNumber': '22', 'userCount': 288, 'gender': 'M', 'id': 783490, 'fieldTranslations': {'nameTranslation': {'ar': 'مارسيلو هيرميس'}, 'shortNameTranslation': {'ar': 'م. هيرميس'}}}",True,left-foot,low-right,"{'x': 0, 'y': 48.1, 'z': 19}","{'x': 26.8, 'y': 33, 'z': 0}",0.005157457664609,0.0,"{'name': 'Gabriel Brazão', 'firstName': '', 'lastName': '', 'slug': 'gabriel-brazao', 'shortName': 'G. Brazão', 'position': 'G', 'jerseyNumber': '77', 'userCount': 3103, 'gender': 'M', 'id': 905448, 'fieldTranslations': {'nameTranslation': {'ar': 'غابرييل برازاو', 'bn': 'গ্যাব্রিয়েল ব্রাজাও', 'hi': 'गेब्रियल ब्राज़ाओ'}, 'shortNameTranslation': {'ar': 'غ. برازاو', 'bn': 'জি. ব্রাজাও', 'hi': 'जी. ब्राज़ाओ'}}}",6293465,7,,369,"{'start': {'x': 31.7, 'y': 28.7}, 'block': {'x': 33, 'y': 26.8}, 'end': {'x': 51.9, 'y': 0}, 'goal': {'x': 51.9, 'y': 81}}",39,2331,369,shot,,13472584,28.7,31.7,73.61100461208228,5.515291004635973,5418.579999999999,405.98611157923455,18.3,71.3,,0,1,7,0,0.027072482
"{'name': 'Jádson', 'slug': 'jadson', 'shortName': 'Jádson', 'position': 'M', 'jerseyNumber': '16', 'userCount': 458, 'gender': 'M', 'id': 243651, 'fieldTranslations': {'nameTranslation': {'ar': 'جادسون'}, 'shortNameTranslation': {'ar': 'جادسون'}}}",True,right-foot,low-left,"{'x': 0, 'y': 53.3, 'z': 2.8}","{'x': 23.4, 'y': 54.3, 'z': 0}",0.018757089972496,0.0,"{'name': 'Gabriel Brazão', 'firstName': '', 'lastName': '', 'slug': 'gabriel-brazao', 'shortName': 'G. Brazão', 'position': 'G', 'jerseyNumber': '77', 'userCount': 3103, 'gender': 'M', 'id': 905448, 'fieldTranslations': {'nameTranslation': {'ar': 'غابرييل برازاو', 'bn': 'গ্যাব্রিয়েল ব্রাজাও', 'hi': 'गेब्रियल ब्राज़ाओ'}, 'shortNameTranslation': {'ar': 'غ. برازاو', 'bn': 'জি. ব্রাজাও', 'hi': 'जी. ब्राज़ाओ'}}}",6293460,6,,319,"{'start': {'x': 55.2, 'y': 27.2}, 'block': {'x': 54.3, 'y': 23.4}, 'end': {'x': 46.7, 'y': 0}, 'goal': {'x': 46.7, 'y': 97.2}}",40,2381,319,shot,,13472584,27.2,55.2,72.98547800761463,5.727114916520988,5326.879999999999,417.99621978682427,5.200000000000003,72.8,,0,1,6,0,0.025687464
"{'name': 'Guilherme', 'slug': 'guilherme', 'shortName': 'Guilherme', 'position': 'M', 'jerseyNumber': '20', 'userCount': 3597, 'gender': 'M', 'id': 844605, 'fieldTranslations': {'nameTranslation': {'ar': 'غيليرمي أوغوستو', 'bn': 'গুইলহার্ম অগোস্তু', 'hi': 'गिल्हर्मे ऑगस्टो'}, 'shortNameTranslation': {'ar': 'غ. أوغوستو', 'bn': 'উইলিয়াম অগোস্তু', 'hi': 'गिल्हर्मे ऑगस्टो'}}}",False,right-foot,high-left,"{'x': 0, 'y': 54.5, 'z': 23.4}","{'x': 1.2, 'y': 48, 'z': 0}",0.032397054135799,0.27487209439278,"{'name': 'Jandrei', 'firstName': '', 'lastName': '', 'slug': 'jandrei', 'shortName': 'Jandrei', 'position': 'G', 'jerseyNumber': '93', 'userCount': 1017, 'gender': 'M', 'id': 874979, 'fieldTranslations': {'nameTranslation': {'ar': 'جاندري', 'bn': 'জান্দ্রেই', 'hi': 'जन्द्रेई'}, 'shortNameTranslation': {'ar': 'جاندري', 'bn': 'জান্দ্রেই', 'hi': 'जन्द्रेई'}}}",6293457,5,,242,"{'start': {'x': 31.8, 'y': 19.9}, 'block': {'x': 48, 'y': 1.2}, 'end': {'x': 45.5, 'y': 0}, 'goal': {'x': 45.5, 'y': 76.6}}",41,2458,242,shot,,13472584,19.9,31.8,82.14164595380348,4.976322876377678,6747.249999999999,408.76335186322814,18.2,80.1,,0,0,5,0,0.01947307
"{'name': 'Gonçalo Paciência', 'slug': 'goncalo-paciencia', 'shortName': 'G. Paciência', 'position': 'F', 'jerseyNumber': '39', 'userCount': 1121, 'gender': 'M', 'id': 138890, 'fieldTranslations': {'nameTranslation': {'ar': 'غونسالو باسينسيا', 'bn': 'গনসালো প্যাসিয়েন্সিয়া', 'hi': 'गोन्सालो पैसिएंसिया'}, 'shortNameTranslation': {'ar': 'غ. باسينسيا', 'bn': 'জি. প্যাসিনেসিয়া', 'hi': 'जी. पैसिएंसिया'}}}",False,right-foot,low-centre,"{'x': 0, 'y': 50.6, 'z': 13.9}","{'x': 3.5, 'y': 48.9, 'z': 0}",0.016249485313892,0.0094592850655317,"{'name': 'Ronaldo', 'slug': 'ronaldo', 'shortName': 'Ronaldo', 'position': 'G', 'jerseyNumber': '96', 'userCount': 1023, 'gender': 'M', 'id': 840106, 'fieldTranslations': {'nameTranslation': {'ar': 'رونالدو'}, 'shortNameTranslation': {'ar': 'رونالدو'}}}",6293754,90,4.0,5623,"{'start': {'x': 38.3, 'y': 29.9}, 'block': {'x': 48.9, 'y': 3.5}, 'end': {'x': 49.4, 'y': 0}, 'goal': {'x': 49.4, 'y': 86.1}}",1,677,223,shot,,13472598,29.9,38.3,71.06968411355153,5.816221443824545,5050.899999999999,413.357020747075,11.700000000000003,70.1,,0,0,90,0,0.010855031
"{'name': 'Gonçalo Paciência', 'slug': 'goncalo-paciencia', 'shortName': 'G. Paciência', 'position': 'F', 'jerseyNumber': '39', 'userCount': 1121, 'gender': 'M', 'id': 138890, 'fieldTranslations': {'nameTranslation': {'ar': 'غونسالو باسينسيا', 'bn': 'গনসালো প্যাসিয়েন্সিয়া', 'hi': 'गोन्सालो पैसिएंसिया'}, 'shortNameTranslation': {'ar': 'غ. باسينسيا', 'bn': 'জি. প্যাসিনেসিয়া', 'hi': 'जी. पैसिएंसिया'}}}",False,right-foot,close-high,"{'x': 0, 'y': 49.2, 'z': 56.9}",,0.03797460719943,0.0,"{'name': 'Ronaldo', 'slug': 'ronaldo', 'shortName': 'Ronaldo', 'position': 'G', 'jerseyNumber': '96', 'userCount': 1023, 'gender': 'M', 'id': 840106, 'fieldTranslations': {'nameTranslation': {'ar': 'رونالدو'}, 'shortNameTranslation': {'ar': 'رونالدو'}}}",6293747,88,,5259,"{'start': {'x': 34.4, 'y': 27.8}, 'end': {'x': 50.8, 'y': 0}, 'goal': {'x': 50.8, 'y': 43.1}}",3,141,2559,shot,,13472598,27.8,34.4,73.8660950639737,5.546113930275677,5456.2,409.66977880937196,15.600000000000001,72.2,,0,0,88,0,0.009019432
"{'name': 'Gonçalo Paciência', 'slug': 'goncalo-paciencia', 'shortName': 'G. Paciência', 'position': 'F', 'jerseyNumber': '39', 'userCount': 1121, 'gender': 'M', 'id': 138890, 'fieldTranslations': {'nameTranslation': {'ar': 'غونسالو باسينسيا', 'bn': 'গনসালো প্যাসিয়েন্সিয়া', 'hi': 'गोन्सालो पैसिएंसिया'}, 'shortNameTranslation': {'ar': 'غ. باسينسيا', 'bn': 'জি. প্যাসিনেসিয়া', 'hi': 'जी. पैसिएंसिया'}}}",False,right-foot,low-centre,"{'x': 0, 'y': 48.6, 'z': 19}","{'x': 1.8, 'y': 51.6, 'z': 0}",0.032147370278835,0.028735011816025,"{'name': 'Ronaldo', 'slug': 'ronaldo', 'shortName': 'Ronaldo', 'position': 'G', 'jerseyNumber': '96', 'userCount': 1023, 'gender': 'M', 'id': 840106, 'fieldTranslations': {'nameTranslation': {'ar': 'رونالدو'}, 'shortNameTranslation': {'ar': 'رونالدو'}}}",6293745,87,,5169,"{'start': {'x': 61.1, 'y': 19.8}, 'block': {'x': 51.6, 'y': 1.8}, 'end': {'x': 51.4, 'y': 0}, 'goal': {'x': 51.4, 'y': 81}}",4,231,2469,shot,,13472598,19.8,61.1,80.96449839281412,5.12796951077611,6555.250000000001,415.18347921363215,11.100000000000001,80.2,,0,0,87,0,0.012974196
"{'name': 'Chrystian Barletta', 'slug': 'chrystian-barletta', 'shortName': 'C. Barletta', 'position': 'M', 'jerseyNumber': '30', 'userCount': 1165, 'gender': 'M', 'id': 1035765, 'fieldTranslations': {'nameTranslation': {'ar': 'كريستيان بارليتا'}, 'shortNameTranslation': {'ar': 'ك. بارليتا'}}}",False,left-foot,low-centre,"{'x': 0, 'y': 51.1, 'z': 19}","{'x': 10.9, 'y': 66.6, 'z': 0}",0.048120159655809,0.0,"{'name': 'Ronaldo', 'slug': 'ronaldo', 'shortName': 'Ronaldo', 'position': 'G', 'jerseyNumber': '96', 'userCount': 1023, 'gender': 'M', 'id': 840106, 'fieldTranslations': {'nameTranslation': {'ar': 'رونالدو'}, 'shortNameTranslation': {'ar': 'رونالدو'}}}",6293737,82,,4892,"{'start': {'x': 71.1, 'y': 13.6}, 'block': {'x': 66.6, 'y': 10.9}, 'end': {'x': 48.9, 'y': 0}, 'goal': {'x': 48.9, 'y': 81}}",9,508,2192,shot,,13472598,13.6,71.1,88.93913649232266,4.579011443094257,7910.17,407.25332373726746,21.099999999999994,86.4,,0,0,82,0,0.008864541
"{'name': 'Ademir', 'slug': 'ademir', 'shortName': 'Ademir', 'position': 'F', 'jerseyNumber': '7', 'userCount': 1702, 'gender': 'M', 'id': 922546, 'fieldTranslations': {'nameTranslation': {'ar': 'أديمير'}, 'shortNameTranslation': {'ar': 'أديمير'}}}",True,left-foot,close-high,"{'x': 0, 'y': 53.1, 'z': 56.9}",,0.064571358263493,0.0,"{'name': 'Caíque França', 'slug': 'caique-franca', 'shortName': 'C. França', 'position': 'G', 'jerseyNumber': '22', 'userCount': 462, 'gender': 'M', 'id': 799667, 'fieldTranslations': {'nameTranslation': {'ar': 'كاكي فرانسا'}, 'shortNameTranslation': {'ar': 'ك. فرانسا'}}}",6293728,77,,4564,"{'start': {'x': 65.2, 'y': 13.5}, 'end': {'x': 46.9, 'y': 0}, 'goal': {'x': 46.9, 'y': 43.1}}",14,836,1864,shot,,13472598,13.5,65.2,87.82533802952312,4.700986315249386,7713.290000000001,412.86571220893967,15.200000000000003,86.5,,0,1,77,0,0.020059599
"{'name': 'Kanu', 'slug': 'kanu', 'shortName': 'Kanu', 'position': 'D', 'jerseyNumber': '4', 'userCount': 927, 'gender': 'M', 'id': 871705, 'fieldTranslations': {'nameTranslation': {'ar': 'كانو'}, 'shortNameTranslation': {'ar': 'كانو'}}}",True,head,left,"{'x': 0, 'y': 69.2, 'z': 2.8}","{'x': 6, 'y': 45.7, 'z': 0}",0.061451114714146,0.0,"{'name': 'Caíque França', 'slug': 'caique-franca', 'shortName': 'C. França', 'position': 'G', 'jerseyNumber': '22', 'userCount': 462, 'gender': 'M', 'id': 799667, 'fieldTranslations': {'nameTranslation': {'ar': 'كاكي فرانسا'}, 'shortNameTranslation': {'ar': 'ك. فرانسا'}}}",6293725,73,,4328,"{'start': {'x': 51.3, 'y': 8.5}, 'block': {'x': 45.7, 'y': 6}, 'end': {'x': 30.8, 'y': 0}, 'goal': {'x': 30.8, 'y': 97.2}}",18,1072,1628,shot,,13472598,8.5,51.3,91.5092345066879,4.580297978387134,8373.94,419.13956181473674,1.2999999999999972,91.5,,0,1,73,0,0.14599137
"{'name': 'Matheusinho', 'firstName': '', 'lastName': '', 'slug': 'matheusinho', 'shortName': 'Matheusinho', 'position': 'M', 'jerseyNumber': '98', 'userCount': 482, 'gender': 'M', 'id': 822523, 'fieldTranslations': {'nameTranslation': {'ar': 'Sales Cordoso, Matheus Leonardo'}, 'shortNameTranslation': {'ar': 'M. L. S. Cordoso'}}}",False,right-foot,left,"{'x': 0, 'y': 95.8, 'z': 5.6}","{'x': 1.5, 'y': 16.1, 'z': 0}",0.10334099829197,0.0,"{'name': 'Ronaldo', 'slug': 'ronaldo', 'shortName': 'Ronaldo', 'position': 'G', 'jerseyNumber': '96', 'userCount': 1023, 'gender': 'M', 'id': 840106, 'fieldTranslations': {'nameTranslation': {'ar': 'رونالدو'}, 'shortNameTranslation': {'ar': 'رونالدو'}}}",6293716,67,,3982,"{'start': {'x': 60.3, 'y': 13.4}, 'block': {'x': 16.1, 'y': 1.5}, 'end': {'x': 4.2, 'y': 0}, 'goal': {'x': 4.2, 'y': 94.4}}",24,1418,1282,shot,,13472598,13.4,60.3,87.21037782282565,4.772815913794071,7605.65,416.2390791207758,10.299999999999997,86.6,,0,0,67,0,0.08996555
"{'name': 'Pedro Augusto', 'slug': 'pedro-augusto', 'shortName': 'P. Augusto', 'position': 'M', 'jerseyNumber': '28', 'userCount': 301, 'gender': 'M', 'id': 922556, 'fieldTranslations': {'nameTranslation': {'ar': 'بيدرو أوغستو'}, 'shortNameTranslation': {'ar': 'ب. أوغستو'}}}",False,left-foot,low-left,"{'x': 0, 'y': 52.9, 'z': 5.1}","{'x': 2, 'y': 49.5, 'z': 0}",0.029349144548178,0.10722564905882,"{'name': 'Ronaldo', 'slug': 'ronaldo', 'shortName': 'Ronaldo', 'position': 'G', 'jerseyNumber': '96', 'userCount': 1023, 'gender': 'M', 'id': 840106, 'fieldTranslations': {'nameTranslation': {'ar': 'رونالدو'}, 'shortNameTranslation': {'ar': 'رونالدو'}}}",6293715,66,,3914,"{'start': {'x': 57.9, 'y': 27.1}, 'block': {'x': 49.5, 'y': 2}, 'end': {'x': 47.1, 'y': 0}, 'goal': {'x': 47.1, 'y': 94.9}}",25,1486,1214,shot,,13472598,27.1,57.9,73.32680273951675,5.681881294670891,5376.8200000000015,416.6341888836825,7.899999999999999,72.9,,0,0,66,0,0.02966782
"{'name': 'Nicolás Acevedo', 'slug': 'nicolas-acevedo', 'shortName': 'N. Acevedo', 'position': 'M', 'jerseyNumber': '26', 'userCount': 1116, 'gender': 'M', 'id': 959620, 'fieldTranslations': {'nameTranslation': {'ar': 'نيكولاس أسيفيدو'}, 'shortNameTranslation': {'ar': 'ن. أسيفيدو'}}}",True,right-foot,left,"{'x': 0, 'y': 99.5, 'z': 4.2}","{'x': 1.6, 'y': 0, 'z': 0}",0.030535517260432,0.0,"{'name': 'Caíque França', 'slug': 'caique-franca', 'shortName': 'C. França', 'position': 'G', 'jerseyNumber': '22', 'userCount': 462, 'gender': 'M', 'id': 799667, 'fieldTranslations': {'nameTranslation': {'ar': 'كاكي فرانسا'}, 'shortNameTranslation': {'ar': 'ك. فرانسا'}}}",6293709,60,,3562,"{'start': {'x': 68.5, 'y': 5.3}, 'block': {'x': 0, 'y': 1.6}, 'end': {'x': 0.5, 'y': 0}, 'goal': {'x': 0.5, 'y': 95.8}}",31,1838,862,shot,,13472598,5.3,68.5,96.49010311943914,4.264229400288547,9310.339999999998,411.455934558786,18.5,94.7,,0,1,60,0,0.049121153
"{'name': 'Ademir', 'slug': 'ademir', 'shortName': 'Ademir', 'position': 'F', 'jerseyNumber': '7', 'userCount': 1702, 'gender': 'M', 'id': 922546, 'fieldTranslations': {'nameTranslation': {'ar': 'أديمير'}, 'shortNameTranslation': {'ar': 'أديمير'}}}",True,left-foot,low-right,"{'x': 0, 'y': 47.8, 'z': 3.2}","{'x': 1.9, 'y': 53.2, 'z': 0}",0.037513758987188,0.1008315384388,"{'name': 'Caíque França', 'slug': 'caique-franca', 'shortName': 'C. França', 'position': 'G', 'jerseyNumber': '22', 'userCount': 462, 'gender': 'M', 'id': 799667, 'fieldTranslations': {'nameTranslation': {'ar': 'كاكي فرانسا'}, 'shortNameTranslation': {'ar': 'ك. فرانسا'}}}",6293710,60,,3551,"{'start': {'x': 66.6, 'y': 10.3}, 'block': {'x': 53.2, 'y': 1.9}, 'end': {'x': 52.2, 'y': 0}, 'goal': {'x': 52.2, 'y': 96.8}}",31,1849,851,shot,,13472598,10.3,66.6,91.2230782203714,4.518711737004702,8321.65,412.2107942400903,16.599999999999994,89.7,,0,1,60,0,0.048097186
"{'name': 'Luciano Juba', 'slug': 'luciano-juba', 'shortName': 'L. Juba', 'position': 'D', 'jerseyNumber': '46', 'userCount': 3668, 'gender': 'M', 'id': 1017264, 'fieldTranslations': {'nameTranslation': {'ar': 'لوسيانو جوبا', 'bn': 'লুসিয়ানো জুবা', 'hi': 'लुसियानो जुबा'}, 'shortNameTranslation': {'ar': 'ل. جوبا', 'bn': 'এল. জুবা', 'hi': 'एल. जुबा'}}}",True,left-foot,high-left,"{'x': 0, 'y': 54.2, 'z': 22.8}",,0.022730883210897,0.30476492643356,"{'name': 'Caíque França', 'slug': 'caique-franca', 'shortName': 'C. França', 'position': 'G', 'jerseyNumber': '22', 'userCount': 462, 'gender': 'M', 'id': 799667, 'fieldTranslations': {'nameTranslation': {'ar': 'كاكي فرانسا'}, 'shortNameTranslation': {'ar': 'ك. فرانسا'}}}",6293702,54,,3239,"{'start': {'x': 36, 'y': 20.3}, 'end': {'x': 45.8, 'y': 0}, 'goal': {'x': 45.8, 'y': 77.2}}",37,2161,539,shot,regular,13472598,20.3,36.0,80.92026940142995,5.101722866570918,6548.09,412.8327887743541,14.0,79.7,,0,1,54,1,0.047862314
"{'name': 'Nicolás Acevedo', 'slug': 'nicolas-acevedo', 'shortName': 'N. Acevedo', 'position': 'M', 'jerseyNumber': '26', 'userCount': 1116, 'gender': 'M', 'id': 959620, 'fieldTranslations': {'nameTranslation': {'ar': 'نيكولاس أسيفيدو'}, 'shortNameTranslation': {'ar': 'ن. أسيفيدو'}}}",True,right-foot,right,"{'x': 0, 'y': 33.9, 'z': 13.9}","{'x': 19.5, 'y': 60.1, 'z': 0}",0.010916363447905,0.0,"{'name': 'Caíque França', 'slug': 'caique-franca', 'shortName': 'C. França', 'position': 'G', 'jerseyNumber': '22', 'userCount': 462, 'gender': 'M', 'id': 799667, 'fieldTranslations': {'nameTranslation': {'ar': 'كاكي فرانسا'}, 'shortNameTranslation': {'ar': 'ك. فرانسا'}}}",6293700,53,,3148,"{'start': {'x': 56.7, 'y': 27.6}, 'block': {'x': 60.1, 'y': 19.5}, 'end': {'x': 66.1, 'y': 0}, 'goal': {'x': 66.1, 'y': 86.1}}",38,2252,448,shot,,13472598,27.6,56.7,72.7093529059364,5.739019795762872,5286.6500000000015,417.2804156642777,6.700000000000003,72.4,,0,1,53,0,0.044633828
"{'name': 'Everton Ribeiro', 'slug': 'everton-ribeiro', 'shortName': 'E. Ribeiro', 'position': 'M', 'jerseyNumber': '10', 'userCount': 5841, 'gender': 'M', 'sofascoreId': 'evertonri', 'id': 145063, 'fieldTranslations': {'nameTranslation': {'ar': 'إيفرتون ريبييرو', 'bn': 'এভারটন রিবেইরো', 'hi': 'एवर्टन रिबेरो'}, 'shortNameTranslation': {'ar': 'إيفرتون ريبييرو', 'bn': 'এভারটন রিবেইরো', 'hi': 'एवर्टन रिबेरो'}}}",True,left-foot,right,"{'x': 0, 'y': 27.9, 'z': 15.3}","{'x': 13.3, 'y': 50.9, 'z': 0}",0.36532860994339,0.0,"{'name': 'Caíque França', 'slug': 'caique-franca', 'shortName': 'C. França', 'position': 'G', 'jerseyNumber': '22', 'userCount': 462, 'gender': 'M', 'id': 799667, 'fieldTranslations': {'nameTranslation': {'ar': 'كاكي فرانسا'}, 'shortNameTranslation': {'ar': 'ك. فرانسا'}}}",6293701,53,,3144,"{'start': {'x': 44.8, 'y': 15.9}, 'block': {'x': 50.9, 'y': 13.3}, 'end': {'x': 72.1, 'y': 0}, 'goal': {'x': 72.1, 'y': 84.7}}",38,2256,444,shot,,13472598,15.9,44.8,84.26060764081873,4.964914503384083,7099.85,418.3467129398566,5.200000000000003,84.1,,0,1,53,0,0.07001918
"{'name': 'Willian José', 'slug': 'willian-jose', 'shortName': 'W. José', 'position': 'F', 'jerseyNumber': '12', 'userCount': 3014, 'gender': 'M', 'id': 123223, 'fieldTranslations': {'nameTranslation': {'ar': 'ويليان جوزيه', 'bn': 'উইলিয়ান জোস', 'hi': 'विलीयन जोस'}, 'shortNameTranslation': {'ar': 'و. جوزيه', 'bn': 'ডব্লিউ. জোসে', 'hi': 'डब्लू. जोस'}}}",True,right-foot,low-left,"{'x': 0, 'y': 53.6, 'z': 13.3}","{'x': 1.4, 'y': 50.7, 'z': 0}",0.7884,0.7242339849472,"{'name': 'Caíque França', 'slug': 'caique-franca', 'shortName': 'C. França', 'position': 'G', 'jerseyNumber': '22', 'userCount': 462, 'gender': 'M', 'id': 799667, 'fieldTranslations': {'nameTranslation': {'ar': 'كاكي فرانسا'}, 'shortNameTranslation': {'ar': 'ك. فرانسا'}}}",6293623,45,6.0,3003,"{'start': {'x': 50, 'y': 11.5}, 'block': {'x': 50.7, 'y': 1.4}, 'end': {'x': 46.4, 'y': 0}, 'goal': {'x': 46.4, 'y': 86.7}}",1,2397,303,shot,,13472598,11.5,50.0,88.5,4.736341767417068,7832.25,419.1662464164105,0.0,88.5,,0,1,45,0,0.4044283
"{'name': 'Willian José', 'slug': 'willian-jose', 'shortName': 'W. José', 'position': 'F', 'jerseyNumber': '12', 'userCount': 3014, 'gender': 'M', 'id': 123223, 'fieldTranslations': {'nameTranslation': {'ar': 'ويليان جوزيه', 'bn': 'উইলিয়ান জোস', 'hi': 'विलीयन जोस'}, 'shortNameTranslation': {'ar': 'و. جوزيه', 'bn': 'ডব্লিউ. জোসে', 'hi': 'डब्लू. जोस'}}}",True,right-foot,low-centre,"{'x': 0, 'y': 48.9, 'z': 19}","{'x': 5.1, 'y': 50.4, 'z': 0}",0.16366174817085,0.0,"{'name': 'Caíque França', 'slug': 'caique-franca', 'shortName': 'C. França', 'position': 'G', 'jerseyNumber': '22', 'userCount': 462, 'gender': 'M', 'id': 799667, 'fieldTranslations': {'nameTranslation': {'ar': 'كاكي فرانسا'}, 'shortNameTranslation': {'ar': 'ك. فرانسا'}}}",6293618,45,3.0,2857,"{'start': {'x': 49.9, 'y': 8.2}, 'block': {'x': 50.4, 'y': 5.1}, 'end': {'x': 51.1, 'y': 0}, 'goal': {'x': 51.1, 'y': 81}}",1,2543,157,shot,,13472598,8.2,49.9,91.80005446621477,4.56625924297572,8427.25,419.18284721202775,0.10000000000000142,91.8,,0,1,45,0,0.23110247
"{'name': 'Nicolás Acevedo', 'slug': 'nicolas-acevedo', 'shortName': 'N. Acevedo', 'position': 'M', 'jerseyNumber': '26', 'userCount': 1116, 'gender': 'M', 'id': 959620, 'fieldTranslations': {'nameTranslation': {'ar': 'نيكولاس أسيفيدو'}, 'shortNameTranslation': {'ar': 'ن. أسيفيدو'}}}",True,right-foot,low-centre,"{'x': 0, 'y': 50.6, 'z': 1.9}","{'x': 1.6, 'y': 48.6, 'z': 0}",0.56609886884689,0.41789147257805,"{'name': 'Caíque França', 'slug': 'caique-franca', 'shortName': 'C. França', 'position': 'G', 'jerseyNumber': '22', 'userCount': 462, 'gender': 'M', 'id': 799667, 'fieldTranslations': {'nameTranslation': {'ar': 'كاكي فرانسا'}, 'shortNameTranslation': {'ar': 'ك. فرانسا'}}}",6293617,45,3.0,2855,"{'start': {'x': 48.5, 'y': 4.6}, 'block': {'x': 48.6, 'y': 1.6}, 'end': {'x': 49.4, 'y': 0}, 'goal': {'x': 49.4, 'y': 98.1}}",1,2545,155,shot,,13472598,4.6,48.5,95.4117917240841,4.3930415480213485,9103.410000000002,419.1479652150609,1.5,95.4,,0,1,45,0,0.5611555
"{'name': 'Rodrigo Nestor', 'slug': 'rodrigo-nestor', 'shortName': 'R. Nestor', 'position': 'M', 'jerseyNumber': '11', 'userCount': 2062, 'gender': 'M', 'id': 905461, 'fieldTranslations': {'nameTranslation': {'ar': 'رودريغو نيستور', 'bn': 'রদ্রিগো নেস্টর', 'hi': 'रोड्रिगो नेस्टर'}, 'shortNameTranslation': {'ar': 'ر. نيستور', 'bn': 'আর. নেস্টর', 'hi': 'आर. नेस्टर'}}}",True,left-foot,high-left,"{'x': 0, 'y': 52.6, 'z': 25.3}",,0.071612514555454,0.1660461127758,"{'name': 'Caíque França', 'slug': 'caique-franca', 'shortName': 'C. França', 'position': 'G', 'jerseyNumber': '22', 'userCount': 462, 'gender': 'M', 'id': 799667, 'fieldTranslations': {'nameTranslation': {'ar': 'كاكي فرانسا'}, 'shortNameTranslation': {'ar': 'ك. فرانسا'}}}",6293604,40,,2385,"{'start': {'x': 60.9, 'y': 12.6}, 'end': {'x': 47.4, 'y': 0}, 'goal': {'x': 47.4, 'y': 74.7}}",6,315,2385,shot,regular,13472598,12.6,60.9,88.07706852524102,4.722640955710645,7757.5700000000015,415.9563710762362,10.899999999999999,87.4,,0,1,40,1,0.18944167
"{'name': 'Nicolás Acevedo', 'slug': 'nicolas-acevedo', 'shortName': 'N. Acevedo', 'position': 'M', 'jerseyNumber': '26', 'userCount': 1116, 'gender': 'M', 'id': 959620, 'fieldTranslations': {'nameTranslation': {'ar': 'نيكولاس أسيفيدو'}, 'shortNameTranslation': {'ar': 'ن. أسيفيدو'}}}",True,right-foot,low-right,"{'x': 0, 'y': 46.8, 'z': 3.2}","{'x': 1.9, 'y': 55.6, 'z': 0}",0.078768514096737,0.29623448848724,"{'name': 'Caíque França', 'slug': 'caique-franca', 'shortName': 'C. França', 'position': 'G', 'jerseyNumber': '22', 'userCount': 462, 'gender': 'M', 'id': 799667, 'fieldTranslations': {'nameTranslation': {'ar': 'كاكي فرانسا'}, 'shortNameTranslation': {'ar': 'ك. فرانسا'}}}",6293600,40,,2357,"{'start': {'x': 66.4, 'y': 5.1}, 'block': {'x': 55.6, 'y': 1.9}, 'end': {'x': 53.2, 'y': 0}, 'goal': {'x': 53.2, 'y': 96.8}}",6,343,2357,shot,,13472598,5.1,66.4,96.30664566892568,4.289460426228446,9274.970000000001,413.1035453796619,16.400000000000006,94.9,,0,1,40,0,0.084702
"{'name': 'Nicolás Acevedo', 'slug': 'nicolas-acevedo', 'shortName': 'N. Acevedo', 'position': 'M', 'jerseyNumber': '26', 'userCount': 1116, 'gender': 'M', 'id': 959620, 'fieldTranslations': {'nameTranslation': {'ar': 'نيكولاس أسيفيدو'}, 'shortNameTranslation': {'ar': 'ن. أسيفيدو'}}}",True,right-foot,low-centre,"{'x': 0, 'y': 49, 'z': 3.8}","{'x': 1.5, 'y': 55.1, 'z': 0}",0.10002943873405,0.093260332942009,"{'name': 'Caíque França', 'slug': 'caique-franca', 'shortName': 'C. França', 'position': 'G', 'jerseyNumber': '22', 'userCount': 462, 'gender': 'M', 'id': 799667, 'fieldTranslations': {'nameTranslation': {'ar': 'كاكي فرانسا'}, 'shortNameTranslation': {'ar': 'ك. فرانسا'}}}",6293599,40,,2355,"{'start': {'x': 68.9, 'y': 8.5}, 'block': {'x': 55.1, 'y': 1.5}, 'end': {'x': 51, 'y': 0}, 'goal': {'x': 51, 'y': 96.2}}",6,345,2355,shot,,13472598,8.5,68.9,93.43157924385096,4.394219158670232,8729.460000000003,410.5588355381459,18.900000000000006,91.5,,0,1,40,0,0.065980375
"{'name': 'Erick Pulga', 'firstName': 'Erick', 'lastName': 'Pulga', 'slug': 'erick-pulga', 'shortName': 'E. Pulga', 'position': 'M', 'jerseyNumber': '16', 'userCount': 4849, 'gender': 'M', 'id': 1104070, 'fieldTranslations': {'nameTranslation': {'ar': 'إريك بولغا', 'bn': 'এরিক পুলগা', 'hi': 'एरिक पुल्गा'}, 'shortNameTranslation': {'ar': 'إ. بولغا', 'bn': 'ই. পুলগা', 'hi': 'ई. पुल्गा'}}}",True,right-foot,high-right,"{'x': 0, 'y': 46.4, 'z': 22.2}","{'x': 1.5, 'y': 50, 'z': 0}",0.079918473958969,0.41453456878662,"{'name': 'Caíque França', 'slug': 'caique-franca', 'shortName': 'C. França', 'position': 'G', 'jerseyNumber': '22', 'userCount': 462, 'gender': 'M', 'id': 799667, 'fieldTranslations': {'nameTranslation': {'ar': 'كاكي فرانسا'}, 'shortNameTranslation': {'ar': 'ك. فرانسا'}}}",6293593,36,,2148,"{'start': {'x': 48, 'y': 18.3}, 'block': {'x': 50, 'y': 1.5}, 'end': {'x': 53.6, 'y': 0}, 'goal': {'x': 53.6, 'y': 77.8}}",10,552,2148,shot,,13472598,18.3,48.0,81.72447613781321,5.126985337069708,6678.890000000001,419.0001908382715,2.0,81.7,,0,1,36,0,0.1474775
"{'name': 'Ademir', 'slug': 'ademir', 'shortName': 'Ademir', 'position': 'F', 'jerseyNumber': '7', 'userCount': 1702, 'gender': 'M', 'id': 922546, 'fieldTranslations': {'nameTranslation': {'ar': 'أديمير'}, 'shortNameTranslation': {'ar': 'أديمير'}}}",True,left-foot,low-centre,"{'x': 0, 'y': 51, 'z': 3.8}","{'x': 1.8, 'y': 52.3, 'z': 0}",0.15619800984859,0.21970418095589,"{'name': 'Caíque França', 'slug': 'caique-franca', 'shortName': 'C. França', 'position': 'G', 'jerseyNumber': '22', 'userCount': 462, 'gender': 'M', 'id': 799667, 'fieldTranslations': {'nameTranslation': {'ar': 'كاكي فرانسا'}, 'shortNameTranslation': {'ar': 'ك. فرانسا'}}}",6293592,36,,2125,"{'start': {'x': 58.1, 'y': 13.8}, 'block': {'x': 52.3, 'y': 1.8}, 'end': {'x': 49, 'y': 0}, 'goal': {'x': 49, 'y': 96.2}}",10,575,2125,shot,,13472598,13.8,58.1,86.57973203931738,4.820133209173587,7496.05,417.3258416440641,8.100000000000001,86.2,,0,1,36,0,0.08605713
"{'name': 'Willian José', 'slug': 'willian-jose', 'shortName': 'W. José', 'position': 'F', 'jerseyNumber': '12', 'userCount': 3014, 'gender': 'M', 'id': 123223, 'fieldTranslations': {'nameTranslation': {'ar': 'ويليان جوزيه', 'bn': 'উইলিয়ান জোস', 'hi': 'विलीयन जोस'}, 'shortNameTranslation': {'ar': 'و. جوزيه', 'bn': 'ডব্লিউ. জোসে', 'hi': 'डब्लू. जोस'}}}",True,left-foot,low-centre,"{'x': 0, 'y': 50.5, 'z': 12.7}","{'x': 6.3, 'y': 47.1, 'z': 0}",0.13135881721973,0.15065903961658,"{'name': 'Caíque França', 'slug': 'caique-franca', 'shortName': 'C. França', 'position': 'G', 'jerseyNumber': '22', 'userCount': 462, 'gender': 'M', 'id': 799667, 'fieldTranslations': {'nameTranslation': {'ar': 'كاكي فرانسا'}, 'shortNameTranslation': {'ar': 'ك. فرانسا'}}}",6293590,35,,2052,"{'start': {'x': 46.8, 'y': 8.3}, 'block': {'x': 47.1, 'y': 6.3}, 'end': {'x': 49.5, 'y': 0}, 'goal': {'x': 49.5, 'y': 87.3}}",11,648,2052,shot,,13472598,8.3,46.8,91.7558172542755,4.565693739840404,8419.130000000001,418.92896043178575,3.200000000000003,91.7,,0,1,35,0,0.18078306
"{'name': 'Luan Cândido', 'slug': 'luan-candido', 'shortName': 'L. Cândido', 'position': 'D', 'jerseyNumber': '36', 'userCount': 715, 'gender': 'M', 'id': 905459, 'fieldTranslations': {'nameTranslation': {'ar': 'كانديدو, لوان'}, 'shortNameTranslation': {'ar': 'ل. كانديدو'}}}",False,head,close-left,"{'x': 0, 'y': 59, 'z': 30.6}",,0.031343173235655,0.0,"{'name': 'Ronaldo', 'slug': 'ronaldo', 'shortName': 'Ronaldo', 'position': 'G', 'jerseyNumber': '96', 'userCount': 1023, 'gender': 'M', 'id': 840106, 'fieldTranslations': {'nameTranslation': {'ar': 'رونالدو'}, 'shortNameTranslation': {'ar': 'رونالدو'}}}",6293588,34,,2025,"{'start': {'x': 36, 'y': 7.3}, 'end': {'x': 41, 'y': 0}, 'goal': {'x': 41, 'y': 69.4}}",12,675,2025,shot,,13472598,7.3,36.0,93.75121332548183,4.421389781762546,8789.29,414.510656625126,14.0,92.7,,0,0,34,0,0.0469415
"{'name': 'Nicolás Acevedo', 'slug': 'nicolas-acevedo', 'shortName': 'N. Acevedo', 'position': 'M', 'jerseyNumber': '26', 'userCount': 1116, 'gender': 'M', 'id': 959620, 'fieldTranslations': {'nameTranslation': {'ar': 'نيكولاس أسيفيدو'}, 'shortNameTranslation': {'ar': 'ن. أسيفيدو'}}}",True,right-foot,close-left,"{'x': 0, 'y': 58.7, 'z': 9.7}",,0.045782789587975,0.0,"{'name': 'Caíque França', 'slug': 'caique-franca', 'shortName': 'C. França', 'position': 'G', 'jerseyNumber': '22', 'userCount': 462, 'gender': 'M', 'id': 799667, 'fieldTranslations': {'nameTranslation': {'ar': 'كاكي فرانسا'}, 'shortNameTranslation': {'ar': 'ك. فرانسا'}}}",6293579,30,,1743,"{'start': {'x': 50.3, 'y': 24.1}, 'end': {'x': 41.3, 'y': 0}, 'goal': {'x': 41.3, 'y': 90.3}}",16,957,1743,shot,,13472598,24.1,50.3,75.90059288305989,5.521395999927467,5760.9000000000015,419.07722993665004,0.29999999999999716,75.9,,0,1,30,0,0.11670322
"{'name': 'Ademir', 'slug': 'ademir', 'shortName': 'Ademir', 'position': 'F', 'jerseyNumber': '7', 'userCount': 1702, 'gender': 'M', 'id': 922546, 'fieldTranslations': {'nameTranslation': {'ar': 'أديمير'}, 'shortNameTranslation': {'ar': 'أديمير'}}}",True,left-foot,low-right,"{'x': 0, 'y': 46.7, 'z': 19}","{'x': 9.2, 'y': 64.3, 'z': 0}",0.058397509157658,0.0,"{'name': 'Caíque França', 'slug': 'caique-franca', 'shortName': 'C. França', 'position': 'G', 'jerseyNumber': '22', 'userCount': 462, 'gender': 'M', 'id': 799667, 'fieldTranslations': {'nameTranslation': {'ar': 'كاكي فرانسا'}, 'shortNameTranslation': {'ar': 'ك. فرانسا'}}}",6293572,26,,1541,"{'start': {'x': 66.7, 'y': 11.2}, 'block': {'x': 64.3, 'y': 9.2}, 'end': {'x': 53.3, 'y': 0}, 'goal': {'x': 53.3, 'y': 81}}",20,1159,1541,shot,,13472598,11.2,66.7,90.35668209933341,4.559541310723064,8164.329999999999,411.98502473178183,16.700000000000003,88.8,,0,1,26,0,0.09467247
"{'name': 'Erick Pulga', 'firstName': 'Erick', 'lastName': 'Pulga', 'slug': 'erick-pulga', 'shortName': 'E. Pulga', 'position': 'M', 'jerseyNumber': '16', 'userCount': 4849, 'gender': 'M', 'id': 1104070, 'fieldTranslations': {'nameTranslation': {'ar': 'إريك بولغا', 'bn': 'এরিক পুলগা', 'hi': 'एरिक पुल्गा'}, 'shortNameTranslation': {'ar': 'إ. بولغا', 'bn': 'ই. পুলগা', 'hi': 'ई. पुल्गा'}}}",True,right-foot,low-right,"{'x': 0, 'y': 45.8, 'z': 18.4}","{'x': 2.2, 'y': 52, 'z': 0}",0.089307449758053,0.24891456961632,"{'name': 'Caíque França', 'slug': 'caique-franca', 'shortName': 'C. França', 'position': 'G', 'jerseyNumber': '22', 'userCount': 462, 'gender': 'M', 'id': 799667, 'fieldTranslations': {'nameTranslation': {'ar': 'كاكي فرانسا'}, 'shortNameTranslation': {'ar': 'ك. فرانسا'}}}",6293557,19,,1128,"{'start': {'x': 53.1, 'y': 18.6}, 'block': {'x': 52, 'y': 2.2}, 'end': {'x': 54.2, 'y': 0}, 'goal': {'x': 54.2, 'y': 81.6}}",27,1572,1128,shot,,13472598,18.6,53.1,81.45900809609702,5.141496941038799,6635.570000000001,418.8212409461376,3.1000000000000014,81.4,,0,1,19,0,0.055409353
"{'name': 'Ademir', 'slug': 'ademir', 'shortName': 'Ademir', 'position': 'F', 'jerseyNumber': '7', 'userCount': 1702, 'gender': 'M', 'id': 922546, 'fieldTranslations': {'nameTranslation': {'ar': 'أديمير'}, 'shortNameTranslation': {'ar': 'أديمير'}}}",True,left-foot,low-right,"{'x': 0, 'y': 46.5, 'z': 19}","{'x': 17.2, 'y': 68.1, 'z': 0}",0.025896862149239,0.0,"{'name': 'Caíque França', 'slug': 'caique-franca', 'shortName': 'C. França', 'position': 'G', 'jerseyNumber': '22', 'userCount': 462, 'gender': 'M', 'id': 799667, 'fieldTranslations': {'nameTranslation': {'ar': 'كاكي فرانسا'}, 'shortNameTranslation': {'ar': 'ك. فرانسا'}}}",6293556,17,,970,"{'start': {'x': 72.6, 'y': 22.6}, 'block': {'x': 68.1, 'y': 17.2}, 'end': {'x': 53.5, 'y': 0}, 'goal': {'x': 53.5, 'y': 81}}",29,1730,970,shot,,13472598,22.6,72.6,80.63200357178283,4.990628461101242,6501.5199999999995,402.4043719009564,22.599999999999994,77.4,,0,1,17,0,0.026603762
"{'name': 'Rodrigo Nestor', 'slug': 'rodrigo-nestor', 'shortName': 'R. Nestor', 'position': 'M', 'jerseyNumber': '11', 'userCount': 2062, 'gender': 'M', 'id': 905461, 'fieldTranslations': {'nameTranslation': {'ar': 'رودريغو نيستور', 'bn': 'রদ্রিগো নেস্টর', 'hi': 'रोड्रिगो नेस्टर'}, 'shortNameTranslation': {'ar': 'ر. نيستور', 'bn': 'আর. নেস্টর', 'hi': 'आर. नेस्टर'}}}",True,left-foot,low-centre,"{'x': 0, 'y': 48.6, 'z': 13.3}","{'x': 1.9, 'y': 48.6, 'z': 0}",0.031685527414083,0.029393935576081,"{'name': 'Caíque França', 'slug': 'caique-franca', 'shortName': 'C. França', 'position': 'G', 'jerseyNumber': '22', 'userCount': 462, 'gender': 'M', 'id': 799667, 'fieldTranslations': {'nameTranslation': {'ar': 'كاكي فرانسا'}, 'shortNameTranslation': {'ar': 'ك. فرانسا'}}}",6293555,16,,936,"{'start': {'x': 35.4, 'y': 24.3}, 'block': {'x': 48.6, 'y': 1.9}, 'end': {'x': 51.4, 'y': 0}, 'goal': {'x': 51.4, 'y': 86.7}}",30,1764,936,shot,,13472598,24.3,35.4,77.09507117838339,5.338227447464326,5943.6500000000015,411.5510250286621,14.600000000000001,75.7,,0,1,16,0,0.027582979
"{'name': 'Erick Pulga', 'firstName': 'Erick', 'lastName': 'Pulga', 'slug': 'erick-pulga', 'shortName': 'E. Pulga', 'position': 'M', 'jerseyNumber': '16', 'userCount': 4849, 'gender': 'M', 'id': 1104070, 'fieldTranslations': {'nameTranslation': {'ar': 'إريك بولغا', 'bn': 'এরিক পুলগা', 'hi': 'एरिक पुल्गा'}, 'shortNameTranslation': {'ar': 'إ. بولغا', 'bn': 'ই. পুলগা', 'hi': 'ई. पुल्गा'}}}",True,right-foot,high-right,"{'x': 0, 'y': 40.7, 'z': 43.1}",,0.045472182333469,0.0,"{'name': 'Caíque França', 'slug': 'caique-franca', 'shortName': 'C. França', 'position': 'G', 'jerseyNumber': '22', 'userCount': 462, 'gender': 'M', 'id': 799667, 'fieldTranslations': {'nameTranslation': {'ar': 'كاكي فرانسا'}, 'shortNameTranslation': {'ar': 'ك. فرانسا'}}}",6293552,14,,805,"{'start': {'x': 35.2, 'y': 16.7}, 'end': {'x': 59.3, 'y': 0}, 'goal': {'x': 59.3, 'y': 56.9}}",32,1895,805,shot,,13472598,16.7,35.2,84.60455070503004,4.878133071752033,7157.9299999999985,412.71225681492876,14.799999999999997,83.3,,0,1,14,0,0.026640344
"{'name': 'Erick Pulga', 'firstName': 'Erick', 'lastName': 'Pulga', 'slug': 'erick-pulga', 'shortName': 'E. Pulga', 'position': 'M', 'jerseyNumber': '16', 'userCount': 4849, 'gender': 'M', 'id': 1104070, 'fieldTranslations': {'nameTranslation': {'ar': 'إريك بولغا', 'bn': 'এরিক পুলগা', 'hi': 'एरिक पुल्गा'}, 'shortNameTranslation': {'ar': 'إ. بولغا', 'bn': 'ই. পুলগা', 'hi': 'ई. पुल्गा'}}}",True,right-foot,low-right,"{'x': 0, 'y': 47.9, 'z': 12.7}","{'x': 2.7, 'y': 39, 'z': 0}",0.0906598046422,0.27549782395363,"{'name': 'Caíque França', 'slug': 'caique-franca', 'shortName': 'C. França', 'position': 'G', 'jerseyNumber': '22', 'userCount': 462, 'gender': 'M', 'id': 799667, 'fieldTranslations': {'nameTranslation': {'ar': 'كاكي فرانسا'}, 'shortNameTranslation': {'ar': 'ك. فرانسا'}}}",6293551,13,,747,"{'start': {'x': 37.4, 'y': 3.2}, 'block': {'x': 39, 'y': 2.7}, 'end': {'x': 52.1, 'y': 0}, 'goal': {'x': 52.1, 'y': 87.3}}",33,1953,747,shot,,13472598,3.2,37.4,97.6165969494942,4.2586494851530325,9529.0,415.7148703413545,12.600000000000001,96.8,,0,1,13,0,0.12589343
"{'name': 'Santiago Arias', 'firstName': '', 'lastName': '', 'slug': 'santiago-arias', 'shortName': 'S. Arias', 'position': 'D', 'jerseyNumber': '4', 'userCount': 3441, 'gender': 'M', 'id': 158583, 'fieldTranslations': {'nameTranslation': {'ar': 'سانتياغو أرياس', 'bn': 'সান্তিয়াগো আরিয়াস', 'hi': 'सैंटियागो एरियस'}, 'shortNameTranslation': {'ar': 'س. أرياس', 'bn': 'এস. আরিয়াস', 'hi': 'एस. एरियस'}}}",True,right-foot,left,"{'x': 0, 'y': 67.2, 'z': 1.4}",,0.021361649036407,0.0,"{'name': 'Caíque França', 'slug': 'caique-franca', 'shortName': 'C. França', 'position': 'G', 'jerseyNumber': '22', 'userCount': 462, 'gender': 'M', 'id': 799667, 'fieldTranslations': {'nameTranslation': {'ar': 'كاكي فرانسا'}, 'shortNameTranslation': {'ar': 'ك. فرانسا'}}}",6293546,11,,632,"{'start': {'x': 68.2, 'y': 23.5}, 'end': {'x': 32.8, 'y': 0}, 'goal': {'x': 32.8, 'y': 98.6}}",35,2068,632,shot,,13472598,23.5,68.2,78.63517024843273,5.185792888608459,6183.49,407.7857066688379,18.200000000000003,76.5,,0,1,11,0,0.027072482
"{'name': 'Willian José', 'slug': 'willian-jose', 'shortName': 'W. José', 'position': 'F', 'jerseyNumber': '12', 'userCount': 3014, 'gender': 'M', 'id': 123223, 'fieldTranslations': {'nameTranslation': {'ar': 'ويليان جوزيه', 'bn': 'উইলিয়ান জোস', 'hi': 'विलीयन जोस'}, 'shortNameTranslation': {'ar': 'و. جوزيه', 'bn': 'ডব্লিউ. জোসে', 'hi': 'डब्लू. जोस'}}}",True,left-foot,close-left,"{'x': 0, 'y': 56.5, 'z': 20.8}",,0.020655438303947,0.0,"{'name': 'Caíque França', 'slug': 'caique-franca', 'shortName': 'C. França', 'position': 'G', 'jerseyNumber': '22', 'userCount': 462, 'gender': 'M', 'id': 799667, 'fieldTranslations': {'nameTranslation': {'ar': 'كاكي فرانسا'}, 'shortNameTranslation': {'ar': 'ك. فرانسا'}}}",6293540,8,,438,"{'start': {'x': 38.2, 'y': 0.40000000000001}, 'end': {'x': 43.5, 'y': 0}, 'goal': {'x': 43.5, 'y': 79.2}}",38,2262,438,shot,,13472598,0.40000000000001,38.2,100.29656026006076,4.150868377243304,10059.4,416.31782032976366,11.799999999999997,99.6,,0,1,8,0,0.12696755
"{'name': 'Ademir', 'slug': 'ademir', 'shortName': 'Ademir', 'position': 'F', 'jerseyNumber': '7', 'userCount': 1702, 'gender': 'M', 'id': 922546, 'fieldTranslations': {'nameTranslation': {'ar': 'أديمير'}, 'shortNameTranslation': {'ar': 'أديمير'}}}",True,right-foot,high-right,"{'x': 0, 'y': 42.9, 'z': 83.3}",,0.066615886986256,0.0,"{'name': 'Caíque França', 'slug': 'caique-franca', 'shortName': 'C. França', 'position': 'G', 'jerseyNumber': '22', 'userCount': 462, 'gender': 'M', 'id': 799667, 'fieldTranslations': {'nameTranslation': {'ar': 'كاكي فرانسا'}, 'shortNameTranslation': {'ar': 'ك. فرانسا'}}}",6293537,5,,290,"{'start': {'x': 68.1, 'y': 10.3}, 'end': {'x': 57.1, 'y': 0}, 'goal': {'x': 57.1, 'y': 16.7}}",41,2410,290,shot,,13472598,10.3,68.1,91.50792315422747,4.490694346373456,8373.7,410.93411315706595,18.099999999999994,89.7,,0,1,5,0,0.09336441
"{'name': 'Ademir', 'slug': 'ademir', 'shortName': 'Ademir', 'position': 'F', 'jerseyNumber': '7', 'userCount': 1702, 'gender': 'M', 'id': 922546, 'fieldTranslations': {'nameTranslation': {'ar': 'أديمير'}, 'shortNameTranslation': {'ar': 'أديمير'}}}",True,left-foot,close-left,"{'x': 0, 'y': 58.5, 'z': 23.6}",,0.011364676989615,0.0,"{'name': 'Caíque França', 'slug': 'caique-franca', 'shortName': 'C. França', 'position': 'G', 'jerseyNumber': '22', 'userCount': 462, 'gender': 'M', 'id': 799667, 'fieldTranslations': {'nameTranslation': {'ar': 'كاكي فرانسا'}, 'shortNameTranslation': {'ar': 'ك. فرانسا'}}}",6293534,3,,140,"{'start': {'x': 72.2, 'y': 22.8}, 'end': {'x': 41.5, 'y': 0}, 'goal': {'x': 41.5, 'y': 76.4}}",43,2560,140,shot,,13472598,22.8,72.2,80.32857523945013,5.015360880830664,6452.680000000001,402.87679386880086,22.200000000000003,77.2,,0,1,3,0,0.026508316
"{'name': 'Braian Aguirre', 'firstName': 'Brian Aguirre', 'lastName': '', 'slug': 'braian-aguirre', 'shortName': 'B. Aguirre', 'position': 'D', 'jerseyNumber': '35', 'userCount': 797, 'gender': 'M', 'id': 1084963, 'fieldTranslations': {'nameTranslation': {'ar': 'برايان أغيري'}, 'shortNameTranslation': {'ar': 'ب. أغيري'}}}",False,right-foot,low-centre,"{'x': 0, 'y': 51.6, 'z': 19}","{'x': 13.8, 'y': 52, 'z': 0}",0.019563080742955,0.0,"{'name': 'Rafael', 'slug': 'rafael', 'shortName': 'Rafael', 'position': 'G', 'jerseyNumber': '23', 'userCount': 4259, 'gender': 'M', 'id': 33132, 'fieldTranslations': {'nameTranslation': {'ar': 'رافاييل', 'bn': 'রাফায়েল', 'hi': 'राफेल'}, 'shortNameTranslation': {'ar': 'رافاييل', 'bn': 'রাফায়েল', 'hi': 'राफेल'}}}",6293750,90,4.0,5597,"{'start': {'x': 55, 'y': 25.6}, 'block': {'x': 52, 'y': 13.8}, 'end': {'x': 48.4, 'y': 0}, 'goal': {'x': 48.4, 'y': 81}}",1,703,197,shot,,13472599,25.6,55.0,74.56782147816845,5.607400755518387,5560.360000000001,418.131658494042,5.0,74.4,,0,0,90,0,0.015676491
"{'name': 'Ricardo Mathias', 'firstName': 'Ricardo Mathias', 'slug': 'ricardo-mathias', 'shortName': 'R. Mathias', 'position': 'F', 'jerseyNumber': '77', 'userCount': 1828, 'gender': 'M', 'id': 1483340, 'fieldTranslations': {'nameTranslation': {'ar': 'ريكاردو ماثياس'}, 'shortNameTranslation': {'ar': 'ر. ماثياس'}}}",False,head,close-right,"{'x': 0, 'y': 43.5, 'z': 12.5}",,0.066312924027443,0.0,"{'name': 'Rafael', 'slug': 'rafael', 'shortName': 'Rafael', 'position': 'G', 'jerseyNumber': '23', 'userCount': 4259, 'gender': 'M', 'id': 33132, 'fieldTranslations': {'nameTranslation': {'ar': 'رافاييل', 'bn': 'রাফায়েল', 'hi': 'राफेल'}, 'shortNameTranslation': {'ar': 'رافاييل', 'bn': 'রাফায়েল', 'hi': 'राफेल'}}}",6293759,89,,5288,"{'start': {'x': 63.6, 'y': 3.6}, 'end': {'x': 56.5, 'y': 0}, 'goal': {'x': 56.5, 'y': 87.5}}",2,112,2588,shot,,13472599,3.6,63.6,97.35460954674926,4.2639211968416815,9477.920000000002,415.1123832566297,13.600000000000001,96.4,,0,0,89,0,0.02835445
"{'name': 'Bruno Tabata', 'slug': 'bruno-tabata', 'shortName': 'B. Tabata', 'position': 'M', 'jerseyNumber': '17', 'userCount': 1116, 'gender': 'M', 'id': 845433, 'fieldTranslations': {'nameTranslation': {'ar': 'برونو تاباتا', 'bn': 'ব্রুনো তাবাটা', 'hi': 'ब्रूनो तबाता'}, 'shortNameTranslation': {'ar': 'ب. تاباتا', 'bn': 'ব্রুনো তাবাতা', 'hi': 'ब्रूनो तबाता'}}}",False,left-foot,low-centre,"{'x': 0, 'y': 50.9, 'z': 19}","{'x': 22.4, 'y': 49.1, 'z': 0}",0.028223430737853,0.0,"{'name': 'Rafael', 'slug': 'rafael', 'shortName': 'Rafael', 'position': 'G', 'jerseyNumber': '23', 'userCount': 4259, 'gender': 'M', 'id': 33132, 'fieldTranslations': {'nameTranslation': {'ar': 'رافاييل', 'bn': 'রাফায়েল', 'hi': 'राफेल'}, 'shortNameTranslation': {'ar': 'رافاييل', 'bn': 'রাফায়েল', 'hi': 'राफेल'}}}",6293740,87,,5194,"{'start': {'x': 49.1, 'y': 27.4}, 'block': {'x': 49.1, 'y': 22.4}, 'end': {'x': 49.1, 'y': 0}, 'goal': {'x': 49.1, 'y': 81}}",4,206,2494,shot,,13472599,27.4,49.1,72.60557829808947,5.771160118468493,5271.570000000001,419.01841785227543,0.8999999999999986,72.6,,0,0,87,0,0.097567156
"{'name': 'Luciano', 'slug': 'luciano', 'shortName': 'Luciano', 'position': 'M', 'jerseyNumber': '10', 'userCount': 8521, 'gender': 'M', 'sofascoreId': 'luciano10', 'id': 282557, 'fieldTranslations': {'nameTranslation': {'ar': 'لوتشيانو'}, 'shortNameTranslation': {'ar': 'لوتشيانو'}}}",True,left-foot,close-left,"{'x': 0, 'y': 56.6, 'z': 2.8}",,0.042789380997419,0.0,"{'name': 'Sergio Rochet', 'slug': 'sergio-rochet', 'shortName': 'S. Rochet', 'position': 'G', 'jerseyNumber': '1', 'userCount': 2616, 'gender': 'M', 'id': 581060, 'fieldTranslations': {'nameTranslation': {'ar': 'سيرجيو روشيت', 'bn': 'সার্জিও রোচেট', 'hi': 'सर्जियो रोशेट'}, 'shortNameTranslation': {'ar': 'س. روشيت', 'bn': 'সার্জিও রোচেট', 'hi': 'सर्जियो रोशेट'}}}",6293731,80,,4767,"{'start': {'x': 33.6, 'y': 5.4}, 'end': {'x': 43.4, 'y': 0}, 'goal': {'x': 43.4, 'y': 97.2}}",11,633,2067,shot,,13472599,5.4,33.6,96.011041031748,4.302261032235264,9218.119999999997,413.0645604952304,16.4,94.6,,0,1,80,0,0.042030998
"{'name': 'Ferreirinha', 'slug': 'ferreira', 'shortName': 'Ferreira', 'position': 'M', 'jerseyNumber': '11', 'userCount': 8641, 'gender': 'M', 'id': 998499, 'fieldTranslations': {'nameTranslation': {'ar': 'فيرينها', 'bn': 'ফেরেইরিনহা', 'hi': 'फ़ेरेरिन्हा'}, 'shortNameTranslation': {'ar': 'فيرينها', 'bn': 'ফেরেইরিনহা', 'hi': 'फ़ेरेरिन्हा'}}}",True,right-foot,high-right,"{'x': 0, 'y': 45.4, 'z': 24.1}","{'x': 1.6, 'y': 47.5, 'z': 0}",0.0305185187608,0.70451003313065,"{'name': 'Sergio Rochet', 'slug': 'sergio-rochet', 'shortName': 'S. Rochet', 'position': 'G', 'jerseyNumber': '1', 'userCount': 2616, 'gender': 'M', 'id': 581060, 'fieldTranslations': {'nameTranslation': {'ar': 'سيرجيو روشيت', 'bn': 'সার্জিও রোচেট', 'hi': 'सर्जियो रोशेट'}, 'shortNameTranslation': {'ar': 'س. روشيت', 'bn': 'সার্জিও রোচেট', 'hi': 'सर्जियो रोशेट'}}}",6293726,77,,4565,"{'start': {'x': 28.6, 'y': 15}, 'block': {'x': 47.5, 'y': 1.6}, 'end': {'x': 54.6, 'y': 0}, 'goal': {'x': 54.6, 'y': 75.9}}",14,835,1865,shot,,13472599,15.0,28.6,87.65249568608985,4.638012246325956,7682.96,406.5333484131177,21.4,85.0,,0,1,77,0,0.01109681
"{'name': 'Alexandro Bernabei', 'slug': 'alexandro-bernabei', 'shortName': 'A. Bernabei', 'position': 'D', 'jerseyNumber': '26', 'userCount': 2145, 'gender': 'M', 'id': 989200, 'fieldTranslations': {'nameTranslation': {'ar': 'ألكسندرو بيرنابيي', 'bn': 'আলেকজান্দ্রো বার্নাবেই', 'hi': 'एलेक्ज़ेंड्रो बर्नबेई'}, 'shortNameTranslation': {'ar': 'أ. بيرنابيي', 'bn': 'এ. বার্নাবাই', 'hi': 'ए. बर्नबेई'}}}",False,left-foot,high-centre,"{'x': 0, 'y': 48.5, 'z': 30.4}","{'x': 1.4, 'y': 47.5, 'z': 0}",0.034966602921486,0.10018691420555,"{'name': 'Rafael', 'slug': 'rafael', 'shortName': 'Rafael', 'position': 'G', 'jerseyNumber': '23', 'userCount': 4259, 'gender': 'M', 'id': 33132, 'fieldTranslations': {'nameTranslation': {'ar': 'رافاييل', 'bn': 'রাফায়েল', 'hi': 'राफेल'}, 'shortNameTranslation': {'ar': 'رافاييل', 'bn': 'রাফায়েল', 'hi': 'राफेल'}}}",6293723,75,,4466,"{'start': {'x': 31.3, 'y': 19.2}, 'block': {'x': 47.5, 'y': 1.4}, 'end': {'x': 51.5, 'y': 0}, 'goal': {'x': 51.5, 'y': 69.6}}",16,934,1766,shot,,13472599,19.2,31.3,82.93569798343773,4.924221186667556,6878.329999999998,408.3937211411058,18.7,80.8,,0,0,75,0,0.008691979
"{'name': 'Rafael Borré', 'slug': 'rafael-borre', 'shortName': 'R. Borré', 'position': 'F', 'jerseyNumber': '19', 'userCount': 5894, 'gender': 'M', 'sofascoreId': 'rafaelsantosborre', 'id': 560116, 'fieldTranslations': {'nameTranslation': {'ar': 'رافاييل بوري', 'bn': 'রাফায়েল বোরে', 'hi': 'राफेल बोरे'}, 'shortNameTranslation': {'ar': 'ر. بوري', 'bn': 'রাফায়েল বোরে', 'hi': 'राफेल बोरे'}}}",False,head,low-centre,"{'x': 0, 'y': 51.5, 'z': 15.8}","{'x': 1.2, 'y': 48, 'z': 0}",0.017562298104167,0.022243132814765,"{'name': 'Rafael', 'slug': 'rafael', 'shortName': 'Rafael', 'position': 'G', 'jerseyNumber': '23', 'userCount': 4259, 'gender': 'M', 'id': 33132, 'fieldTranslations': {'nameTranslation': {'ar': 'رافاييل', 'bn': 'রাফায়েল', 'hi': 'राफेल'}, 'shortNameTranslation': {'ar': 'رافاييل', 'bn': 'রাফায়েল', 'hi': 'राफेल'}}}",6293719,71,,4217,"{'start': {'x': 35.3, 'y': 11.9}, 'block': {'x': 48, 'y': 1.2}, 'end': {'x': 48.5, 'y': 0}, 'goal': {'x': 48.5, 'y': 84.2}}",20,1183,1517,shot,,13472599,11.9,35.3,89.31797131596753,4.629299648868419,7977.699999999998,413.47965325064797,14.700000000000003,88.1,,0,0,71,0,0.0146561405
"{'name': 'Bruno Gomes', 'slug': 'bruno-gomes', 'shortName': 'B. Gomes', 'position': 'D', 'jerseyNumber': '15', 'userCount': 903, 'gender': 'M', 'id': 995071, 'fieldTranslations': {'nameTranslation': {'ar': 'برونو غوميز'}, 'shortNameTranslation': {'ar': 'ب. غوميز'}}}",False,right-foot,low-right,"{'x': 0, 'y': 45.8, 'z': 5.1}","{'x': 1.8, 'y': 50.5, 'z': 0}",0.019359713420272,0.2244558185339,"{'name': 'Rafael', 'slug': 'rafael', 'shortName': 'Rafael', 'position': 'G', 'jerseyNumber': '23', 'userCount': 4259, 'gender': 'M', 'id': 33132, 'fieldTranslations': {'nameTranslation': {'ar': 'رافاييل', 'bn': 'রাফায়েল', 'hi': 'राफेल'}, 'shortNameTranslation': {'ar': 'رافاييل', 'bn': 'রাফায়েল', 'hi': 'राफेल'}}}",6293717,70,,4152,"{'start': {'x': 42.1, 'y': 27.4}, 'block': {'x': 50.5, 'y': 1.8}, 'end': {'x': 54.2, 'y': 0}, 'goal': {'x': 54.2, 'y': 94.9}}",21,1248,1452,shot,,13472599,27.4,42.1,73.02855605857204,5.704776668274392,5333.169999999998,416.61160272071027,7.899999999999999,72.6,,0,0,70,0,0.028810073
"{'name': 'Braian Aguirre', 'firstName': 'Brian Aguirre', 'lastName': '', 'slug': 'braian-aguirre', 'shortName': 'B. Aguirre', 'position': 'D', 'jerseyNumber': '35', 'userCount': 797, 'gender': 'M', 'id': 1084963, 'fieldTranslations': {'nameTranslation': {'ar': 'برايان أغيري'}, 'shortNameTranslation': {'ar': 'ب. أغيري'}}}",False,right-foot,low-right,"{'x': 0, 'y': 47.4, 'z': 19}","{'x': 15.7, 'y': 52.2, 'z': 0}",0.0094313565641642,0.0,"{'name': 'Rafael', 'slug': 'rafael', 'shortName': 'Rafael', 'position': 'G', 'jerseyNumber': '23', 'userCount': 4259, 'gender': 'M', 'id': 33132, 'fieldTranslations': {'nameTranslation': {'ar': 'رافاييل', 'bn': 'রাফায়েল', 'hi': 'राफेल'}, 'shortNameTranslation': {'ar': 'رافاييل', 'bn': 'রাফায়েল', 'hi': 'राफेल'}}}",6293712,65,,3893,"{'start': {'x': 51.8, 'y': 29}, 'block': {'x': 52.2, 'y': 15.7}, 'end': {'x': 52.6, 'y': 0}, 'goal': {'x': 52.6, 'y': 81}}",26,1507,1193,shot,,13472599,29.0,51.8,71.0228132363116,5.898115939724488,5044.239999999999,418.90078683316483,1.7999999999999972,71.0,,0,0,65,0,0.17739585
"{'name': 'Alan Patrick', 'slug': 'alan-patrick', 'shortName': 'A. Patrick', 'position': 'M', 'jerseyNumber': '10', 'userCount': 6629, 'gender': 'M', 'id': 124997, 'fieldTranslations': {'nameTranslation': {'ar': 'ألان باتريك', 'bn': 'অ্যালান প্যাট্রিক', 'hi': 'एलन पैट्रिक'}, 'shortNameTranslation': {'ar': 'أ. باتريك', 'bn': 'এ. প্যাট্রিক', 'hi': 'ए. पैट्रिक'}}}",False,right-foot,low-left,"{'x': 0, 'y': 53.2, 'z': 19}","{'x': 7.2, 'y': 35.6, 'z': 0}",0.040820699185133,0.0,"{'name': 'Rafael', 'slug': 'rafael', 'shortName': 'Rafael', 'position': 'G', 'jerseyNumber': '23', 'userCount': 4259, 'gender': 'M', 'id': 33132, 'fieldTranslations': {'nameTranslation': {'ar': 'رافاييل', 'bn': 'রাফায়েল', 'hi': 'राफेल'}, 'shortNameTranslation': {'ar': 'رافاييل', 'bn': 'রাফায়েল', 'hi': 'राफेल'}}}",6293711,63,,3764,"{'start': {'x': 31.7, 'y': 9.7}, 'block': {'x': 35.6, 'y': 7.2}, 'end': {'x': 46.8, 'y': 0}, 'goal': {'x': 46.8, 'y': 81}}",28,1636,1064,shot,,13472599,9.7,31.7,92.13566084855526,4.4593713460679885,8488.98,410.86712593908555,18.3,90.3,,0,0,63,0,0.02814672
"{'name': 'Bruno Gomes', 'slug': 'bruno-gomes', 'shortName': 'B. Gomes', 'position': 'D', 'jerseyNumber': '15', 'userCount': 903, 'gender': 'M', 'id': 995071, 'fieldTranslations': {'nameTranslation': {'ar': 'برونو غوميز'}, 'shortNameTranslation': {'ar': 'ب. غوميز'}}}",False,right-foot,low-left,"{'x': 0, 'y': 54.3, 'z': 5.1}","{'x': 1.1, 'y': 49.6, 'z': 0}",0.047724701464176,0.27315056324005,"{'name': 'Rafael', 'slug': 'rafael', 'shortName': 'Rafael', 'position': 'G', 'jerseyNumber': '23', 'userCount': 4259, 'gender': 'M', 'id': 33132, 'fieldTranslations': {'nameTranslation': {'ar': 'رافاييل', 'bn': 'রাফায়েল', 'hi': 'राफेल'}, 'shortNameTranslation': {'ar': 'رافاييل', 'bn': 'রাফায়েল', 'hi': 'राफेल'}}}",6293706,59,,3503,"{'start': {'x': 43.3, 'y': 26.5}, 'block': {'x': 49.6, 'y': 1.1}, 'end': {'x': 45.7, 'y': 0}, 'goal': {'x': 45.7, 'y': 94.9}}",32,1897,803,shot,,13472599,26.5,43.3,73.8047423950521,5.654687147111105,5447.140000000001,417.34272821714717,6.700000000000003,73.5,,0,0,59,0,0.016460322
"{'name': 'Alan Rodríguez', 'firstName': 'Alan', 'lastName': 'Rodríguez', 'slug': 'alan-rodriguez', 'shortName': 'Á. Rodríguez', 'position': 'M', 'jerseyNumber': '14', 'userCount': 552, 'gender': 'M', 'id': 874576, 'fieldTranslations': {'nameTranslation': {'ar': 'ألان رودريغيز'}, 'shortNameTranslation': {'ar': 'أ. رودريغيز'}}}",False,right-foot,low-centre,"{'x': 0, 'y': 48.4, 'z': 19}","{'x': 21, 'y': 57.2, 'z': 0}",0.02903987839818,0.0,"{'name': 'Rafael', 'slug': 'rafael', 'shortName': 'Rafael', 'position': 'G', 'jerseyNumber': '23', 'userCount': 4259, 'gender': 'M', 'id': 33132, 'fieldTranslations': {'nameTranslation': {'ar': 'رافاييل', 'bn': 'রাফায়েল', 'hi': 'राफेल'}, 'shortNameTranslation': {'ar': 'رافاييل', 'bn': 'রাফায়েল', 'hi': 'राफेल'}}}",6293703,58,,3437,"{'start': {'x': 58.7, 'y': 26.5}, 'block': {'x': 57.2, 'y': 21}, 'end': {'x': 51.6, 'y': 0}, 'goal': {'x': 51.6, 'y': 81}}",33,1963,737,shot,,13472599,26.5,58.7,74.01310694735089,5.62302026635087,5477.9400000000005,416.17720034054844,8.700000000000003,73.5,,0,0,58,0,0.02632626
"{'name': 'Vitão', 'slug': 'vitao', 'shortName': 'Vitão', 'position': 'D', 'jerseyNumber': '44', 'userCount': 3544, 'gender': 'M', 'id': 876625, 'fieldTranslations': {'nameTranslation': {'ar': 'فيتاو', 'bn': 'ভিটো', 'hi': 'विताओ'}, 'shortNameTranslation': {'ar': 'فيتاو', 'bn': 'ভিটো', 'hi': 'विताओ'}}}",False,head,high,"{'x': 0, 'y': 45.4, 'z': 87.5}",,0.065512575209141,0.0,"{'name': 'Rafael', 'slug': 'rafael', 'shortName': 'Rafael', 'position': 'G', 'jerseyNumber': '23', 'userCount': 4259, 'gender': 'M', 'id': 33132, 'fieldTranslations': {'nameTranslation': {'ar': 'رافاييل', 'bn': 'রাফায়েল', 'hi': 'राफेल'}, 'shortNameTranslation': {'ar': 'رافاييل', 'bn': 'রাফায়েল', 'hi': 'राफेल'}}}",6293698,54,,3197,"{'start': {'x': 54, 'y': 9.5}, 'end': {'x': 54.6, 'y': 0}, 'goal': {'x': 54.6, 'y': 12.5}}",37,2203,497,shot,,13472599,9.5,54.0,90.5883546599672,4.622780212845029,8206.25,418.7700534362842,4.0,90.5,,0,0,54,0,0.20621872
"{'name': 'Gonzalo Tapia', 'firstName': '', 'lastName': '', 'slug': 'tapia-gonzalo', 'shortName': 'G. Tapia', 'position': 'F', 'jerseyNumber': '14', 'userCount': 4061, 'gender': 'M', 'id': 1002947, 'fieldTranslations': {'nameTranslation': {'ar': 'تابيا، غونزالو', 'bn': 'তাপিয়া, গঞ্জালো', 'hi': 'तापिया, गोंजालो'}, 'shortNameTranslation': {'ar': 'ت. غونزالو', 'bn': 'জি. তাপিয়া', 'hi': 'जी. तापिया'}}}",True,right-foot,low-centre,"{'x': 0, 'y': 50, 'z': 11.4}","{'x': 6.8, 'y': 55.6, 'z': 0}",0.39984738826752,0.2114776968956,"{'name': 'Sergio Rochet', 'slug': 'sergio-rochet', 'shortName': 'S. Rochet', 'position': 'G', 'jerseyNumber': '1', 'userCount': 2616, 'gender': 'M', 'id': 581060, 'fieldTranslations': {'nameTranslation': {'ar': 'سيرجيو روشيت', 'bn': 'সার্জিও রোচেট', 'hi': 'सर्जियो रोशेट'}, 'shortNameTranslation': {'ar': 'س. روشيت', 'bn': 'সার্জিও রোচেট', 'hi': 'सर्जियो रोशेट'}}}",6293697,53,,3150,"{'start': {'x': 59.7, 'y': 13.7}, 'block': {'x': 55.6, 'y': 6.8}, 'end': {'x': 50, 'y': 0}, 'goal': {'x': 50, 'y': 88.6}}",38,2250,450,shot,,13472599,13.7,59.7,86.84342231856135,4.796522840956999,7541.78,416.5464587378543,9.700000000000003,86.3,,0,1,53,0,0.14010984
"{'name': 'Gonzalo Tapia', 'firstName': '', 'lastName': '', 'slug': 'tapia-gonzalo', 'shortName': 'G. Tapia', 'position': 'F', 'jerseyNumber': '14', 'userCount': 4061, 'gender': 'M', 'id': 1002947, 'fieldTranslations': {'nameTranslation': {'ar': 'تابيا، غونزالو', 'bn': 'তাপিয়া, গঞ্জালো', 'hi': 'तापिया, गोंजालो'}, 'shortNameTranslation': {'ar': 'ت. غونزالو', 'bn': 'জি. তাপিয়া', 'hi': 'जी. तापिया'}}}",True,right-foot,low-centre,"{'x': 0, 'y': 48.5, 'z': 19}","{'x': 20.3, 'y': 56.5, 'z': 0}",0.064120806753635,0.0,"{'name': 'Sergio Rochet', 'slug': 'sergio-rochet', 'shortName': 'S. Rochet', 'position': 'G', 'jerseyNumber': '1', 'userCount': 2616, 'gender': 'M', 'id': 581060, 'fieldTranslations': {'nameTranslation': {'ar': 'سيرجيو روشيت', 'bn': 'সার্জিও রোচেট', 'hi': 'सर्जियो रोशेट'}, 'shortNameTranslation': {'ar': 'س. روشيت', 'bn': 'সার্জিও রোচেট', 'hi': 'सर्जियो रोशेट'}}}",6293696,53,,3147,"{'start': {'x': 57.5, 'y': 24.4}, 'block': {'x': 56.5, 'y': 20.3}, 'end': {'x': 51.5, 'y': 0}, 'goal': {'x': 51.5, 'y': 81}}",38,2253,447,shot,,13472599,24.4,57.5,75.97111293116613,5.489539723193477,5771.609999999998,417.0464422508541,7.5,75.6,,0,1,53,0,0.052821476
"{'name': 'Luciano', 'slug': 'luciano', 'shortName': 'Luciano', 'position': 'M', 'jerseyNumber': '10', 'userCount': 8521, 'gender': 'M', 'sofascoreId': 'luciano10', 'id': 282557, 'fieldTranslations': {'nameTranslation': {'ar': 'لوتشيانو'}, 'shortNameTranslation': {'ar': 'لوتشيانو'}}}",True,left-foot,low-centre,"{'x': 0, 'y': 51.4, 'z': 3.2}",,0.20152416825294,0.21507699787617,"{'name': 'Sergio Rochet', 'slug': 'sergio-rochet', 'shortName': 'S. Rochet', 'position': 'G', 'jerseyNumber': '1', 'userCount': 2616, 'gender': 'M', 'id': 581060, 'fieldTranslations': {'nameTranslation': {'ar': 'سيرجيو روشيت', 'bn': 'সার্জিও রোচেট', 'hi': 'सर्जियो रोशेट'}, 'shortNameTranslation': {'ar': 'س. روشيت', 'bn': 'সার্জিও রোচেট', 'hi': 'सर्जियो रोशेट'}}}",6293694,48,,2850,"{'start': {'x': 43.9, 'y': 2.3}, 'end': {'x': 48.6, 'y': 0}, 'goal': {'x': 48.6, 'y': 96.8}}",43,2550,150,shot,regular,13472599,2.3,43.9,97.89024466207039,4.274155698256517,9582.5,418.3981470261127,6.100000000000001,97.7,,0,1,48,1,0.4828943
"{'name': 'Braian Aguirre', 'firstName': 'Brian Aguirre', 'lastName': '', 'slug': 'braian-aguirre', 'shortName': 'B. Aguirre', 'position': 'D', 'jerseyNumber': '35', 'userCount': 797, 'gender': 'M', 'id': 1084963, 'fieldTranslations': {'nameTranslation': {'ar': 'برايان أغيري'}, 'shortNameTranslation': {'ar': 'ب. أغيري'}}}",False,right-foot,high-right,"{'x': 0, 'y': 38.3, 'z': 40.3}",,0.014625589363277,0.0,"{'name': 'Rafael', 'slug': 'rafael', 'shortName': 'Rafael', 'position': 'G', 'jerseyNumber': '23', 'userCount': 4259, 'gender': 'M', 'id': 33132, 'fieldTranslations': {'nameTranslation': {'ar': 'رافاييل', 'bn': 'রাফায়েল', 'hi': 'राफेल'}, 'shortNameTranslation': {'ar': 'رافاييل', 'bn': 'রাফায়েল', 'hi': 'राफेल'}}}",6293677,47,,2768,"{'start': {'x': 75.6, 'y': 30.4}, 'end': {'x': 61.7, 'y': 0}, 'goal': {'x': 61.7, 'y': 59.7}}",44,2632,68,shot,,13472599,30.4,75.6,74.1587486410066,5.305587598284483,5499.519999999998,393.4557370940209,25.599999999999994,69.6,,0,0,47,0,0.019059492
"{'name': 'Maik', 'firstName': 'Maik', 'lastName': 'Gomes Viegas', 'slug': 'maik', 'shortName': 'Maik', 'position': 'D', 'jerseyNumber': '42', 'userCount': 1432, 'gender': 'M', 'id': 2035326, 'fieldTranslations': {'nameTranslation': {'ar': 'مايك'}, 'shortNameTranslation': {'ar': 'مايك'}}}",True,right-foot,low-right,"{'x': 0, 'y': 48.1, 'z': 9.5}",,0.0087960800155997,0.10518432408571,"{'name': 'Sergio Rochet', 'slug': 'sergio-rochet', 'shortName': 'S. Rochet', 'position': 'G', 'jerseyNumber': '1', 'userCount': 2616, 'gender': 'M', 'id': 581060, 'fieldTranslations': {'nameTranslation': {'ar': 'سيرجيو روشيت', 'bn': 'সার্জিও রোচেট', 'hi': 'सर्जियो रोशेट'}, 'shortNameTranslation': {'ar': 'س. روشيت', 'bn': 'সার্জিও রোচেট', 'hi': 'सर्जियो रोशेट'}}}",6293615,45,3.0,2865,"{'start': {'x': 70, 'y': 22.4}, 'end': {'x': 51.9, 'y': 0}, 'goal': {'x': 51.9, 'y': 90.5}}",1,2535,165,shot,regular,13472599,22.4,70.0,80.13588459610338,5.065410972443806,6421.759999999999,405.92118911959267,20.0,77.6,,0,1,45,1,0.028057532
"{'name': 'Alan Patrick', 'slug': 'alan-patrick', 'shortName': 'A. Patrick', 'position': 'M', 'jerseyNumber': '10', 'userCount': 6629, 'gender': 'M', 'id': 124997, 'fieldTranslations': {'nameTranslation': {'ar': 'ألان باتريك', 'bn': 'অ্যালান প্যাট্রিক', 'hi': 'एलन पैट्रिक'}, 'shortNameTranslation': {'ar': 'أ. باتريك', 'bn': 'এ. প্যাট্রিক', 'hi': 'ए. पैट्रिक'}}}",False,right-foot,left,"{'x': 0, 'y': 60, 'z': 5.6}",,0.015599148347974,0.0,"{'name': 'Rafael', 'slug': 'rafael', 'shortName': 'Rafael', 'position': 'G', 'jerseyNumber': '23', 'userCount': 4259, 'gender': 'M', 'id': 33132, 'fieldTranslations': {'nameTranslation': {'ar': 'رافاييل', 'bn': 'রাফায়েল', 'hi': 'राफेल'}, 'shortNameTranslation': {'ar': 'رافاييل', 'bn': 'রাফায়েল', 'hi': 'राफेल'}}}",6293612,45,1.0,2754,"{'start': {'x': 51.1, 'y': 26.8}, 'end': {'x': 40, 'y': 0}, 'goal': {'x': 40, 'y': 94.4}}",1,2646,54,shot,,13472599,26.8,51.1,73.20826456077211,5.723523330118779,5359.450000000002,419.0092101710869,1.1000000000000014,73.2,,0,0,45,0,0.11165178
"{'name': 'Damián Bobadilla', 'slug': 'damian-bobadilla', 'shortName': 'D. Bobadilla', 'position': 'M', 'jerseyNumber': '16', 'userCount': 3050, 'gender': 'M', 'id': 1015261, 'fieldTranslations': {'nameTranslation': {'ar': 'داميان بوباديلا', 'bn': 'ড্যামিয়ান বোবাডিলা', 'hi': 'डैमियन बोबाडिला'}, 'shortNameTranslation': {'ar': 'د. بوباديلا', 'bn': 'ডি. বোবাদিল্লা', 'hi': 'डी. बोबाडिला'}}}",True,right-foot,high-centre,"{'x': 0, 'y': 51.2, 'z': 20.9}","{'x': 1.6, 'y': 48, 'z': 0}",0.040769319981337,0.024752082303166,"{'name': 'Sergio Rochet', 'slug': 'sergio-rochet', 'shortName': 'S. Rochet', 'position': 'G', 'jerseyNumber': '1', 'userCount': 2616, 'gender': 'M', 'id': 581060, 'fieldTranslations': {'nameTranslation': {'ar': 'سيرجيو روشيت', 'bn': 'সার্জিও রোচেট', 'hi': 'सर्जियो रोशेट'}, 'shortNameTranslation': {'ar': 'س. روشيت', 'bn': 'সার্জিও রোচেট', 'hi': 'सर्जियो रोशेट'}}}",6293610,45,,2676,"{'start': {'x': 26.7, 'y': 22.5}, 'block': {'x': 48, 'y': 1.6}, 'end': {'x': 48.8, 'y': 0}, 'goal': {'x': 48.8, 'y': 79.1}}",1,24,2676,shot,,13472599,22.5,26.7,80.92675700903874,4.960817131573064,6549.14,401.4628425730899,23.3,77.5,,0,1,45,0,0.027614824
"{'name': 'Gonzalo Tapia', 'firstName': '', 'lastName': '', 'slug': 'tapia-gonzalo', 'shortName': 'G. Tapia', 'position': 'F', 'jerseyNumber': '14', 'userCount': 4061, 'gender': 'M', 'id': 1002947, 'fieldTranslations': {'nameTranslation': {'ar': 'تابيا، غونزالو', 'bn': 'তাপিয়া, গঞ্জালো', 'hi': 'तापिया, गोंजालो'}, 'shortNameTranslation': {'ar': 'ت. غونزالو', 'bn': 'জি. তাপিয়া', 'hi': 'जी. तापिया'}}}",True,right-foot,left,"{'x': 0, 'y': 92.6, 'z': 2.8}",,0.017508171498775,0.0,"{'name': 'Sergio Rochet', 'slug': 'sergio-rochet', 'shortName': 'S. Rochet', 'position': 'G', 'jerseyNumber': '1', 'userCount': 2616, 'gender': 'M', 'id': 581060, 'fieldTranslations': {'nameTranslation': {'ar': 'سيرجيو روشيت', 'bn': 'সার্জিও রোচেট', 'hi': 'सर्जियो रोशेट'}, 'shortNameTranslation': {'ar': 'س. روشيت', 'bn': 'সার্জিও রোচেট', 'hi': 'सर्जियो रोशेट'}}}",6293619,42,,2481,"{'start': {'x': 73, 'y': 26}, 'end': {'x': 7.4, 'y': 0}, 'goal': {'x': 7.4, 'y': 97.2}}",4,219,2481,shot,,13472599,26.0,73.0,77.4919350642375,5.165867472918284,6005.000000000001,400.3130667618403,23.0,74.0,,0,1,42,0,0.024854131
"{'name': 'Alan Patrick', 'slug': 'alan-patrick', 'shortName': 'A. Patrick', 'position': 'M', 'jerseyNumber': '10', 'userCount': 6629, 'gender': 'M', 'id': 124997, 'fieldTranslations': {'nameTranslation': {'ar': 'ألان باتريك', 'bn': 'অ্যালান প্যাট্রিক', 'hi': 'एलन पैट्रिक'}, 'shortNameTranslation': {'ar': 'أ. باتريك', 'bn': 'এ. প্যাট্রিক', 'hi': 'ए. पैट्रिक'}}}",False,right-foot,high,"{'x': 0, 'y': 55.5, 'z': 61.1}",,0.097176499664783,0.0,"{'name': 'Rafael', 'slug': 'rafael', 'shortName': 'Rafael', 'position': 'G', 'jerseyNumber': '23', 'userCount': 4259, 'gender': 'M', 'id': 33132, 'fieldTranslations': {'nameTranslation': {'ar': 'رافاييل', 'bn': 'রাফায়েল', 'hi': 'राफेल'}, 'shortNameTranslation': {'ar': 'رافاييل', 'bn': 'রাফায়েল', 'hi': 'राफेल'}}}",6293597,41,,2429,"{'start': {'x': 42.6, 'y': 20.9}, 'end': {'x': 44.5, 'y': 0}, 'goal': {'x': 44.5, 'y': 38.9}}",5,271,2429,shot,,13472599,20.9,42.6,79.44539004876242,5.252625756483391,6311.569999999999,417.29690200399875,7.399999999999999,79.1,,0,0,41,0,0.025110418
"{'name': 'Alexandro Bernabei', 'slug': 'alexandro-bernabei', 'shortName': 'A. Bernabei', 'position': 'D', 'jerseyNumber': '26', 'userCount': 2145, 'gender': 'M', 'id': 989200, 'fieldTranslations': {'nameTranslation': {'ar': 'ألكسندرو بيرنابيي', 'bn': 'আলেকজান্দ্রো বার্নাবেই', 'hi': 'एलेक्ज़ेंड्रो बर्नबेई'}, 'shortNameTranslation': {'ar': 'أ. بيرنابيي', 'bn': 'এ. বার্নাবাই', 'hi': 'ए. बर्नबेई'}}}",False,left-foot,right,"{'x': 0, 'y': 36.6, 'z': 6.9}",,0.036430075764656,0.0,"{'name': 'Rafael', 'slug': 'rafael', 'shortName': 'Rafael', 'position': 'G', 'jerseyNumber': '23', 'userCount': 4259, 'gender': 'M', 'id': 33132, 'fieldTranslations': {'nameTranslation': {'ar': 'رافاييل', 'bn': 'রাফায়েল', 'hi': 'राफेल'}, 'shortNameTranslation': {'ar': 'رافاييل', 'bn': 'রাফায়েল', 'hi': 'राफेल'}}}",6293589,36,,2116,"{'start': {'x': 32.4, 'y': 20.4}, 'end': {'x': 63.4, 'y': 0}, 'goal': {'x': 63.4, 'y': 93.1}}",10,584,2116,shot,,13472599,20.4,32.4,81.52251222821828,5.020585706747149,6645.919999999998,409.29075967111237,17.6,79.6,,0,0,36,0,0.015113571
"{'name': 'Gonzalo Tapia', 'firstName': '', 'lastName': '', 'slug': 'tapia-gonzalo', 'shortName': 'G. Tapia', 'position': 'F', 'jerseyNumber': '14', 'userCount': 4061, 'gender': 'M', 'id': 1002947, 'fieldTranslations': {'nameTranslation': {'ar': 'تابيا، غونزالو', 'bn': 'তাপিয়া, গঞ্জালো', 'hi': 'तापिया, गोंजालो'}, 'shortNameTranslation': {'ar': 'ت. غونزالو', 'bn': 'জি. তাপিয়া', 'hi': 'जी. तापिया'}}}",True,right-foot,low-centre,"{'x': 0, 'y': 50.4, 'z': 7.6}","{'x': 7, 'y': 56.5, 'z': 0}",0.16492940485477,0.2857032418251,"{'name': 'Sergio Rochet', 'slug': 'sergio-rochet', 'shortName': 'S. Rochet', 'position': 'G', 'jerseyNumber': '1', 'userCount': 2616, 'gender': 'M', 'id': 581060, 'fieldTranslations': {'nameTranslation': {'ar': 'سيرجيو روشيت', 'bn': 'সার্জিও রোচেট', 'hi': 'सर्जियो रोशेट'}, 'shortNameTranslation': {'ar': 'س. روشيت', 'bn': 'সার্জিও রোচেট', 'hi': 'सर्जियो रोशेट'}}}",6293566,24,,1433,"{'start': {'x': 58.3, 'y': 10.2}, 'block': {'x': 56.5, 'y': 7}, 'end': {'x': 49.6, 'y': 0}, 'goal': {'x': 49.6, 'y': 92.4}}",22,1267,1433,shot,,13472599,10.2,58.3,90.18275888438987,4.628420471785969,8132.93,417.40372742264805,8.299999999999997,89.8,,0,1,24,0,0.1608962
"{'name': 'Sabino', 'slug': 'sabino', 'shortName': 'Sabino', 'position': 'D', 'jerseyNumber': '35', 'userCount': 1688, 'gender': 'M', 'id': 975118, 'fieldTranslations': {'nameTranslation': {'ar': 'سابينو'}, 'shortNameTranslation': {'ar': 'سابينو'}}}",True,head,low-left,"{'x': 0, 'y': 53.8, 'z': 15.2}",,0.066738277673721,0.72901153564453,"{'name': 'Sergio Rochet', 'slug': 'sergio-rochet', 'shortName': 'S. Rochet', 'position': 'G', 'jerseyNumber': '1', 'userCount': 2616, 'gender': 'M', 'id': 581060, 'fieldTranslations': {'nameTranslation': {'ar': 'سيرجيو روشيت', 'bn': 'সার্জিও রোচেট', 'hi': 'सर्जियो रोशेट'}, 'shortNameTranslation': {'ar': 'س. روشيت', 'bn': 'সার্জিও রোচেট', 'hi': 'सर्जियो रोशेट'}}}",6293560,21,,1250,"{'start': {'x': 40.5, 'y': 8.6}, 'end': {'x': 46.2, 'y': 0}, 'goal': {'x': 46.2, 'y': 84.8}}",25,1450,1250,shot,regular,13472599,8.6,40.5,91.89238270934105,4.537338571230915,8444.210000000003,416.94685246940594,9.5,91.4,,0,1,21,1,0.3631259
"{'name': 'Luciano', 'slug': 'luciano', 'shortName': 'Luciano', 'position': 'M', 'jerseyNumber': '10', 'userCount': 8521, 'gender': 'M', 'sofascoreId': 'luciano10', 'id': 282557, 'fieldTranslations': {'nameTranslation': {'ar': 'لوتشيانو'}, 'shortNameTranslation': {'ar': 'لوتشيانو'}}}",True,head,close-right,"{'x': 0, 'y': 41.5, 'z': 9.7}",,0.12847737967968,0.0,"{'name': 'Sergio Rochet', 'slug': 'sergio-rochet', 'shortName': 'S. Rochet', 'position': 'G', 'jerseyNumber': '1', 'userCount': 2616, 'gender': 'M', 'id': 581060, 'fieldTranslations': {'nameTranslation': {'ar': 'سيرجيو روشيت', 'bn': 'সার্জিও রোচেট', 'hi': 'सर्जियो रोशेट'}, 'shortNameTranslation': {'ar': 'س. روشيت', 'bn': 'সার্জিও রোচেট', 'hi': 'सर्जियो रोशेट'}}}",6293535,4,,235,"{'start': {'x': 49.6, 'y': 8.1}, 'end': {'x': 58.5, 'y': 0}, 'goal': {'x': 58.5, 'y': 90.3}}",42,2465,235,shot,,13472599,8.1,49.6,91.9008705073026,4.561214981598809,8445.77,419.17962737988074,0.3999999999999986,91.9,,0,1,4,0,0.27053967
"{'name': 'Luciano', 'slug': 'luciano', 'shortName': 'Luciano', 'position': 'M', 'jerseyNumber': '10', 'userCount': 8521, 'gender': 'M', 'sofascoreId': 'luciano10', 'id': 282557, 'fieldTranslations': {'nameTranslation': {'ar': 'لوتشيانو'}, 'shortNameTranslation': {'ar': 'لوتشيانو'}}}",True,head,left,"{'x': 0, 'y': 60.7, 'z': 5.6}",,0.3067792057991,0.0,"{'name': 'Sergio Rochet', 'slug': 'sergio-rochet', 'shortName': 'S. Rochet', 'position': 'G', 'jerseyNumber': '1', 'userCount': 2616, 'gender': 'M', 'id': 581060, 'fieldTranslations': {'nameTranslation': {'ar': 'سيرجيو روشيت', 'bn': 'সার্জিও রোচেট', 'hi': 'सर्जियो रोशेट'}, 'shortNameTranslation': {'ar': 'س. روشيت', 'bn': 'সার্জিও রোচেট', 'hi': 'सर्जियो रोशेट'}}}",6293533,1,,58,"{'start': {'x': 57, 'y': 7.6}, 'end': {'x': 39.3, 'y': 0}, 'goal': {'x': 39.3, 'y': 94.4}}",45,2642,58,shot,,13472599,7.6,57.0,92.66477216288831,4.5108233357416605,8586.76,417.9944166735408,7.0,92.4,,0,1,1,0,0.21089438
"{'name': 'Ramón Sosa', 'slug': 'ramon-sosa', 'shortName': 'R. Sosa', 'position': 'F', 'jerseyNumber': '19', 'userCount': 8373, 'gender': 'M', 'id': 1015733, 'fieldTranslations': {'nameTranslation': {'ar': 'رامون سوسا', 'bn': 'রামন সোসা', 'hi': 'रामोन सोसा'}, 'shortNameTranslation': {'ar': 'ر. سوسا', 'bn': 'আর. সোসা', 'hi': 'आर. सोसा'}}}",False,left-foot,high,"{'x': 0, 'y': 54.5, 'z': 77.8}",,0.37482598423958,0.0,"{'name': 'Everson', 'slug': 'everson', 'shortName': 'Everson', 'position': 'G', 'jerseyNumber': '22', 'userCount': 2199, 'gender': 'M', 'id': 870748, 'fieldTranslations': {'nameTranslation': {'ar': 'إيفرسون', 'bn': 'এভারসন', 'hi': 'एवरसन'}, 'shortNameTranslation': {'ar': 'إيفرسون', 'bn': 'এভারসন', 'hi': 'एवरसन'}}}",6294095,90,5.0,5655,"{'start': {'x': 49, 'y': 16}, 'end': {'x': 45.5, 'y': 0}, 'goal': {'x': 45.5, 'y': 22.2}}",1,645,255,shot,,15121158,16.0,49.0,84.00595217006948,4.98905705462793,7057.000000000001,419.11048830482156,1.0,84.0,,0,0,90,0,0.09170104
"{'name': 'Hulk', 'slug': 'hulk', 'shortName': 'Hulk', 'position': 'F', 'jerseyNumber': '7', 'userCount': 24430, 'gender': 'M', 'sofascoreId': 'Hulk', 'id': 34705, 'fieldTranslations': {'nameTranslation': {'ar': 'هولك'}, 'shortNameTranslation': {'ar': 'هولك'}}}",True,left-foot,close-left,"{'x': 0, 'y': 57.3, 'z': 31.9}",,0.015353715978563,0.0,"{'name': 'Carlos Miguel', 'slug': 'carlos-miguel', 'shortName': 'C. Miguel', 'position': 'G', 'jerseyNumber': '1', 'userCount': 5499, 'gender': 'M', 'id': 973738, 'fieldTranslations': {'nameTranslation': {'ar': 'كارلوس ميغيل', 'bn': 'কার্লোস মিগুয়েল', 'hi': 'कार्लोस मिगुएल'}, 'shortNameTranslation': {'ar': 'ك. ميغيل', 'bn': 'সি. মিগুয়েল', 'hi': 'सी. मिगुएल'}}}",6294093,90,4.0,5589,"{'start': {'x': 82.2, 'y': 33.1}, 'end': {'x': 42.7, 'y': 0}, 'goal': {'x': 42.7, 'y': 68.1}}",1,711,189,shot,,15121158,33.1,82.2,74.2458753063091,5.08894421114872,5512.45,377.83311734171144,32.2,66.9,,0,1,90,0,0.01139497
"{'name': 'Guilherme Arana', 'slug': 'guilherme-arana', 'shortName': 'G. Arana', 'position': 'D', 'jerseyNumber': '13', 'userCount': 4924, 'gender': 'M', 'sofascoreId': 'guiarana', 'id': 1127439, 'fieldTranslations': {'nameTranslation': {'ar': 'غيليرمي أرنا', 'bn': 'গুইলহার্ম আরনা', 'hi': 'गिल्हर्मे अराना'}, 'shortNameTranslation': {'ar': 'غ. أرنا', 'bn': 'জি. আরানা', 'hi': 'जी. अराना'}}}",True,left-foot,high,"{'x': 0, 'y': 52.6, 'z': 81.9}",,0.015353629365563,0.0,"{'name': 'Carlos Miguel', 'slug': 'carlos-miguel', 'shortName': 'C. Miguel', 'position': 'G', 'jerseyNumber': '1', 'userCount': 5499, 'gender': 'M', 'id': 973738, 'fieldTranslations': {'nameTranslation': {'ar': 'كارلوس ميغيل', 'bn': 'কার্লোস মিগুয়েল', 'hi': 'कार्लोस मिगुएल'}, 'shortNameTranslation': {'ar': 'ك. ميغيل', 'bn': 'সি. মিগুয়েল', 'hi': 'सी. मिगुएल'}}}",6294086,90,1.0,5453,"{'start': {'x': 36.6, 'y': 31}, 'end': {'x': 47.4, 'y': 0}, 'goal': {'x': 47.4, 'y': 18.1}}",1,847,53,shot,,15121158,31.0,36.6,70.28911722308085,5.852904301052863,4940.560000000001,411.3954765121788,13.399999999999999,69.0,,0,1,90,0,0.0122540705
"{'name': 'Bruno Fuchs', 'slug': 'bruno-fuchs', 'shortName': 'B. Fuchs', 'position': 'D', 'jerseyNumber': '3', 'userCount': 3808, 'gender': 'M', 'id': 973737, 'fieldTranslations': {'nameTranslation': {'ar': 'برونو فوش', 'bn': 'ব্রুনো ফুচস', 'hi': 'ब्रूनो फुच्स'}, 'shortNameTranslation': {'ar': 'ب. فوش', 'bn': 'বি. ফুচস', 'hi': 'बी. फुच्स'}}}",False,head,low-left,"{'x': 0, 'y': 51.8, 'z': 19}","{'x': 5, 'y': 42.8, 'z': 0}",0.05011698231101,0.0,"{'name': 'Everson', 'slug': 'everson', 'shortName': 'Everson', 'position': 'G', 'jerseyNumber': '22', 'userCount': 2199, 'gender': 'M', 'id': 870748, 'fieldTranslations': {'nameTranslation': {'ar': 'إيفرسون', 'bn': 'এভারসন', 'hi': 'एवरसन'}, 'shortNameTranslation': {'ar': 'إيفرسون', 'bn': 'এভারসন', 'hi': 'एवरसन'}}}",6294092,90,1.0,5428,"{'start': {'x': 41.6, 'y': 6.1}, 'block': {'x': 42.8, 'y': 5}, 'end': {'x': 48.2, 'y': 0}, 'goal': {'x': 48.2, 'y': 81}}",1,872,28,shot,,15121158,6.1,41.6,94.27497016705972,4.428894811437295,8887.77,417.53392622129655,8.399999999999999,93.9,,0,0,90,0,0.06765695
"{'name': 'Guilherme Arana', 'slug': 'guilherme-arana', 'shortName': 'G. Arana', 'position': 'D', 'jerseyNumber': '13', 'userCount': 4924, 'gender': 'M', 'sofascoreId': 'guiarana', 'id': 1127439, 'fieldTranslations': {'nameTranslation': {'ar': 'غيليرمي أرنا', 'bn': 'গুইলহার্ম আরনা', 'hi': 'गिल्हर्मे अराना'}, 'shortNameTranslation': {'ar': 'غ. أرنا', 'bn': 'জি. আরানা', 'hi': 'जी. अराना'}}}",True,right-foot,high,"{'x': 0, 'y': 44.5, 'z': 83.3}",,0.038771037012339,0.0,"{'name': 'Carlos Miguel', 'slug': 'carlos-miguel', 'shortName': 'C. Miguel', 'position': 'G', 'jerseyNumber': '1', 'userCount': 5499, 'gender': 'M', 'id': 973738, 'fieldTranslations': {'nameTranslation': {'ar': 'كارلوس ميغيل', 'bn': 'কার্লোস মিগুয়েল', 'hi': 'कार्लोस मिगुएल'}, 'shortNameTranslation': {'ar': 'ك. ميغيل', 'bn': 'সি. মিগুয়েল', 'hi': 'सी. मिगुएल'}}}",6294083,89,,5292,"{'start': {'x': 41.7, 'y': 17.5}, 'end': {'x': 55.5, 'y': 0}, 'goal': {'x': 55.5, 'y': 16.7}}",2,108,2592,shot,,15121158,17.5,41.7,82.91646398635196,5.02962453171087,6875.140000000001,417.0386813484767,8.299999999999997,82.5,,0,1,89,0,0.015960619
"{'name': 'Rony', 'slug': 'rony', 'shortName': 'Rony', 'position': 'F', 'jerseyNumber': '11', 'userCount': 5649, 'gender': 'M', 'sofascoreId': 'Rony', 'id': 835260, 'fieldTranslations': {'nameTranslation': {'ar': 'روني', 'bn': 'রনি', 'hi': 'रोनी'}, 'shortNameTranslation': {'ar': 'روني', 'bn': 'রনি', 'hi': 'रोनी'}}}",True,head,left,"{'x': 0, 'y': 55.2, 'z': 3.2}",,0.076339885592461,0.0,"{'name': 'Carlos Miguel', 'slug': 'carlos-miguel', 'shortName': 'C. Miguel', 'position': 'G', 'jerseyNumber': '1', 'userCount': 5499, 'gender': 'M', 'id': 973738, 'fieldTranslations': {'nameTranslation': {'ar': 'كارلوس ميغيل', 'bn': 'কার্লোস মিগুয়েল', 'hi': 'कार्लोस मिगुएल'}, 'shortNameTranslation': {'ar': 'ك. ميغيل', 'bn': 'সি. মিগুয়েল', 'hi': 'सी. मिगुएल'}}}",6294082,89,,5290,"{'start': {'x': 49.3, 'y': 9}, 'end': {'x': 44.8, 'y': 0}, 'goal': {'x': 44.8, 'y': 96.8}}",2,110,2590,shot,,15121158,9.0,49.3,91.00269226786645,4.606092773949397,8281.49,419.16684326496033,0.7000000000000028,91.0,,0,1,89,0,0.1163078
"{'name': 'Rony', 'slug': 'rony', 'shortName': 'Rony', 'position': 'F', 'jerseyNumber': '11', 'userCount': 5649, 'gender': 'M', 'sofascoreId': 'Rony', 'id': 835260, 'fieldTranslations': {'nameTranslation': {'ar': 'روني', 'bn': 'রনি', 'hi': 'रोनी'}, 'shortNameTranslation': {'ar': 'روني', 'bn': 'রনি', 'hi': 'रोनी'}}}",True,head,low-centre,"{'x': 0, 'y': 50.1, 'z': 19}","{'x': 6.7, 'y': 41.9, 'z': 0}",0.031417466700077,0.0,"{'name': 'Carlos Miguel', 'slug': 'carlos-miguel', 'shortName': 'C. Miguel', 'position': 'G', 'jerseyNumber': '1', 'userCount': 5499, 'gender': 'M', 'id': 973738, 'fieldTranslations': {'nameTranslation': {'ar': 'كارلوس ميغيل', 'bn': 'কার্লোস মিগুয়েল', 'hi': 'कार्लोस मिगुएल'}, 'shortNameTranslation': {'ar': 'ك. ميغيل', 'bn': 'সি. মিগুয়েল', 'hi': 'सी. मिगुएल'}}}",6294087,88,,5244,"{'start': {'x': 40.2, 'y': 8.1}, 'block': {'x': 41.9, 'y': 6.7}, 'end': {'x': 49.9, 'y': 0}, 'goal': {'x': 49.9, 'y': 81}}",3,156,2544,shot,,15121158,8.1,40.2,92.42104738640435,4.5101476992472165,8541.65,416.8325742318096,9.799999999999997,91.9,,0,1,88,0,0.0837858
"{'name': 'Luis Benedetti', 'slug': 'luis-benedetti', 'shortName': 'L. Benedetti', 'position': 'D', 'jerseyNumber': '43', 'userCount': 2822, 'gender': 'M', 'id': 1485284, 'fieldTranslations': {'nameTranslation': {'ar': 'لويس بينيدتي'}, 'shortNameTranslation': {'ar': 'ل. بينيدتي'}}}",False,head,low-centre,"{'x': 0, 'y': 50.5, 'z': 19}","{'x': 6.4, 'y': 50, 'z': 0}",0.0873634070158,0.0,"{'name': 'Everson', 'slug': 'everson', 'shortName': 'Everson', 'position': 'G', 'jerseyNumber': '22', 'userCount': 2199, 'gender': 'M', 'id': 870748, 'fieldTranslations': {'nameTranslation': {'ar': 'إيفرسون', 'bn': 'এভারসন', 'hi': 'एवरसन'}, 'shortNameTranslation': {'ar': 'إيفرسون', 'bn': 'এভারসন', 'hi': 'एवरसन'}}}",6294080,86,,5159,"{'start': {'x': 50.1, 'y': 7.8}, 'block': {'x': 50, 'y': 6.4}, 'end': {'x': 49.5, 'y': 0}, 'goal': {'x': 49.5, 'y': 81}}",5,241,2459,shot,,15121158,7.8,50.1,92.20005422991898,4.546469882209566,8500.85,419.1847696944153,0.10000000000000142,92.2,,0,0,86,0,0.17767707
"{'name': 'Luighi Hanri', 'firstName': 'Luighi', 'slug': 'luighi', 'shortName': 'Luighi', 'position': 'F', 'jerseyNumber': '31', 'userCount': 3805, 'gender': 'M', 'id': 1597267, 'fieldTranslations': {'nameTranslation': {'ar': 'لويغي هنري', 'bn': 'লুইহি হ্যানরি', 'hi': 'लुइगी हेनरी'}, 'shortNameTranslation': {'ar': 'ل. هنري', 'bn': 'লুইঝি', 'hi': 'लुइगी'}}}",False,left-foot,left,"{'x': 0, 'y': 55.5, 'z': 3.2}",,0.29404962062836,0.0,"{'name': 'Everson', 'slug': 'everson', 'shortName': 'Everson', 'position': 'G', 'jerseyNumber': '22', 'userCount': 2199, 'gender': 'M', 'id': 870748, 'fieldTranslations': {'nameTranslation': {'ar': 'إيفرسون', 'bn': 'এভারসন', 'hi': 'एवरसन'}, 'shortNameTranslation': {'ar': 'إيفرسون', 'bn': 'এভারসন', 'hi': 'एवरसन'}}}",6294077,85,,5058,"{'start': {'x': 37.7, 'y': 10.5}, 'end': {'x': 44.5, 'y': 0}, 'goal': {'x': 44.5, 'y': 96.8}}",6,342,2358,shot,,15121158,10.5,37.7,90.34124196622493,4.596897042352466,8161.54,415.28938799698784,12.299999999999997,89.5,,0,0,85,0,0.018944273
"{'name': 'Gustavo Scarpa', 'slug': 'gustavo-scarpa', 'shortName': 'G. Scarpa', 'position': 'M', 'jerseyNumber': '10', 'userCount': 5526, 'gender': 'M', 'sofascoreId': 'gustavoscarpa10', 'id': 559036, 'fieldTranslations': {'nameTranslation': {'ar': 'غوستافو سكاربا', 'bn': 'গুস্তাভো স্কারপা', 'hi': 'गुस्तावो स्कार्पा'}, 'shortNameTranslation': {'ar': 'غوستافو سكاربا', 'bn': 'গুস্তাভো স্কারপা', 'hi': 'गुस्तावो स्कार्पा'}}}",True,left-foot,left,"{'x': 0, 'y': 65.2, 'z': 34.7}",,0.013698926195502,0.0,"{'name': 'Carlos Miguel', 'slug': 'carlos-miguel', 'shortName': 'C. Miguel', 'position': 'G', 'jerseyNumber': '1', 'userCount': 5499, 'gender': 'M', 'id': 973738, 'fieldTranslations': {'nameTranslation': {'ar': 'كارلوس ميغيل', 'bn': 'কার্লোস মিগুয়েল', 'hi': 'कार्लोस मिगुएल'}, 'shortNameTranslation': {'ar': 'ك. ميغيل', 'bn': 'সি. মিগুয়েল', 'hi': 'सी. मिगुएल'}}}",6294076,84,,5018,"{'start': {'x': 66, 'y': 26.2}, 'end': {'x': 34.8, 'y': 0}, 'goal': {'x': 34.8, 'y': 65.3}}",7,382,2318,shot,,15121158,26.2,66.0,75.51450191850569,5.424384888989143,5702.439999999999,409.61972310628386,16.0,73.8,,0,1,84,0,0.011821729
"{'name': 'Luighi Hanri', 'firstName': 'Luighi', 'slug': 'luighi', 'shortName': 'Luighi', 'position': 'F', 'jerseyNumber': '31', 'userCount': 3805, 'gender': 'M', 'id': 1597267, 'fieldTranslations': {'nameTranslation': {'ar': 'لويغي هنري', 'bn': 'লুইহি হ্যানরি', 'hi': 'लुइगी हेनरी'}, 'shortNameTranslation': {'ar': 'ل. هنري', 'bn': 'লুইঝি', 'hi': 'लुइगी'}}}",False,right-foot,low-centre,"{'x': 0, 'y': 48.6, 'z': 3.2}",,0.52816951274872,0.40731665492058,"{'name': 'Everson', 'slug': 'everson', 'shortName': 'Everson', 'position': 'G', 'jerseyNumber': '22', 'userCount': 2199, 'gender': 'M', 'id': 870748, 'fieldTranslations': {'nameTranslation': {'ar': 'إيفرسون', 'bn': 'এভারসন', 'hi': 'एवरसन'}, 'shortNameTranslation': {'ar': 'إيفرسون', 'bn': 'এভারসন', 'hi': 'एवरसन'}}}",6294075,81,,4854,"{'start': {'x': 40.5, 'y': 10.5}, 'end': {'x': 51.4, 'y': 0}, 'goal': {'x': 51.4, 'y': 96.8}}",10,546,2154,shot,regular,15121158,10.5,40.5,90.00277773491216,4.631443206878256,8100.5,416.84275354053244,9.5,89.5,,0,0,81,1,0.042694524
"{'name': 'Rony', 'slug': 'rony', 'shortName': 'Rony', 'position': 'F', 'jerseyNumber': '11', 'userCount': 5649, 'gender': 'M', 'sofascoreId': 'Rony', 'id': 835260, 'fieldTranslations': {'nameTranslation': {'ar': 'روني', 'bn': 'রনি', 'hi': 'रोनी'}, 'shortNameTranslation': {'ar': 'روني', 'bn': 'রনি', 'hi': 'रोनी'}}}",True,right-foot,low-right,"{'x': 0, 'y': 47.1, 'z': 1.9}","{'x': 0.5, 'y': 52, 'z': 0}",0.35835936665535,0.83898741006851,"{'name': 'Carlos Miguel', 'slug': 'carlos-miguel', 'shortName': 'C. Miguel', 'position': 'G', 'jerseyNumber': '1', 'userCount': 5499, 'gender': 'M', 'id': 973738, 'fieldTranslations': {'nameTranslation': {'ar': 'كارلوس ميغيل', 'bn': 'কার্লোস মিগুয়েল', 'hi': 'कार्लोस मिगुएल'}, 'shortNameTranslation': {'ar': 'ك. ميغيل', 'bn': 'সি. মিগুয়েল', 'hi': 'सी. मिगुएल'}}}",6294072,75,,4482,"{'start': {'x': 53.4, 'y': 2}, 'block': {'x': 52, 'y': 0.5}, 'end': {'x': 52.9, 'y': 0}, 'goal': {'x': 52.9, 'y': 98.1}}",16,918,1782,shot,,15121158,2.0,53.4,98.05896185459032,4.272525093938657,9615.56,418.9593752093107,3.3999999999999986,98.0,,0,1,75,0,0.3243111
"{'name': 'Hulk', 'slug': 'hulk', 'shortName': 'Hulk', 'position': 'F', 'jerseyNumber': '7', 'userCount': 24430, 'gender': 'M', 'sofascoreId': 'Hulk', 'id': 34705, 'fieldTranslations': {'nameTranslation': {'ar': 'هولك'}, 'shortNameTranslation': {'ar': 'هولك'}}}",True,left-foot,low-centre,"{'x': 0, 'y': 49.9, 'z': 19}","{'x': 9.7, 'y': 60.5, 'z': 0}",0.0084712142124772,0.0,"{'name': 'Carlos Miguel', 'slug': 'carlos-miguel', 'shortName': 'C. Miguel', 'position': 'G', 'jerseyNumber': '1', 'userCount': 5499, 'gender': 'M', 'id': 973738, 'fieldTranslations': {'nameTranslation': {'ar': 'كارلوس ميغيل', 'bn': 'কার্লোস মিগুয়েল', 'hi': 'कार्लोस मिगुएल'}, 'shortNameTranslation': {'ar': 'ك. ميغيل', 'bn': 'সি. মিগুয়েল', 'hi': 'सी. मिगुएल'}}}",6294068,75,,4479,"{'start': {'x': 70.3, 'y': 18.9}, 'block': {'x': 60.5, 'y': 9.7}, 'end': {'x': 50.1, 'y': 0}, 'goal': {'x': 50.1, 'y': 81}}",16,921,1779,shot,,15121158,18.9,70.3,83.60203346809215,4.864172025495781,6989.299999999999,406.65467247005586,20.299999999999997,81.1,,0,1,75,0,0.012322965
"{'name': 'Igor Gomes', 'slug': 'igor-gomes', 'shortName': 'I. Gomes', 'position': 'M', 'jerseyNumber': '17', 'userCount': 1156, 'gender': 'M', 'id': 913598, 'fieldTranslations': {'nameTranslation': {'ar': 'إيغور غوميز'}, 'shortNameTranslation': {'ar': 'إ. غوميز'}}}",True,right-foot,low-left,"{'x': 0, 'y': 52.2, 'z': 19}","{'x': 19.4, 'y': 43.3, 'z': 0}",0.030697822570801,0.0,"{'name': 'Carlos Miguel', 'slug': 'carlos-miguel', 'shortName': 'C. Miguel', 'position': 'G', 'jerseyNumber': '1', 'userCount': 5499, 'gender': 'M', 'id': 973738, 'fieldTranslations': {'nameTranslation': {'ar': 'كارلوس ميغيل', 'bn': 'কার্লোস মিগুয়েল', 'hi': 'कार्लोस मिगुएल'}, 'shortNameTranslation': {'ar': 'ك. ميغيل', 'bn': 'সি. মিগুয়েল', 'hi': 'सी. मिगुएल'}}}",6294067,75,,4466,"{'start': {'x': 42.1, 'y': 24.7}, 'block': {'x': 43.3, 'y': 19.4}, 'end': {'x': 47.8, 'y': 0}, 'goal': {'x': 47.8, 'y': 81}}",16,934,1766,shot,,15121158,24.7,42.1,75.71327492586752,5.505051250718478,5732.5,416.805458826639,7.899999999999999,75.3,,0,1,75,0,0.017611178
"{'name': 'Guilherme Arana', 'slug': 'guilherme-arana', 'shortName': 'G. Arana', 'position': 'D', 'jerseyNumber': '13', 'userCount': 4924, 'gender': 'M', 'sofascoreId': 'guiarana', 'id': 1127439, 'fieldTranslations': {'nameTranslation': {'ar': 'غيليرمي أرنا', 'bn': 'গুইলহার্ম আরনা', 'hi': 'गिल्हर्मे अराना'}, 'shortNameTranslation': {'ar': 'غ. أرنا', 'bn': 'জি. আরানা', 'hi': 'जी. अराना'}}}",True,left-foot,low-centre,"{'x': 0, 'y': 51, 'z': 11.4}","{'x': 2.8, 'y': 40.4, 'z': 0}",0.10730774700642,0.19559629261494,"{'name': 'Carlos Miguel', 'slug': 'carlos-miguel', 'shortName': 'C. Miguel', 'position': 'G', 'jerseyNumber': '1', 'userCount': 5499, 'gender': 'M', 'id': 973738, 'fieldTranslations': {'nameTranslation': {'ar': 'كارلوس ميغيل', 'bn': 'কার্লোস মিগুয়েল', 'hi': 'कार्लोस मिगुएल'}, 'shortNameTranslation': {'ar': 'ك. ميغيل', 'bn': 'সি. মিগুয়েল', 'hi': 'सी. मिगुएल'}}}",6294066,75,,4451,"{'start': {'x': 36, 'y': 5}, 'block': {'x': 40.4, 'y': 2.8}, 'end': {'x': 49, 'y': 0}, 'goal': {'x': 49, 'y': 88.6}}",16,949,1751,shot,,15121158,5.0,36.0,96.0260381354974,4.319037440316259,9221.000000000002,414.7400539524501,14.0,95.0,,0,1,75,0,0.05131329
"{'name': 'Hulk', 'slug': 'hulk', 'shortName': 'Hulk', 'position': 'F', 'jerseyNumber': '7', 'userCount': 24430, 'gender': 'M', 'sofascoreId': 'Hulk', 'id': 34705, 'fieldTranslations': {'nameTranslation': {'ar': 'هولك'}, 'shortNameTranslation': {'ar': 'هولك'}}}",True,right-foot,low-centre,"{'x': 0, 'y': 50.2, 'z': 19}","{'x': 11.9, 'y': 66.2, 'z': 0}",0.027874350547791,0.0,"{'name': 'Carlos Miguel', 'slug': 'carlos-miguel', 'shortName': 'C. Miguel', 'position': 'G', 'jerseyNumber': '1', 'userCount': 5499, 'gender': 'M', 'id': 973738, 'fieldTranslations': {'nameTranslation': {'ar': 'كارلوس ميغيل', 'bn': 'কার্লোস মিগুয়েল', 'hi': 'कार्लोस मिगुएल'}, 'shortNameTranslation': {'ar': 'ك. ميغيل', 'bn': 'সি. মিগুয়েল', 'hi': 'सी. मिगुएल'}}}",6294065,74,,4384,"{'start': {'x': 71.1, 'y': 15.4}, 'block': {'x': 66.2, 'y': 11.9}, 'end': {'x': 49.8, 'y': 0}, 'goal': {'x': 49.8, 'y': 81}}",17,1016,1684,shot,,15121158,15.4,71.1,87.19157069350224,4.665087535146761,7602.369999999999,406.756309612125,21.099999999999994,84.6,,0,1,74,0,0.009532818
"{'name': 'Bernard', 'slug': 'bernard', 'shortName': 'Bernard', 'position': 'M', 'jerseyNumber': '11', 'userCount': 2377, 'gender': 'M', 'id': 241488, 'fieldTranslations': {'nameTranslation': {'ar': 'برنارد', 'bn': 'বার্নার্ড', 'hi': 'बर्नार्ड'}, 'shortNameTranslation': {'ar': 'برنارد', 'bn': 'বার্নার্ড', 'hi': 'बर्नार्ड'}}}",True,right-foot,low-centre,"{'x': 0, 'y': 51.1, 'z': 19}","{'x': 12.7, 'y': 54.7, 'z': 0}",0.052425015717745,0.0,"{'name': 'Carlos Miguel', 'slug': 'carlos-miguel', 'shortName': 'C. Miguel', 'position': 'G', 'jerseyNumber': '1', 'userCount': 5499, 'gender': 'M', 'id': 973738, 'fieldTranslations': {'nameTranslation': {'ar': 'كارلوس ميغيل', 'bn': 'কার্লোস মিগুয়েল', 'hi': 'कार्लोस मिगुएल'}, 'shortNameTranslation': {'ar': 'ك. ميغيل', 'bn': 'সি. মিগুয়েল', 'hi': 'सी. मिगुएल'}}}",6294063,73,,4378,"{'start': {'x': 55.8, 'y': 15.1}, 'block': {'x': 54.7, 'y': 12.7}, 'end': {'x': 48.9, 'y': 0}, 'goal': {'x': 48.9, 'y': 81}}",18,1022,1678,shot,,15121158,15.1,55.8,85.09788481507634,4.914069153237637,7241.650000000001,418.1768907755362,5.799999999999997,84.9,,0,1,73,0,0.015625698
"{'name': 'Rony', 'slug': 'rony', 'shortName': 'Rony', 'position': 'F', 'jerseyNumber': '11', 'userCount': 5649, 'gender': 'M', 'sofascoreId': 'Rony', 'id': 835260, 'fieldTranslations': {'nameTranslation': {'ar': 'روني', 'bn': 'রনি', 'hi': 'रोनी'}, 'shortNameTranslation': {'ar': 'روني', 'bn': 'রনি', 'hi': 'रोनी'}}}",True,right-foot,low-left,"{'x': 0, 'y': 52.4, 'z': 19}","{'x': 7.1, 'y': 52, 'z': 0}",0.046829085797071,0.0,"{'name': 'Carlos Miguel', 'slug': 'carlos-miguel', 'shortName': 'C. Miguel', 'position': 'G', 'jerseyNumber': '1', 'userCount': 5499, 'gender': 'M', 'id': 973738, 'fieldTranslations': {'nameTranslation': {'ar': 'كارلوس ميغيل', 'bn': 'কার্লোস মিগুয়েল', 'hi': 'कार्लोस मिगुएल'}, 'shortNameTranslation': {'ar': 'ك. ميغيل', 'bn': 'সি. মিগুয়েল', 'hi': 'सी. मिगुएल'}}}",6294064,73,,4377,"{'start': {'x': 56.3, 'y': 14}, 'block': {'x': 52, 'y': 7.1}, 'end': {'x': 47.6, 'y': 0}, 'goal': {'x': 47.6, 'y': 81}}",18,1023,1677,shot,,15121158,14.0,56.3,86.23044705902898,4.847924510689724,7435.689999999999,418.0386978651992,6.299999999999997,86.0,,0,1,73,0,0.06429845
"{'name': 'Guilherme Arana', 'slug': 'guilherme-arana', 'shortName': 'G. Arana', 'position': 'D', 'jerseyNumber': '13', 'userCount': 4924, 'gender': 'M', 'sofascoreId': 'guiarana', 'id': 1127439, 'fieldTranslations': {'nameTranslation': {'ar': 'غيليرمي أرنا', 'bn': 'গুইলহার্ম আরনা', 'hi': 'गिल्हर्मे अराना'}, 'shortNameTranslation': {'ar': 'غ. أرنا', 'bn': 'জি. আরানা', 'hi': 'जी. अराना'}}}",True,left-foot,low-centre,"{'x': 0, 'y': 51.2, 'z': 19}","{'x': 9.4, 'y': 39.7, 'z': 0}",0.02780089341104,0.0,"{'name': 'Carlos Miguel', 'slug': 'carlos-miguel', 'shortName': 'C. Miguel', 'position': 'G', 'jerseyNumber': '1', 'userCount': 5499, 'gender': 'M', 'id': 973738, 'fieldTranslations': {'nameTranslation': {'ar': 'كارلوس ميغيل', 'bn': 'কার্লোস মিগুয়েল', 'hi': 'कार्लोस मिगुएल'}, 'shortNameTranslation': {'ar': 'ك. ميغيل', 'bn': 'সি. মিগুয়েল', 'hi': 'सी. मिगुएल'}}}",6294062,73,,4360,"{'start': {'x': 37.6, 'y': 11.6}, 'block': {'x': 39.7, 'y': 9.4}, 'end': {'x': 48.8, 'y': 0}, 'goal': {'x': 48.8, 'y': 81}}",18,1040,1660,shot,,15121158,11.6,37.6,89.26544684254934,4.650447682400076,7968.3200000000015,415.12429038734075,12.399999999999999,88.4,,0,1,73,0,0.023503263
"{'name': 'Gustavo Scarpa', 'slug': 'gustavo-scarpa', 'shortName': 'G. Scarpa', 'position': 'M', 'jerseyNumber': '10', 'userCount': 5526, 'gender': 'M', 'sofascoreId': 'gustavoscarpa10', 'id': 559036, 'fieldTranslations': {'nameTranslation': {'ar': 'غوستافو سكاربا', 'bn': 'গুস্তাভো স্কারপা', 'hi': 'गुस्तावो स्कार्पा'}, 'shortNameTranslation': {'ar': 'غوستافو سكاربا', 'bn': 'গুস্তাভো স্কারপা', 'hi': 'गुस्तावो स्कार्पा'}}}",True,left-foot,left,"{'x': 0, 'y': 55.4, 'z': 5.7}",,0.020250871777534,0.0,"{'name': 'Carlos Miguel', 'slug': 'carlos-miguel', 'shortName': 'C. Miguel', 'position': 'G', 'jerseyNumber': '1', 'userCount': 5499, 'gender': 'M', 'id': 973738, 'fieldTranslations': {'nameTranslation': {'ar': 'كارلوس ميغيل', 'bn': 'কার্লোস মিগুয়েল', 'hi': 'कार्लोस मिगुएल'}, 'shortNameTranslation': {'ar': 'ك. ميغيل', 'bn': 'সি. মিগুয়েল', 'hi': 'सी. मिगुएल'}}}",6294056,72,,4267,"{'start': {'x': 63.3, 'y': 27.9}, 'end': {'x': 44.6, 'y': 0}, 'goal': {'x': 44.6, 'y': 94.3}}",19,1133,1567,shot,,15121158,27.9,63.3,73.3164374475465,5.621512979315899,5375.299999999999,412.14930470858485,13.299999999999997,72.1,,0,1,72,0,0.01339542
"{'name': 'Gustavo Scarpa', 'slug': 'gustavo-scarpa', 'shortName': 'G. Scarpa', 'position': 'M', 'jerseyNumber': '10', 'userCount': 5526, 'gender': 'M', 'sofascoreId': 'gustavoscarpa10', 'id': 559036, 'fieldTranslations': {'nameTranslation': {'ar': 'غوستافو سكاربا', 'bn': 'গুস্তাভো স্কারপা', 'hi': 'गुस्तावो स्कार्पा'}, 'shortNameTranslation': {'ar': 'غوستافو سكاربا', 'bn': 'গুস্তাভো স্কারপা', 'hi': 'गुस्तावो स्कार्पा'}}}",True,left-foot,low-centre,"{'x': 0, 'y': 49.7, 'z': 19}","{'x': 2, 'y': 51.8, 'z': 0}",0.013141836971045,0.0091671403497458,"{'name': 'Carlos Miguel', 'slug': 'carlos-miguel', 'shortName': 'C. Miguel', 'position': 'G', 'jerseyNumber': '1', 'userCount': 5499, 'gender': 'M', 'id': 973738, 'fieldTranslations': {'nameTranslation': {'ar': 'كارلوس ميغيل', 'bn': 'কার্লোস মিগুয়েল', 'hi': 'कार्लोस मिगुएल'}, 'shortNameTranslation': {'ar': 'ك. ميغيل', 'bn': 'সি. মিগুয়েল', 'hi': 'सी. मिगुएल'}}}",6294029,69,,4139,"{'start': {'x': 69.6, 'y': 27.7}, 'block': {'x': 51.8, 'y': 2}, 'end': {'x': 50.3, 'y': 0}, 'goal': {'x': 50.3, 'y': 81}}",22,1261,1439,shot,,15121158,27.7,69.6,74.90961220030444,5.400649830462297,5611.45,404.56058442957055,19.599999999999994,72.3,,0,1,69,0,0.025959425
"{'name': 'Hulk', 'slug': 'hulk', 'shortName': 'Hulk', 'position': 'F', 'jerseyNumber': '7', 'userCount': 24430, 'gender': 'M', 'sofascoreId': 'Hulk', 'id': 34705, 'fieldTranslations': {'nameTranslation': {'ar': 'هولك'}, 'shortNameTranslation': {'ar': 'هولك'}}}",True,left-foot,low-centre,"{'x': 0, 'y': 51.3, 'z': 3.8}","{'x': 1.5, 'y': 48.9, 'z': 0}",0.011035948060453,0.018609579652548,"{'name': 'Carlos Miguel', 'slug': 'carlos-miguel', 'shortName': 'C. Miguel', 'position': 'G', 'jerseyNumber': '1', 'userCount': 5499, 'gender': 'M', 'id': 973738, 'fieldTranslations': {'nameTranslation': {'ar': 'كارلوس ميغيل', 'bn': 'কার্লোস মিগুয়েল', 'hi': 'कार्लोस मिगुएल'}, 'shortNameTranslation': {'ar': 'ك. ميغيل', 'bn': 'সি. মিগুয়েল', 'hi': 'सी. मिगुएल'}}}",6294027,67,,4015,"{'start': {'x': 28.5, 'y': 29.3}, 'block': {'x': 48.9, 'y': 1.5}, 'end': {'x': 48.7, 'y': 0}, 'goal': {'x': 48.7, 'y': 96.2}}",24,1385,1315,shot,,15121158,29.3,28.5,73.89681995864234,5.427086462943248,5460.740000000001,401.0444312521023,21.5,70.7,,0,1,67,0,0.026445689
"{'name': 'Ramón Sosa', 'slug': 'ramon-sosa', 'shortName': 'R. Sosa', 'position': 'F', 'jerseyNumber': '19', 'userCount': 8373, 'gender': 'M', 'id': 1015733, 'fieldTranslations': {'nameTranslation': {'ar': 'رامون سوسا', 'bn': 'রামন সোসা', 'hi': 'रामोन सोसा'}, 'shortNameTranslation': {'ar': 'ر. سوسا', 'bn': 'আর. সোসা', 'hi': 'आर. सोसा'}}}",False,right-foot,left,"{'x': 0, 'y': 69.2, 'z': 1.4}",,0.053687646985054,0.0,"{'name': 'Everson', 'slug': 'everson', 'shortName': 'Everson', 'position': 'G', 'jerseyNumber': '22', 'userCount': 2199, 'gender': 'M', 'id': 870748, 'fieldTranslations': {'nameTranslation': {'ar': 'إيفرسون', 'bn': 'এভারসন', 'hi': 'एवरसन'}, 'shortNameTranslation': {'ar': 'إيفرسون', 'bn': 'এভারসন', 'hi': 'एवरसन'}}}",6294023,63,,3728,"{'start': {'x': 60, 'y': 10.4}, 'end': {'x': 30.8, 'y': 0}, 'goal': {'x': 30.8, 'y': 98.6}}",28,1672,1028,shot,,15121158,10.4,60.0,90.1563087088197,4.62085970423724,8128.159999999998,416.5996539953579,10.0,89.6,,0,0,63,0,0.0353177
"{'name': 'Gustavo Scarpa', 'slug': 'gustavo-scarpa', 'shortName': 'G. Scarpa', 'position': 'M', 'jerseyNumber': '10', 'userCount': 5526, 'gender': 'M', 'sofascoreId': 'gustavoscarpa10', 'id': 559036, 'fieldTranslations': {'nameTranslation': {'ar': 'غوستافو سكاربا', 'bn': 'গুস্তাভো স্কারপা', 'hi': 'गुस्तावो स्कार्पा'}, 'shortNameTranslation': {'ar': 'غوستافو سكاربا', 'bn': 'গুস্তাভো স্কারপা', 'hi': 'गुस्तावो स्कार्पा'}}}",True,left-foot,low-right,"{'x': 0, 'y': 46.8, 'z': 7}","{'x': 0.7, 'y': 51.4, 'z': 0}",0.015514707192779,0.038549929857254,"{'name': 'Carlos Miguel', 'slug': 'carlos-miguel', 'shortName': 'C. Miguel', 'position': 'G', 'jerseyNumber': '1', 'userCount': 5499, 'gender': 'M', 'id': 973738, 'fieldTranslations': {'nameTranslation': {'ar': 'كارلوس ميغيل', 'bn': 'কার্লোস মিগুয়েল', 'hi': 'कार्लोस मिगुएल'}, 'shortNameTranslation': {'ar': 'ك. ميغيل', 'bn': 'সি. মিগুয়েল', 'hi': 'सी. मिगुएल'}}}",6293972,58,,3479,"{'start': {'x': 73.5, 'y': 23.1}, 'block': {'x': 51.4, 'y': 0.7}, 'end': {'x': 53.2, 'y': 0}, 'goal': {'x': 53.2, 'y': 93}}",33,1921,779,shot,,15121158,23.1,73.5,80.410571444307,4.9858165368512575,6465.86,400.91235684468535,23.5,76.9,,0,1,58,0,0.023458872
"{'name': 'Dudu', 'slug': 'dudu', 'shortName': 'Dudu', 'position': 'F', 'jerseyNumber': '92', 'userCount': 5173, 'gender': 'M', 'sofascoreId': '7_dudu', 'id': 147464, 'fieldTranslations': {'nameTranslation': {'ar': 'دودو'}, 'shortNameTranslation': {'ar': 'دودو'}}}",True,right-foot,high,"{'x': 0, 'y': 47.4, 'z': 79.2}",,0.019257197156549,0.0,"{'name': 'Carlos Miguel', 'slug': 'carlos-miguel', 'shortName': 'C. Miguel', 'position': 'G', 'jerseyNumber': '1', 'userCount': 5499, 'gender': 'M', 'id': 973738, 'fieldTranslations': {'nameTranslation': {'ar': 'كارلوس ميغيل', 'bn': 'কার্লোস মিগুয়েল', 'hi': 'कार्लोस मिगुएल'}, 'shortNameTranslation': {'ar': 'ك. ميغيل', 'bn': 'সি. মিগুয়েল', 'hi': 'सी. मिगुएल'}}}",6293969,56,,3342,"{'start': {'x': 43.7, 'y': 27.6}, 'end': {'x': 52.6, 'y': 0}, 'goal': {'x': 52.6, 'y': 20.8}}",35,2058,642,shot,,15121158,27.6,43.7,72.67358529754812,5.744646807030139,5281.450000000002,417.48407973499224,6.299999999999997,72.4,,0,1,56,0,0.045962967
"{'name': 'Dudu', 'slug': 'dudu', 'shortName': 'Dudu', 'position': 'F', 'jerseyNumber': '92', 'userCount': 5173, 'gender': 'M', 'sofascoreId': '7_dudu', 'id': 147464, 'fieldTranslations': {'nameTranslation': {'ar': 'دودو'}, 'shortNameTranslation': {'ar': 'دودو'}}}",True,right-foot,low-left,"{'x': 0, 'y': 53.9, 'z': 4.4}","{'x': 0.90000000000001, 'y': 49.5, 'z': 0}",0.033933561295271,0.23929205536842,"{'name': 'Carlos Miguel', 'slug': 'carlos-miguel', 'shortName': 'C. Miguel', 'position': 'G', 'jerseyNumber': '1', 'userCount': 5499, 'gender': 'M', 'id': 973738, 'fieldTranslations': {'nameTranslation': {'ar': 'كارلوس ميغيل', 'bn': 'কার্লোস মিগুয়েল', 'hi': 'कार्लोस मिगुएल'}, 'shortNameTranslation': {'ar': 'ك. ميغيل', 'bn': 'সি. মিগুয়েল', 'hi': 'सी. मिगुएल'}}}",6293968,55,,3280,"{'start': {'x': 36.3, 'y': 20.6}, 'block': {'x': 49.5, 'y': 0.90000000000001}, 'end': {'x': 46.1, 'y': 0}, 'goal': {'x': 46.1, 'y': 95.6}}",36,2120,580,shot,,15121158,20.6,36.3,80.5732585911728,5.126351290835284,6492.050000000002,413.04682818566386,13.700000000000003,79.4,,0,1,55,0,0.045431037
"{'name': 'Alan Franco', 'slug': 'alan-franco', 'shortName': 'A. Franco', 'position': 'M', 'jerseyNumber': '21', 'userCount': 3288, 'gender': 'M', 'id': 822729, 'fieldTranslations': {'nameTranslation': {'ar': 'آلان فرانكو', 'bn': 'অ্যালান ফ্রাঙ্কো', 'hi': 'एलन फ्रेंको'}, 'shortNameTranslation': {'ar': 'آ. فرانكو', 'bn': 'অ্যালান ফ্রাঙ্কো', 'hi': 'एलन फ्रेंको'}}}",True,right-foot,high-right,"{'x': 0, 'y': 31.6, 'z': 48.6}",,0.0148104140535,0.0,"{'name': 'Carlos Miguel', 'slug': 'carlos-miguel', 'shortName': 'C. Miguel', 'position': 'G', 'jerseyNumber': '1', 'userCount': 5499, 'gender': 'M', 'id': 973738, 'fieldTranslations': {'nameTranslation': {'ar': 'كارلوس ميغيل', 'bn': 'কার্লোস মিগুয়েল', 'hi': 'कार्लोस मिगुएल'}, 'shortNameTranslation': {'ar': 'ك. ميغيل', 'bn': 'সি. মিগুয়েল', 'hi': 'सी. मिगुएल'}}}",6293837,50,,2951,"{'start': {'x': 27.6, 'y': 24.9}, 'end': {'x': 68.4, 'y': 0}, 'goal': {'x': 68.4, 'y': 51.4}}",41,2449,251,shot,,15121158,24.9,27.6,78.3694455767042,5.125869443143733,6141.77,401.7115463577438,22.4,75.1,,0,1,50,0,0.040107906
"{'name': 'Gustavo Gómez', 'firstName': '', 'lastName': '', 'slug': 'gustavo-gomez', 'shortName': 'G. Gómez', 'position': 'D', 'jerseyNumber': '15', 'userCount': 8406, 'gender': 'M', 'sofascoreId': 'gustavogomez', 'id': 220833, 'fieldTranslations': {'nameTranslation': {'ar': 'غوستافو غوميز', 'bn': 'গুস্তাভো গোমেজ', 'hi': 'गुस्तावो गोमेज़'}, 'shortNameTranslation': {'ar': 'غ. غوميز', 'bn': 'জি. গোমেজ', 'hi': 'जी. गोमेज़'}}}",False,head,close-high,"{'x': 0, 'y': 55.3, 'z': 59.7}",,0.10055790841579,0.0,"{'name': 'Everson', 'slug': 'everson', 'shortName': 'Everson', 'position': 'G', 'jerseyNumber': '22', 'userCount': 2199, 'gender': 'M', 'id': 870748, 'fieldTranslations': {'nameTranslation': {'ar': 'إيفرسون', 'bn': 'এভারসন', 'hi': 'एवरसन'}, 'shortNameTranslation': {'ar': 'إيفرسون', 'bn': 'এভারসন', 'hi': 'एवरसन'}}}",6293836,49,,2892,"{'start': {'x': 46.6, 'y': 7.4}, 'end': {'x': 44.7, 'y': 0}, 'goal': {'x': 44.7, 'y': 40.3}}",42,2508,192,shot,,15121158,7.4,46.6,92.66239798321647,4.520777649905584,8586.32,418.9060977891813,3.3999999999999986,92.6,,0,0,49,0,0.19717161
"{'name': 'Bernard', 'slug': 'bernard', 'shortName': 'Bernard', 'position': 'M', 'jerseyNumber': '11', 'userCount': 2377, 'gender': 'M', 'id': 241488, 'fieldTranslations': {'nameTranslation': {'ar': 'برنارد', 'bn': 'বার্নার্ড', 'hi': 'बर्नार्ड'}, 'shortNameTranslation': {'ar': 'برنارد', 'bn': 'বার্নার্ড', 'hi': 'बर्नार्ड'}}}",True,right-foot,high,"{'x': 0, 'y': 47.5, 'z': 39.9}",,0.10823865234852,0.0,"{'name': 'Carlos Miguel', 'slug': 'carlos-miguel', 'shortName': 'C. Miguel', 'position': 'G', 'jerseyNumber': '1', 'userCount': 5499, 'gender': 'M', 'id': 973738, 'fieldTranslations': {'nameTranslation': {'ar': 'كارلوس ميغيل', 'bn': 'কার্লোস মিগুয়েল', 'hi': 'कार्लोस मिगुएल'}, 'shortNameTranslation': {'ar': 'ك. ميغيل', 'bn': 'সি. মিগুয়েল', 'hi': 'सी. मिगुएल'}}}",6293784,45,3.0,2876,"{'start': {'x': 44.3, 'y': 9.9}, 'end': {'x': 52.5, 'y': 0}, 'goal': {'x': 52.5, 'y': 60.1}}",1,2524,176,shot,,15121158,9.9,44.3,90.28011962774528,4.633831965558072,8150.499999999998,418.3429041854528,5.700000000000003,90.1,,0,1,45,0,0.112829305
"{'name': 'Gustavo Scarpa', 'slug': 'gustavo-scarpa', 'shortName': 'G. Scarpa', 'position': 'M', 'jerseyNumber': '10', 'userCount': 5526, 'gender': 'M', 'sofascoreId': 'gustavoscarpa10', 'id': 559036, 'fieldTranslations': {'nameTranslation': {'ar': 'غوستافو سكاربا', 'bn': 'গুস্তাভো স্কারপা', 'hi': 'गुस्तावो स्कार्पा'}, 'shortNameTranslation': {'ar': 'غوستافو سكاربا', 'bn': 'গুস্তাভো স্কারপা', 'hi': 'गुस्तावो स्कार्पा'}}}",True,left-foot,low-centre,"{'x': 0, 'y': 49.8, 'z': 19}","{'x': 11.1, 'y': 39, 'z': 0}",0.030839897692204,0.0,"{'name': 'Carlos Miguel', 'slug': 'carlos-miguel', 'shortName': 'C. Miguel', 'position': 'G', 'jerseyNumber': '1', 'userCount': 5499, 'gender': 'M', 'id': 973738, 'fieldTranslations': {'nameTranslation': {'ar': 'كارلوس ميغيل', 'bn': 'কার্লোস মিগুয়েল', 'hi': 'कार्लोस मिगुएल'}, 'shortNameTranslation': {'ar': 'ك. ميغيل', 'bn': 'সি. মিগুয়েল', 'hi': 'सी. मिगुएल'}}}",6293783,45,2.0,2767,"{'start': {'x': 30.7, 'y': 19.3}, 'block': {'x': 39, 'y': 11.1}, 'end': {'x': 50.2, 'y': 0}, 'goal': {'x': 50.2, 'y': 81}}",1,2633,67,shot,,15121158,19.3,30.7,82.97577959862745,4.9134205117233805,6884.9800000000005,407.6948974561345,19.3,80.7,,0,1,45,0,0.027220858
"{'name': 'Rony', 'slug': 'rony', 'shortName': 'Rony', 'position': 'F', 'jerseyNumber': '11', 'userCount': 5649, 'gender': 'M', 'sofascoreId': 'Rony', 'id': 835260, 'fieldTranslations': {'nameTranslation': {'ar': 'روني', 'bn': 'রনি', 'hi': 'रोनी'}, 'shortNameTranslation': {'ar': 'روني', 'bn': 'রনি', 'hi': 'रोनी'}}}",True,right-foot,left,"{'x': 0, 'y': 64.2, 'z': 23.6}",,0.31370297074318,0.0,"{'name': 'Carlos Miguel', 'slug': 'carlos-miguel', 'shortName': 'C. Miguel', 'position': 'G', 'jerseyNumber': '1', 'userCount': 5499, 'gender': 'M', 'id': 973738, 'fieldTranslations': {'nameTranslation': {'ar': 'كارلوس ميغيل', 'bn': 'কার্লোস মিগুয়েল', 'hi': 'कार्लोस मिगुएल'}, 'shortNameTranslation': {'ar': 'ك. ميغيل', 'bn': 'সি. মিগুয়েল', 'hi': 'सी. मिगुएल'}}}",6293776,38,,2273,"{'start': {'x': 47.5, 'y': 9.4}, 'end': {'x': 35.8, 'y': 0}, 'goal': {'x': 35.8, 'y': 76.4}}",8,427,2273,shot,,15121158,9.4,47.5,90.63448571046231,4.6231690744741,8214.609999999997,419.01855141747404,2.5,90.6,,0,1,38,0,0.145366
"{'name': 'Dudu', 'slug': 'dudu', 'shortName': 'Dudu', 'position': 'F', 'jerseyNumber': '92', 'userCount': 5173, 'gender': 'M', 'sofascoreId': '7_dudu', 'id': 147464, 'fieldTranslations': {'nameTranslation': {'ar': 'دودو'}, 'shortNameTranslation': {'ar': 'دودو'}}}",True,right-foot,low-centre,"{'x': 0, 'y': 50.6, 'z': 19}","{'x': 11.5, 'y': 31.9, 'z': 0}",0.028512086719275,0.0,"{'name': 'Carlos Miguel', 'slug': 'carlos-miguel', 'shortName': 'C. Miguel', 'position': 'G', 'jerseyNumber': '1', 'userCount': 5499, 'gender': 'M', 'id': 973738, 'fieldTranslations': {'nameTranslation': {'ar': 'كارلوس ميغيل', 'bn': 'কার্লোস মিগুয়েল', 'hi': 'कार्लोस मिगुएल'}, 'shortNameTranslation': {'ar': 'ك. ميغيل', 'bn': 'সি. মিগুয়েল', 'hi': 'सी. मिगुएल'}}}",6293775,38,,2270,"{'start': {'x': 27.7, 'y': 14.3}, 'block': {'x': 31.9, 'y': 11.5}, 'end': {'x': 49.4, 'y': 0}, 'goal': {'x': 49.4, 'y': 81}}",8,430,2270,shot,,15121158,14.3,27.7,88.55382543967256,4.581580855788132,7841.78,405.7165113412079,22.3,85.7,,0,1,38,0,0.016225934
"{'name': 'Rony', 'slug': 'rony', 'shortName': 'Rony', 'position': 'F', 'jerseyNumber': '11', 'userCount': 5649, 'gender': 'M', 'sofascoreId': 'Rony', 'id': 835260, 'fieldTranslations': {'nameTranslation': {'ar': 'روني', 'bn': 'রনি', 'hi': 'रोनी'}, 'shortNameTranslation': {'ar': 'روني', 'bn': 'রনি', 'hi': 'रोनी'}}}",True,right-foot,low-right,"{'x': 0, 'y': 45.7, 'z': 5.7}","{'x': 0.90000000000001, 'y': 54, 'z': 0}",0.11529681831598,0.22482101619244,"{'name': 'Carlos Miguel', 'slug': 'carlos-miguel', 'shortName': 'C. Miguel', 'position': 'G', 'jerseyNumber': '1', 'userCount': 5499, 'gender': 'M', 'id': 973738, 'fieldTranslations': {'nameTranslation': {'ar': 'كارلوس ميغيل', 'bn': 'কার্লোস মিগুয়েল', 'hi': 'कार्लोस मिगुएल'}, 'shortNameTranslation': {'ar': 'ك. ميغيل', 'bn': 'সি. মিগুয়েল', 'hi': 'सी. मिगुएल'}}}",6293779,36,,2116,"{'start': {'x': 59.9, 'y': 10.5}, 'block': {'x': 54, 'y': 0.90000000000001}, 'end': {'x': 54.3, 'y': 0}, 'goal': {'x': 54.3, 'y': 94.3}}",10,584,2116,shot,,15121158,10.5,59.9,90.04587719601604,4.627022642438588,8108.260000000001,416.6443126442107,9.899999999999999,89.5,,0,1,36,0,0.08930322
"{'name': 'Igor Gomes', 'slug': 'igor-gomes', 'shortName': 'I. Gomes', 'position': 'M', 'jerseyNumber': '17', 'userCount': 1156, 'gender': 'M', 'id': 913598, 'fieldTranslations': {'nameTranslation': {'ar': 'إيغور غوميز'}, 'shortNameTranslation': {'ar': 'إ. غوميز'}}}",True,right-foot,high-right,"{'x': 0, 'y': 47.4, 'z': 32.9}","{'x': 1, 'y': 50.4, 'z': 0}",0.037760607898235,0.15488715469837,"{'name': 'Carlos Miguel', 'slug': 'carlos-miguel', 'shortName': 'C. Miguel', 'position': 'G', 'jerseyNumber': '1', 'userCount': 5499, 'gender': 'M', 'id': 973738, 'fieldTranslations': {'nameTranslation': {'ar': 'كارلوس ميغيل', 'bn': 'কার্লোস মিগুয়েল', 'hi': 'कार्लोस मिगुएल'}, 'shortNameTranslation': {'ar': 'ك. ميغيل', 'bn': 'সি. মিগুয়েল', 'hi': 'सी. मिगुएल'}}}",6293766,35,,2072,"{'start': {'x': 60.6, 'y': 27}, 'block': {'x': 50.4, 'y': 1}, 'end': {'x': 52.6, 'y': 0}, 'goal': {'x': 52.6, 'y': 67.1}}",11,628,2072,shot,,15121158,27.0,60.6,73.76557462665087,5.62240909890266,5441.36,414.740237966665,10.600000000000001,73.0,,0,1,35,0,0.033810597
"{'name': 'Gustavo Scarpa', 'slug': 'gustavo-scarpa', 'shortName': 'G. Scarpa', 'position': 'M', 'jerseyNumber': '10', 'userCount': 5526, 'gender': 'M', 'sofascoreId': 'gustavoscarpa10', 'id': 559036, 'fieldTranslations': {'nameTranslation': {'ar': 'غوستافو سكاربا', 'bn': 'গুস্তাভো স্কারপা', 'hi': 'गुस्तावो स्कार्पा'}, 'shortNameTranslation': {'ar': 'غوستافو سكاربا', 'bn': 'গুস্তাভো স্কারপা', 'hi': 'गुस्तावो स्कार्पा'}}}",True,left-foot,high-left,"{'x': 0, 'y': 57.5, 'z': 86.1}",,0.018852656707168,0.0,"{'name': 'Carlos Miguel', 'slug': 'carlos-miguel', 'shortName': 'C. Miguel', 'position': 'G', 'jerseyNumber': '1', 'userCount': 5499, 'gender': 'M', 'id': 973738, 'fieldTranslations': {'nameTranslation': {'ar': 'كارلوس ميغيل', 'bn': 'কার্লোস মিগুয়েল', 'hi': 'कार्लोस मिगुएल'}, 'shortNameTranslation': {'ar': 'ك. ميغيل', 'bn': 'সি. মিগুয়েল', 'hi': 'सी. मिगुएल'}}}",6293760,29,,1719,"{'start': {'x': 62.3, 'y': 26.1}, 'end': {'x': 42.5, 'y': 0}, 'goal': {'x': 42.5, 'y': 13.9}}",17,981,1719,shot,,15121158,26.1,62.3,74.91662031885849,5.518407497446536,5612.500000000001,413.42043925094424,12.299999999999997,73.9,,0,1,29,0,0.040574398
"{'name': 'José López', 'firstName': 'José López', 'slug': 'jose-lopez', 'shortName': 'J. López', 'position': 'F', 'jerseyNumber': '42', 'userCount': 16808, 'gender': 'M', 'id': 1094179, 'fieldTranslations': {'nameTranslation': {'ar': 'خوسيه لوبيز', 'bn': 'হোসে লোপেজ', 'hi': 'जोस लोपेज़'}, 'shortNameTranslation': {'ar': 'خ. لوبيز', 'bn': 'জে. লোপেজ', 'hi': 'जे. लोपेज़'}}}",False,head,low-left,"{'x': 0, 'y': 53.2, 'z': 7}","{'x': 0.90000000000001, 'y': 48.6, 'z': 0}",0.072236239910126,0.38485461473465,"{'name': 'Everson', 'slug': 'everson', 'shortName': 'Everson', 'position': 'G', 'jerseyNumber': '22', 'userCount': 2199, 'gender': 'M', 'id': 870748, 'fieldTranslations': {'nameTranslation': {'ar': 'إيفرسون', 'bn': 'এভারসন', 'hi': 'एवरसन'}, 'shortNameTranslation': {'ar': 'إيفرسون', 'bn': 'এভারসন', 'hi': 'एवरसन'}}}",6293758,28,,1641,"{'start': {'x': 44.6, 'y': 7.7}, 'block': {'x': 48.6, 'y': 0.90000000000001}, 'end': {'x': 46.8, 'y': 0}, 'goal': {'x': 46.8, 'y': 93}}",18,1059,1641,shot,,15121158,7.7,44.6,92.45782822454785,4.526102982337118,8548.449999999997,418.47365206753904,5.399999999999999,92.3,,0,0,28,0,0.14451024
"{'name': 'Rony', 'slug': 'rony', 'shortName': 'Rony', 'position': 'F', 'jerseyNumber': '11', 'userCount': 5649, 'gender': 'M', 'sofascoreId': 'Rony', 'id': 835260, 'fieldTranslations': {'nameTranslation': {'ar': 'روني', 'bn': 'রনি', 'hi': 'रोनी'}, 'shortNameTranslation': {'ar': 'روني', 'bn': 'রনি', 'hi': 'रोनी'}}}",True,head,high-right,"{'x': 0, 'y': 46.7, 'z': 32.9}","{'x': 1.4, 'y': 49.3, 'z': 0}",0.013855925761163,0.22811108827591,"{'name': 'Carlos Miguel', 'slug': 'carlos-miguel', 'shortName': 'C. Miguel', 'position': 'G', 'jerseyNumber': '1', 'userCount': 5499, 'gender': 'M', 'id': 973738, 'fieldTranslations': {'nameTranslation': {'ar': 'كارلوس ميغيل', 'bn': 'কার্লোস মিগুয়েল', 'hi': 'कार्लोस मिगुएल'}, 'shortNameTranslation': {'ar': 'ك. ميغيل', 'bn': 'সি. মিগুয়েল', 'hi': 'सी. मिगुएल'}}}",6293752,26,,1540,"{'start': {'x': 44.8, 'y': 12.8}, 'block': {'x': 49.3, 'y': 1.4}, 'end': {'x': 53.3, 'y': 0}, 'goal': {'x': 53.3, 'y': 67.1}}",20,1160,1540,shot,,15121158,12.8,44.8,87.35490827652445,4.789886618315131,7630.880000000001,418.42010619787015,5.200000000000003,87.2,,0,1,26,0,0.17462735
"{'name': 'Allan', 'firstName': 'Allan', 'slug': 'allan', 'shortName': 'Allan', 'position': 'F', 'jerseyNumber': '40', 'userCount': 4678, 'gender': 'M', 'id': 1835889, 'fieldTranslations': {'nameTranslation': {'ar': 'ألان'}, 'shortNameTranslation': {'ar': 'ألان'}}}",False,left-foot,low-right,"{'x': 0, 'y': 46.1, 'z': 1.3}",,0.061412014067173,0.66279006004333,"{'name': 'Everson', 'slug': 'everson', 'shortName': 'Everson', 'position': 'G', 'jerseyNumber': '22', 'userCount': 2199, 'gender': 'M', 'id': 870748, 'fieldTranslations': {'nameTranslation': {'ar': 'إيفرسون', 'bn': 'এভারসন', 'hi': 'एवरसन'}, 'shortNameTranslation': {'ar': 'إيفرسون', 'bn': 'এভারসন', 'hi': 'एवरसन'}}}",6293746,20,,1181,"{'start': {'x': 48.5, 'y': 15.6}, 'end': {'x': 53.9, 'y': 0}, 'goal': {'x': 53.9, 'y': 98.7}}",26,1519,1181,shot,regular,15121158,15.6,48.5,84.4133283314904,4.964580175969936,7125.610000000001,419.07673642215866,1.5,84.4,,0,0,20,1,0.11761008
"{'name': 'Dudu', 'slug': 'dudu', 'shortName': 'Dudu', 'position': 'F', 'jerseyNumber': '92', 'userCount': 5173, 'gender': 'M', 'sofascoreId': '7_dudu', 'id': 147464, 'fieldTranslations': {'nameTranslation': {'ar': 'دودو'}, 'shortNameTranslation': {'ar': 'دودو'}}}",True,head,high,"{'x': 0, 'y': 52.4, 'z': 66.7}",,0.13480301201344,0.0,"{'name': 'Carlos Miguel', 'slug': 'carlos-miguel', 'shortName': 'C. Miguel', 'position': 'G', 'jerseyNumber': '1', 'userCount': 5499, 'gender': 'M', 'id': 973738, 'fieldTranslations': {'nameTranslation': {'ar': 'كارلوس ميغيل', 'bn': 'কার্লোস মিগুয়েল', 'hi': 'कार्लोस मिगुएल'}, 'shortNameTranslation': {'ar': 'ك. ميغيل', 'bn': 'সি. মিগুয়েল', 'hi': 'सी. मिगुएल'}}}",6293741,19,,1108,"{'start': {'x': 42.8, 'y': 3.5}, 'end': {'x': 47.6, 'y': 0}, 'goal': {'x': 47.6, 'y': 33.3}}",27,1592,1108,shot,,15121158,3.5,42.8,96.76822825700593,4.320092660665248,9364.09,418.04771267867073,7.200000000000003,96.5,,0,1,19,0,0.31111392
"{'name': 'Rony', 'slug': 'rony', 'shortName': 'Rony', 'position': 'F', 'jerseyNumber': '11', 'userCount': 5649, 'gender': 'M', 'sofascoreId': 'Rony', 'id': 835260, 'fieldTranslations': {'nameTranslation': {'ar': 'روني', 'bn': 'রনি', 'hi': 'रोनी'}, 'shortNameTranslation': {'ar': 'روني', 'bn': 'রনি', 'hi': 'रोनी'}}}",True,head,left,"{'x': 0, 'y': 68.2, 'z': 22.2}",,0.071248479187489,0.0,"{'name': 'Carlos Miguel', 'slug': 'carlos-miguel', 'shortName': 'C. Miguel', 'position': 'G', 'jerseyNumber': '1', 'userCount': 5499, 'gender': 'M', 'id': 973738, 'fieldTranslations': {'nameTranslation': {'ar': 'كارلوس ميغيل', 'bn': 'কার্লোস মিগুয়েল', 'hi': 'कार्लोस मिगुएल'}, 'shortNameTranslation': {'ar': 'ك. ميغيل', 'bn': 'সি. মিগুয়েল', 'hi': 'सी. मिगुएल'}}}",6293734,12,,679,"{'start': {'x': 48.2, 'y': 8.3}, 'end': {'x': 31.8, 'y': 0}, 'goal': {'x': 31.8, 'y': 77.8}}",34,2021,679,shot,,15121158,8.3,48.2,91.71766460175489,4.569482949408602,8412.130000000003,419.1023045572959,1.7999999999999972,91.7,,0,1,12,0,0.27616104
"{'name': 'José López', 'firstName': 'José López', 'slug': 'jose-lopez', 'shortName': 'J. López', 'position': 'F', 'jerseyNumber': '42', 'userCount': 16808, 'gender': 'M', 'id': 1094179, 'fieldTranslations': {'nameTranslation': {'ar': 'خوسيه لوبيز', 'bn': 'হোসে লোপেজ', 'hi': 'जोस लोपेज़'}, 'shortNameTranslation': {'ar': 'خ. لوبيز', 'bn': 'জে. লোপেজ', 'hi': 'जे. लोपेज़'}}}",False,left-foot,low-centre,"{'x': 0, 'y': 49.8, 'z': 1.9}",,0.67484754323959,0.99198406934738,"{'name': 'Everson', 'slug': 'everson', 'shortName': 'Everson', 'position': 'G', 'jerseyNumber': '22', 'userCount': 2199, 'gender': 'M', 'id': 870748, 'fieldTranslations': {'nameTranslation': {'ar': 'إيفرسون', 'bn': 'এভারসন', 'hi': 'एवरसन'}, 'shortNameTranslation': {'ar': 'إيفرسون', 'bn': 'এভারসন', 'hi': 'एवरसन'}}}",6293730,9,,524,"{'start': {'x': 52.4, 'y': 11.1}, 'end': {'x': 50.2, 'y': 0}, 'goal': {'x': 50.2, 'y': 98.1}}",37,2176,524,shot,regular,15121158,11.1,52.4,88.93239004997,4.711630745506738,7908.970000000002,419.0165832308361,2.3999999999999986,88.9,,0,0,9,1,0.3153406
"{'name': 'Vitor Roque', 'firstName': 'Vitor Roque', 'slug': 'vitor-roque', 'shortName': 'V. Roque', 'position': 'F', 'jerseyNumber': '9', 'userCount': 72726, 'gender': 'M', 'sofascoreId': 'VRoque', 'id': 1150391, 'fieldTranslations': {'nameTranslation': {'ar': 'فيتور روكي', 'bn': 'ভিটর রোক', 'hi': 'विटोर रोक'}, 'shortNameTranslation': {'ar': 'ف. روكي', 'bn': 'ভি. রোক', 'hi': 'वी. रोक'}}}",False,right-foot,low-centre,"{'x': 0, 'y': 51.8, 'z': 2.5}","{'x': 8.4, 'y': 58.7, 'z': 0}",0.32471463084221,0.39843857288361,"{'name': 'Everson', 'slug': 'everson', 'shortName': 'Everson', 'position': 'G', 'jerseyNumber': '22', 'userCount': 2199, 'gender': 'M', 'id': 870748, 'fieldTranslations': {'nameTranslation': {'ar': 'إيفرسون', 'bn': 'এভারসন', 'hi': 'एवरसन'}, 'shortNameTranslation': {'ar': 'إيفرسون', 'bn': 'এভারসন', 'hi': 'एवरसन'}}}",6293729,9,,522,"{'start': {'x': 61.2, 'y': 11.1}, 'block': {'x': 58.7, 'y': 8.4}, 'end': {'x': 48.2, 'y': 0}, 'goal': {'x': 48.2, 'y': 97.5}}",37,2178,522,shot,,15121158,11.1,61.2,89.60273433327804,4.641588608542651,8028.650000000002,415.8990309756169,11.200000000000003,88.9,,0,0,9,0,0.072610885
"{'name': 'Khellven', 'slug': 'khellven', 'shortName': 'Khellven', 'position': 'D', 'jerseyNumber': '12', 'userCount': 2696, 'gender': 'M', 'id': 984896, 'fieldTranslations': {'nameTranslation': {'ar': 'خيلفن'}, 'shortNameTranslation': {'ar': 'خيلفن'}}}",False,left-foot,close-right,"{'x': 0, 'y': 42.9, 'z': 5.6}",,0.031711459159851,0.0,"{'name': 'Everson', 'slug': 'everson', 'shortName': 'Everson', 'position': 'G', 'jerseyNumber': '22', 'userCount': 2199, 'gender': 'M', 'id': 870748, 'fieldTranslations': {'nameTranslation': {'ar': 'إيفرسون', 'bn': 'এভারসন', 'hi': 'एवरसन'}, 'shortNameTranslation': {'ar': 'إيفرسون', 'bn': 'এভারসন', 'hi': 'एवरसन'}}}",6293727,8,,474,"{'start': {'x': 69.4, 'y': 15.7}, 'end': {'x': 57.1, 'y': 0}, 'goal': {'x': 57.1, 'y': 94.4}}",38,2226,474,shot,,15121158,15.7,69.4,86.50346813856656,4.722666789654823,7482.85,408.5270561679724,19.400000000000006,84.3,,0,0,8,0,0.024979217
"{'name': 'Renzo Saravia', 'firstName': '', 'lastName': '', 'slug': 'renzo-saravia', 'shortName': 'R. Saravia', 'position': 'D', 'jerseyNumber': '26', 'userCount': 1136, 'gender': 'M', 'id': 315916, 'fieldTranslations': {'nameTranslation': {'ar': 'رينزو سارافيا', 'bn': 'রেনজো সারাভিয়া', 'hi': 'रेन्ज़ो साराविया'}, 'shortNameTranslation': {'ar': 'ر. سارافيا', 'bn': 'আর. সারাভিয়া', 'hi': 'आर. साराविया'}}}",True,right-foot,low-centre,"{'x': 0, 'y': 48.7, 'z': 19}","{'x': 8.8, 'y': 70.4, 'z': 0}",0.016176192089915,0.0,"{'name': 'Carlos Miguel', 'slug': 'carlos-miguel', 'shortName': 'C. Miguel', 'position': 'G', 'jerseyNumber': '1', 'userCount': 5499, 'gender': 'M', 'id': 973738, 'fieldTranslations': {'nameTranslation': {'ar': 'كارلوس ميغيل', 'bn': 'কার্লোস মিগুয়েল', 'hi': 'कार्लोस मिगुएल'}, 'shortNameTranslation': {'ar': 'ك. ميغيل', 'bn': 'সি. মিগুয়েল', 'hi': 'सी. मिगुएल'}}}",6293724,7,,377,"{'start': {'x': 73.5, 'y': 10.2}, 'block': {'x': 70.4, 'y': 8.8}, 'end': {'x': 51.3, 'y': 0}, 'goal': {'x': 51.3, 'y': 81}}",39,2323,377,shot,,15121158,10.2,73.5,92.82397319658321,4.3694060908370895,8616.289999999999,405.58563386084944,23.5,89.8,,0,1,7,0,0.03782966
"{'name': 'Guilherme Arana', 'slug': 'guilherme-arana', 'shortName': 'G. Arana', 'position': 'D', 'jerseyNumber': '13', 'userCount': 4924, 'gender': 'M', 'sofascoreId': 'guiarana', 'id': 1127439, 'fieldTranslations': {'nameTranslation': {'ar': 'غيليرمي أرنا', 'bn': 'গুইলহার্ম আরনা', 'hi': 'गिल्हर्मे अराना'}, 'shortNameTranslation': {'ar': 'غ. أرنا', 'bn': 'জি. আরানা', 'hi': 'जी. अराना'}}}",True,head,right,"{'x': 0, 'y': 40.2, 'z': 23.6}","{'x': 0.7, 'y': 60.7, 'z': 0}",0.039973832666874,0.0,"{'name': 'Carlos Miguel', 'slug': 'carlos-miguel', 'shortName': 'C. Miguel', 'position': 'G', 'jerseyNumber': '1', 'userCount': 5499, 'gender': 'M', 'id': 973738, 'fieldTranslations': {'nameTranslation': {'ar': 'كارلوس ميغيل', 'bn': 'কার্লোস মিগুয়েল', 'hi': 'कार्लोस मिगुएल'}, 'shortNameTranslation': {'ar': 'ك. ميغيل', 'bn': 'সি. মিগুয়েল', 'hi': 'सी. मिगुएल'}}}",6293721,5,,280,"{'start': {'x': 55.5, 'y': 10}, 'block': {'x': 60.7, 'y': 0.7}, 'end': {'x': 59.8, 'y': 0}, 'goal': {'x': 59.8, 'y': 76.4}}",41,2420,280,shot,,15121158,10.0,55.5,90.16789894413644,4.640208722663435,8130.250000000001,418.39787118481706,5.5,90.0,,0,1,5,0,0.12280865
"{'name': 'Éder', 'firstName': '', 'lastName': '', 'slug': 'eder-ferreira', 'shortName': 'Éder', 'position': 'D', 'jerseyNumber': '33', 'userCount': 209, 'gender': 'M', 'id': 842072, 'fieldTranslations': {'nameTranslation': {'ar': 'إيدر'}, 'shortNameTranslation': {'ar': 'إيدر'}}}",False,head,low-centre,"{'x': 0, 'y': 51.5, 'z': 10.8}","{'x': 1.1, 'y': 47.3, 'z': 0}",0.015726448968053,0.017796028405428,"{'name': 'Agustín Rossi', 'slug': 'agustin-rossi', 'shortName': 'A. Rossi', 'position': 'G', 'jerseyNumber': '1', 'userCount': 10903, 'gender': 'M', 'sofascoreId': 'AgustinRossi', 'id': 1140986, 'fieldTranslations': {'nameTranslation': {'ar': 'أوغستين روسي', 'bn': 'অগাস্টিন রসি', 'hi': 'अगस्टिन रॉसी'}, 'shortNameTranslation': {'ar': 'أ. روسي', 'bn': 'অগাস্টিন রসি', 'hi': 'अगस्टिन रॉसी'}}}",6294094,90,2.0,5467,"{'start': {'x': 39.9, 'y': 13.2}, 'block': {'x': 47.3, 'y': 1.1}, 'end': {'x': 48.5, 'y': 0}, 'goal': {'x': 48.5, 'y': 89.2}}",1,833,67,shot,,13472620,13.2,39.9,87.38563955250314,4.76467278253867,7636.250000000001,416.3639783605464,10.100000000000001,86.8,,0,0,90,0,0.039667085
"{'name': 'Everton', 'firstName': 'Everton', 'slug': 'everton', 'shortName': 'Everton', 'position': 'M', 'jerseyNumber': '11', 'userCount': 12417, 'gender': 'M', 'sofascoreId': 'Evertons', 'id': 386198, 'fieldTranslations': {'nameTranslation': {'ar': 'إيفرتون', 'bn': 'এভারটন', 'hi': 'एवर्टन'}, 'shortNameTranslation': {'ar': 'إيفرتون', 'bn': 'এভারটন', 'hi': 'एवर्टन'}}}",True,right-foot,close-high,"{'x': 0, 'y': 46.1, 'z': 48.6}",,0.03328375890851,0.0,"{'name': 'Bruno Ferreira', 'firstName': 'Bruno Ferreira', 'lastName': 'Ventura Diniz', 'slug': 'bruno-ferreira', 'shortName': 'B. Ferreira', 'position': 'G', 'jerseyNumber': '94', 'userCount': 352, 'gender': 'M', 'id': 1066241, 'fieldTranslations': {'nameTranslation': {'ar': 'برونو فيريرا'}, 'shortNameTranslation': {'ar': 'ب. فيريرا'}}}",6294091,90,,5365,"{'start': {'x': 24.2, 'y': 14.8}, 'end': {'x': 53.9, 'y': 0}, 'goal': {'x': 53.9, 'y': 51.4}}",1,35,2665,shot,,13472620,14.8,24.2,89.02067175662067,4.507430937506148,7924.680000000001,401.25452995337173,25.8,85.2,,0,1,90,0,0.009244675
"{'name': 'Jorginho', 'slug': 'jorginho', 'shortName': 'Jorginho', 'position': 'M', 'jerseyNumber': '21', 'userCount': 32424, 'gender': 'M', 'sofascoreId': 'jorginhofrello', 'id': 132874, 'fieldTranslations': {'nameTranslation': {'ar': 'جورجينيو', 'bn': 'জর্গিনহো', 'hi': 'जोर्गिनहो'}, 'shortNameTranslation': {'ar': 'جورجينيو', 'bn': 'জর্গিনহো', 'hi': 'जोर्गिनहो'}}}",True,right-foot,close-right,"{'x': 0, 'y': 41.7, 'z': 23.6}",,0.027777234092355,0.0,"{'name': 'Bruno Ferreira', 'firstName': 'Bruno Ferreira', 'lastName': 'Ventura Diniz', 'slug': 'bruno-ferreira', 'shortName': 'B. Ferreira', 'position': 'G', 'jerseyNumber': '94', 'userCount': 352, 'gender': 'M', 'id': 1066241, 'fieldTranslations': {'nameTranslation': {'ar': 'برونو فيريرا'}, 'shortNameTranslation': {'ar': 'ب. فيريرا'}}}",6294028,66,,3958,"{'start': {'x': 31.2, 'y': 23.8}, 'end': {'x': 58.3, 'y': 0}, 'goal': {'x': 58.3, 'y': 76.4}}",25,1442,1258,shot,,13472620,23.8,31.2,78.48490300688408,5.185300798879376,6159.880000000002,406.96783026156635,18.8,76.2,,0,1,66,0,0.02720002
"{'name': 'Bruno Henrique', 'slug': 'bruno-henrique', 'shortName': 'B. Henrique', 'position': 'F', 'jerseyNumber': '27', 'userCount': 33804, 'gender': 'M', 'sofascoreId': 'B.henrique', 'id': 795291, 'fieldTranslations': {'nameTranslation': {'ar': 'برونو هنريكي', 'bn': 'ব্রুনো হেনরিক', 'hi': 'ब्रूनो हेनरिक'}, 'shortNameTranslation': {'ar': 'ب. هنريكي', 'bn': 'বি. হেনরিক', 'hi': 'बी. हेनरिक'}}}",True,right-foot,low-centre,"{'x': 0, 'y': 50.6, 'z': 5.1}","{'x': 1.2, 'y': 54.3, 'z': 0}",0.10393675416708,0.16063140332699,"{'name': 'Bruno Ferreira', 'firstName': 'Bruno Ferreira', 'lastName': 'Ventura Diniz', 'slug': 'bruno-ferreira', 'shortName': 'B. Ferreira', 'position': 'G', 'jerseyNumber': '94', 'userCount': 352, 'gender': 'M', 'id': 1066241, 'fieldTranslations': {'nameTranslation': {'ar': 'برونو فيريرا'}, 'shortNameTranslation': {'ar': 'ب. فيريرا'}}}",6294026,60,,3584,"{'start': {'x': 65.8, 'y': 10}, 'block': {'x': 54.3, 'y': 1.2}, 'end': {'x': 49.4, 'y': 0}, 'goal': {'x': 49.4, 'y': 94.9}}",31,1816,884,shot,,13472620,10.0,65.8,91.37636455889455,4.518602049528167,8349.64,412.89342817425387,15.799999999999997,90.0,,0,1,60,0,0.054789998
"{'name': 'Samuel Lino', 'slug': 'samuel-lino', 'shortName': 'S. Lino', 'position': 'M', 'jerseyNumber': '16', 'userCount': 22216, 'gender': 'M', 'sofascoreId': 'osamuellino', 'id': 874705, 'fieldTranslations': {'nameTranslation': {'ar': 'صامويل لينو', 'bn': 'স্যামুয়েল লিনো', 'hi': 'सैमुअल लिनो'}, 'shortNameTranslation': {'ar': 'ص. لينو', 'bn': 'এস. লিনো', 'hi': 'एस. लिनो'}}}",True,right-foot,high,"{'x': 0, 'y': 51.1, 'z': 66.7}",,0.06426615267992,0.0,"{'name': 'Bruno Ferreira', 'firstName': 'Bruno Ferreira', 'lastName': 'Ventura Diniz', 'slug': 'bruno-ferreira', 'shortName': 'B. Ferreira', 'position': 'G', 'jerseyNumber': '94', 'userCount': 352, 'gender': 'M', 'id': 1066241, 'fieldTranslations': {'nameTranslation': {'ar': 'برونو فيريرا'}, 'shortNameTranslation': {'ar': 'ب. فيريرا'}}}",6294021,59,,3493,"{'start': {'x': 36, 'y': 15.7}, 'end': {'x': 48.9, 'y': 0}, 'goal': {'x': 48.9, 'y': 33.3}}",32,1907,793,shot,,13472620,15.7,36.0,85.45460783363293,4.838975343290032,7302.489999999999,413.51274027746905,14.0,84.3,,0,1,59,0,0.023846298
"{'name': 'Giorgian De Arrascaeta', 'slug': 'giorgian-de-arrascaeta', 'shortName': 'Arrascaeta', 'position': 'M', 'jerseyNumber': '10', 'userCount': 86628, 'gender': 'M', 'sofascoreId': 'G10DeArrascaeta', 'id': 333587, 'fieldTranslations': {'nameTranslation': {'ar': 'جيورجيان دي أراسكايتا', 'bn': 'জর্জিয়ান ডি আরাসকায়েটা', 'hi': 'जियोर्जियन डी अर्रास्काटा'}, 'shortNameTranslation': {'ar': 'ج. دي أراسكايتا', 'bn': 'জি. ডি আরাসকায়েটা', 'hi': 'जी. डी अर्रास्काटा'}}}",True,right-foot,close-high-left,"{'x': 0, 'y': 57.3, 'z': 55.6}",,0.090655028820038,0.0,"{'name': 'Bruno Ferreira', 'firstName': 'Bruno Ferreira', 'lastName': 'Ventura Diniz', 'slug': 'bruno-ferreira', 'shortName': 'B. Ferreira', 'position': 'G', 'jerseyNumber': '94', 'userCount': 352, 'gender': 'M', 'id': 1066241, 'fieldTranslations': {'nameTranslation': {'ar': 'برونو فيريرا'}, 'shortNameTranslation': {'ar': 'ب. فيريرا'}}}",6293970,56,,3302,"{'start': {'x': 39.1, 'y': 14.4}, 'end': {'x': 42.7, 'y': 0}, 'goal': {'x': 42.7, 'y': 44.4}}",35,2098,602,shot,,13472620,14.4,39.1,86.29119306163288,4.818711013236885,7446.169999999999,415.8123223514406,10.899999999999999,85.6,,0,1,56,0,0.09106455
"{'name': 'Danilo', 'slug': 'danilo', 'shortName': 'Danilo', 'position': 'D', 'jerseyNumber': '13', 'userCount': 15280, 'gender': 'M', 'sofascoreId': 'Danilo', 'id': 124992, 'fieldTranslations': {'nameTranslation': {'ar': 'دانيلو', 'bn': 'দানিলো', 'hi': 'डेनिलो'}, 'shortNameTranslation': {'ar': 'دانيلو', 'bn': 'দানিলো', 'hi': 'डेनिलो'}}}",True,head,right,"{'x': 0, 'y': 37.5, 'z': 9.7}",,0.27232629060745,0.0,"{'name': 'Bruno Ferreira', 'firstName': 'Bruno Ferreira', 'lastName': 'Ventura Diniz', 'slug': 'bruno-ferreira', 'shortName': 'B. Ferreira', 'position': 'G', 'jerseyNumber': '94', 'userCount': 352, 'gender': 'M', 'id': 1066241, 'fieldTranslations': {'nameTranslation': {'ar': 'برونو فيريرا'}, 'shortNameTranslation': {'ar': 'ب. فيريرا'}}}",6293814,45,4.0,2903,"{'start': {'x': 59.3, 'y': 1.7}, 'end': {'x': 62.5, 'y': 0}, 'goal': {'x': 62.5, 'y': 90.3}}",1,2497,203,shot,,13472620,1.7,59.3,98.73894874870807,4.2268660921795655,9749.38,417.3563144433701,9.299999999999997,98.3,,0,1,45,0,0.16093734
"{'name': 'Giorgian De Arrascaeta', 'slug': 'giorgian-de-arrascaeta', 'shortName': 'Arrascaeta', 'position': 'M', 'jerseyNumber': '10', 'userCount': 86628, 'gender': 'M', 'sofascoreId': 'G10DeArrascaeta', 'id': 333587, 'fieldTranslations': {'nameTranslation': {'ar': 'جيورجيان دي أراسكايتا', 'bn': 'জর্জিয়ান ডি আরাসকায়েটা', 'hi': 'जियोर्जियन डी अर्रास्काटा'}, 'shortNameTranslation': {'ar': 'ج. دي أراسكايتا', 'bn': 'জি. ডি আরাসকায়েটা', 'hi': 'जी. डी अर्रास्काटा'}}}",True,right-foot,low-centre,"{'x': 0, 'y': 48.9, 'z': 8.2}","{'x': 3.6, 'y': 46, 'z': 0}",0.04829303175211,0.027223059907556,"{'name': 'Bruno Ferreira', 'firstName': 'Bruno Ferreira', 'lastName': 'Ventura Diniz', 'slug': 'bruno-ferreira', 'shortName': 'B. Ferreira', 'position': 'G', 'jerseyNumber': '94', 'userCount': 352, 'gender': 'M', 'id': 1066241, 'fieldTranslations': {'nameTranslation': {'ar': 'برونو فيريرا'}, 'shortNameTranslation': {'ar': 'ب. فيريرا'}}}",6293780,40,,2382,"{'start': {'x': 30.1, 'y': 14.8}, 'block': {'x': 46, 'y': 3.6}, 'end': {'x': 51.1, 'y': 0}, 'goal': {'x': 51.1, 'y': 91.8}}",6,318,2382,shot,,13472620,14.8,30.1,87.49314258843376,4.665781939122007,7655.05,408.2239244861407,19.9,85.2,,0,1,40,0,0.019169413
"{'name': 'Samuel Lino', 'slug': 'samuel-lino', 'shortName': 'S. Lino', 'position': 'M', 'jerseyNumber': '16', 'userCount': 22216, 'gender': 'M', 'sofascoreId': 'osamuellino', 'id': 874705, 'fieldTranslations': {'nameTranslation': {'ar': 'صامويل لينو', 'bn': 'স্যামুয়েল লিনো', 'hi': 'सैमुअल लिनो'}, 'shortNameTranslation': {'ar': 'ص. لينو', 'bn': 'এস. লিনো', 'hi': 'एस. लिनो'}}}",True,left-foot,low-centre,"{'x': 0, 'y': 50, 'z': 7}",,0.091739356517792,0.12669062614441,"{'name': 'Bruno Ferreira', 'firstName': 'Bruno Ferreira', 'lastName': 'Ventura Diniz', 'slug': 'bruno-ferreira', 'shortName': 'B. Ferreira', 'position': 'G', 'jerseyNumber': '94', 'userCount': 352, 'gender': 'M', 'id': 1066241, 'fieldTranslations': {'nameTranslation': {'ar': 'برونو فيريرا'}, 'shortNameTranslation': {'ar': 'ب. فيريرا'}}}",6293777,37,,2219,"{'start': {'x': 35.8, 'y': 3.6}, 'end': {'x': 50, 'y': 0}, 'goal': {'x': 50, 'y': 93}}",9,481,2219,shot,regular,13472620,3.6,35.8,97.4402380949472,4.256447400615686,9494.6,414.74924815461156,14.200000000000003,96.4,,0,1,37,1,0.08446281
"{'name': 'Giorgian De Arrascaeta', 'slug': 'giorgian-de-arrascaeta', 'shortName': 'Arrascaeta', 'position': 'M', 'jerseyNumber': '10', 'userCount': 86628, 'gender': 'M', 'sofascoreId': 'G10DeArrascaeta', 'id': 333587, 'fieldTranslations': {'nameTranslation': {'ar': 'جيورجيان دي أراسكايتا', 'bn': 'জর্জিয়ান ডি আরাসকায়েটা', 'hi': 'जियोर्जियन डी अर्रास्काटा'}, 'shortNameTranslation': {'ar': 'ج. دي أراسكايتا', 'bn': 'জি. ডি আরাসকায়েটা', 'hi': 'जी. डी अर्रास्काटा'}}}",True,left-foot,high-left,"{'x': 0, 'y': 61.7, 'z': 55.6}",,0.05413743853569,0.0,"{'name': 'Bruno Ferreira', 'firstName': 'Bruno Ferreira', 'lastName': 'Ventura Diniz', 'slug': 'bruno-ferreira', 'shortName': 'B. Ferreira', 'position': 'G', 'jerseyNumber': '94', 'userCount': 352, 'gender': 'M', 'id': 1066241, 'fieldTranslations': {'nameTranslation': {'ar': 'برونو فيريرا'}, 'shortNameTranslation': {'ar': 'ب. فيريرا'}}}",6293768,36,,2102,"{'start': {'x': 54, 'y': 19.4}, 'end': {'x': 38.3, 'y': 0}, 'goal': {'x': 38.3, 'y': 44.4}}",10,598,2102,shot,,13472620,19.4,54.0,80.69919454368798,5.18723309221033,6512.36,418.6055324517376,4.0,80.6,,0,1,36,0,0.076736234
"{'name': 'Guillermo Varela', 'firstName': '', 'lastName': '', 'slug': 'guillermo-varela', 'shortName': 'G. Varela', 'position': 'D', 'jerseyNumber': '2', 'userCount': 7474, 'gender': 'M', 'id': 311456, 'fieldTranslations': {'nameTranslation': {'ar': 'غويليرمو فاريلا', 'bn': 'গুইলারমো ভারেলা', 'hi': 'गिलर्मो वारेला'}, 'shortNameTranslation': {'ar': 'غ. فاريلا', 'bn': 'জি. ভারেলা', 'hi': 'जी. वारेला'}}}",True,head,left,"{'x': 0, 'y': 68.4, 'z': 11.1}","{'x': 1.6, 'y': 45.5, 'z': 0}",0.2317870259285,0.0,"{'name': 'Bruno Ferreira', 'firstName': 'Bruno Ferreira', 'lastName': 'Ventura Diniz', 'slug': 'bruno-ferreira', 'shortName': 'B. Ferreira', 'position': 'G', 'jerseyNumber': '94', 'userCount': 352, 'gender': 'M', 'id': 1066241, 'fieldTranslations': {'nameTranslation': {'ar': 'برونو فيريرا'}, 'shortNameTranslation': {'ar': 'ب. فيريرا'}}}",6293774,34,,2002,"{'start': {'x': 58.1, 'y': 3.3}, 'block': {'x': 45.5, 'y': 1.6}, 'end': {'x': 31.6, 'y': 0}, 'goal': {'x': 31.6, 'y': 88.9}}",12,698,2002,shot,,13472620,3.3,58.1,97.03865209286452,4.304974602933787,9416.5,417.74893276270933,8.100000000000001,96.7,,0,1,34,0,0.25554943
"{'name': 'Bruno Henrique', 'slug': 'bruno-henrique', 'shortName': 'B. Henrique', 'position': 'F', 'jerseyNumber': '27', 'userCount': 33804, 'gender': 'M', 'sofascoreId': 'B.henrique', 'id': 795291, 'fieldTranslations': {'nameTranslation': {'ar': 'برونو هنريكي', 'bn': 'ব্রুনো হেনরিক', 'hi': 'ब्रूनो हेनरिक'}, 'shortNameTranslation': {'ar': 'ب. هنريكي', 'bn': 'বি. হেনরিক', 'hi': 'बी. हेनरिक'}}}",True,head,high,"{'x': 0, 'y': 51.8, 'z': 65.3}",,0.26693251729012,0.0,"{'name': 'Bruno Ferreira', 'firstName': 'Bruno Ferreira', 'lastName': 'Ventura Diniz', 'slug': 'bruno-ferreira', 'shortName': 'B. Ferreira', 'position': 'G', 'jerseyNumber': '94', 'userCount': 352, 'gender': 'M', 'id': 1066241, 'fieldTranslations': {'nameTranslation': {'ar': 'برونو فيريرا'}, 'shortNameTranslation': {'ar': 'ب. فيريرا'}}}",6293762,33,,1935,"{'start': {'x': 51.3, 'y': 4.2}, 'end': {'x': 48.2, 'y': 0}, 'goal': {'x': 48.2, 'y': 34.7}}",13,765,1935,shot,,13472620,4.2,51.3,95.80882005327067,4.374992063989823,9179.33,419.1628273932882,1.2999999999999972,95.8,,0,1,33,0,0.59066576
"{'name': 'Jorginho', 'slug': 'jorginho', 'shortName': 'Jorginho', 'position': 'M', 'jerseyNumber': '21', 'userCount': 32424, 'gender': 'M', 'sofascoreId': 'jorginhofrello', 'id': 132874, 'fieldTranslations': {'nameTranslation': {'ar': 'جورجينيو', 'bn': 'জর্গিনহো', 'hi': 'जोर्गिनहो'}, 'shortNameTranslation': {'ar': 'جورجينيو', 'bn': 'জর্গিনহো', 'hi': 'जोर्गिनहो'}}}",True,right-foot,close-high-right,"{'x': 0, 'y': 42.9, 'z': 50}",,0.032325517386198,0.0,"{'name': 'Bruno Ferreira', 'firstName': 'Bruno Ferreira', 'lastName': 'Ventura Diniz', 'slug': 'bruno-ferreira', 'shortName': 'B. Ferreira', 'position': 'G', 'jerseyNumber': '94', 'userCount': 352, 'gender': 'M', 'id': 1066241, 'fieldTranslations': {'nameTranslation': {'ar': 'برونو فيريرا'}, 'shortNameTranslation': {'ar': 'ب. فيريرا'}}}",6293755,27,,1577,"{'start': {'x': 32.3, 'y': 23.5}, 'end': {'x': 57.1, 'y': 0}, 'goal': {'x': 57.1, 'y': 50}}",19,1123,1577,shot,,13472620,23.5,32.3,78.52095261775675,5.20084052686125,6165.54,408.37495258218127,17.700000000000003,76.5,,0,1,27,0,0.030566242
"{'name': 'Bruno Henrique', 'slug': 'bruno-henrique', 'shortName': 'B. Henrique', 'position': 'F', 'jerseyNumber': '27', 'userCount': 33804, 'gender': 'M', 'sofascoreId': 'B.henrique', 'id': 795291, 'fieldTranslations': {'nameTranslation': {'ar': 'برونو هنريكي', 'bn': 'ব্রুনো হেনরিক', 'hi': 'ब्रूनो हेनरिक'}, 'shortNameTranslation': {'ar': 'ب. هنريكي', 'bn': 'বি. হেনরিক', 'hi': 'बी. हेनरिक'}}}",True,right-foot,right,"{'x': 0, 'y': 38.3, 'z': 26.4}",,0.016304580494761,0.0,"{'name': 'Bruno Ferreira', 'firstName': 'Bruno Ferreira', 'lastName': 'Ventura Diniz', 'slug': 'bruno-ferreira', 'shortName': 'B. Ferreira', 'position': 'G', 'jerseyNumber': '94', 'userCount': 352, 'gender': 'M', 'id': 1066241, 'fieldTranslations': {'nameTranslation': {'ar': 'برونو فيريرا'}, 'shortNameTranslation': {'ar': 'ب. فيريرا'}}}",6293736,13,,748,"{'start': {'x': 75.9, 'y': 9.7}, 'end': {'x': 61.7, 'y': 0}, 'goal': {'x': 61.7, 'y': 73.6}}",33,1952,748,shot,,13472620,9.7,75.9,93.94093889247648,4.290014406671033,8824.9,403.0079812249273,25.900000000000006,90.3,,0,1,13,0,0.08313786
"{'name': 'Jorge Carrascal', 'slug': 'jorge-carrascal', 'shortName': 'J. Carrascal', 'position': 'M', 'jerseyNumber': '15', 'userCount': 14920, 'gender': 'M', 'id': 590392, 'fieldTranslations': {'nameTranslation': {'ar': 'جورج كاراسكال', 'bn': 'জর্জ ক্যারাস্কাল', 'hi': 'जॉर्ज कैरासकल'}, 'shortNameTranslation': {'ar': 'ج. كاراسكال', 'bn': 'জে. ক্যারাস্কাল', 'hi': 'जे. कैरासकल'}}}",True,right-foot,right,"{'x': 0, 'y': 38, 'z': 2.8}",,0.17137287557125,0.0,"{'name': 'Bruno Ferreira', 'firstName': 'Bruno Ferreira', 'lastName': 'Ventura Diniz', 'slug': 'bruno-ferreira', 'shortName': 'B. Ferreira', 'position': 'G', 'jerseyNumber': '94', 'userCount': 352, 'gender': 'M', 'id': 1066241, 'fieldTranslations': {'nameTranslation': {'ar': 'برونو فيريرا'}, 'shortNameTranslation': {'ar': 'ب. فيريرا'}}}",6293732,10,,561,"{'start': {'x': 48.7, 'y': 7.6}, 'end': {'x': 62, 'y': 0}, 'goal': {'x': 62, 'y': 97.2}}",36,2139,561,shot,,13472620,7.6,48.7,92.40914456913883,4.53574916884742,8539.45,419.1447006733725,1.2999999999999972,92.4,,0,1,10,0,0.27869216
"{'name': 'Jorginho', 'slug': 'jorginho', 'shortName': 'Jorginho', 'position': 'M', 'jerseyNumber': '21', 'userCount': 32424, 'gender': 'M', 'sofascoreId': 'jorginhofrello', 'id': 132874, 'fieldTranslations': {'nameTranslation': {'ar': 'جورجينيو', 'bn': 'জর্গিনহো', 'hi': 'जोर्गिनहो'}, 'shortNameTranslation': {'ar': 'جورجينيو', 'bn': 'জর্গিনহো', 'hi': 'जोर्गिनहो'}}}",True,right-foot,low-centre,"{'x': 0, 'y': 49.3, 'z': 3.8}","{'x': 2.4, 'y': 49.5, 'z': 0}",0.011588849127293,0.012615216895938,"{'name': 'Bruno Ferreira', 'firstName': 'Bruno Ferreira', 'lastName': 'Ventura Diniz', 'slug': 'bruno-ferreira', 'shortName': 'B. Ferreira', 'position': 'G', 'jerseyNumber': '94', 'userCount': 352, 'gender': 'M', 'id': 1066241, 'fieldTranslations': {'nameTranslation': {'ar': 'برونو فيريرا'}, 'shortNameTranslation': {'ar': 'ب. فيريرا'}}}",6293720,4,,197,"{'start': {'x': 36.7, 'y': 25.8}, 'block': {'x': 49.5, 'y': 2.4}, 'end': {'x': 50.7, 'y': 0}, 'goal': {'x': 50.7, 'y': 96.2}}",42,2503,197,shot,,13472620,25.8,36.7,75.38255766422363,5.472645562286684,5682.53,412.5420196749335,13.299999999999997,74.2,,0,1,4,0,0.029131532
"{'name': 'Keny Arroyo', 'firstName': 'Keny Arroyo', 'lastName': '', 'slug': 'arroyo-keny', 'shortName': 'K. Arroyo', 'position': 'M', 'jerseyNumber': '99', 'userCount': 6022, 'gender': 'M', 'id': 1482431, 'fieldTranslations': {'nameTranslation': {'ar': 'أرويو، كيني', 'bn': 'অ্যারোয়ো, কেনি', 'hi': 'अरोयो, केन्या'}, 'shortNameTranslation': {'ar': 'ك. أرويو', 'bn': 'কে. অ্যারোয়ো', 'hi': 'के. अरोयो'}}}",True,left-foot,left,"{'x': 0, 'y': 62.7, 'z': 19.4}","{'x': 14, 'y': 59.7, 'z': 0}",0.0073965173214674,0.0,"{'name': 'Raúl', 'slug': 'raul', 'shortName': 'Raúl', 'position': 'G', 'jerseyNumber': '1', 'userCount': 540, 'gender': 'M', 'id': 866736, 'fieldTranslations': {'nameTranslation': {'ar': 'راؤول'}, 'shortNameTranslation': {'ar': 'راؤول'}}}",6297993,90,13.0,6133,"{'start': {'x': 66.4, 'y': 22.3}, 'block': {'x': 59.7, 'y': 14}, 'end': {'x': 37.3, 'y': 0}, 'goal': {'x': 37.3, 'y': 80.6}}",1,167,733,shot,,13472634,22.3,66.4,79.41190087134297,5.164504147283596,6306.250000000002,410.12309139372456,16.400000000000006,77.7,,0,1,90,0,0.011681713
"{'name': 'Alex Telles', 'slug': 'alex-telles', 'shortName': 'A. Telles', 'position': 'D', 'jerseyNumber': '13', 'userCount': 7622, 'gender': 'M', 'sofascoreId': 'alextelles13', 'id': 312110, 'fieldTranslations': {'nameTranslation': {'ar': 'أليكس تيليس', 'bn': 'অ্যালেক্স টেলস', 'hi': 'एलेक्स टेलिस'}, 'shortNameTranslation': {'ar': 'أ. تيليس', 'bn': 'এ. টেলস', 'hi': 'ए. टेलिस'}}}",False,left-foot,low-left,"{'x': 0, 'y': 53.9, 'z': 4.4}",,0.7884,0.85339403152466,"{'name': 'Cássio', 'slug': 'cassio', 'shortName': 'Cássio', 'position': 'G', 'jerseyNumber': '1', 'userCount': 4585, 'gender': 'M', 'sofascoreId': 'rcassio12', 'id': 27756, 'fieldTranslations': {'nameTranslation': {'ar': 'كاسيو', 'bn': 'ক্যাসিও', 'hi': 'कैसियो'}, 'shortNameTranslation': {'ar': 'كاسيو', 'bn': 'ক্যাসিও', 'hi': 'कैसियो'}}}",6297964,90,5.0,5684,"{'start': {'x': 50, 'y': 11.5}, 'end': {'x': 46.1, 'y': 0}, 'goal': {'x': 46.1, 'y': 95.6}}",1,616,284,shot,penalty,13472634,11.5,50.0,88.5,4.736341767417068,7832.25,419.1662464164105,0.0,88.5,,0,0,90,1,0.47658873
"{'name': 'Keny Arroyo', 'firstName': 'Keny Arroyo', 'lastName': '', 'slug': 'arroyo-keny', 'shortName': 'K. Arroyo', 'position': 'M', 'jerseyNumber': '99', 'userCount': 6022, 'gender': 'M', 'id': 1482431, 'fieldTranslations': {'nameTranslation': {'ar': 'أرويو، كيني', 'bn': 'অ্যারোয়ো, কেনি', 'hi': 'अरोयो, केन्या'}, 'shortNameTranslation': {'ar': 'ك. أرويو', 'bn': 'কে. অ্যারোয়ো', 'hi': 'के. अरोयो'}}}",True,left-foot,close-right,"{'x': 0, 'y': 42, 'z': 11.1}",,0.025682952255011,0.0,"{'name': 'Raúl', 'slug': 'raul', 'shortName': 'Raúl', 'position': 'G', 'jerseyNumber': '1', 'userCount': 540, 'gender': 'M', 'id': 866736, 'fieldTranslations': {'nameTranslation': {'ar': 'راؤول'}, 'shortNameTranslation': {'ar': 'راؤول'}}}",6297955,81,,4821,"{'start': {'x': 69.3, 'y': 9.3}, 'end': {'x': 58, 'y': 0}, 'goal': {'x': 58, 'y': 88.9}}",10,579,2121,shot,,13472634,9.3,69.3,92.73068532044826,4.421887491238703,8598.979999999998,410.0446574724826,19.299999999999997,90.7,,0,1,81,0,0.019557517
"{'name': 'Eduardo', 'slug': 'eduardo', 'shortName': 'Eduardo', 'position': 'M', 'jerseyNumber': '21', 'userCount': 1732, 'gender': 'M', 'id': 76507, 'fieldTranslations': {'nameTranslation': {'ar': 'إدواردو', 'bn': 'এডুয়ার্ডো', 'hi': 'एडुआर्डो'}, 'shortNameTranslation': {'ar': 'إدواردو', 'bn': 'এডুয়ার্ডো', 'hi': 'एडुआर्डो'}}}",True,right-foot,low-centre,"{'x': 0, 'y': 51.4, 'z': 13.9}","{'x': 1, 'y': 53.8, 'z': 0}",0.030651606619358,0.054336167871952,"{'name': 'Raúl', 'slug': 'raul', 'shortName': 'Raúl', 'position': 'G', 'jerseyNumber': '1', 'userCount': 540, 'gender': 'M', 'id': 866736, 'fieldTranslations': {'nameTranslation': {'ar': 'راؤول'}, 'shortNameTranslation': {'ar': 'راؤول'}}}",6297961,81,,4808,"{'start': {'x': 70.8, 'y': 7.1}, 'block': {'x': 53.8, 'y': 1}, 'end': {'x': 48.6, 'y': 0}, 'goal': {'x': 48.6, 'y': 86.1}}",10,592,2108,shot,,13472634,7.1,70.8,95.20005252099392,4.297362529145585,9063.050000000001,409.1091384764109,20.799999999999997,92.9,,0,1,81,0,0.031145062
"{'name': 'Arthur Cabral', 'slug': 'arthur-cabral', 'shortName': 'A. Cabral', 'position': 'F', 'jerseyNumber': '19', 'userCount': 4955, 'gender': 'M', 'sofascoreId': 'arthurcabral9', 'id': 870762, 'fieldTranslations': {'nameTranslation': {'ar': 'أرثر كابرال', 'bn': 'আর্থার ক্যাব্রাল', 'hi': 'आर्थर कैब्राल'}, 'shortNameTranslation': {'ar': 'أ. كابرال', 'bn': 'এ. ক্যাব্রাল', 'hi': 'ए. कैब्राल'}}}",False,left-foot,low-left,"{'x': 0, 'y': 51.9, 'z': 15.2}","{'x': 1.4, 'y': 50.7, 'z': 0}",0.13585475087166,0.23197428882122,"{'name': 'Cássio', 'slug': 'cassio', 'shortName': 'Cássio', 'position': 'G', 'jerseyNumber': '1', 'userCount': 4585, 'gender': 'M', 'sofascoreId': 'rcassio12', 'id': 27756, 'fieldTranslations': {'nameTranslation': {'ar': 'كاسيو', 'bn': 'ক্যাসিও', 'hi': 'कैसियो'}, 'shortNameTranslation': {'ar': 'كاسيو', 'bn': 'ক্যাসিও', 'hi': 'कैसियो'}}}",6297953,74,,4426,"{'start': {'x': 54.6, 'y': 14.1}, 'block': {'x': 50.7, 'y': 1.4}, 'end': {'x': 48.1, 'y': 0}, 'goal': {'x': 48.1, 'y': 84.8}}",17,974,1726,shot,,13472634,14.1,54.6,86.02307829879143,4.865618525211837,7399.970000000001,418.55548336634797,4.600000000000001,85.9,,0,0,74,0,0.060264472
"{'name': 'Marçal', 'slug': 'marcal', 'shortName': 'Marçal', 'position': 'D', 'jerseyNumber': '21', 'userCount': 1065, 'gender': 'M', 'id': 143593, 'fieldTranslations': {'nameTranslation': {'ar': 'مارسال', 'bn': 'মার্চাল', 'hi': 'मार्शल'}, 'shortNameTranslation': {'ar': 'مارسال', 'bn': 'মার্চাল', 'hi': 'मार्शल'}}}",False,head,high-centre,"{'x': 0, 'y': 49, 'z': 25.9}",,0.2816199362278,0.52425169944763,"{'name': 'Cássio', 'slug': 'cassio', 'shortName': 'Cássio', 'position': 'G', 'jerseyNumber': '1', 'userCount': 4585, 'gender': 'M', 'sofascoreId': 'rcassio12', 'id': 27756, 'fieldTranslations': {'nameTranslation': {'ar': 'كاسيو', 'bn': 'ক্যাসিও', 'hi': 'कैसियो'}, 'shortNameTranslation': {'ar': 'كاسيو', 'bn': 'ক্যাসিও', 'hi': 'कैसियो'}}}",6297920,57,,3419,"{'start': {'x': 48, 'y': 4.1}, 'end': {'x': 51, 'y': 0}, 'goal': {'x': 51, 'y': 74.1}}",34,1981,719,shot,regular,13472634,4.1,48.0,95.92085279020408,4.369341517269189,9200.810000000001,419.1109644681048,2.0,95.9,,0,0,57,1,0.5600084
"{'name': 'Matheus Pereira', 'slug': 'matheus-pereira', 'shortName': 'M. Pereira', 'position': 'M', 'jerseyNumber': '10', 'userCount': 14142, 'gender': 'M', 'sofascoreId': 'matheus_pereira', 'id': 377238, 'fieldTranslations': {'nameTranslation': {'ar': 'ماثيوس بيريرا', 'bn': 'ম্যাথিউস পেরেইরা', 'hi': 'मैथियस परेरा'}, 'shortNameTranslation': {'ar': 'م. بيريرا', 'bn': 'এম. পেরেইরা', 'hi': 'एम. परेरा'}}}",True,right-foot,low-right,"{'x': 0, 'y': 47.4, 'z': 6.3}",,0.58779966831207,0.96676594018936,"{'name': 'Raúl', 'slug': 'raul', 'shortName': 'Raúl', 'position': 'G', 'jerseyNumber': '1', 'userCount': 540, 'gender': 'M', 'id': 866736, 'fieldTranslations': {'nameTranslation': {'ar': 'راؤول'}, 'shortNameTranslation': {'ar': 'راؤول'}}}",6297914,50,,2995,"{'start': {'x': 57.7, 'y': 6.9}, 'end': {'x': 52.6, 'y': 0}, 'goal': {'x': 52.6, 'y': 93.7}}",41,2405,295,shot,regular,13472634,6.9,57.7,93.41787837453813,4.4720572751998136,8726.9,417.7701026185846,7.700000000000003,93.1,,0,1,50,1,0.5323104
"{'name': 'Kaio Jorge', 'firstName': '', 'lastName': '', 'slug': 'kaio-jorge', 'shortName': 'K. Jorge', 'position': 'F', 'jerseyNumber': '19', 'userCount': 26981, 'gender': 'M', 'sofascoreId': 'kaiojorge', 'id': 954888, 'fieldTranslations': {'nameTranslation': {'ar': 'كايو جورج', 'bn': 'কাইও জর্জ', 'hi': 'काइओ जॉर्ज'}, 'shortNameTranslation': {'ar': 'ك. جورج', 'bn': 'কে. জর্জ', 'hi': 'के. जॉर्ज'}}}",True,left-foot,low-right,"{'x': 0, 'y': 46.8, 'z': 4.4}","{'x': 2.5, 'y': 47.1, 'z': 0}",0.059024471789598,0.25813055038452,"{'name': 'Raúl', 'slug': 'raul', 'shortName': 'Raúl', 'position': 'G', 'jerseyNumber': '1', 'userCount': 540, 'gender': 'M', 'id': 866736, 'fieldTranslations': {'nameTranslation': {'ar': 'راؤول'}, 'shortNameTranslation': {'ar': 'راؤول'}}}",6297913,50,,2992,"{'start': {'x': 35.4, 'y': 14.4}, 'block': {'x': 47.1, 'y': 2.5}, 'end': {'x': 53.2, 'y': 0}, 'goal': {'x': 53.2, 'y': 95.6}}",41,2408,292,shot,,13472634,14.4,35.4,86.83616758010454,4.758589194460323,7540.5199999999995,413.21764873503133,14.600000000000001,85.6,,0,1,50,0,0.05882898
"{'name': 'Artur', 'slug': 'artur', 'shortName': 'Artur', 'position': 'M', 'jerseyNumber': '7', 'userCount': 3071, 'gender': 'M', 'id': 841128, 'fieldTranslations': {'nameTranslation': {'ar': 'أرثور'}, 'shortNameTranslation': {'ar': 'أرثور'}}}",False,right-foot,low-right,"{'x': 0, 'y': 47.1, 'z': 9.5}","{'x': 2.4, 'y': 52.7, 'z': 0}",0.10430835187435,0.39963868260384,"{'name': 'Cássio', 'slug': 'cassio', 'shortName': 'Cássio', 'position': 'G', 'jerseyNumber': '1', 'userCount': 4585, 'gender': 'M', 'sofascoreId': 'rcassio12', 'id': 27756, 'fieldTranslations': {'nameTranslation': {'ar': 'كاسيو', 'bn': 'ক্যাসিও', 'hi': 'कैसियो'}, 'shortNameTranslation': {'ar': 'كاسيو', 'bn': 'ক্যাসিও', 'hi': 'कैसियो'}}}",6297834,45,,2663,"{'start': {'x': 66.7, 'y': 10.8}, 'block': {'x': 52.7, 'y': 2.4}, 'end': {'x': 52.9, 'y': 0}, 'goal': {'x': 52.9, 'y': 90.5}}",1,37,2663,shot,,13472634,10.8,66.7,90.74982093646246,4.54049847488368,8235.529999999999,412.0494235579749,16.700000000000003,89.2,,0,0,45,0,0.038744934
"{'name': 'Cuiabano', 'firstName': 'Cuiabano', 'lastName': '', 'slug': 'cuiabano', 'shortName': 'Cuiabano', 'position': 'D', 'jerseyNumber': '6', 'userCount': 2707, 'gender': 'M', 'id': 1160554, 'fieldTranslations': {'nameTranslation': {'ar': 'كويابانو', 'bn': 'কুইয়াবানো', 'hi': 'क्युइबानो'}, 'shortNameTranslation': {'ar': 'كويابانو', 'bn': 'কুইয়াবানো', 'hi': 'क्युइबानो'}}}",False,left-foot,low-centre,"{'x': 0, 'y': 49.4, 'z': 4.4}","{'x': 1, 'y': 46.7, 'z': 0}",0.029487710446119,0.048320971429348,"{'name': 'Cássio', 'slug': 'cassio', 'shortName': 'Cássio', 'position': 'G', 'jerseyNumber': '1', 'userCount': 4585, 'gender': 'M', 'sofascoreId': 'rcassio12', 'id': 27756, 'fieldTranslations': {'nameTranslation': {'ar': 'كاسيو', 'bn': 'ক্যাসিও', 'hi': 'कैसियो'}, 'shortNameTranslation': {'ar': 'كاسيو', 'bn': 'ক্যাসিও', 'hi': 'कैसियो'}}}",6297830,36,,2110,"{'start': {'x': 31.5, 'y': 10.7}, 'block': {'x': 46.7, 'y': 1}, 'end': {'x': 50.6, 'y': 0}, 'goal': {'x': 50.6, 'y': 95.6}}",10,590,2110,shot,,13472634,10.7,31.5,91.19616219995225,4.50129354814463,8316.74,410.50069652619624,18.5,89.3,,0,0,36,0,0.03993766
"{'name': 'Kaiki', 'firstName': 'Kaiki', 'lastName': '', 'slug': 'kaiki', 'shortName': 'Kaiki', 'position': 'D', 'jerseyNumber': '6', 'userCount': 2601, 'gender': 'M', 'id': 1112484, 'fieldTranslations': {'nameTranslation': {'ar': 'كاكي'}, 'shortNameTranslation': {'ar': 'كاكي'}}}",True,left-foot,high,"{'x': 0, 'y': 50.8, 'z': 79.2}",,0.13244430720806,0.0,"{'name': 'Raúl', 'slug': 'raul', 'shortName': 'Raúl', 'position': 'G', 'jerseyNumber': '1', 'userCount': 540, 'gender': 'M', 'id': 866736, 'fieldTranslations': {'nameTranslation': {'ar': 'راؤول'}, 'shortNameTranslation': {'ar': 'راؤول'}}}",6297829,34,,1986,"{'start': {'x': 49.2, 'y': 10.8}, 'end': {'x': 49.2, 'y': 0}, 'goal': {'x': 49.2, 'y': 20.8}}",12,714,1986,shot,,13472634,10.8,49.2,89.20358737180922,4.698838089685637,7957.280000000002,419.15321407925785,0.7999999999999972,89.2,,0,1,34,0,0.16600625
"{'name': 'Luis Sinisterra', 'slug': 'luis-sinisterra', 'shortName': 'L. Sinisterra', 'position': 'F', 'jerseyNumber': '17', 'userCount': 6568, 'gender': 'M', 'sofascoreId': 'Sinisterra29', 'id': 836070, 'fieldTranslations': {'nameTranslation': {'ar': 'لويس سينيستيرا', 'bn': 'লুইস সিনিস্টেরা', 'hi': 'लुइस सिनिस्टर्रा'}, 'shortNameTranslation': {'ar': 'ل. سينيستيرا', 'bn': 'এল. সিনিস্টেরা', 'hi': 'एल. सिनिस्टर्रा'}}}",True,right-foot,low-centre,"{'x': 0, 'y': 50.5, 'z': 19}","{'x': 15.9, 'y': 40.2, 'z': 0}",0.058239411562681,0.0,"{'name': 'Raúl', 'slug': 'raul', 'shortName': 'Raúl', 'position': 'G', 'jerseyNumber': '1', 'userCount': 540, 'gender': 'M', 'id': 866736, 'fieldTranslations': {'nameTranslation': {'ar': 'راؤول'}, 'shortNameTranslation': {'ar': 'راؤول'}}}",6297828,27,,1591,"{'start': {'x': 36.3, 'y': 22.7}, 'block': {'x': 40.2, 'y': 15.9}, 'end': {'x': 49.5, 'y': 0}, 'goal': {'x': 49.5, 'y': 81}}",19,1109,1591,shot,,13472634,22.7,36.3,78.50464954383276,5.257100786278371,6162.9800000000005,412.7068548433911,13.700000000000003,77.3,,0,1,27,0,0.033279173
"{'name': 'Marçal', 'slug': 'marcal', 'shortName': 'Marçal', 'position': 'D', 'jerseyNumber': '21', 'userCount': 1065, 'gender': 'M', 'id': 143593, 'fieldTranslations': {'nameTranslation': {'ar': 'مارسال', 'bn': 'মার্চাল', 'hi': 'मार्शल'}, 'shortNameTranslation': {'ar': 'مارسال', 'bn': 'মার্চাল', 'hi': 'मार्शल'}}}",False,head,left,"{'x': 0, 'y': 59.5, 'z': 13.9}","{'x': 1.6, 'y': 44.2, 'z': 0}",0.12665635347366,0.0,"{'name': 'Cássio', 'slug': 'cassio', 'shortName': 'Cássio', 'position': 'G', 'jerseyNumber': '1', 'userCount': 4585, 'gender': 'M', 'sofascoreId': 'rcassio12', 'id': 27756, 'fieldTranslations': {'nameTranslation': {'ar': 'كاسيو', 'bn': 'ক্যাসিও', 'hi': 'कैसियो'}, 'shortNameTranslation': {'ar': 'كاسيو', 'bn': 'ক্যাসিও', 'hi': 'कैसियो'}}}",6297827,18,,1038,"{'start': {'x': 54, 'y': 5.5}, 'block': {'x': 44.2, 'y': 1.6}, 'end': {'x': 40.5, 'y': 0}, 'goal': {'x': 40.5, 'y': 86.1}}",28,1662,1038,shot,,13472634,5.5,54.0,94.58461819978976,4.428018401848634,8946.25,418.8224299204963,4.0,94.5,,0,0,18,0,0.2545669
"{'name': 'Christian', 'slug': 'christian', 'shortName': 'Christian', 'position': 'M', 'jerseyNumber': '88', 'userCount': 1765, 'gender': 'M', 'id': 981733, 'fieldTranslations': {'nameTranslation': {'ar': 'كريستيان'}, 'shortNameTranslation': {'ar': 'كريستيان'}}}",True,head,high-centre,"{'x': 0, 'y': 48.6, 'z': 23.4}",,0.77914518117905,0.99409985542297,"{'name': 'Raúl', 'slug': 'raul', 'shortName': 'Raúl', 'position': 'G', 'jerseyNumber': '1', 'userCount': 540, 'gender': 'M', 'id': 866736, 'fieldTranslations': {'nameTranslation': {'ar': 'راؤول'}, 'shortNameTranslation': {'ar': 'راؤول'}}}",6297785,15,,885,"{'start': {'x': 50.9, 'y': 3.2}, 'end': {'x': 51.4, 'y': 0}, 'goal': {'x': 51.4, 'y': 76.6}}",31,1815,885,shot,regular,13472634,3.2,50.9,96.80418379388361,4.3302610509988,9371.049999999997,419.18738665638347,0.8999999999999986,96.8,,0,1,15,1,0.585087
"{'name': 'Lucas Silva', 'slug': 'lucas-silva', 'shortName': 'L. Silva', 'position': 'M', 'jerseyNumber': '16', 'userCount': 2408, 'gender': 'M', 'id': 245159, 'fieldTranslations': {'nameTranslation': {'ar': 'لوكاس سيلفا', 'bn': 'লুকাস সিলভা', 'hi': 'लुकास सिल्वा'}, 'shortNameTranslation': {'ar': 'ل. سيلفا', 'bn': 'এল. সিলভা', 'hi': 'एल. सिल्वा'}}}",True,right-foot,close-left,"{'x': 0, 'y': 57.5, 'z': 6.9}",,0.018365511670709,0.0,"{'name': 'Raúl', 'slug': 'raul', 'shortName': 'Raúl', 'position': 'G', 'jerseyNumber': '1', 'userCount': 540, 'gender': 'M', 'id': 866736, 'fieldTranslations': {'nameTranslation': {'ar': 'راؤول'}, 'shortNameTranslation': {'ar': 'راؤول'}}}",6297781,14,,810,"{'start': {'x': 46.4, 'y': 30.3}, 'end': {'x': 42.5, 'y': 0}, 'goal': {'x': 42.5, 'y': 93.1}}",32,1890,810,shot,,13472634,30.3,46.4,69.79290794916056,5.995846252341562,4871.05,418.467545566994,3.6000000000000014,69.7,,0,1,14,0,0.059627537
"{'name': 'Kaio Jorge', 'firstName': '', 'lastName': '', 'slug': 'kaio-jorge', 'shortName': 'K. Jorge', 'position': 'F', 'jerseyNumber': '19', 'userCount': 26981, 'gender': 'M', 'sofascoreId': 'kaiojorge', 'id': 954888, 'fieldTranslations': {'nameTranslation': {'ar': 'كايو جورج', 'bn': 'কাইও জর্জ', 'hi': 'काइओ जॉर्ज'}, 'shortNameTranslation': {'ar': 'ك. جورج', 'bn': 'কে. জর্জ', 'hi': 'के. जॉर्ज'}}}",True,right-foot,high-right,"{'x': 0, 'y': 43.2, 'z': 94.4}",,0.061330448836088,0.0,"{'name': 'Raúl', 'slug': 'raul', 'shortName': 'Raúl', 'position': 'G', 'jerseyNumber': '1', 'userCount': 540, 'gender': 'M', 'id': 866736, 'fieldTranslations': {'nameTranslation': {'ar': 'راؤول'}, 'shortNameTranslation': {'ar': 'راؤول'}}}",6297772,8,,475,"{'start': {'x': 55, 'y': 16.7}, 'end': {'x': 56.8, 'y': 0}, 'goal': {'x': 56.8, 'y': 5.6}}",38,2225,475,shot,,13472634,16.7,55.0,83.4499251048196,5.013633285884598,6963.89,418.3873222101003,5.0,83.3,,0,1,8,0,0.048770268
"{'name': 'Arthur Cabral', 'slug': 'arthur-cabral', 'shortName': 'A. Cabral', 'position': 'F', 'jerseyNumber': '19', 'userCount': 4955, 'gender': 'M', 'sofascoreId': 'arthurcabral9', 'id': 870762, 'fieldTranslations': {'nameTranslation': {'ar': 'أرثر كابرال', 'bn': 'আর্থার ক্যাব্রাল', 'hi': 'आर्थर कैब्राल'}, 'shortNameTranslation': {'ar': 'أ. كابرال', 'bn': 'এ. ক্যাব্রাল', 'hi': 'ए. कैब्राल'}}}",False,left-foot,close-high,"{'x': 0, 'y': 52.3, 'z': 59.7}",,0.18911345303059,0.0,"{'name': 'Cássio', 'slug': 'cassio', 'shortName': 'Cássio', 'position': 'G', 'jerseyNumber': '1', 'userCount': 4585, 'gender': 'M', 'sofascoreId': 'rcassio12', 'id': 27756, 'fieldTranslations': {'nameTranslation': {'ar': 'كاسيو', 'bn': 'ক্যাসিও', 'hi': 'कैसियो'}, 'shortNameTranslation': {'ar': 'كاسيو', 'bn': 'ক্যাসিও', 'hi': 'कैसियो'}}}",6297768,6,,345,"{'start': {'x': 55.4, 'y': 13}, 'end': {'x': 47.7, 'y': 0}, 'goal': {'x': 47.7, 'y': 40.3}}",40,2355,345,shot,,13472634,13.0,55.4,87.16742510823639,4.799471453677833,7598.159999999999,418.3575684975809,5.399999999999999,87.0,,0,0,6,0,0.08382359
"{'name': 'Jordan Barrera', 'firstName': 'Jordan Andres', 'lastName': 'Barrera Herrera', 'slug': 'jordan-andres-barrera-herrera', 'shortName': 'J. Barrera', 'position': 'M', 'jerseyNumber': '14', 'userCount': 2295, 'gender': 'M', 'id': 1899902, 'fieldTranslations': {'nameTranslation': {'ar': 'جوردان باريرا'}, 'shortNameTranslation': {'ar': 'ج. باريرا'}}}",False,right-foot,right,"{'x': 0, 'y': 44.5, 'z': 4.4}",,0.085838377475739,0.0,"{'name': 'Cássio', 'slug': 'cassio', 'shortName': 'Cássio', 'position': 'G', 'jerseyNumber': '1', 'userCount': 4585, 'gender': 'M', 'sofascoreId': 'rcassio12', 'id': 27756, 'fieldTranslations': {'nameTranslation': {'ar': 'كاسيو', 'bn': 'ক্যাসিও', 'hi': 'कैसियो'}, 'shortNameTranslation': {'ar': 'كاسيو', 'bn': 'ক্যাসিও', 'hi': 'कैसियो'}}}",6297769,6,,343,"{'start': {'x': 67.1, 'y': 2.9}, 'end': {'x': 55.5, 'y': 0}, 'goal': {'x': 55.5, 'y': 95.6}}",40,2357,343,shot,,13472634,2.9,67.1,98.59421889745867,4.187690985323957,9720.819999999998,412.88212168194457,17.099999999999994,97.1,,0,0,6,0,0.05745843
"{'name': 'Cristian Renato', 'firstName': '', 'lastName': '', 'slug': 'cristian-renato', 'shortName': 'C. Renato', 'position': 'F', 'jerseyNumber': '17', 'userCount': 258, 'gender': 'M', 'id': 1148306, 'fieldTranslations': {'nameTranslation': {'ar': 'كريستيان ريناتو'}, 'shortNameTranslation': {'ar': 'ك. ريناتو'}}}",True,right-foot,low-left,"{'x': 0, 'y': 53.7, 'z': 19}","{'x': 3.5, 'y': 48.6, 'z': 0}",0.30694925785065,0.0,"{'name': 'Dyogo Alves', 'slug': 'dyogo-alves', 'shortName': 'D. Alves', 'position': 'G', 'jerseyNumber': '49', 'userCount': 2385, 'gender': 'M', 'id': 1514629, 'fieldTranslations': {'nameTranslation': {'ar': 'ديغو ألفيس'}, 'shortNameTranslation': {'ar': 'د. ألفيس'}}}",6307442,90,6.0,5705,"{'start': {'x': 49.3, 'y': 4.6}, 'block': {'x': 48.6, 'y': 3.5}, 'end': {'x': 46.3, 'y': 0}, 'goal': {'x': 46.3, 'y': 81}}",1,595,305,shot,,13472593,4.6,49.3,95.40256809960621,4.393888958050476,9101.650000000001,419.1882905425183,0.7000000000000028,95.4,,0,1,90,0,0.54180616
"{'name': 'Lucas Ramon', 'slug': 'lucas-ramon', 'shortName': 'L. Ramon', 'position': 'D', 'jerseyNumber': '19', 'userCount': 643, 'gender': 'M', 'id': 797225, 'fieldTranslations': {'nameTranslation': {'ar': 'لوكاس رامون'}, 'shortNameTranslation': {'ar': 'ل. رامون'}}}",True,right-foot,left,"{'x': 0, 'y': 61.2, 'z': 9.7}","{'x': 4.9, 'y': 50.2, 'z': 0}",0.041367933154106,0.0,"{'name': 'Dyogo Alves', 'slug': 'dyogo-alves', 'shortName': 'D. Alves', 'position': 'G', 'jerseyNumber': '49', 'userCount': 2385, 'gender': 'M', 'id': 1514629, 'fieldTranslations': {'nameTranslation': {'ar': 'ديغو ألفيس'}, 'shortNameTranslation': {'ar': 'د. ألفيس'}}}",6307436,90,6.0,5704,"{'start': {'x': 68.8, 'y': 6.5}, 'block': {'x': 50.2, 'y': 4.9}, 'end': {'x': 38.8, 'y': 0}, 'goal': {'x': 38.8, 'y': 90.3}}",1,596,304,shot,,13472593,6.5,68.8,95.37132692796091,4.309527723652915,9095.69,411.0053774376133,18.799999999999997,93.5,,0,1,90,0,0.035544872
"{'name': 'Michael', 'slug': 'michael', 'shortName': 'Michael', 'position': 'M', 'jerseyNumber': '96', 'userCount': 8988, 'gender': 'M', 'sofascoreId': 'Michael19', 'id': 878084, 'fieldTranslations': {'nameTranslation': {'ar': 'مايكل', 'bn': 'মাইকেল', 'hi': 'माइकल'}, 'shortNameTranslation': {'ar': 'مايكل', 'bn': 'মাইকেল', 'hi': 'माइकल'}}}",False,right-foot,low-centre,"{'x': 0, 'y': 49.7, 'z': 3.8}","{'x': 0.7, 'y': 48.9, 'z': 0}",0.095298491418362,0.062162820249796,"{'name': 'Walter', 'slug': 'walter', 'shortName': 'Walter', 'position': 'G', 'jerseyNumber': '22', 'userCount': 771, 'gender': 'M', 'id': 329055, 'fieldTranslations': {'nameTranslation': {'ar': 'والتر'}, 'shortNameTranslation': {'ar': 'والتر'}}}",6307426,90,,5372,"{'start': {'x': 42.1, 'y': 14.8}, 'block': {'x': 48.9, 'y': 0.7}, 'end': {'x': 50.3, 'y': 0}, 'goal': {'x': 50.3, 'y': 96.2}}",1,28,2672,shot,,13472593,14.8,42.1,85.56547200828147,4.877761452472398,7321.450000000001,417.36796102460136,7.899999999999999,85.2,,0,0,90,0,0.013200722
"{'name': 'José Aldo', 'slug': 'jose-aldo', 'shortName': 'J. Aldo', 'position': 'M', 'jerseyNumber': '21', 'userCount': 318, 'gender': 'M', 'id': 988851, 'fieldTranslations': {'nameTranslation': {'ar': 'خوسيه ألدو'}, 'shortNameTranslation': {'ar': 'خ. ألدو'}}}",True,right-foot,high,"{'x': 0, 'y': 50.3, 'z': 65.3}",,0.03992011398077,0.0,"{'name': 'Dyogo Alves', 'slug': 'dyogo-alves', 'shortName': 'D. Alves', 'position': 'G', 'jerseyNumber': '49', 'userCount': 2385, 'gender': 'M', 'id': 1514629, 'fieldTranslations': {'nameTranslation': {'ar': 'ديغو ألفيس'}, 'shortNameTranslation': {'ar': 'د. ألفيس'}}}",6307408,86,,5131,"{'start': {'x': 53.6, 'y': 23.2}, 'end': {'x': 49.7, 'y': 0}, 'goal': {'x': 49.7, 'y': 34.7}}",5,269,2431,shot,,13472593,23.2,53.6,76.88432870227847,5.444956467751481,5911.200000000001,418.63182283620193,3.6000000000000014,76.8,,0,1,86,0,0.03586867
"{'name': 'Wallace Yan', 'firstName': 'Wallace', 'slug': 'wallace', 'shortName': 'Wallace', 'position': 'F', 'jerseyNumber': '64', 'userCount': 6407, 'gender': 'M', 'id': 1466084, 'fieldTranslations': {'nameTranslation': {'ar': 'والاس يان', 'bn': 'ওয়ালেস ইয়ান', 'hi': 'वालेस यान'}, 'shortNameTranslation': {'ar': 'والاس', 'bn': 'ওয়ালেস', 'hi': 'वालेस'}}}",False,right-foot,left,"{'x': 0, 'y': 59.8, 'z': 9.7}",,0.022255061194301,0.0,"{'name': 'Walter', 'slug': 'walter', 'shortName': 'Walter', 'position': 'G', 'jerseyNumber': '22', 'userCount': 771, 'gender': 'M', 'id': 329055, 'fieldTranslations': {'nameTranslation': {'ar': 'والتر'}, 'shortNameTranslation': {'ar': 'والتر'}}}",6307407,85,,5087,"{'start': {'x': 24.2, 'y': 22.3}, 'end': {'x': 40.2, 'y': 0}, 'goal': {'x': 40.2, 'y': 90.3}}",6,313,2387,shot,,13472593,22.3,24.2,81.87142358601078,4.85976885762247,6702.930000000002,397.87619467251295,25.8,77.7,,0,0,85,0,0.009157145
"{'name': 'Felipe Jonatan', 'firstName': '', 'lastName': '', 'slug': 'felipe-jonatan', 'shortName': 'F. Jonatan', 'position': 'D', 'jerseyNumber': '16', 'userCount': 466, 'gender': 'M', 'id': 931574, 'fieldTranslations': {'nameTranslation': {'ar': 'فيليبي جوناتان'}, 'shortNameTranslation': {'ar': 'ف. جوناتان'}}}",True,left-foot,close-left,"{'x': 0, 'y': 56.3, 'z': 6.9}",,0.11413468420506,0.0,"{'name': 'Dyogo Alves', 'slug': 'dyogo-alves', 'shortName': 'D. Alves', 'position': 'G', 'jerseyNumber': '49', 'userCount': 2385, 'gender': 'M', 'id': 1514629, 'fieldTranslations': {'nameTranslation': {'ar': 'ديغو ألفيس'}, 'shortNameTranslation': {'ar': 'د. ألفيس'}}}",6307394,81,,4836,"{'start': {'x': 38.9, 'y': 12.6}, 'end': {'x': 43.7, 'y': 0}, 'goal': {'x': 43.7, 'y': 93.1}}",10,564,2136,shot,,13472593,12.6,38.9,88.10204310911297,4.7199713407687565,7761.97,415.8391185381867,11.100000000000001,87.4,,0,1,81,0,0.05929706
"{'name': 'Cristian Renato', 'firstName': '', 'lastName': '', 'slug': 'cristian-renato', 'shortName': 'C. Renato', 'position': 'F', 'jerseyNumber': '17', 'userCount': 258, 'gender': 'M', 'id': 1148306, 'fieldTranslations': {'nameTranslation': {'ar': 'كريستيان ريناتو'}, 'shortNameTranslation': {'ar': 'ك. ريناتو'}}}",True,right-foot,left,"{'x': 0, 'y': 60, 'z': 1.4}",,0.018333520740271,0.0,"{'name': 'Dyogo Alves', 'slug': 'dyogo-alves', 'shortName': 'D. Alves', 'position': 'G', 'jerseyNumber': '49', 'userCount': 2385, 'gender': 'M', 'id': 1514629, 'fieldTranslations': {'nameTranslation': {'ar': 'ديغو ألفيس'}, 'shortNameTranslation': {'ar': 'د. ألفيس'}}}",6307387,75,,4496,"{'start': {'x': 38.7, 'y': 23.4}, 'end': {'x': 40, 'y': 0}, 'goal': {'x': 40, 'y': 98.6}}",16,904,1796,shot,,13472593,23.4,38.7,77.4289997352413,5.355000417207257,5995.249999999998,414.6323258861578,11.299999999999997,76.6,,0,1,75,0,0.018453907
"{'name': 'Danielzinho', 'slug': 'danielzinho', 'shortName': 'Danielzinho', 'position': 'M', 'jerseyNumber': '94', 'userCount': 1194, 'gender': 'M', 'id': 356514, 'fieldTranslations': {'nameTranslation': {'ar': 'دانييلزينيو'}, 'shortNameTranslation': {'ar': 'دانييلزينيو'}}}",True,right-foot,close-right,"{'x': 0, 'y': 41.7, 'z': 13.9}",,0.15114656090736,0.0,"{'name': 'Dyogo Alves', 'slug': 'dyogo-alves', 'shortName': 'D. Alves', 'position': 'G', 'jerseyNumber': '49', 'userCount': 2385, 'gender': 'M', 'id': 1514629, 'fieldTranslations': {'nameTranslation': {'ar': 'ديغو ألفيس'}, 'shortNameTranslation': {'ar': 'د. ألفيس'}}}",6307385,74,,4410,"{'start': {'x': 41.7, 'y': 11.1}, 'end': {'x': 58.3, 'y': 0}, 'goal': {'x': 58.3, 'y': 86.1}}",17,990,1710,shot,,13472593,11.1,41.7,89.28661713829236,4.6744234436824685,7972.100000000002,417.36345635833464,8.299999999999997,88.9,,0,1,74,0,0.053639773
"{'name': 'Cristian Renato', 'firstName': '', 'lastName': '', 'slug': 'cristian-renato', 'shortName': 'C. Renato', 'position': 'F', 'jerseyNumber': '17', 'userCount': 258, 'gender': 'M', 'id': 1148306, 'fieldTranslations': {'nameTranslation': {'ar': 'كريستيان ريناتو'}, 'shortNameTranslation': {'ar': 'ك. ريناتو'}}}",True,right-foot,low-centre,"{'x': 0, 'y': 48.4, 'z': 2.5}",,0.80766177177429,0.9944669008255,"{'name': 'Dyogo Alves', 'slug': 'dyogo-alves', 'shortName': 'D. Alves', 'position': 'G', 'jerseyNumber': '49', 'userCount': 2385, 'gender': 'M', 'id': 1514629, 'fieldTranslations': {'nameTranslation': {'ar': 'ديغو ألفيس'}, 'shortNameTranslation': {'ar': 'د. ألفيس'}}}",6307375,65,,3855,"{'start': {'x': 57.4, 'y': 4.1}, 'end': {'x': 51.6, 'y': 0}, 'goal': {'x': 51.6, 'y': 97.5}}",26,1545,1155,shot,regular,13472593,4.1,57.4,96.18508200339593,4.345425976371712,9251.57,417.965153877,7.399999999999999,95.9,,0,1,65,1,0.44474304
"{'name': 'Carlos Eduardo', 'firstName': '', 'lastName': '', 'slug': 'carlos-eduardo', 'shortName': 'Carlos Eduardo', 'position': 'F', 'jerseyNumber': '96', 'userCount': 357, 'gender': 'M', 'id': 795295, 'fieldTranslations': {'nameTranslation': {'ar': 'كارلوس إدواردو'}, 'shortNameTranslation': {'ar': 'ك. إدواردو'}}}",True,right-foot,low-right,"{'x': 0, 'y': 47.1, 'z': 3.8}","{'x': 1.1, 'y': 47.7, 'z': 0}",0.10086240619421,0.37922367453575,"{'name': 'Dyogo Alves', 'slug': 'dyogo-alves', 'shortName': 'D. Alves', 'position': 'G', 'jerseyNumber': '49', 'userCount': 2385, 'gender': 'M', 'id': 1514629, 'fieldTranslations': {'nameTranslation': {'ar': 'ديغو ألفيس'}, 'shortNameTranslation': {'ar': 'د. ألفيس'}}}",6307376,65,,3852,"{'start': {'x': 34.7, 'y': 11.2}, 'block': {'x': 47.7, 'y': 1.1}, 'end': {'x': 52.9, 'y': 0}, 'goal': {'x': 52.9, 'y': 96.2}}",26,1548,1152,shot,,13472593,11.2,34.7,90.1084346773375,4.584633299455014,8119.529999999999,413.1141301834884,15.299999999999997,88.8,,0,1,65,0,0.05396424
"{'name': 'João Victor', 'firstName': '', 'lastName': '', 'slug': 'joao-victor', 'shortName': 'J. Victor', 'position': 'D', 'jerseyNumber': '34', 'userCount': 236, 'gender': 'M', 'id': 863297, 'fieldTranslations': {'nameTranslation': {'ar': 'جواو فيكتور'}, 'shortNameTranslation': {'ar': 'ج. فيكتور'}}}",True,head,low-left,"{'x': 0, 'y': 53.6, 'z': 8.9}","{'x': 0.59999999999999, 'y': 50.2, 'z': 0}",0.027187455445528,0.25664484500885,"{'name': 'Dyogo Alves', 'slug': 'dyogo-alves', 'shortName': 'D. Alves', 'position': 'G', 'jerseyNumber': '49', 'userCount': 2385, 'gender': 'M', 'id': 1514629, 'fieldTranslations': {'nameTranslation': {'ar': 'ديغو ألفيس'}, 'shortNameTranslation': {'ar': 'د. ألفيس'}}}",6307372,64,,3780,"{'start': {'x': 51.5, 'y': 11.6}, 'block': {'x': 50.2, 'y': 0.59999999999999}, 'end': {'x': 46.4, 'y': 0}, 'goal': {'x': 46.4, 'y': 91.1}}",27,1620,1080,shot,,13472593,11.6,51.5,88.4127253284277,4.740332543322142,7816.81,419.10571911814765,1.5,88.4,,0,1,64,0,0.4421777
"{'name': 'Guilherme Gomes', 'firstName': 'Guilherme', 'slug': 'guilherme', 'shortName': 'Guilherme', 'position': 'M', 'jerseyNumber': '47', 'userCount': 2752, 'gender': 'M', 'id': 1645868, 'fieldTranslations': {'nameTranslation': {'ar': 'غيليرمي غوميز'}, 'shortNameTranslation': {'ar': 'غ. غوميز'}}}",False,right-foot,low-left,"{'x': 0, 'y': 53.7, 'z': 1.3}",,0.31464713811874,0.96624290943146,"{'name': 'Walter', 'slug': 'walter', 'shortName': 'Walter', 'position': 'G', 'jerseyNumber': '22', 'userCount': 771, 'gender': 'M', 'id': 329055, 'fieldTranslations': {'nameTranslation': {'ar': 'والتر'}, 'shortNameTranslation': {'ar': 'والتر'}}}",6307367,59,,3514,"{'start': {'x': 49.9, 'y': 4.8}, 'end': {'x': 46.3, 'y': 0}, 'goal': {'x': 46.3, 'y': 98.7}}",32,1886,814,shot,regular,13472593,4.8,49.9,95.20005252099392,4.403342375963477,9063.050000000001,419.19842545964116,0.10000000000000142,95.2,,0,0,59,1,0.46732223
"{'name': 'Douglas Costa Telles', 'firstName': 'Douglas', 'lastName': 'Costa Telles', 'slug': 'douglas-costa-telles', 'shortName': 'D. C. Telles', 'position': 'F', 'jerseyNumber': '81', 'userCount': 1663, 'id': 1883297, 'fieldTranslations': {'nameTranslation': {'ar': 'دوغلاس كوستا تيليس'}, 'shortNameTranslation': {'ar': 'د. تيليس'}}}",False,right-foot,low-right,"{'x': 0, 'y': 45.7, 'z': 3.2}","{'x': 1.6, 'y': 54.5, 'z': 0}",0.19532138109207,0.42870017886162,"{'name': 'Walter', 'slug': 'walter', 'shortName': 'Walter', 'position': 'G', 'jerseyNumber': '22', 'userCount': 771, 'gender': 'M', 'id': 329055, 'fieldTranslations': {'nameTranslation': {'ar': 'والتر'}, 'shortNameTranslation': {'ar': 'والتر'}}}",6307336,56,,3318,"{'start': {'x': 65.6, 'y': 9.7}, 'block': {'x': 54.5, 'y': 1.6}, 'end': {'x': 54.3, 'y': 0}, 'goal': {'x': 54.3, 'y': 96.8}}",35,2082,618,shot,,13472593,9.7,65.6,91.6376014526788,4.507855404828021,8397.449999999999,413.0890569939342,15.599999999999994,90.3,,0,0,56,0,0.09535588
"{'name': 'Negueba', 'firstName': '', 'lastName': '', 'slug': 'negueba', 'shortName': 'Negueba', 'position': 'M', 'jerseyNumber': '11', 'userCount': 668, 'gender': 'M', 'id': 872007, 'fieldTranslations': {'nameTranslation': {'ar': 'نيغويبا'}, 'shortNameTranslation': {'ar': 'نيغويبا'}}}",True,right-foot,low-right,"{'x': 0, 'y': 47.2, 'z': 2.5}","{'x': 3.3, 'y': 50.7, 'z': 0}",0.046611629426479,0.10048779845238,"{'name': 'Dyogo Alves', 'slug': 'dyogo-alves', 'shortName': 'D. Alves', 'position': 'G', 'jerseyNumber': '49', 'userCount': 2385, 'gender': 'M', 'id': 1514629, 'fieldTranslations': {'nameTranslation': {'ar': 'ديغو ألفيس'}, 'shortNameTranslation': {'ar': 'د. ألفيس'}}}",6307331,55,,3258,"{'start': {'x': 57.7, 'y': 24.1}, 'block': {'x': 50.7, 'y': 3.3}, 'end': {'x': 52.8, 'y': 0}, 'goal': {'x': 52.8, 'y': 97.5}}",36,2142,558,shot,,13472593,24.1,57.7,76.2895798913587,5.465447340842061,5820.100000000001,416.9566815511844,7.700000000000003,75.9,,0,1,55,0,0.0562318
"{'name': 'Johnny Goes', 'firstName': 'Johnny Góes', 'slug': 'johnny-goes', 'shortName': 'J. Góes', 'position': 'D', 'jerseyNumber': '77', 'userCount': 314, 'gender': 'M', 'id': 2063998, 'fieldTranslations': {'nameTranslation': {'ar': 'جوني غويز'}, 'shortNameTranslation': {'ar': 'ج. غويز'}}}",False,head,high,"{'x': 0, 'y': 53.8, 'z': 72.2}",,0.012047012336552,0.0,"{'name': 'Walter', 'slug': 'walter', 'shortName': 'Walter', 'position': 'G', 'jerseyNumber': '22', 'userCount': 771, 'gender': 'M', 'id': 329055, 'fieldTranslations': {'nameTranslation': {'ar': 'والتر'}, 'shortNameTranslation': {'ar': 'والتر'}}}",6307330,54,,3216,"{'start': {'x': 58.7, 'y': 11}, 'end': {'x': 46.2, 'y': 0}, 'goal': {'x': 46.2, 'y': 27.8}}",37,2184,516,shot,,13472593,11.0,58.7,89.42421372312982,4.665307698197572,7996.6900000000005,417.19147268778255,8.700000000000003,89.0,,0,0,54,0,0.07599504
"{'name': 'Daniel Sales', 'slug': 'sales-daniel', 'shortName': 'D. Sales', 'position': 'D', 'jerseyNumber': '51', 'userCount': 1729, 'gender': 'M', 'id': 1459762, 'fieldTranslations': {'nameTranslation': {'ar': 'ساليس، دانييل'}, 'shortNameTranslation': {'ar': 'د. ساليس'}}}",False,right-foot,high,"{'x': 0, 'y': 44.9, 'z': 70.8}",,0.099081136286259,0.0,"{'name': 'Walter', 'slug': 'walter', 'shortName': 'Walter', 'position': 'G', 'jerseyNumber': '22', 'userCount': 771, 'gender': 'M', 'id': 329055, 'fieldTranslations': {'nameTranslation': {'ar': 'والتر'}, 'shortNameTranslation': {'ar': 'والتر'}}}",6307322,51,,3047,"{'start': {'x': 64.9, 'y': 13.6}, 'end': {'x': 55.1, 'y': 0}, 'goal': {'x': 55.1, 'y': 29.2}}",40,2353,347,shot,,13472593,13.6,64.9,87.67536712212845,4.711609183549538,7686.970000000002,413.0920649036977,14.900000000000006,86.4,,0,0,51,0,0.03558374
"{'name': 'Chico', 'firstName': '', 'lastName': '', 'slug': 'chico', 'shortName': 'Chico', 'position': 'M', 'jerseyNumber': '10', 'userCount': 732, 'gender': 'M', 'id': 880132, 'fieldTranslations': {'nameTranslation': {'ar': 'شيكو'}, 'shortNameTranslation': {'ar': 'شيكو'}}}",True,right-foot,right,"{'x': 0, 'y': 39.5, 'z': 11.1}","{'x': 7.9, 'y': 50.2, 'z': 0}",0.052839063107967,0.0,"{'name': 'Dyogo Alves', 'slug': 'dyogo-alves', 'shortName': 'D. Alves', 'position': 'G', 'jerseyNumber': '49', 'userCount': 2385, 'gender': 'M', 'id': 1514629, 'fieldTranslations': {'nameTranslation': {'ar': 'ديغو ألفيس'}, 'shortNameTranslation': {'ar': 'د. ألفيس'}}}",6307321,50,,2967,"{'start': {'x': 34, 'y': 15.3}, 'block': {'x': 50.2, 'y': 7.9}, 'end': {'x': 60.5, 'y': 0}, 'goal': {'x': 60.5, 'y': 88.9}}",41,2433,267,shot,,13472593,15.3,34.0,86.19796981367949,4.778572037273846,7430.090000000001,411.9032082214239,16.0,84.7,,0,1,50,0,0.04800491
"{'name': 'Guilherme Gomes', 'firstName': 'Guilherme', 'slug': 'guilherme', 'shortName': 'Guilherme', 'position': 'M', 'jerseyNumber': '47', 'userCount': 2752, 'gender': 'M', 'id': 1645868, 'fieldTranslations': {'nameTranslation': {'ar': 'غيليرمي غوميز'}, 'shortNameTranslation': {'ar': 'غ. غوميز'}}}",False,left-foot,left,"{'x': 0, 'y': 59.8, 'z': 5.6}",,0.041877772659063,0.0,"{'name': 'Walter', 'slug': 'walter', 'shortName': 'Walter', 'position': 'G', 'jerseyNumber': '22', 'userCount': 771, 'gender': 'M', 'id': 329055, 'fieldTranslations': {'nameTranslation': {'ar': 'والتر'}, 'shortNameTranslation': {'ar': 'والتر'}}}",6307278,46,,2724,"{'start': {'x': 31.1, 'y': 10.2}, 'end': {'x': 40.2, 'y': 0}, 'goal': {'x': 40.2, 'y': 94.4}}",45,2676,24,shot,,13472593,10.2,31.1,91.7673689281762,4.47035854428876,8421.249999999998,410.2330417749713,18.9,89.8,,0,0,46,0,0.026982712
"{'name': 'Douglas Costa Telles', 'firstName': 'Douglas', 'lastName': 'Costa Telles', 'slug': 'douglas-costa-telles', 'shortName': 'D. C. Telles', 'position': 'F', 'jerseyNumber': '81', 'userCount': 1663, 'id': 1883297, 'fieldTranslations': {'nameTranslation': {'ar': 'دوغلاس كوستا تيليس'}, 'shortNameTranslation': {'ar': 'د. تيليس'}}}",False,right-foot,high-right,"{'x': 0, 'y': 43.4, 'z': 63.9}",,0.025703454390168,0.0,"{'name': 'Walter', 'slug': 'walter', 'shortName': 'Walter', 'position': 'G', 'jerseyNumber': '22', 'userCount': 771, 'gender': 'M', 'id': 329055, 'fieldTranslations': {'nameTranslation': {'ar': 'والتر'}, 'shortNameTranslation': {'ar': 'والتر'}}}",6307241,45,2.0,2804,"{'start': {'x': 30.9, 'y': 9.5}, 'end': {'x': 56.6, 'y': 0}, 'goal': {'x': 56.6, 'y': 36.1}}",1,2596,104,shot,,13472593,9.5,30.9,92.49356734389694,4.434771951322596,8555.06,410.1878781344818,19.1,90.5,,0,0,45,0,0.027149457
"{'name': 'Negueba', 'firstName': '', 'lastName': '', 'slug': 'negueba', 'shortName': 'Negueba', 'position': 'M', 'jerseyNumber': '11', 'userCount': 668, 'gender': 'M', 'id': 872007, 'fieldTranslations': {'nameTranslation': {'ar': 'نيغويبا'}, 'shortNameTranslation': {'ar': 'نيغويبا'}}}",True,right-foot,left,"{'x': 0, 'y': 60.7, 'z': 4.2}",,0.027557445690036,0.0,"{'name': 'Dyogo Alves', 'slug': 'dyogo-alves', 'shortName': 'D. Alves', 'position': 'G', 'jerseyNumber': '49', 'userCount': 2385, 'gender': 'M', 'id': 1514629, 'fieldTranslations': {'nameTranslation': {'ar': 'ديغو ألفيس'}, 'shortNameTranslation': {'ar': 'د. ألفيس'}}}",6307235,44,,2638,"{'start': {'x': 75.4, 'y': 20.4}, 'end': {'x': 39.3, 'y': 0}, 'goal': {'x': 39.3, 'y': 95.8}}",2,62,2638,shot,,13472593,20.4,75.4,83.55429372569671,4.780068458877583,6981.320000000001,399.39524404199597,25.400000000000006,79.6,,0,1,44,0,0.02313546
"{'name': 'Alesson', 'firstName': '', 'lastName': '', 'slug': 'alesson', 'shortName': 'Alesson', 'position': 'F', 'jerseyNumber': '77', 'userCount': 441, 'gender': 'M', 'id': 871015, 'fieldTranslations': {'nameTranslation': {'ar': 'أليسون'}, 'shortNameTranslation': {'ar': 'أليسون'}}}",True,right-foot,high-centre,"{'x': 0, 'y': 49.7, 'z': 28.5}",,0.35389795899391,0.63467878103256,"{'name': 'Dyogo Alves', 'slug': 'dyogo-alves', 'shortName': 'D. Alves', 'position': 'G', 'jerseyNumber': '49', 'userCount': 2385, 'gender': 'M', 'id': 1514629, 'fieldTranslations': {'nameTranslation': {'ar': 'ديغو ألفيس'}, 'shortNameTranslation': {'ar': 'د. ألفيس'}}}",6307225,41,,2410,"{'start': {'x': 56, 'y': 9.1}, 'end': {'x': 50.3, 'y': 0}, 'goal': {'x': 50.3, 'y': 71.5}}",5,290,2410,shot,regular,13472593,9.1,56.0,91.0978045838647,4.591475910013936,8298.810000000001,418.27337520197193,6.0,90.9,,0,1,41,1,0.40908673
"{'name': 'Guilherme Gomes', 'firstName': 'Guilherme', 'slug': 'guilherme', 'shortName': 'Guilherme', 'position': 'M', 'jerseyNumber': '47', 'userCount': 2752, 'gender': 'M', 'id': 1645868, 'fieldTranslations': {'nameTranslation': {'ar': 'غيليرمي غوميز'}, 'shortNameTranslation': {'ar': 'غ. غوميز'}}}",False,right-foot,low-right,"{'x': 0, 'y': 45.7, 'z': 15.8}",,0.043106600642204,0.31239438056946,"{'name': 'Walter', 'slug': 'walter', 'shortName': 'Walter', 'position': 'G', 'jerseyNumber': '22', 'userCount': 771, 'gender': 'M', 'id': 329055, 'fieldTranslations': {'nameTranslation': {'ar': 'والتر'}, 'shortNameTranslation': {'ar': 'والتر'}}}",6307200,31,,1829,"{'start': {'x': 46, 'y': 24.6}, 'end': {'x': 54.3, 'y': 0}, 'goal': {'x': 54.3, 'y': 84.2}}",15,871,1829,shot,regular,13472593,24.6,46.0,75.50602624956501,5.542501734373204,5701.160000000001,418.4922814438427,4.0,75.4,,0,0,31,1,0.09746317
"{'name': 'Chico', 'firstName': '', 'lastName': '', 'slug': 'chico', 'shortName': 'Chico', 'position': 'M', 'jerseyNumber': '10', 'userCount': 732, 'gender': 'M', 'id': 880132, 'fieldTranslations': {'nameTranslation': {'ar': 'شيكو'}, 'shortNameTranslation': {'ar': 'شيكو'}}}",True,head,left,"{'x': 0, 'y': 100, 'z': 15.3}","{'x': 2, 'y': 18.2, 'z': 0}",0.18652838468552,0.0,"{'name': 'Dyogo Alves', 'slug': 'dyogo-alves', 'shortName': 'D. Alves', 'position': 'G', 'jerseyNumber': '49', 'userCount': 2385, 'gender': 'M', 'id': 1514629, 'fieldTranslations': {'nameTranslation': {'ar': 'ديغو ألفيس'}, 'shortNameTranslation': {'ar': 'د. ألفيس'}}}",6307147,23,,1376,"{'start': {'x': 48.1, 'y': 5.7}, 'block': {'x': 18.2, 'y': 2}, 'end': {'x': 0, 'y': 0}, 'goal': {'x': 0, 'y': 84.7}}",23,1324,1376,shot,,13472593,5.7,48.1,94.31913909700407,4.443531474961391,8896.100000000002,419.11006326879914,1.8999999999999986,94.3,,0,1,23,0,0.66592693
"{'name': 'Negueba', 'firstName': '', 'lastName': '', 'slug': 'negueba', 'shortName': 'Negueba', 'position': 'M', 'jerseyNumber': '11', 'userCount': 668, 'gender': 'M', 'id': 872007, 'fieldTranslations': {'nameTranslation': {'ar': 'نيغويبا'}, 'shortNameTranslation': {'ar': 'نيغويبا'}}}",True,left-foot,low-centre,"{'x': 0, 'y': 49, 'z': 1.3}","{'x': 0.3, 'y': 50.4, 'z': 0}",0.37177804112434,0.20162685215473,"{'name': 'Dyogo Alves', 'slug': 'dyogo-alves', 'shortName': 'D. Alves', 'position': 'G', 'jerseyNumber': '49', 'userCount': 2385, 'gender': 'M', 'id': 1514629, 'fieldTranslations': {'nameTranslation': {'ar': 'ديغو ألفيس'}, 'shortNameTranslation': {'ar': 'د. ألفيس'}}}",6307143,21,,1239,"{'start': {'x': 48.1, 'y': 10.1}, 'block': {'x': 50.4, 'y': 0.3}, 'end': {'x': 51, 'y': 0}, 'goal': {'x': 51, 'y': 98.7}}",25,1461,1239,shot,,13472593,10.1,48.1,89.92007562274401,4.660589398248033,8085.620000000001,419.0805511370221,1.8999999999999986,89.9,,0,1,21,0,0.23955433
"{'name': 'Douglas Costa Telles', 'firstName': 'Douglas', 'lastName': 'Costa Telles', 'slug': 'douglas-costa-telles', 'shortName': 'D. C. Telles', 'position': 'F', 'jerseyNumber': '81', 'userCount': 1663, 'id': 1883297, 'fieldTranslations': {'nameTranslation': {'ar': 'دوغلاس كوستا تيليس'}, 'shortNameTranslation': {'ar': 'د. تيليس'}}}",False,left-foot,close-right,"{'x': 0, 'y': 41.8, 'z': 1.4}",,0.013976078480482,0.0,"{'name': 'Walter', 'slug': 'walter', 'shortName': 'Walter', 'position': 'G', 'jerseyNumber': '22', 'userCount': 771, 'gender': 'M', 'id': 329055, 'fieldTranslations': {'nameTranslation': {'ar': 'والتر'}, 'shortNameTranslation': {'ar': 'والتر'}}}",6307137,19,,1120,"{'start': {'x': 68.3, 'y': 23.5}, 'end': {'x': 58.2, 'y': 0}, 'goal': {'x': 58.2, 'y': 98.6}}",27,1580,1120,shot,,13472593,23.5,68.3,78.6583752692617,5.182743680345778,6187.14,407.6661973330327,18.299999999999997,76.5,,0,0,19,0,0.022272957
"{'name': 'Chico', 'firstName': '', 'lastName': '', 'slug': 'chico', 'shortName': 'Chico', 'position': 'M', 'jerseyNumber': '10', 'userCount': 732, 'gender': 'M', 'id': 880132, 'fieldTranslations': {'nameTranslation': {'ar': 'شيكو'}, 'shortNameTranslation': {'ar': 'شيكو'}}}",True,right-foot,high-centre,"{'x': 0, 'y': 48.8, 'z': 32.9}","{'x': 0.90000000000001, 'y': 49.6, 'z': 0}",0.042453948408365,0.13457989692688,"{'name': 'Dyogo Alves', 'slug': 'dyogo-alves', 'shortName': 'D. Alves', 'position': 'G', 'jerseyNumber': '49', 'userCount': 2385, 'gender': 'M', 'id': 1514629, 'fieldTranslations': {'nameTranslation': {'ar': 'ديغو ألفيس'}, 'shortNameTranslation': {'ar': 'د. ألفيس'}}}",6307083,17,,1006,"{'start': {'x': 40.5, 'y': 12.6}, 'block': {'x': 49.6, 'y': 0.90000000000001}, 'end': {'x': 51.2, 'y': 0}, 'goal': {'x': 51.2, 'y': 67.1}}",29,1694,1006,shot,,13472593,12.6,40.5,87.9147882895705,4.740042703169869,7729.010000000001,416.71985073270247,9.5,87.4,,0,1,17,0,0.16853738
"{'name': 'Wallace Yan', 'firstName': 'Wallace', 'slug': 'wallace', 'shortName': 'Wallace', 'position': 'F', 'jerseyNumber': '64', 'userCount': 6407, 'gender': 'M', 'id': 1466084, 'fieldTranslations': {'nameTranslation': {'ar': 'والاس يان', 'bn': 'ওয়ালেস ইয়ান', 'hi': 'वालेस यान'}, 'shortNameTranslation': {'ar': 'والاس', 'bn': 'ওয়ালেস', 'hi': 'वालेस'}}}",False,right-foot,right,"{'x': 0, 'y': 38.7, 'z': 4.2}",,0.67327952384949,0.0,"{'name': 'Walter', 'slug': 'walter', 'shortName': 'Walter', 'position': 'G', 'jerseyNumber': '22', 'userCount': 771, 'gender': 'M', 'id': 329055, 'fieldTranslations': {'nameTranslation': {'ar': 'والتر'}, 'shortNameTranslation': {'ar': 'والتر'}}}",6307078,15,,884,"{'start': {'x': 46.3, 'y': 15.2}, 'end': {'x': 61.3, 'y': 0}, 'goal': {'x': 61.3, 'y': 95.8}}",31,1816,884,shot,,13472593,15.2,46.3,84.88068095862567,4.933384378475471,7204.73,418.74902547564426,3.700000000000003,84.8,,0,0,15,0,0.04213008
"{'name': 'Chico', 'firstName': '', 'lastName': '', 'slug': 'chico', 'shortName': 'Chico', 'position': 'M', 'jerseyNumber': '10', 'userCount': 732, 'gender': 'M', 'id': 880132, 'fieldTranslations': {'nameTranslation': {'ar': 'شيكو'}, 'shortNameTranslation': {'ar': 'شيكو'}}}",True,left-foot,high-left,"{'x': 0, 'y': 53.6, 'z': 29.1}",,0.058015923947096,0.54573601484299,"{'name': 'Dyogo Alves', 'slug': 'dyogo-alves', 'shortName': 'D. Alves', 'position': 'G', 'jerseyNumber': '49', 'userCount': 2385, 'gender': 'M', 'id': 1514629, 'fieldTranslations': {'nameTranslation': {'ar': 'ديغو ألفيس'}, 'shortNameTranslation': {'ar': 'د. ألفيس'}}}",6307071,13,,745,"{'start': {'x': 32.1, 'y': 10.8}, 'end': {'x': 46.4, 'y': 0}, 'goal': {'x': 46.4, 'y': 70.9}}",33,1955,745,shot,regular,13472593,10.8,32.1,90.97829411458538,4.517779820480257,8277.050000000001,411.0199012525916,17.9,89.2,,0,1,13,1,0.13008448
"{'name': 'Michael', 'slug': 'michael', 'shortName': 'Michael', 'position': 'M', 'jerseyNumber': '96', 'userCount': 8988, 'gender': 'M', 'sofascoreId': 'Michael19', 'id': 878084, 'fieldTranslations': {'nameTranslation': {'ar': 'مايكل', 'bn': 'মাইকেল', 'hi': 'माइकल'}, 'shortNameTranslation': {'ar': 'مايكل', 'bn': 'মাইকেল', 'hi': 'माइकल'}}}",False,right-foot,low-centre,"{'x': 0, 'y': 49.7, 'z': 4.4}","{'x': 5.9, 'y': 45.1, 'z': 0}",0.54921066761017,0.30403110384941,"{'name': 'Walter', 'slug': 'walter', 'shortName': 'Walter', 'position': 'G', 'jerseyNumber': '22', 'userCount': 771, 'gender': 'M', 'id': 329055, 'fieldTranslations': {'nameTranslation': {'ar': 'والتر'}, 'shortNameTranslation': {'ar': 'والتر'}}}",6307059,10,,560,"{'start': {'x': 42.5, 'y': 9.2}, 'block': {'x': 45.1, 'y': 5.9}, 'end': {'x': 50.3, 'y': 0}, 'goal': {'x': 50.3, 'y': 95.6}}",36,2140,560,shot,,13472593,9.2,42.5,91.10922017007938,4.585300143568201,8300.89,417.76312032625185,7.5,90.8,,0,0,10,0,0.24244568
"{'name': 'Douglas Costa Telles', 'firstName': 'Douglas', 'lastName': 'Costa Telles', 'slug': 'douglas-costa-telles', 'shortName': 'D. C. Telles', 'position': 'F', 'jerseyNumber': '81', 'userCount': 1663, 'id': 1883297, 'fieldTranslations': {'nameTranslation': {'ar': 'دوغلاس كوستا تيليس'}, 'shortNameTranslation': {'ar': 'د. تيليس'}}}",False,right-foot,low-right,"{'x': 0, 'y': 45.7, 'z': 3.2}",,0.21075239777565,0.83504033088684,"{'name': 'Walter', 'slug': 'walter', 'shortName': 'Walter', 'position': 'G', 'jerseyNumber': '22', 'userCount': 771, 'gender': 'M', 'id': 329055, 'fieldTranslations': {'nameTranslation': {'ar': 'والتر'}, 'shortNameTranslation': {'ar': 'والتر'}}}",6307049,8,,445,"{'start': {'x': 60.1, 'y': 3}, 'end': {'x': 54.3, 'y': 0}, 'goal': {'x': 54.3, 'y': 96.8}}",38,2255,445,shot,regular,13472593,3.0,60.1,97.52440720147958,4.275469100070668,9511.010000000002,416.9625894926353,10.100000000000001,97.0,,0,0,8,1,0.10419661
"{'name': 'Iago Silva', 'slug': 'iago', 'shortName': 'Iago', 'position': 'D', 'jerseyNumber': '57', 'userCount': 3771, 'gender': 'M', 'id': 1647585, 'fieldTranslations': {'nameTranslation': {'ar': 'إياغو سيلفا'}, 'shortNameTranslation': {'ar': 'إ. سيلفا'}}}",False,head,right,"{'x': 0, 'y': 36.5, 'z': 9.7}","{'x': 4.1, 'y': 56.9, 'z': 0}",0.034497696906328,0.0,"{'name': 'Walter', 'slug': 'walter', 'shortName': 'Walter', 'position': 'G', 'jerseyNumber': '22', 'userCount': 771, 'gender': 'M', 'id': 329055, 'fieldTranslations': {'nameTranslation': {'ar': 'والتر'}, 'shortNameTranslation': {'ar': 'والتر'}}}",6306989,3,,160,"{'start': {'x': 43.8, 'y': 8.5}, 'block': {'x': 56.9, 'y': 4.1}, 'end': {'x': 63.5, 'y': 0}, 'goal': {'x': 63.5, 'y': 90.3}}",43,2540,160,shot,,13472593,8.5,43.8,91.7098140876973,4.56033745384122,8410.690000000002,418.22770006894115,6.200000000000003,91.5,,0,0,3,0,0.19227546
"{'name': 'Michael', 'slug': 'michael', 'shortName': 'Michael', 'position': 'M', 'jerseyNumber': '96', 'userCount': 8988, 'gender': 'M', 'sofascoreId': 'Michael19', 'id': 878084, 'fieldTranslations': {'nameTranslation': {'ar': 'مايكل', 'bn': 'মাইকেল', 'hi': 'माइकल'}, 'shortNameTranslation': {'ar': 'مايكل', 'bn': 'মাইকেল', 'hi': 'माइकल'}}}",False,right-foot,low-left,"{'x': 0, 'y': 53.8, 'z': 13.9}","{'x': 12.1, 'y': 37.7, 'z': 0}",0.060313977301121,0.0,"{'name': 'Walter', 'slug': 'walter', 'shortName': 'Walter', 'position': 'G', 'jerseyNumber': '22', 'userCount': 771, 'gender': 'M', 'id': 329055, 'fieldTranslations': {'nameTranslation': {'ar': 'والتر'}, 'shortNameTranslation': {'ar': 'والتر'}}}",6306980,2,,101,"{'start': {'x': 35.4, 'y': 14.4}, 'block': {'x': 37.7, 'y': 12.1}, 'end': {'x': 46.2, 'y': 0}, 'goal': {'x': 46.2, 'y': 86.1}}",44,2599,101,shot,,13472593,14.4,35.4,86.83616758010454,4.758589194460323,7540.5199999999995,413.21764873503133,14.600000000000001,85.6,,0,0,2,0,0.031435452
"{'name': 'Eric Ramires', 'slug': 'eric-ramires', 'shortName': 'E. Ramires', 'position': 'M', 'jerseyNumber': '7', 'userCount': 387, 'gender': 'M', 'id': 950545, 'fieldTranslations': {'nameTranslation': {'ar': 'إريك راميريس', 'bn': 'এরিক রামিরেস', 'hi': 'एरिक रामिरेस'}, 'shortNameTranslation': {'ar': 'إ. راميريس', 'bn': 'এরিক রামিরেস', 'hi': 'एरिक रामिरेस'}}}",False,left-foot,low-centre,"{'x': 0, 'y': 51.4, 'z': 3.2}","{'x': 1.6, 'y': 48.6, 'z': 0}",0.01453463640064,0.020241750404239,"{'name': 'Sergio Rochet', 'slug': 'sergio-rochet', 'shortName': 'S. Rochet', 'position': 'G', 'jerseyNumber': '1', 'userCount': 2616, 'gender': 'M', 'id': 581060, 'fieldTranslations': {'nameTranslation': {'ar': 'سيرجيو روشيت', 'bn': 'সার্জিও রোচেট', 'hi': 'सर्जियो रोशेट'}, 'shortNameTranslation': {'ar': 'س. روشيت', 'bn': 'সার্জিও রোচেট', 'hi': 'सर्जियो रोशेट'}}}",6314585,90,4.0,5620,"{'start': {'x': 33.9, 'y': 22.9}, 'block': {'x': 48.6, 'y': 1.6}, 'end': {'x': 48.6, 'y': 0}, 'goal': {'x': 48.6, 'y': 96.8}}",1,680,220,shot,,13472592,22.9,33.9,78.76306240872049,5.2093398480132596,6203.619999999998,410.30355955730283,16.1,77.1,,0,0,90,0,0.008851944
"{'name': 'Ricardo Mathias', 'firstName': 'Ricardo Mathias', 'slug': 'ricardo-mathias', 'shortName': 'R. Mathias', 'position': 'F', 'jerseyNumber': '77', 'userCount': 1828, 'gender': 'M', 'id': 1483340, 'fieldTranslations': {'nameTranslation': {'ar': 'ريكاردو ماثياس'}, 'shortNameTranslation': {'ar': 'ر. ماثياس'}}}",True,right-foot,high-left,"{'x': 0, 'y': 56.1, 'z': 87.5}",,0.030474716797471,0.0,"{'name': 'Cleiton', 'slug': 'cleiton', 'shortName': 'Cleiton', 'position': 'G', 'jerseyNumber': '1', 'userCount': 552, 'gender': 'M', 'id': 844576, 'fieldTranslations': {'nameTranslation': {'ar': 'كليتون'}, 'shortNameTranslation': {'ar': 'كليتون'}}}",6314578,90,2.0,5519,"{'start': {'x': 40.5, 'y': 13.5}, 'end': {'x': 43.9, 'y': 0}, 'goal': {'x': 43.9, 'y': 12.5}}",1,781,119,shot,,13472592,13.5,40.5,87.02011261771614,4.788139843899764,7572.499999999999,416.66446844553127,9.5,86.5,,0,1,90,0,0.052866295
"{'name': 'Jhon Jhon', 'firstName': 'Jhon Jhon', 'lastName': '', 'slug': 'jhon-jhon', 'shortName': 'Jhon Jhon', 'position': 'M', 'jerseyNumber': '10', 'userCount': 2837, 'gender': 'M', 'id': 1167069, 'fieldTranslations': {'nameTranslation': {'ar': 'جون جون', 'bn': 'ঝোঁ ঝোঁ', 'hi': 'झोन झोन'}, 'shortNameTranslation': {'ar': 'ج. جون', 'bn': 'ঝোঁ ঝোঁ', 'hi': 'झोन झोन'}}}",False,right-foot,high-right,"{'x': 0, 'y': 46.1, 'z': 25.3}",,0.03585385158658,0.38940504193306,"{'name': 'Sergio Rochet', 'slug': 'sergio-rochet', 'shortName': 'S. Rochet', 'position': 'G', 'jerseyNumber': '1', 'userCount': 2616, 'gender': 'M', 'id': 581060, 'fieldTranslations': {'nameTranslation': {'ar': 'سيرجيو روشيت', 'bn': 'সার্জিও রোচেট', 'hi': 'सर्जियो रोशेट'}, 'shortNameTranslation': {'ar': 'س. روشيت', 'bn': 'সার্জিও রোচেট', 'hi': 'सर्जियो रोशेट'}}}",6314536,87,,5219,"{'start': {'x': 51.9, 'y': 24.1}, 'end': {'x': 53.9, 'y': 0}, 'goal': {'x': 53.9, 'y': 74.7}}",4,181,2519,shot,regular,13472592,24.1,51.9,75.9237775667149,5.518037411765568,5764.420000000001,418.9502450557002,1.8999999999999986,75.9,,0,0,87,1,0.12386776
"{'name': 'Johan Carbonero', 'slug': 'carbonero-johan', 'shortName': 'J. Carbonero', 'position': 'F', 'jerseyNumber': '7', 'userCount': 2399, 'gender': 'M', 'id': 925125, 'fieldTranslations': {'nameTranslation': {'ar': 'يوهان كاربونيرو'}, 'shortNameTranslation': {'ar': 'ي. كاربونيرو'}}}",True,right-foot,high-centre,"{'x': 0, 'y': 50.6, 'z': 21.5}",,0.36178430914879,0.19545476138592,"{'name': 'Cleiton', 'slug': 'cleiton', 'shortName': 'Cleiton', 'position': 'G', 'jerseyNumber': '1', 'userCount': 552, 'gender': 'M', 'id': 844576, 'fieldTranslations': {'nameTranslation': {'ar': 'كليتون'}, 'shortNameTranslation': {'ar': 'كليتون'}}}",6314509,81,,4823,"{'start': {'x': 42.7, 'y': 12.4}, 'end': {'x': 49.4, 'y': 0}, 'goal': {'x': 49.4, 'y': 78.5}}",10,577,2123,shot,regular,13472592,12.4,42.7,87.90364042518375,4.752041526794409,7727.049999999999,417.72174965687697,7.299999999999997,87.6,,0,1,81,1,0.14575376
"{'name': 'Alan Patrick', 'slug': 'alan-patrick', 'shortName': 'A. Patrick', 'position': 'M', 'jerseyNumber': '10', 'userCount': 6629, 'gender': 'M', 'id': 124997, 'fieldTranslations': {'nameTranslation': {'ar': 'ألان باتريك', 'bn': 'অ্যালান প্যাট্রিক', 'hi': 'एलन पैट्रिक'}, 'shortNameTranslation': {'ar': 'أ. باتريك', 'bn': 'এ. প্যাট্রিক', 'hi': 'ए. पैट्रिक'}}}",True,right-foot,low-right,"{'x': 0, 'y': 46.5, 'z': 3.8}",,0.7884,0.80299824476242,"{'name': 'Cleiton', 'slug': 'cleiton', 'shortName': 'Cleiton', 'position': 'G', 'jerseyNumber': '1', 'userCount': 552, 'gender': 'M', 'id': 844576, 'fieldTranslations': {'nameTranslation': {'ar': 'كليتون'}, 'shortNameTranslation': {'ar': 'كليتون'}}}",6314475,78,,4621,"{'start': {'x': 50, 'y': 11.5}, 'end': {'x': 53.5, 'y': 0}, 'goal': {'x': 53.5, 'y': 96.2}}",13,779,1921,shot,penalty,13472592,11.5,50.0,88.5,4.736341767417068,7832.25,419.1662464164105,0.0,88.5,,0,1,78,1,0.47885054
"{'name': 'Juninho Capixaba', 'slug': 'juninho-capixaba', 'shortName': 'J. Capixaba', 'position': 'D', 'jerseyNumber': '29', 'userCount': 916, 'gender': 'M', 'id': 870556, 'fieldTranslations': {'nameTranslation': {'ar': 'جونينيو كابيكابا'}, 'shortNameTranslation': {'ar': 'ج. كابيكابا'}}}",False,left-foot,close-left,"{'x': 0, 'y': 56.3, 'z': 25}",,0.041152738034725,0.0,"{'name': 'Sergio Rochet', 'slug': 'sergio-rochet', 'shortName': 'S. Rochet', 'position': 'G', 'jerseyNumber': '1', 'userCount': 2616, 'gender': 'M', 'id': 581060, 'fieldTranslations': {'nameTranslation': {'ar': 'سيرجيو روشيت', 'bn': 'সার্জিও রোচেট', 'hi': 'सर्जियो रोशेट'}, 'shortNameTranslation': {'ar': 'س. روشيت', 'bn': 'সার্জিও রোচেট', 'hi': 'सर्जियो रोशेट'}}}",6314451,73,,4361,"{'start': {'x': 28.5, 'y': 23.3}, 'end': {'x': 43.7, 'y': 0}, 'goal': {'x': 43.7, 'y': 75}}",18,1039,1661,shot,,13472592,23.3,28.5,79.65638706343641,5.067238364950507,6345.139999999999,403.6379005411922,21.5,76.7,,0,0,73,0,0.009474273
"{'name': 'Alan Rodríguez', 'firstName': 'Alan', 'lastName': 'Rodríguez', 'slug': 'alan-rodriguez', 'shortName': 'Á. Rodríguez', 'position': 'M', 'jerseyNumber': '14', 'userCount': 552, 'gender': 'M', 'id': 874576, 'fieldTranslations': {'nameTranslation': {'ar': 'ألان رودريغيز'}, 'shortNameTranslation': {'ar': 'أ. رودريغيز'}}}",True,right-foot,close-high,"{'x': 0, 'y': 50.1, 'z': 54.2}",,0.012800741009414,0.0,"{'name': 'Cleiton', 'slug': 'cleiton', 'shortName': 'Cleiton', 'position': 'G', 'jerseyNumber': '1', 'userCount': 552, 'gender': 'M', 'id': 844576, 'fieldTranslations': {'nameTranslation': {'ar': 'كليتون'}, 'shortNameTranslation': {'ar': 'كليتون'}}}",6314444,71,,4201,"{'start': {'x': 17.6, 'y': 22}, 'end': {'x': 49.9, 'y': 0}, 'goal': {'x': 49.9, 'y': 45.8}}",20,1199,1501,shot,,13472592,22.0,17.6,84.46158890288532,4.584561998708851,7133.760000000001,387.2193908347372,32.4,78.0,,0,1,71,0,0.007465589
"{'name': 'Rafael Borré', 'slug': 'rafael-borre', 'shortName': 'R. Borré', 'position': 'F', 'jerseyNumber': '19', 'userCount': 5894, 'gender': 'M', 'sofascoreId': 'rafaelsantosborre', 'id': 560116, 'fieldTranslations': {'nameTranslation': {'ar': 'رافاييل بوري', 'bn': 'রাফায়েল বোরে', 'hi': 'राफेल बोरे'}, 'shortNameTranslation': {'ar': 'ر. بوري', 'bn': 'রাফায়েল বোরে', 'hi': 'राफेल बोरे'}}}",True,left-foot,low-right,"{'x': 0, 'y': 46.1, 'z': 18.1}","{'x': 12.1, 'y': 48.2, 'z': 0}",0.072237744927406,0.0,"{'name': 'Cleiton', 'slug': 'cleiton', 'shortName': 'Cleiton', 'position': 'G', 'jerseyNumber': '1', 'userCount': 552, 'gender': 'M', 'id': 844576, 'fieldTranslations': {'nameTranslation': {'ar': 'كليتون'}, 'shortNameTranslation': {'ar': 'كليتون'}}}",6314405,61,,3626,"{'start': {'x': 47.9, 'y': 13.5}, 'block': {'x': 48.2, 'y': 12.1}, 'end': {'x': 53.9, 'y': 0}, 'goal': {'x': 53.9, 'y': 81.9}}",30,1774,926,shot,,13472592,13.5,47.9,86.52548757447137,4.842877653204966,7486.66,419.0323502070714,2.1000000000000014,86.5,,0,1,61,0,0.49815387
"{'name': 'Rafael Borré', 'slug': 'rafael-borre', 'shortName': 'R. Borré', 'position': 'F', 'jerseyNumber': '19', 'userCount': 5894, 'gender': 'M', 'sofascoreId': 'rafaelsantosborre', 'id': 560116, 'fieldTranslations': {'nameTranslation': {'ar': 'رافاييل بوري', 'bn': 'রাফায়েল বোরে', 'hi': 'राफेल बोरे'}, 'shortNameTranslation': {'ar': 'ر. بوري', 'bn': 'রাফায়েল বোরে', 'hi': 'राफेल बोरे'}}}",True,left-foot,low-left,"{'x': 0, 'y': 53.1, 'z': 19}","{'x': 3.5, 'y': 49.3, 'z': 0}",0.42797622084618,0.0,"{'name': 'Cleiton', 'slug': 'cleiton', 'shortName': 'Cleiton', 'position': 'G', 'jerseyNumber': '1', 'userCount': 552, 'gender': 'M', 'id': 844576, 'fieldTranslations': {'nameTranslation': {'ar': 'كليتون'}, 'shortNameTranslation': {'ar': 'كليتون'}}}",6314406,60,,3561,"{'start': {'x': 50.2, 'y': 4.8}, 'block': {'x': 49.3, 'y': 3.5}, 'end': {'x': 46.9, 'y': 0}, 'goal': {'x': 46.9, 'y': 81}}",31,1839,861,shot,,13472592,4.8,50.2,95.20021008380182,4.4033278361488355,9063.080000000002,419.1977350692216,0.20000000000000284,95.2,,0,1,60,0,0.56023544
"{'name': 'Isidro Pitta', 'slug': 'isidro-pitta', 'shortName': 'I. Pitta', 'position': 'F', 'jerseyNumber': '9', 'userCount': 1807, 'gender': 'M', 'id': 979861, 'fieldTranslations': {'nameTranslation': {'ar': 'إيسيدرو بيتا', 'bn': 'ইসিদ্রো পিত্তা', 'hi': 'इसिड्रो पिट्टा'}, 'shortNameTranslation': {'ar': 'إ. بيتا', 'bn': 'আই. পিট্টা', 'hi': 'आई. पिट्टा'}}}",False,left-foot,low-centre,"{'x': 0, 'y': 49.4, 'z': 19}","{'x': 12.7, 'y': 65, 'z': 0}",0.020378893241286,0.0,"{'name': 'Sergio Rochet', 'slug': 'sergio-rochet', 'shortName': 'S. Rochet', 'position': 'G', 'jerseyNumber': '1', 'userCount': 2616, 'gender': 'M', 'id': 581060, 'fieldTranslations': {'nameTranslation': {'ar': 'سيرجيو روشيت', 'bn': 'সার্জিও রোচেট', 'hi': 'सर्जियो रोशेट'}, 'shortNameTranslation': {'ar': 'س. روشيت', 'bn': 'সার্জিও রোচেট', 'hi': 'सर्जियो रोशेट'}}}",6314375,56,,3309,"{'start': {'x': 66.5, 'y': 14}, 'block': {'x': 65, 'y': 12.7}, 'end': {'x': 50.6, 'y': 0}, 'goal': {'x': 50.6, 'y': 81}}",35,2091,609,shot,,13472592,14.0,66.5,87.56854458080252,4.701311525023239,7668.249999999999,411.68700786723815,16.5,86.0,,0,0,56,0,0.023329306
"{'name': 'Gabriel Mercado', 'slug': 'gabriel-mercado', 'shortName': 'G. Mercado', 'position': 'D', 'jerseyNumber': '25', 'userCount': 994, 'gender': 'M', 'id': 128376, 'fieldTranslations': {'nameTranslation': {'ar': 'غابرييل ميركادو'}, 'shortNameTranslation': {'ar': 'غ. ميركادو'}}}",True,head,low-centre,"{'x': 0, 'y': 50.8, 'z': 9.5}",,0.1610531359911,0.14535109698772,"{'name': 'Cleiton', 'slug': 'cleiton', 'shortName': 'Cleiton', 'position': 'G', 'jerseyNumber': '1', 'userCount': 552, 'gender': 'M', 'id': 844576, 'fieldTranslations': {'nameTranslation': {'ar': 'كليتون'}, 'shortNameTranslation': {'ar': 'كليتون'}}}",6314327,50,,2949,"{'start': {'x': 48.5, 'y': 8.2}, 'end': {'x': 49.2, 'y': 0}, 'goal': {'x': 49.2, 'y': 90.5}}",41,2451,249,shot,regular,13472592,8.2,48.5,91.81225408408183,4.5650490400138946,8429.49,419.1274423680495,1.5,91.8,,0,1,50,1,0.48020837
"{'name': 'Alan Rodríguez', 'firstName': 'Alan', 'lastName': 'Rodríguez', 'slug': 'alan-rodriguez', 'shortName': 'Á. Rodríguez', 'position': 'M', 'jerseyNumber': '14', 'userCount': 552, 'gender': 'M', 'id': 874576, 'fieldTranslations': {'nameTranslation': {'ar': 'ألان رودريغيز'}, 'shortNameTranslation': {'ar': 'أ. رودريغيز'}}}",True,right-foot,low-left,"{'x': 0, 'y': 53.9, 'z': 19}","{'x': 16, 'y': 51.1, 'z': 0}",0.018623195588589,0.0,"{'name': 'Cleiton', 'slug': 'cleiton', 'shortName': 'Cleiton', 'position': 'G', 'jerseyNumber': '1', 'userCount': 552, 'gender': 'M', 'id': 844576, 'fieldTranslations': {'nameTranslation': {'ar': 'كليتون'}, 'shortNameTranslation': {'ar': 'كليتون'}}}",6314322,49,,2939,"{'start': {'x': 52.8, 'y': 21.6}, 'block': {'x': 51.1, 'y': 16}, 'end': {'x': 46.1, 'y': 0}, 'goal': {'x': 46.1, 'y': 81}}",42,2461,239,shot,,13472592,21.6,52.8,78.44998406628265,5.33888861691667,6154.400000000002,418.83572692877055,2.799999999999997,78.4,,0,1,49,0,0.13189101
"{'name': 'Vitão', 'slug': 'vitao', 'shortName': 'Vitão', 'position': 'D', 'jerseyNumber': '44', 'userCount': 3544, 'gender': 'M', 'id': 876625, 'fieldTranslations': {'nameTranslation': {'ar': 'فيتاو', 'bn': 'ভিটো', 'hi': 'विताओ'}, 'shortNameTranslation': {'ar': 'فيتاو', 'bn': 'ভিটো', 'hi': 'विताओ'}}}",True,head,high,"{'x': 0, 'y': 50.4, 'z': 98.6}",,0.055444411933422,0.0,"{'name': 'Cleiton', 'slug': 'cleiton', 'shortName': 'Cleiton', 'position': 'G', 'jerseyNumber': '1', 'userCount': 552, 'gender': 'M', 'id': 844576, 'fieldTranslations': {'nameTranslation': {'ar': 'كليتون'}, 'shortNameTranslation': {'ar': 'كليتون'}}}",6314162,39,,2292,"{'start': {'x': 45.9, 'y': 9.2}, 'end': {'x': 49.6, 'y': 0}, 'goal': {'x': 49.6, 'y': 1.4}}",7,408,2292,shot,,13472592,9.2,45.9,90.89251894408031,4.607131663135549,8261.449999999997,418.7538019694201,4.100000000000001,90.8,,0,1,39,0,0.15988587
"{'name': 'Gabriel Mercado', 'slug': 'gabriel-mercado', 'shortName': 'G. Mercado', 'position': 'D', 'jerseyNumber': '25', 'userCount': 994, 'gender': 'M', 'id': 128376, 'fieldTranslations': {'nameTranslation': {'ar': 'غابرييل ميركادو'}, 'shortNameTranslation': {'ar': 'غ. ميركادو'}}}",True,left-foot,right,"{'x': 0, 'y': 38.7, 'z': 12.5}",,0.039982460439205,0.0,"{'name': 'Cleiton', 'slug': 'cleiton', 'shortName': 'Cleiton', 'position': 'G', 'jerseyNumber': '1', 'userCount': 552, 'gender': 'M', 'id': 844576, 'fieldTranslations': {'nameTranslation': {'ar': 'كليتون'}, 'shortNameTranslation': {'ar': 'كليتون'}}}",6314131,33,,1927,"{'start': {'x': 45, 'y': 17.8}, 'end': {'x': 61.3, 'y': 0}, 'goal': {'x': 61.3, 'y': 87.5}}",13,773,1927,shot,,13472592,17.8,45.0,82.35192772485657,5.080149561686699,6781.839999999999,418.3601095354848,5.0,82.2,,0,1,33,0,0.037976976
"{'name': 'Bruno Gomes', 'slug': 'bruno-gomes', 'shortName': 'B. Gomes', 'position': 'D', 'jerseyNumber': '15', 'userCount': 903, 'gender': 'M', 'id': 995071, 'fieldTranslations': {'nameTranslation': {'ar': 'برونو غوميز'}, 'shortNameTranslation': {'ar': 'ب. غوميز'}}}",True,right-foot,high,"{'x': 0, 'y': 45, 'z': 38.6}",,0.037564367055893,0.0,"{'name': 'Cleiton', 'slug': 'cleiton', 'shortName': 'Cleiton', 'position': 'G', 'jerseyNumber': '1', 'userCount': 552, 'gender': 'M', 'id': 844576, 'fieldTranslations': {'nameTranslation': {'ar': 'كليتون'}, 'shortNameTranslation': {'ar': 'كليتون'}}}",6314130,33,,1924,"{'start': {'x': 62.7, 'y': 15.7}, 'end': {'x': 55, 'y': 0}, 'goal': {'x': 55, 'y': 61.4}}",13,776,1924,shot,,13472592,15.7,62.7,85.25127565027987,4.862017626845958,7267.780000000001,414.49320492276433,12.700000000000003,84.3,,0,1,33,0,0.028483696
"{'name': 'Bruno Gomes', 'slug': 'bruno-gomes', 'shortName': 'B. Gomes', 'position': 'D', 'jerseyNumber': '15', 'userCount': 903, 'gender': 'M', 'id': 995071, 'fieldTranslations': {'nameTranslation': {'ar': 'برونو غوميز'}, 'shortNameTranslation': {'ar': 'ب. غوميز'}}}",True,right-foot,low-centre,"{'x': 0, 'y': 48.4, 'z': 19}","{'x': 22.4, 'y': 38.6, 'z': 0}",0.015290185809135,0.0,"{'name': 'Cleiton', 'slug': 'cleiton', 'shortName': 'Cleiton', 'position': 'G', 'jerseyNumber': '1', 'userCount': 552, 'gender': 'M', 'id': 844576, 'fieldTranslations': {'nameTranslation': {'ar': 'كليتون'}, 'shortNameTranslation': {'ar': 'كليتون'}}}",6314080,31,,1807,"{'start': {'x': 34.1, 'y': 30.2}, 'block': {'x': 38.6, 'y': 22.4}, 'end': {'x': 51.6, 'y': 0}, 'goal': {'x': 51.6, 'y': 81}}",15,893,1807,shot,,13472592,30.2,34.1,71.58805766327231,5.708268698471663,5124.850000000001,408.6438687436418,15.899999999999999,69.8,,0,1,31,0,0.030766796
"{'name': 'Eduardo Sasha', 'firstName': '', 'lastName': '', 'slug': 'eduardo-sasha', 'shortName': 'E. Sasha', 'position': 'F', 'jerseyNumber': '8', 'userCount': 1441, 'gender': 'M', 'id': 143846, 'fieldTranslations': {'nameTranslation': {'ar': 'إدواردو ساشا', 'bn': 'এডুয়ার্ডো সাশা', 'hi': 'एडुआर्डो साशा'}, 'shortNameTranslation': {'ar': 'إ. ساشا', 'bn': 'ই. সাশা', 'hi': 'ई. साशा'}}}",False,right-foot,low-left,"{'x': 0, 'y': 54, 'z': 6.3}","{'x': 2.4, 'y': 49.8, 'z': 0}",0.030910838395357,0.17280273139477,"{'name': 'Sergio Rochet', 'slug': 'sergio-rochet', 'shortName': 'S. Rochet', 'position': 'G', 'jerseyNumber': '1', 'userCount': 2616, 'gender': 'M', 'id': 581060, 'fieldTranslations': {'nameTranslation': {'ar': 'سيرجيو روشيت', 'bn': 'সার্জিও রোচেট', 'hi': 'सर्जियो रोशेट'}, 'shortNameTranslation': {'ar': 'س. روشيت', 'bn': 'সার্জিও রোচেট', 'hi': 'सर्जियो रोशेट'}}}",6314057,27,,1591,"{'start': {'x': 48.5, 'y': 26.2}, 'block': {'x': 49.8, 'y': 2.4}, 'end': {'x': 46, 'y': 0}, 'goal': {'x': 46, 'y': 93.7}}",19,1109,1591,shot,,13472592,26.2,48.5,73.81524232839719,5.676008481667567,5448.6900000000005,418.9759415323292,1.5,73.8,,0,0,27,0,0.12169444
"{'name': 'Isidro Pitta', 'slug': 'isidro-pitta', 'shortName': 'I. Pitta', 'position': 'F', 'jerseyNumber': '9', 'userCount': 1807, 'gender': 'M', 'id': 979861, 'fieldTranslations': {'nameTranslation': {'ar': 'إيسيدرو بيتا', 'bn': 'ইসিদ্রো পিত্তা', 'hi': 'इसिड्रो पिट्टा'}, 'shortNameTranslation': {'ar': 'إ. بيتا', 'bn': 'আই. পিট্টা', 'hi': 'आई. पिट्टा'}}}",False,left-foot,low-centre,"{'x': 0, 'y': 48.2, 'z': 6.9}","{'x': 11.2, 'y': 29.8, 'z': 0}",0.032312445342541,0.0,"{'name': 'Sergio Rochet', 'slug': 'sergio-rochet', 'shortName': 'S. Rochet', 'position': 'G', 'jerseyNumber': '1', 'userCount': 2616, 'gender': 'M', 'id': 581060, 'fieldTranslations': {'nameTranslation': {'ar': 'سيرجيو روشيت', 'bn': 'সার্জিও রোচেট', 'hi': 'सर्जियो रोशेट'}, 'shortNameTranslation': {'ar': 'س. روشيت', 'bn': 'সার্জিও রোচেট', 'hi': 'सर्जियो रोशेट'}}}",6314060,26,,1558,"{'start': {'x': 27.2, 'y': 12.9}, 'block': {'x': 29.8, 'y': 11.2}, 'end': {'x': 51.8, 'y': 0}, 'goal': {'x': 51.8, 'y': 93.1}}",20,1142,1558,shot,,13472592,12.9,27.2,90.03471552684553,4.504577351217789,8106.25,405.568340385565,22.8,87.1,,0,0,26,0,0.03580036
"{'name': 'Alan Rodríguez', 'firstName': 'Alan', 'lastName': 'Rodríguez', 'slug': 'alan-rodriguez', 'shortName': 'Á. Rodríguez', 'position': 'M', 'jerseyNumber': '14', 'userCount': 552, 'gender': 'M', 'id': 874576, 'fieldTranslations': {'nameTranslation': {'ar': 'ألان رودريغيز'}, 'shortNameTranslation': {'ar': 'أ. رودريغيز'}}}",True,right-foot,low-right,"{'x': 0, 'y': 47.2, 'z': 2.5}","{'x': 1.6, 'y': 50, 'z': 0}",0.020409835502505,0.037124887108803,"{'name': 'Cleiton', 'slug': 'cleiton', 'shortName': 'Cleiton', 'position': 'G', 'jerseyNumber': '1', 'userCount': 552, 'gender': 'M', 'id': 844576, 'fieldTranslations': {'nameTranslation': {'ar': 'كليتون'}, 'shortNameTranslation': {'ar': 'كليتون'}}}",6314052,26,,1507,"{'start': {'x': 45.6, 'y': 29.2}, 'block': {'x': 50, 'y': 1.6}, 'end': {'x': 52.8, 'y': 0}, 'goal': {'x': 52.8, 'y': 97.5}}",20,1193,1507,shot,,13472592,29.2,45.6,70.9365914038728,5.895862062755386,5032.0,418.23235811927344,4.399999999999999,70.8,,0,1,26,0,0.06717841
"{'name': 'Braian Aguirre', 'firstName': 'Brian Aguirre', 'lastName': '', 'slug': 'braian-aguirre', 'shortName': 'B. Aguirre', 'position': 'D', 'jerseyNumber': '35', 'userCount': 797, 'gender': 'M', 'id': 1084963, 'fieldTranslations': {'nameTranslation': {'ar': 'برايان أغيري'}, 'shortNameTranslation': {'ar': 'ب. أغيري'}}}",True,right-foot,high,"{'x': 0, 'y': 50.4, 'z': 61.1}",,0.029924215748906,0.0,"{'name': 'Cleiton', 'slug': 'cleiton', 'shortName': 'Cleiton', 'position': 'G', 'jerseyNumber': '1', 'userCount': 552, 'gender': 'M', 'id': 844576, 'fieldTranslations': {'nameTranslation': {'ar': 'كليتون'}, 'shortNameTranslation': {'ar': 'كليتون'}}}",6313991,17,,975,"{'start': {'x': 66.2, 'y': 11.6}, 'end': {'x': 49.6, 'y': 0}, 'goal': {'x': 49.6, 'y': 38.9}}",29,1725,975,shot,,13472592,11.6,66.2,89.87213138676529,4.588039084259242,8077.000000000003,412.3368513881609,16.200000000000003,88.4,,0,1,17,0,0.044302344
"{'name': 'Rafael Borré', 'slug': 'rafael-borre', 'shortName': 'R. Borré', 'position': 'F', 'jerseyNumber': '19', 'userCount': 5894, 'gender': 'M', 'sofascoreId': 'rafaelsantosborre', 'id': 560116, 'fieldTranslations': {'nameTranslation': {'ar': 'رافاييل بوري', 'bn': 'রাফায়েল বোরে', 'hi': 'राफेल बोरे'}, 'shortNameTranslation': {'ar': 'ر. بوري', 'bn': 'রাফায়েল বোরে', 'hi': 'राफेल बोरे'}}}",True,right-foot,low-right,"{'x': 0, 'y': 47.5, 'z': 19}","{'x': 9.7, 'y': 57.8, 'z': 0}",0.065919384360313,0.0,"{'name': 'Cleiton', 'slug': 'cleiton', 'shortName': 'Cleiton', 'position': 'G', 'jerseyNumber': '1', 'userCount': 552, 'gender': 'M', 'id': 844576, 'fieldTranslations': {'nameTranslation': {'ar': 'كليتون'}, 'shortNameTranslation': {'ar': 'كليتون'}}}",6313926,3,,146,"{'start': {'x': 58.8, 'y': 11.6}, 'block': {'x': 57.8, 'y': 9.7}, 'end': {'x': 52.5, 'y': 0}, 'goal': {'x': 52.5, 'y': 81}}",43,2554,146,shot,,13472592,11.6,58.8,88.83692925805124,4.695296090215992,7892.000000000001,417.11568661212266,8.799999999999997,88.4,,0,1,3,0,0.090003505
"{'name': 'Camilo', 'slug': 'camilo', 'shortName': 'Camilo', 'position': 'M', 'jerseyNumber': '27', 'userCount': 595, 'gender': 'M', 'id': 975319, 'fieldTranslations': {'nameTranslation': {'ar': 'كاميلو', 'bn': 'ক্যামিলো', 'hi': 'कैमिलो'}, 'shortNameTranslation': {'ar': 'كاميلو', 'bn': 'ক্যামিলো', 'hi': 'कैमिलो'}}}",False,right-foot,high-right,"{'x': 0, 'y': 47.1, 'z': 20.9}","{'x': 1.8, 'y': 49.6, 'z': 0}",0.034652560949326,0.11460975557566,"{'name': 'Caíque França', 'slug': 'caique-franca', 'shortName': 'C. França', 'position': 'G', 'jerseyNumber': '22', 'userCount': 462, 'gender': 'M', 'id': 799667, 'fieldTranslations': {'nameTranslation': {'ar': 'كاكي فرانسا'}, 'shortNameTranslation': {'ar': 'ك. فرانسا'}}}",6314546,90,1.0,5422,"{'start': {'x': 46.8, 'y': 26.2}, 'block': {'x': 49.6, 'y': 1.8}, 'end': {'x': 52.9, 'y': 0}, 'goal': {'x': 52.9, 'y': 79.1}}",1,878,22,shot,,13472607,26.2,46.8,73.86934411513344,5.667731159005616,5456.68,418.6715833366499,3.200000000000003,73.8,,0,0,90,0,0.034909423
"{'name': 'Sérgio Oliveira', 'slug': 'sergio-oliveira', 'shortName': 'S. Oliveira', 'position': 'M', 'jerseyNumber': '27', 'userCount': 1610, 'gender': 'M', 'id': 991493, 'fieldTranslations': {'nameTranslation': {'ar': 'سيرجيو أوليفيرا', 'bn': 'সার্জিও অলিভেইরা', 'hi': 'सेर्गियो ओलिवेरा'}, 'shortNameTranslation': {'ar': 'س. أوليفيرا', 'bn': 'এস. অলিভেইরা', 'hi': 'एस. ओलिवेरा'}}}",True,right-foot,low-left,"{'x': 0, 'y': 52.1, 'z': 19}","{'x': 26.4, 'y': 35, 'z': 0}",0.0097626484930515,0.0,"{'name': 'Gabriel Grando', 'firstName': 'Gabriel Grando', 'slug': 'gabriel-grando', 'shortName': 'G. Grando', 'position': 'G', 'jerseyNumber': '12', 'userCount': 1328, 'gender': 'M', 'id': 1111770, 'fieldTranslations': {'nameTranslation': {'ar': 'غابرييل غراندو'}, 'shortNameTranslation': {'ar': 'غ. غراندو'}}}",6314520,82,,4914,"{'start': {'x': 34, 'y': 28.5}, 'block': {'x': 35, 'y': 26.4}, 'end': {'x': 47.9, 'y': 0}, 'goal': {'x': 47.9, 'y': 81}}",9,486,2214,shot,,13472607,28.5,34.0,73.26834241335067,5.582321492796063,5368.25,409.00744259558877,16.0,71.5,,0,1,82,0,0.011821729
"{'name': 'Gustavo Cuéllar', 'slug': 'gustavo-cuellar', 'shortName': 'G. Cuéllar', 'position': 'M', 'jerseyNumber': '6', 'userCount': 1946, 'gender': 'M', 'id': 180059, 'fieldTranslations': {'nameTranslation': {'ar': 'غوستافو كوييار', 'bn': 'গুস্তাভো কুয়েলার', 'hi': 'गुस्तावो क्यूएलर'}, 'shortNameTranslation': {'ar': 'غ. كوييار', 'bn': 'জি. কুয়েলার', 'hi': 'जी. क्यूएलर'}}}",False,left-foot,low-centre,"{'x': 0, 'y': 50.4, 'z': 10.8}","{'x': 2.4, 'y': 48.7, 'z': 0}",0.12661401927471,0.075354538857937,"{'name': 'Caíque França', 'slug': 'caique-franca', 'shortName': 'C. França', 'position': 'G', 'jerseyNumber': '22', 'userCount': 462, 'gender': 'M', 'id': 799667, 'fieldTranslations': {'nameTranslation': {'ar': 'كاكي فرانسا'}, 'shortNameTranslation': {'ar': 'ك. فرانسا'}}}",6314462,76,,4514,"{'start': {'x': 50.6, 'y': 15.4}, 'block': {'x': 48.7, 'y': 2.4}, 'end': {'x': 49.6, 'y': 0}, 'goal': {'x': 49.6, 'y': 89.2}}",15,886,1814,shot,,13472607,15.4,50.6,84.6021276328202,4.954169332995338,7157.5199999999995,419.1332662246753,0.6000000000000014,84.6,,0,0,76,0,0.11243283
"{'name': 'Cristian Pavón', 'firstName': '', 'lastName': '', 'slug': 'cristian-pavon', 'shortName': 'C. Pavón', 'position': 'M', 'jerseyNumber': '7', 'userCount': 2411, 'gender': 'M', 'id': 358956, 'fieldTranslations': {'nameTranslation': {'ar': 'كريستيان بافون', 'bn': 'ক্রিশ্চিয়ান পাভন', 'hi': 'क्रिस्टियन पावोन'}, 'shortNameTranslation': {'ar': 'ك. بافون', 'bn': 'সি. পাভন', 'hi': 'सी. पावोन'}}}",False,left-foot,high-left,"{'x': 0, 'y': 69.6, 'z': 62.5}",,0.053176175802946,0.0,"{'name': 'Caíque França', 'slug': 'caique-franca', 'shortName': 'C. França', 'position': 'G', 'jerseyNumber': '22', 'userCount': 462, 'gender': 'M', 'id': 799667, 'fieldTranslations': {'nameTranslation': {'ar': 'كاكي فرانسا'}, 'shortNameTranslation': {'ar': 'ك. فرانسا'}}}",6314407,62,,3694,"{'start': {'x': 72.8, 'y': 10.7}, 'end': {'x': 30.4, 'y': 0}, 'goal': {'x': 30.4, 'y': 37.5}}",29,1706,994,shot,,13472607,10.7,72.8,92.16468955082527,4.407412202970815,8494.330000000002,406.2077774093241,22.799999999999997,89.3,,0,0,62,0,0.014256494
"{'name': 'Léo Pereira', 'slug': 'leo-pereira', 'shortName': 'L. Pereira', 'position': 'M', 'jerseyNumber': '38', 'userCount': 373, 'gender': 'M', 'id': 1008491, 'fieldTranslations': {'nameTranslation': {'ar': 'ليو بيريرا'}, 'shortNameTranslation': {'ar': 'ل. بيريرا'}}}",True,right-foot,low-right,"{'x': 0, 'y': 47.3, 'z': 13.3}","{'x': 2.4, 'y': 46.9, 'z': 0}",0.029164347797632,0.053351406008005,"{'name': 'Gabriel Grando', 'firstName': 'Gabriel Grando', 'slug': 'gabriel-grando', 'shortName': 'G. Grando', 'position': 'G', 'jerseyNumber': '12', 'userCount': 1328, 'gender': 'M', 'id': 1111770, 'fieldTranslations': {'nameTranslation': {'ar': 'غابرييل غراندو'}, 'shortNameTranslation': {'ar': 'غ. غراندو'}}}",6314377,59,,3529,"{'start': {'x': 27.9, 'y': 22}, 'block': {'x': 46.9, 'y': 2.4}, 'end': {'x': 52.7, 'y': 0}, 'goal': {'x': 52.7, 'y': 86.7}}",32,1871,829,shot,,13472607,22.0,27.9,81.0704015038781,4.9750372966686625,6572.410000000001,403.3282711376968,22.1,78.0,,0,1,59,0,0.019969463
"{'name': 'Franco Cristaldo', 'slug': 'franco-cristaldo', 'shortName': 'F. Cristaldo', 'position': 'M', 'jerseyNumber': '10', 'userCount': 2298, 'gender': 'M', 'id': 558820, 'fieldTranslations': {'nameTranslation': {'ar': 'فرانكو كريستالدو', 'bn': 'ফ্রাঙ্কো ক্রিস্টালদো', 'hi': 'फ्रेंको क्रिस्टाल्डो'}, 'shortNameTranslation': {'ar': 'ف. كريستالدو', 'bn': 'এফ ক্রিস্টালডো', 'hi': 'एफ. क्रिस्टाल्डो'}}}",False,right-foot,low-left,"{'x': 0, 'y': 53.2, 'z': 13.9}",,0.15297609567642,0.58739751577377,"{'name': 'Caíque França', 'slug': 'caique-franca', 'shortName': 'C. França', 'position': 'G', 'jerseyNumber': '22', 'userCount': 462, 'gender': 'M', 'id': 799667, 'fieldTranslations': {'nameTranslation': {'ar': 'كاكي فرانسا'}, 'shortNameTranslation': {'ar': 'ك. فرانسا'}}}",6314311,48,,2822,"{'start': {'x': 52.8, 'y': 11.8}, 'end': {'x': 46.8, 'y': 0}, 'goal': {'x': 46.8, 'y': 86.1}}",43,2578,122,shot,regular,13472607,11.8,52.8,88.24443325218878,4.74766228342967,7787.080000000002,418.9547674740437,2.799999999999997,88.2,,0,0,48,1,0.48385972
"{'name': 'Cristian Pavón', 'firstName': '', 'lastName': '', 'slug': 'cristian-pavon', 'shortName': 'C. Pavón', 'position': 'M', 'jerseyNumber': '7', 'userCount': 2411, 'gender': 'M', 'id': 358956, 'fieldTranslations': {'nameTranslation': {'ar': 'كريستيان بافون', 'bn': 'ক্রিশ্চিয়ান পাভন', 'hi': 'क्रिस्टियन पावोन'}, 'shortNameTranslation': {'ar': 'ك. بافون', 'bn': 'সি. পাভন', 'hi': 'सी. पावोन'}}}",False,right-foot,high-centre,"{'x': 0, 'y': 51.8, 'z': 20.9}","{'x': 1.9, 'y': 51.8, 'z': 0}",0.048947621136904,0.10016250610352,"{'name': 'Caíque França', 'slug': 'caique-franca', 'shortName': 'C. França', 'position': 'G', 'jerseyNumber': '22', 'userCount': 462, 'gender': 'M', 'id': 799667, 'fieldTranslations': {'nameTranslation': {'ar': 'كاكي فرانسا'}, 'shortNameTranslation': {'ar': 'ك. فرانسا'}}}",6314222,45,,2645,"{'start': {'x': 55.2, 'y': 25.1}, 'block': {'x': 51.8, 'y': 1.9}, 'end': {'x': 48.2, 'y': 0}, 'goal': {'x': 48.2, 'y': 79.1}}",1,55,2645,shot,,13472607,25.1,55.2,75.08029035639115,5.568350497950175,5637.050000000001,418.07337219225434,5.200000000000003,74.9,,0,0,45,0,0.020195173
"{'name': 'Matheus Alexandre', 'firstName': '', 'lastName': '', 'slug': 'matheus-alexandre', 'shortName': 'M. Alexandre', 'position': 'D', 'jerseyNumber': '33', 'userCount': 291, 'gender': 'M', 'id': 953736, 'fieldTranslations': {'nameTranslation': {'ar': 'ماثيوس ألكسندر'}, 'shortNameTranslation': {'ar': 'م. ألكسندر'}}}",True,left-foot,low-right,"{'x': 0, 'y': 47.5, 'z': 19}","{'x': 7.9, 'y': 63.5, 'z': 0}",0.032979346811771,0.0,"{'name': 'Gabriel Grando', 'firstName': 'Gabriel Grando', 'slug': 'gabriel-grando', 'shortName': 'G. Grando', 'position': 'G', 'jerseyNumber': '12', 'userCount': 1328, 'gender': 'M', 'id': 1111770, 'fieldTranslations': {'nameTranslation': {'ar': 'غابرييل غراندو'}, 'shortNameTranslation': {'ar': 'غ. غراندو'}}}",6314230,43,,2579,"{'start': {'x': 65.7, 'y': 9.4}, 'block': {'x': 63.5, 'y': 7.9}, 'end': {'x': 52.5, 'y': 0}, 'goal': {'x': 52.5, 'y': 81}}",3,121,2579,shot,,13472607,9.4,65.7,91.95025829218751,4.492142117040192,8454.849999999999,413.0536279470597,15.700000000000003,90.6,,0,1,43,0,0.093688674
"{'name': 'Gonçalo Paciência', 'slug': 'goncalo-paciencia', 'shortName': 'G. Paciência', 'position': 'F', 'jerseyNumber': '39', 'userCount': 1121, 'gender': 'M', 'id': 138890, 'fieldTranslations': {'nameTranslation': {'ar': 'غونسالو باسينسيا', 'bn': 'গনসালো প্যাসিয়েন্সিয়া', 'hi': 'गोन्सालो पैसिएंसिया'}, 'shortNameTranslation': {'ar': 'غ. باسينسيا', 'bn': 'জি. প্যাসিনেসিয়া', 'hi': 'जी. पैसिएंसिया'}}}",True,left-foot,low-right,"{'x': 0, 'y': 46.6, 'z': 19}","{'x': 21.2, 'y': 44.9, 'z': 0}",0.02652389369905,0.0,"{'name': 'Gabriel Grando', 'firstName': 'Gabriel Grando', 'slug': 'gabriel-grando', 'shortName': 'G. Grando', 'position': 'G', 'jerseyNumber': '12', 'userCount': 1328, 'gender': 'M', 'id': 1111770, 'fieldTranslations': {'nameTranslation': {'ar': 'غابرييل غراندو'}, 'shortNameTranslation': {'ar': 'غ. غراندو'}}}",6314218,43,,2567,"{'start': {'x': 44.2, 'y': 23.1}, 'block': {'x': 44.9, 'y': 21.2}, 'end': {'x': 53.4, 'y': 0}, 'goal': {'x': 53.4, 'y': 81}}",3,133,2567,shot,,13472607,23.1,44.2,77.11841544015282,5.419078732411139,5947.25,417.9107649889789,5.799999999999997,76.9,,0,1,43,0,0.025069742
"{'name': 'Gustavo Martins', 'firstName': 'Gustavo Martins', 'lastName': '', 'slug': 'gustavo-martins', 'shortName': 'G. Martins', 'position': 'D', 'jerseyNumber': '53', 'userCount': 1213, 'gender': 'M', 'id': 1105796, 'fieldTranslations': {'nameTranslation': {'ar': 'غوستافو مارتينز'}, 'shortNameTranslation': {'ar': 'غ. مارتينز'}}}",False,head,low-right,"{'x': 0, 'y': 48, 'z': 3.8}",,0.083547189831734,0.4059317111969,"{'name': 'Caíque França', 'slug': 'caique-franca', 'shortName': 'C. França', 'position': 'G', 'jerseyNumber': '22', 'userCount': 462, 'gender': 'M', 'id': 799667, 'fieldTranslations': {'nameTranslation': {'ar': 'كاكي فرانسا'}, 'shortNameTranslation': {'ar': 'ك. فرانسا'}}}",6314179,42,,2469,"{'start': {'x': 45.2, 'y': 7.2}, 'end': {'x': 52, 'y': 0}, 'goal': {'x': 52, 'y': 96.2}}",4,231,2469,shot,regular,13472607,7.2,45.2,92.92405501268227,4.505088704931776,8634.880000000001,418.6311106540939,4.799999999999997,92.8,,0,0,42,1,0.079409435
"{'name': 'Franco Cristaldo', 'slug': 'franco-cristaldo', 'shortName': 'F. Cristaldo', 'position': 'M', 'jerseyNumber': '10', 'userCount': 2298, 'gender': 'M', 'id': 558820, 'fieldTranslations': {'nameTranslation': {'ar': 'فرانكو كريستالدو', 'bn': 'ফ্রাঙ্কো ক্রিস্টালদো', 'hi': 'फ्रेंको क्रिस्टाल्डो'}, 'shortNameTranslation': {'ar': 'ف. كريستالدو', 'bn': 'এফ ক্রিস্টালডো', 'hi': 'एफ. क्रिस्टाल्डो'}}}",False,right-foot,high-centre,"{'x': 0, 'y': 49.5, 'z': 22.8}","{'x': 1.2, 'y': 47.7, 'z': 0}",0.061346150934696,0.050822906196117,"{'name': 'Caíque França', 'slug': 'caique-franca', 'shortName': 'C. França', 'position': 'G', 'jerseyNumber': '22', 'userCount': 462, 'gender': 'M', 'id': 799667, 'fieldTranslations': {'nameTranslation': {'ar': 'كاكي فرانسا'}, 'shortNameTranslation': {'ar': 'ك. فرانسا'}}}",6314143,37,,2194,"{'start': {'x': 36.4, 'y': 21.1}, 'block': {'x': 47.7, 'y': 1.2}, 'end': {'x': 50.5, 'y': 0}, 'goal': {'x': 50.5, 'y': 77.2}}",9,506,2194,shot,,13472607,21.1,36.4,80.06353726884667,5.159097490165795,6410.17,413.0555941775025,13.600000000000001,78.9,,0,0,37,0,0.018436555
"{'name': 'Matheusinho', 'firstName': '', 'lastName': '', 'slug': 'matheusinho', 'shortName': 'Matheusinho', 'position': 'M', 'jerseyNumber': '98', 'userCount': 482, 'gender': 'M', 'id': 822523, 'fieldTranslations': {'nameTranslation': {'ar': 'Sales Cordoso, Matheus Leonardo'}, 'shortNameTranslation': {'ar': 'M. L. S. Cordoso'}}}",True,right-foot,left,"{'x': 0, 'y': 63, 'z': 9.7}",,0.035011015832424,0.0,"{'name': 'Gabriel Grando', 'firstName': 'Gabriel Grando', 'slug': 'gabriel-grando', 'shortName': 'G. Grando', 'position': 'G', 'jerseyNumber': '12', 'userCount': 1328, 'gender': 'M', 'id': 1111770, 'fieldTranslations': {'nameTranslation': {'ar': 'غابرييل غراندو'}, 'shortNameTranslation': {'ar': 'غ. غراندو'}}}",6314148,36,,2146,"{'start': {'x': 54.2, 'y': 20.4}, 'end': {'x': 37, 'y': 0}, 'goal': {'x': 37, 'y': 90.3}}",10,554,2146,shot,,13472607,20.4,54.2,79.71072700709735,5.250633356721308,6353.799999999998,418.5318021119714,4.200000000000003,79.6,,0,1,36,0,0.07620977
"{'name': 'Francis Amuzu', 'slug': 'amuzu-francis', 'shortName': 'F. Amuzu', 'position': 'M', 'jerseyNumber': '9', 'userCount': 1938, 'gender': 'M', 'id': 901889, 'fieldTranslations': {'nameTranslation': {'ar': 'أموزو، فرانسيس', 'bn': 'আমুজু, ফ্রান্সিস', 'hi': 'अमुज़ू, फ़्रांसिस'}, 'shortNameTranslation': {'ar': 'ف. أموزو', 'bn': 'এফ. আমুজু', 'hi': 'एफ. अमुज़ू'}}}",False,right-foot,close-left,"{'x': 0, 'y': 57.8, 'z': 6.9}",,0.058096669614315,0.0,"{'name': 'Caíque França', 'slug': 'caique-franca', 'shortName': 'C. França', 'position': 'G', 'jerseyNumber': '22', 'userCount': 462, 'gender': 'M', 'id': 799667, 'fieldTranslations': {'nameTranslation': {'ar': 'كاكي فرانسا'}, 'shortNameTranslation': {'ar': 'ك. فرانسا'}}}",6314139,36,,2106,"{'start': {'x': 36.6, 'y': 18.5}, 'end': {'x': 42.2, 'y': 0}, 'goal': {'x': 42.2, 'y': 93.1}}",10,594,2106,shot,,13472607,18.5,36.6,82.59424919448085,5.007691012450645,6821.810000000001,413.60647937131074,13.399999999999999,81.5,,0,0,36,0,0.017923554
"{'name': 'Carlos Vinícius', 'slug': 'carlos-vinicius', 'shortName': 'C. Vinícius', 'position': 'F', 'jerseyNumber': '95', 'userCount': 7258, 'gender': 'M', 'id': 891920, 'fieldTranslations': {'nameTranslation': {'ar': 'كارلوس فينيسيوس', 'bn': 'কার্লোস ভিনিসিয়াস', 'hi': 'कार्लोस विनीसियस'}, 'shortNameTranslation': {'ar': 'ك. فينيسيوس', 'bn': 'সি. ভিনিসিয়াস', 'hi': 'सी. विनीसियस'}}}",False,left-foot,low-centre,"{'x': 0, 'y': 48.3, 'z': 3.2}",,0.46322283148766,0.54735654592514,"{'name': 'Caíque França', 'slug': 'caique-franca', 'shortName': 'C. França', 'position': 'G', 'jerseyNumber': '22', 'userCount': 462, 'gender': 'M', 'id': 799667, 'fieldTranslations': {'nameTranslation': {'ar': 'كاكي فرانسا'}, 'shortNameTranslation': {'ar': 'ك. فرانسا'}}}",6314087,31,,1855,"{'start': {'x': 45.4, 'y': 7.9}, 'end': {'x': 51.7, 'y': 0}, 'goal': {'x': 51.7, 'y': 96.8}}",15,845,1855,shot,regular,13472607,7.9,45.4,92.21480358380643,4.540110529609846,8503.57,418.6654007367433,4.600000000000001,92.1,,0,0,31,1,0.373372
"{'name': 'Carlos Vinícius', 'slug': 'carlos-vinicius', 'shortName': 'C. Vinícius', 'position': 'F', 'jerseyNumber': '95', 'userCount': 7258, 'gender': 'M', 'id': 891920, 'fieldTranslations': {'nameTranslation': {'ar': 'كارلوس فينيسيوس', 'bn': 'কার্লোস ভিনিসিয়াস', 'hi': 'कार्लोस विनीसियस'}, 'shortNameTranslation': {'ar': 'ك. فينيسيوس', 'bn': 'সি. ভিনিসিয়াস', 'hi': 'सी. विनीसियस'}}}",False,left-foot,high-left,"{'x': 0, 'y': 52.3, 'z': 32.9}",,0.31261274218559,0.72145438194275,"{'name': 'Caíque França', 'slug': 'caique-franca', 'shortName': 'C. França', 'position': 'G', 'jerseyNumber': '22', 'userCount': 462, 'gender': 'M', 'id': 799667, 'fieldTranslations': {'nameTranslation': {'ar': 'كاكي فرانسا'}, 'shortNameTranslation': {'ar': 'ك. فرانسا'}}}",6314074,29,,1693,"{'start': {'x': 49.9, 'y': 13.6}, 'end': {'x': 47.7, 'y': 0}, 'goal': {'x': 47.7, 'y': 67.1}}",17,1007,1693,shot,regular,13472607,13.6,49.9,86.40005787035099,4.851318829757478,7464.97,419.1542276385695,0.10000000000000142,86.4,,0,0,29,1,0.4215035
"{'name': 'Igor Cariús', 'slug': 'igor-carius', 'shortName': 'I. Cariús', 'position': 'D', 'jerseyNumber': '16', 'userCount': 303, 'gender': 'M', 'id': 874195, 'fieldTranslations': {'nameTranslation': {'ar': 'إيغور كاريش'}, 'shortNameTranslation': {'ar': 'إ. كاريش'}}}",True,head,high,"{'x': 0, 'y': 48.6, 'z': 72.2}",,0.063578732311726,0.0,"{'name': 'Gabriel Grando', 'firstName': 'Gabriel Grando', 'slug': 'gabriel-grando', 'shortName': 'G. Grando', 'position': 'G', 'jerseyNumber': '12', 'userCount': 1328, 'gender': 'M', 'id': 1111770, 'fieldTranslations': {'nameTranslation': {'ar': 'غابرييل غراندو'}, 'shortNameTranslation': {'ar': 'غ. غراندو'}}}",6314062,27,,1598,"{'start': {'x': 53.8, 'y': 9}, 'end': {'x': 51.4, 'y': 0}, 'goal': {'x': 51.4, 'y': 27.8}}",19,1102,1598,shot,,13472607,9.0,53.8,91.07930610188025,4.598367724564663,8295.44,418.8161415546315,3.799999999999997,91.0,,0,1,27,0,0.13834324
"{'name': 'Igor Cariús', 'slug': 'igor-carius', 'shortName': 'I. Cariús', 'position': 'D', 'jerseyNumber': '16', 'userCount': 303, 'gender': 'M', 'id': 874195, 'fieldTranslations': {'nameTranslation': {'ar': 'إيغور كاريش'}, 'shortNameTranslation': {'ar': 'إ. كاريش'}}}",True,right-foot,low-left,"{'x': 0, 'y': 53.6, 'z': 19}","{'x': 7.9, 'y': 34.5, 'z': 0}",0.04124716296792,0.0,"{'name': 'Gabriel Grando', 'firstName': 'Gabriel Grando', 'slug': 'gabriel-grando', 'shortName': 'G. Grando', 'position': 'G', 'jerseyNumber': '12', 'userCount': 1328, 'gender': 'M', 'id': 1111770, 'fieldTranslations': {'nameTranslation': {'ar': 'غابرييل غراندو'}, 'shortNameTranslation': {'ar': 'غ. غراندو'}}}",6314086,25,,1498,"{'start': {'x': 32.9, 'y': 8.9}, 'block': {'x': 34.5, 'y': 7.9}, 'end': {'x': 46.4, 'y': 0}, 'goal': {'x': 46.4, 'y': 81}}",21,1202,1498,shot,,13472607,8.9,32.9,92.69099201109026,4.445106114580692,8591.619999999999,412.02129535504736,17.1,91.1,,0,1,25,0,0.07039588
"{'name': 'Francis Amuzu', 'slug': 'amuzu-francis', 'shortName': 'F. Amuzu', 'position': 'M', 'jerseyNumber': '9', 'userCount': 1938, 'gender': 'M', 'id': 901889, 'fieldTranslations': {'nameTranslation': {'ar': 'أموزو، فرانسيس', 'bn': 'আমুজু, ফ্রান্সিস', 'hi': 'अमुज़ू, फ़्रांसिस'}, 'shortNameTranslation': {'ar': 'ف. أموزو', 'bn': 'এফ. আমুজু', 'hi': 'एफ. अमुज़ू'}}}",False,right-foot,low-centre,"{'x': 0, 'y': 49.1, 'z': 19}","{'x': 15.5, 'y': 52, 'z': 0}",0.02879723906517,0.0,"{'name': 'Caíque França', 'slug': 'caique-franca', 'shortName': 'C. França', 'position': 'G', 'jerseyNumber': '22', 'userCount': 462, 'gender': 'M', 'id': 799667, 'fieldTranslations': {'nameTranslation': {'ar': 'كاكي فرانسا'}, 'shortNameTranslation': {'ar': 'ك. فرانسا'}}}",6314015,20,,1154,"{'start': {'x': 52.6, 'y': 24}, 'block': {'x': 52, 'y': 15.5}, 'end': {'x': 50.9, 'y': 0}, 'goal': {'x': 50.9, 'y': 81}}",26,1546,1154,shot,,13472607,24.0,52.6,76.04446067926315,5.5078067343519805,5782.76,418.83819263940995,2.6000000000000014,76.0,,0,0,20,0,0.05788011
"{'name': 'Igor Cariús', 'slug': 'igor-carius', 'shortName': 'I. Cariús', 'position': 'D', 'jerseyNumber': '16', 'userCount': 303, 'gender': 'M', 'id': 874195, 'fieldTranslations': {'nameTranslation': {'ar': 'إيغور كاريش'}, 'shortNameTranslation': {'ar': 'إ. كاريش'}}}",True,right-foot,high-centre,"{'x': 0, 'y': 49.6, 'z': 23.4}","{'x': 2.4, 'y': 52.5, 'z': 0}",0.11047942191362,0.12445142120123,"{'name': 'Gabriel Grando', 'firstName': 'Gabriel Grando', 'slug': 'gabriel-grando', 'shortName': 'G. Grando', 'position': 'G', 'jerseyNumber': '12', 'userCount': 1328, 'gender': 'M', 'id': 1111770, 'fieldTranslations': {'nameTranslation': {'ar': 'غابرييل غراندو'}, 'shortNameTranslation': {'ar': 'غ. غراندو'}}}",6313979,16,,902,"{'start': {'x': 57.7, 'y': 13.6}, 'block': {'x': 52.5, 'y': 2.4}, 'end': {'x': 50.4, 'y': 0}, 'goal': {'x': 50.4, 'y': 76.6}}",30,1798,902,shot,,13472607,13.6,57.7,86.74243482863506,4.813210016905832,7524.25,417.50955620798754,7.700000000000003,86.4,,0,1,16,0,0.108095415
"{'name': 'Carlos Vinícius', 'slug': 'carlos-vinicius', 'shortName': 'C. Vinícius', 'position': 'F', 'jerseyNumber': '95', 'userCount': 7258, 'gender': 'M', 'id': 891920, 'fieldTranslations': {'nameTranslation': {'ar': 'كارلوس فينيسيوس', 'bn': 'কার্লোস ভিনিসিয়াস', 'hi': 'कार्लोस विनीसियस'}, 'shortNameTranslation': {'ar': 'ك. فينيسيوس', 'bn': 'সি. ভিনিসিয়াস', 'hi': 'सी. विनीसियस'}}}",False,left-foot,low-left,"{'x': 0, 'y': 52.1, 'z': 19}","{'x': 8, 'y': 47.5, 'z': 0}",0.081434823572636,0.0,"{'name': 'Caíque França', 'slug': 'caique-franca', 'shortName': 'C. França', 'position': 'G', 'jerseyNumber': '22', 'userCount': 462, 'gender': 'M', 'id': 799667, 'fieldTranslations': {'nameTranslation': {'ar': 'كاكي فرانسا'}, 'shortNameTranslation': {'ar': 'ك. فرانسا'}}}",6313973,12,,692,"{'start': {'x': 47.4, 'y': 9.5}, 'block': {'x': 47.5, 'y': 8}, 'end': {'x': 47.9, 'y': 0}, 'goal': {'x': 47.9, 'y': 81}}",34,2008,692,shot,,13472607,9.5,47.4,90.53734036296848,4.627977066436304,8197.010000000002,419.00473485595603,2.6000000000000014,90.5,,0,0,12,0,0.15201735
"{'name': 'Marcos Rocha', 'slug': 'marcos-rocha', 'shortName': 'M. Rocha', 'position': 'D', 'jerseyNumber': '14', 'userCount': 2458, 'gender': 'M', 'id': 82576, 'fieldTranslations': {'nameTranslation': {'ar': 'ماركوس روشا', 'bn': 'মার্কোস রোচা', 'hi': 'मार्कोस रोचा'}, 'shortNameTranslation': {'ar': 'م. روشا', 'bn': 'এম. রোচা', 'hi': 'एम. रोचा'}}}",False,right-foot,low-right,"{'x': 0, 'y': 48.1, 'z': 19}","{'x': 18.8, 'y': 59.6, 'z': 0}",0.028462424874306,0.0,"{'name': 'Caíque França', 'slug': 'caique-franca', 'shortName': 'C. França', 'position': 'G', 'jerseyNumber': '22', 'userCount': 462, 'gender': 'M', 'id': 799667, 'fieldTranslations': {'nameTranslation': {'ar': 'كاكي فرانسا'}, 'shortNameTranslation': {'ar': 'ك. فرانسا'}}}",6313942,11,,641,"{'start': {'x': 62.4, 'y': 25.7}, 'block': {'x': 59.6, 'y': 18.8}, 'end': {'x': 51.9, 'y': 0}, 'goal': {'x': 51.9, 'y': 81}}",35,2059,641,shot,,13472607,25.7,62.4,75.32761777728007,5.487942762935199,5674.25,413.393654829973,12.399999999999999,74.3,,0,0,11,0,0.025926571
"{'name': 'Gonçalo Paciência', 'slug': 'goncalo-paciencia', 'shortName': 'G. Paciência', 'position': 'F', 'jerseyNumber': '39', 'userCount': 1121, 'gender': 'M', 'id': 138890, 'fieldTranslations': {'nameTranslation': {'ar': 'غونسالو باسينسيا', 'bn': 'গনসালো প্যাসিয়েন্সিয়া', 'hi': 'गोन्सालो पैसिएंसिया'}, 'shortNameTranslation': {'ar': 'غ. باسينسيا', 'bn': 'জি. প্যাসিনেসিয়া', 'hi': 'जी. पैसिएंसिया'}}}",True,head,high,"{'x': 0, 'y': 53.1, 'z': 63.9}",,0.12016286700964,0.0,"{'name': 'Gabriel Grando', 'firstName': 'Gabriel Grando', 'slug': 'gabriel-grando', 'shortName': 'G. Grando', 'position': 'G', 'jerseyNumber': '12', 'userCount': 1328, 'gender': 'M', 'id': 1111770, 'fieldTranslations': {'nameTranslation': {'ar': 'غابرييل غراندو'}, 'shortNameTranslation': {'ar': 'غ. غراندو'}}}",6313888,4,,214,"{'start': {'x': 52.3, 'y': 8.8}, 'end': {'x': 46.9, 'y': 0}, 'goal': {'x': 46.9, 'y': 36.1}}",42,2486,214,shot,,13472607,8.8,52.3,91.22899758300538,4.593360140916359,8322.730000000001,419.0476411935318,2.299999999999997,91.2,,0,1,4,0,0.20972241
"{'name': 'Pedro Augusto', 'slug': 'pedro-augusto', 'shortName': 'P. Augusto', 'position': 'M', 'jerseyNumber': '28', 'userCount': 301, 'gender': 'M', 'id': 922556, 'fieldTranslations': {'nameTranslation': {'ar': 'بيدرو أوغستو'}, 'shortNameTranslation': {'ar': 'ب. أوغستو'}}}",True,left-foot,high-centre,"{'x': 0, 'y': 50.3, 'z': 20.3}","{'x': 2.2, 'y': 50.2, 'z': 0}",0.018461275845766,0.010643272660673,"{'name': 'Gabriel Grando', 'firstName': 'Gabriel Grando', 'slug': 'gabriel-grando', 'shortName': 'G. Grando', 'position': 'G', 'jerseyNumber': '12', 'userCount': 1328, 'gender': 'M', 'id': 1111770, 'fieldTranslations': {'nameTranslation': {'ar': 'غابرييل غراندو'}, 'shortNameTranslation': {'ar': 'غ. غراندو'}}}",6313876,2,,91,"{'start': {'x': 43.8, 'y': 29.7}, 'block': {'x': 50.2, 'y': 2.2}, 'end': {'x': 49.7, 'y': 0}, 'goal': {'x': 49.7, 'y': 79.7}}",44,2609,91,shot,,13472607,29.7,43.8,70.57287014143607,5.914752086909043,4980.529999999999,417.4210309482199,6.200000000000003,70.3,,0,1,2,0,0.02752336
"{'name': 'Gonçalo Paciência', 'slug': 'goncalo-paciencia', 'shortName': 'G. Paciência', 'position': 'F', 'jerseyNumber': '39', 'userCount': 1121, 'gender': 'M', 'id': 138890, 'fieldTranslations': {'nameTranslation': {'ar': 'غونسالو باسينسيا', 'bn': 'গনসালো প্যাসিয়েন্সিয়া', 'hi': 'गोन्सालो पैसिएंसिया'}, 'shortNameTranslation': {'ar': 'غ. باسينسيا', 'bn': 'জি. প্যাসিনেসিয়া', 'hi': 'जी. पैसिएंसिया'}}}",True,right-foot,low-centre,"{'x': 0, 'y': 50.9, 'z': 19}","{'x': 13.7, 'y': 56, 'z': 0}",0.094103954732418,0.0,"{'name': 'Gabriel Grando', 'firstName': 'Gabriel Grando', 'slug': 'gabriel-grando', 'shortName': 'G. Grando', 'position': 'G', 'jerseyNumber': '12', 'userCount': 1328, 'gender': 'M', 'id': 1111770, 'fieldTranslations': {'nameTranslation': {'ar': 'غابرييل غراندو'}, 'shortNameTranslation': {'ar': 'غ. غراندو'}}}",6313875,2,,82,"{'start': {'x': 57.3, 'y': 16.4}, 'block': {'x': 56, 'y': 13.7}, 'end': {'x': 49.1, 'y': 0}, 'goal': {'x': 49.1, 'y': 81}}",44,2618,82,shot,,13472607,16.4,57.3,83.91811485013233,4.975786334337102,7042.25,417.5586090746199,7.299999999999997,83.6,,0,1,2,0,0.030925622
"{'name': 'Mateo Ponte', 'slug': 'mateo-ponte', 'shortName': 'M. Ponte', 'position': 'D', 'jerseyNumber': '4', 'userCount': 1432, 'gender': 'M', 'id': 1099163, 'fieldTranslations': {'nameTranslation': {'ar': 'ماتيو بونتي'}, 'shortNameTranslation': {'ar': 'م. بونتي'}}}",True,right-foot,high-right,"{'x': 0, 'y': 47.4, 'z': 30.4}",,0.50524568557739,0.86311459541321,"{'name': 'Brenno', 'slug': 'brenno', 'shortName': 'Brenno', 'position': 'G', 'jerseyNumber': '12', 'userCount': 502, 'gender': 'M', 'id': 914481, 'fieldTranslations': {'nameTranslation': {'ar': 'برينو', 'bn': 'ব্রেনো', 'hi': 'ब्रेनो'}, 'shortNameTranslation': {'ar': 'ب. برينو', 'bn': 'ব্রেনো', 'hi': 'ब्रेनो'}}}",6314589,90,5.0,5654,"{'start': {'x': 56.2, 'y': 6.8}, 'end': {'x': 52.6, 'y': 0}, 'goal': {'x': 52.6, 'y': 69.6}}",1,646,254,shot,regular,13472610,6.8,56.2,93.40599552491264,4.477977504304883,8724.68,418.2699467277614,6.200000000000003,93.2,,0,1,90,1,0.3091943
"{'name': 'Marlon Freitas', 'slug': 'marlon-freitas', 'shortName': 'M. Freitas', 'position': 'M', 'jerseyNumber': '17', 'userCount': 3158, 'gender': 'M', 'id': 840202, 'fieldTranslations': {'nameTranslation': {'ar': 'مارلون فريتاس', 'bn': 'মারলন ফ্রেইটাস', 'hi': 'मार्लोन फ्रीटास'}, 'shortNameTranslation': {'ar': 'م. فريتاس', 'bn': 'এম. ফ্রেইটাস', 'hi': 'एम. फ्रीटास'}}}",True,right-foot,high,"{'x': 0, 'y': 45.2, 'z': 66.7}",,0.062571600079536,0.0,"{'name': 'Brenno', 'slug': 'brenno', 'shortName': 'Brenno', 'position': 'G', 'jerseyNumber': '12', 'userCount': 502, 'gender': 'M', 'id': 914481, 'fieldTranslations': {'nameTranslation': {'ar': 'برينو', 'bn': 'ব্রেনো', 'hi': 'ब्रेनो'}, 'shortNameTranslation': {'ar': 'ب. برينو', 'bn': 'ব্রেনো', 'hi': 'ब्रेनो'}}}",6314580,90,3.0,5533,"{'start': {'x': 56, 'y': 21.5}, 'end': {'x': 54.8, 'y': 0}, 'goal': {'x': 54.8, 'y': 33.3}}",1,767,133,shot,,13472610,21.5,56.0,78.72896544474594,5.307976056043522,6198.25,417.8914634977893,6.0,78.5,,0,1,90,0,0.017263265
"{'name': 'Marçal', 'slug': 'marcal', 'shortName': 'Marçal', 'position': 'D', 'jerseyNumber': '21', 'userCount': 1065, 'gender': 'M', 'id': 143593, 'fieldTranslations': {'nameTranslation': {'ar': 'مارسال', 'bn': 'মার্চাল', 'hi': 'मार्शल'}, 'shortNameTranslation': {'ar': 'مارسال', 'bn': 'মার্চাল', 'hi': 'मार्शल'}}}",True,head,low-right,"{'x': 0, 'y': 46.1, 'z': 16.5}",,0.14561755955219,0.81720566749573,"{'name': 'Brenno', 'slug': 'brenno', 'shortName': 'Brenno', 'position': 'G', 'jerseyNumber': '12', 'userCount': 502, 'gender': 'M', 'id': 914481, 'fieldTranslations': {'nameTranslation': {'ar': 'برينو', 'bn': 'ব্রেনো', 'hi': 'ब्रेनो'}, 'shortNameTranslation': {'ar': 'ب. برينو', 'bn': 'ব্রেনো', 'hi': 'ब्रेनो'}}}",6314528,84,,5003,"{'start': {'x': 52.1, 'y': 6.4}, 'end': {'x': 53.9, 'y': 0}, 'goal': {'x': 53.9, 'y': 83.5}}",7,397,2303,shot,regular,13472610,6.4,52.1,93.62355472849767,4.476294630794488,8765.369999999997,419.086615347068,2.1000000000000014,93.6,,0,1,84,1,0.60002744
"{'name': 'Álvaro Montoro', 'firstName': 'Álvaro Montoro', 'slug': 'alvaro-montoro', 'shortName': 'Á. Montoro', 'position': 'M', 'jerseyNumber': '10', 'userCount': 4517, 'gender': 'M', 'id': 1650770, 'fieldTranslations': {'nameTranslation': {'ar': 'ألفارو مونتورو'}, 'shortNameTranslation': {'ar': 'أ. مونتورو'}}}",True,right-foot,low-centre,"{'x': 0, 'y': 50.6, 'z': 19}","{'x': 20.9, 'y': 55.1, 'z': 0}",0.024509636685252,0.0,"{'name': 'Brenno', 'slug': 'brenno', 'shortName': 'Brenno', 'position': 'G', 'jerseyNumber': '12', 'userCount': 502, 'gender': 'M', 'id': 914481, 'fieldTranslations': {'nameTranslation': {'ar': 'برينو', 'bn': 'ব্রেনো', 'hi': 'ब्रेनो'}, 'shortNameTranslation': {'ar': 'ب. برينو', 'bn': 'ব্রেনো', 'hi': 'ब्रेनो'}}}",6314490,80,,4759,"{'start': {'x': 55.6, 'y': 22.6}, 'block': {'x': 55.1, 'y': 20.9}, 'end': {'x': 49.4, 'y': 0}, 'goal': {'x': 49.4, 'y': 81}}",11,641,2059,shot,,13472610,22.6,55.6,77.60231955296182,5.386544473646327,6022.12,418.0083455301428,5.600000000000001,77.4,,0,1,80,0,0.015267457
"{'name': 'Tomás Pochettino', 'firstName': '', 'lastName': '', 'slug': 'tomas-pochettino', 'shortName': 'T. Pochettino', 'position': 'M', 'jerseyNumber': '7', 'userCount': 989, 'gender': 'M', 'id': 824626, 'fieldTranslations': {'nameTranslation': {'ar': 'توماس بوتشيتينو', 'bn': 'টমাস পোচেত্তিনো', 'hi': 'टॉमस पोचेतीनो'}, 'shortNameTranslation': {'ar': 'ت. بوتشيتينو', 'bn': 'টি. পোচেত্তিনো', 'hi': 'टी. पोचेतीनो'}}}",False,head,low-left,"{'x': 0, 'y': 53, 'z': 18.4}","{'x': 1, 'y': 51.4, 'z': 0}",0.046657796949148,0.26131656765938,"{'name': 'Raúl', 'slug': 'raul', 'shortName': 'Raúl', 'position': 'G', 'jerseyNumber': '1', 'userCount': 540, 'gender': 'M', 'id': 866736, 'fieldTranslations': {'nameTranslation': {'ar': 'راؤول'}, 'shortNameTranslation': {'ar': 'راؤول'}}}",6314485,79,,4734,"{'start': {'x': 50.9, 'y': 11.9}, 'block': {'x': 51.4, 'y': 1}, 'end': {'x': 47, 'y': 0}, 'goal': {'x': 47, 'y': 81.6}}",12,666,2034,shot,,13472610,11.9,50.9,88.10459692887767,4.757326457918917,7762.42,419.1423300340315,0.8999999999999986,88.1,,0,0,79,0,0.42050883
"{'name': 'Breno Lopes', 'slug': 'breno-lopes', 'shortName': 'B. Lopes', 'position': 'M', 'jerseyNumber': '26', 'userCount': 1396, 'gender': 'M', 'id': 937552, 'fieldTranslations': {'nameTranslation': {'ar': 'برينو لوبيس'}, 'shortNameTranslation': {'ar': 'ب. لوبيس'}}}",False,right-foot,close-left,"{'x': 0, 'y': 59, 'z': 2.8}",,0.0422069914639,0.0,"{'name': 'Raúl', 'slug': 'raul', 'shortName': 'Raúl', 'position': 'G', 'jerseyNumber': '1', 'userCount': 540, 'gender': 'M', 'id': 866736, 'fieldTranslations': {'nameTranslation': {'ar': 'راؤول'}, 'shortNameTranslation': {'ar': 'راؤول'}}}",6314473,77,,4605,"{'start': {'x': 73.2, 'y': 15}, 'end': {'x': 41, 'y': 0}, 'goal': {'x': 41, 'y': 97.2}}",14,795,1905,shot,,13472610,15.0,73.2,88.10925036566819,4.590173836678972,7763.24,404.4367757978873,23.200000000000003,85.0,,0,0,77,0,0.0069360007
"{'name': 'Artur', 'slug': 'artur', 'shortName': 'Artur', 'position': 'M', 'jerseyNumber': '7', 'userCount': 3071, 'gender': 'M', 'id': 841128, 'fieldTranslations': {'nameTranslation': {'ar': 'أرثور'}, 'shortNameTranslation': {'ar': 'أرثور'}}}",True,left-foot,close-left,"{'x': 0, 'y': 57.3, 'z': 11.1}",,0.022561218589544,0.0,"{'name': 'Brenno', 'slug': 'brenno', 'shortName': 'Brenno', 'position': 'G', 'jerseyNumber': '12', 'userCount': 502, 'gender': 'M', 'id': 914481, 'fieldTranslations': {'nameTranslation': {'ar': 'برينو', 'bn': 'ব্রেনো', 'hi': 'ब्रेनो'}, 'shortNameTranslation': {'ar': 'ب. برينو', 'bn': 'ব্রেনো', 'hi': 'ब्रेनो'}}}",6314436,67,,4018,"{'start': {'x': 65.8, 'y': 18.4}, 'end': {'x': 42.7, 'y': 0}, 'goal': {'x': 42.7, 'y': 88.9}}",24,1382,1318,shot,,13472610,18.4,65.8,83.11558217326039,4.951296791589669,6908.200000000001,411.5299153455716,15.799999999999997,81.6,,0,1,67,0,0.02536731
"{'name': 'Vitinho', 'slug': 'vitinho', 'shortName': 'Vitinho', 'position': 'D', 'jerseyNumber': '2', 'userCount': 3627, 'gender': 'M', 'id': 914477, 'fieldTranslations': {'nameTranslation': {'ar': 'فيتينيو', 'bn': 'ভিতিনহো', 'hi': 'विटिन्हो'}, 'shortNameTranslation': {'ar': 'فيتينيو', 'bn': 'ভিতিনহো', 'hi': 'विटिन्हो'}}}",True,right-foot,high-centre,"{'x': 0, 'y': 48.6, 'z': 25.9}","{'x': 1.5, 'y': 54.5, 'z': 0}",0.014524728991091,0.060789544135332,"{'name': 'Brenno', 'slug': 'brenno', 'shortName': 'Brenno', 'position': 'G', 'jerseyNumber': '12', 'userCount': 502, 'gender': 'M', 'id': 914481, 'fieldTranslations': {'nameTranslation': {'ar': 'برينو', 'bn': 'ব্রেনো', 'hi': 'ब्रेनो'}, 'shortNameTranslation': {'ar': 'ب. برينو', 'bn': 'ব্রেনো', 'hi': 'ब्रेनो'}}}",6314455,61,,3613,"{'start': {'x': 84.8, 'y': 9.5}, 'block': {'x': 54.5, 'y': 1.5}, 'end': {'x': 51.4, 'y': 0}, 'goal': {'x': 51.4, 'y': 74.1}}",30,1787,913,shot,,13472610,9.5,84.8,96.96024958713751,4.0364055606505485,9401.289999999999,391.3708905955869,34.8,90.5,,0,1,61,0,0.037028205
"{'name': 'Gastón Ávila', 'slug': 'gaston-avila', 'shortName': 'G. Ávila', 'position': 'D', 'jerseyNumber': '13', 'userCount': 1200, 'gender': 'M', 'id': 975526, 'fieldTranslations': {'nameTranslation': {'ar': 'غاستون أفيلّا', 'bn': 'গ্যাস্টন আভিলা', 'hi': 'गैस्टन एविला'}, 'shortNameTranslation': {'ar': 'غ. أفيلّا', 'bn': 'জি. আভিলা', 'hi': 'जी. एविला'}}}",False,head,high,"{'x': 0, 'y': 54.5, 'z': 81.9}",,0.0048661818727851,0.0,"{'name': 'Raúl', 'slug': 'raul', 'shortName': 'Raúl', 'position': 'G', 'jerseyNumber': '1', 'userCount': 540, 'gender': 'M', 'id': 866736, 'fieldTranslations': {'nameTranslation': {'ar': 'راؤول'}, 'shortNameTranslation': {'ar': 'راؤول'}}}",6314379,60,,3572,"{'start': {'x': 28.6, 'y': 7.9}, 'end': {'x': 45.5, 'y': 0}, 'goal': {'x': 45.5, 'y': 18.1}}",31,1828,872,shot,,13472610,7.9,28.6,94.55352981248241,4.3188233221126735,8940.369999999999,408.35998974222497,21.4,92.1,,0,0,60,0,0.027967786
"{'name': 'Arthur Cabral', 'slug': 'arthur-cabral', 'shortName': 'A. Cabral', 'position': 'F', 'jerseyNumber': '19', 'userCount': 4955, 'gender': 'M', 'sofascoreId': 'arthurcabral9', 'id': 870762, 'fieldTranslations': {'nameTranslation': {'ar': 'أرثر كابرال', 'bn': 'আর্থার ক্যাব্রাল', 'hi': 'आर्थर कैब्राल'}, 'shortNameTranslation': {'ar': 'أ. كابرال', 'bn': 'এ. ক্যাব্রাল', 'hi': 'ए. कैब्राल'}}}",True,head,high,"{'x': 0, 'y': 55.8, 'z': 77.8}",,0.1790826767683,0.0,"{'name': 'Brenno', 'slug': 'brenno', 'shortName': 'Brenno', 'position': 'G', 'jerseyNumber': '12', 'userCount': 502, 'gender': 'M', 'id': 914481, 'fieldTranslations': {'nameTranslation': {'ar': 'برينو', 'bn': 'ব্রেনো', 'hi': 'ब्रेनो'}, 'shortNameTranslation': {'ar': 'ب. برينو', 'bn': 'ব্রেনো', 'hi': 'ब्रेनो'}}}",6314373,59,,3493,"{'start': {'x': 50.9, 'y': 6.4}, 'end': {'x': 44.2, 'y': 0}, 'goal': {'x': 44.2, 'y': 22.2}}",32,1907,793,shot,,13472610,6.4,50.9,93.60432682306944,4.478129157664128,8761.769999999997,419.1722652299097,0.8999999999999986,93.6,,0,1,59,0,0.57687736
"{'name': 'Adam Bareiro', 'slug': 'adam-bareiro', 'shortName': 'A. Bareiro', 'position': 'F', 'jerseyNumber': '9', 'userCount': 1294, 'gender': 'M', 'id': 871580, 'fieldTranslations': {'nameTranslation': {'ar': 'آدم باريرو', 'bn': 'অ্যাডাম বেরেইরো', 'hi': 'एडम बरेरो'}, 'shortNameTranslation': {'ar': 'آ. باريرو', 'bn': 'এ. বারেইরো', 'hi': 'ए. बरेरो'}}}",False,right-foot,high-left,"{'x': 0, 'y': 51.9, 'z': 24.7}",,0.7884,0.98518651723862,"{'name': 'Raúl', 'slug': 'raul', 'shortName': 'Raúl', 'position': 'G', 'jerseyNumber': '1', 'userCount': 540, 'gender': 'M', 'id': 866736, 'fieldTranslations': {'nameTranslation': {'ar': 'راؤول'}, 'shortNameTranslation': {'ar': 'راؤول'}}}",6314360,56,,3357,"{'start': {'x': 50, 'y': 11.5}, 'end': {'x': 48.1, 'y': 0}, 'goal': {'x': 48.1, 'y': 75.3}}",35,2043,657,shot,penalty,13472610,11.5,50.0,88.5,4.736341767417068,7832.25,419.1662464164105,0.0,88.5,,0,0,56,1,0.56279445
"{'name': 'Lucas Gazal', 'firstName': '', 'lastName': '', 'slug': 'lucas-gazal', 'shortName': 'L. Gazal', 'position': 'D', 'jerseyNumber': '3', 'userCount': 195, 'gender': 'M', 'id': 1103705, 'fieldTranslations': {'nameTranslation': {'ar': 'لوكاس غزال'}, 'shortNameTranslation': {'ar': 'ل. غزال'}}}",False,head,low-left,"{'x': 0, 'y': 53.4, 'z': 19}","{'x': 11, 'y': 47.1, 'z': 0}",0.022267740219831,0.0,"{'name': 'Raúl', 'slug': 'raul', 'shortName': 'Raúl', 'position': 'G', 'jerseyNumber': '1', 'userCount': 540, 'gender': 'M', 'id': 866736, 'fieldTranslations': {'nameTranslation': {'ar': 'راؤول'}, 'shortNameTranslation': {'ar': 'راؤول'}}}",6314334,52,,3085,"{'start': {'x': 49.3, 'y': 11.1}, 'block': {'x': 47.1, 'y': 11}, 'end': {'x': 46.6, 'y': 0}, 'goal': {'x': 46.6, 'y': 81}}",39,2315,385,shot,,13472610,11.1,49.3,88.90275586279652,4.714763500848625,7903.700000000002,419.1554684667692,0.7000000000000028,88.9,,0,0,52,0,0.35610467
"{'name': 'Arthur Cabral', 'slug': 'arthur-cabral', 'shortName': 'A. Cabral', 'position': 'F', 'jerseyNumber': '19', 'userCount': 4955, 'gender': 'M', 'sofascoreId': 'arthurcabral9', 'id': 870762, 'fieldTranslations': {'nameTranslation': {'ar': 'أرثر كابرال', 'bn': 'আর্থার ক্যাব্রাল', 'hi': 'आर्थर कैब्राल'}, 'shortNameTranslation': {'ar': 'أ. كابرال', 'bn': 'এ. ক্যাব্রাল', 'hi': 'ए. कैब्राल'}}}",True,head,low-left,"{'x': 0, 'y': 54.2, 'z': 10.8}",,0.18869318068027,0.94370710849762,"{'name': 'Brenno', 'slug': 'brenno', 'shortName': 'Brenno', 'position': 'G', 'jerseyNumber': '12', 'userCount': 502, 'gender': 'M', 'id': 914481, 'fieldTranslations': {'nameTranslation': {'ar': 'برينو', 'bn': 'ব্রেনো', 'hi': 'ब्रेनो'}, 'shortNameTranslation': {'ar': 'ب. برينو', 'bn': 'ব্রেনো', 'hi': 'ब्रेनो'}}}",6314318,48,,2863,"{'start': {'x': 53.2, 'y': 5.7}, 'end': {'x': 45.8, 'y': 0}, 'goal': {'x': 45.8, 'y': 89.2}}",43,2537,163,shot,regular,13472610,5.7,53.2,94.35427918223952,4.440230580284405,8902.729999999998,418.95475580567216,3.200000000000003,94.3,,0,1,48,1,0.58138496
"{'name': 'Tomás Pochettino', 'firstName': '', 'lastName': '', 'slug': 'tomas-pochettino', 'shortName': 'T. Pochettino', 'position': 'M', 'jerseyNumber': '7', 'userCount': 989, 'gender': 'M', 'id': 824626, 'fieldTranslations': {'nameTranslation': {'ar': 'توماس بوتشيتينو', 'bn': 'টমাস পোচেত্তিনো', 'hi': 'टॉमस पोचेतीनो'}, 'shortNameTranslation': {'ar': 'ت. بوتشيتينو', 'bn': 'টি. পোচেত্তিনো', 'hi': 'टी. पोचेतीनो'}}}",False,right-foot,high,"{'x': 0, 'y': 50.3, 'z': 77.8}",,0.020995812490582,0.0,"{'name': 'Raúl', 'slug': 'raul', 'shortName': 'Raúl', 'position': 'G', 'jerseyNumber': '1', 'userCount': 540, 'gender': 'M', 'id': 866736, 'fieldTranslations': {'nameTranslation': {'ar': 'راؤول'}, 'shortNameTranslation': {'ar': 'راؤول'}}}",6314306,47,,2808,"{'start': {'x': 34.2, 'y': 19.7}, 'end': {'x': 49.7, 'y': 0}, 'goal': {'x': 49.7, 'y': 22.2}}",44,2592,108,shot,,13472610,19.7,34.2,81.8396603121005,5.025454970698713,6697.729999999999,411.2815277157397,15.799999999999997,80.3,,0,0,47,0,0.01917986
"{'name': 'Álvaro Montoro', 'firstName': 'Álvaro Montoro', 'slug': 'alvaro-montoro', 'shortName': 'Á. Montoro', 'position': 'M', 'jerseyNumber': '10', 'userCount': 4517, 'gender': 'M', 'id': 1650770, 'fieldTranslations': {'nameTranslation': {'ar': 'ألفارو مونتورو'}, 'shortNameTranslation': {'ar': 'أ. مونتورو'}}}",True,right-foot,high-right,"{'x': 0, 'y': 46.1, 'z': 26.6}",,0.083699032664299,0.83737796545029,"{'name': 'Brenno', 'slug': 'brenno', 'shortName': 'Brenno', 'position': 'G', 'jerseyNumber': '12', 'userCount': 502, 'gender': 'M', 'id': 914481, 'fieldTranslations': {'nameTranslation': {'ar': 'برينو', 'bn': 'ব্রেনো', 'hi': 'ब्रेनो'}, 'shortNameTranslation': {'ar': 'ب. برينو', 'bn': 'ব্রেনো', 'hi': 'ब्रेनो'}}}",6314257,45,5.0,2963,"{'start': {'x': 38.7, 'y': 13.2}, 'end': {'x': 53.9, 'y': 0}, 'goal': {'x': 53.9, 'y': 73.4}}",1,2437,263,shot,regular,13472610,13.2,38.7,87.53245112528268,4.748748647723824,7661.93,415.66960891313784,11.299999999999997,86.8,,0,1,45,1,0.17987788
"{'name': 'Marlon Freitas', 'slug': 'marlon-freitas', 'shortName': 'M. Freitas', 'position': 'M', 'jerseyNumber': '17', 'userCount': 3158, 'gender': 'M', 'id': 840202, 'fieldTranslations': {'nameTranslation': {'ar': 'مارلون فريتاس', 'bn': 'মারলন ফ্রেইটাস', 'hi': 'मार्लोन फ्रीटास'}, 'shortNameTranslation': {'ar': 'م. فريتاس', 'bn': 'এম. ফ্রেইটাস', 'hi': 'एम. फ्रीटास'}}}",True,right-foot,close-left,"{'x': 0, 'y': 56.8, 'z': 5.6}",,0.038102746009827,0.0,"{'name': 'Brenno', 'slug': 'brenno', 'shortName': 'Brenno', 'position': 'G', 'jerseyNumber': '12', 'userCount': 502, 'gender': 'M', 'id': 914481, 'fieldTranslations': {'nameTranslation': {'ar': 'برينو', 'bn': 'ব্রেনো', 'hi': 'ब्रेनो'}, 'shortNameTranslation': {'ar': 'ب. برينو', 'bn': 'ব্রেনো', 'hi': 'ब्रेनो'}}}",6314075,29,,1729,"{'start': {'x': 37.3, 'y': 13.4}, 'end': {'x': 43.2, 'y': 0}, 'goal': {'x': 43.2, 'y': 94.4}}",17,971,1729,shot,,13472610,13.4,37.3,87.52628176724977,4.738522748329283,7660.849999999999,414.74527723079154,12.700000000000003,86.6,,0,1,29,0,0.09420783
"{'name': 'Álvaro Montoro', 'firstName': 'Álvaro Montoro', 'slug': 'alvaro-montoro', 'shortName': 'Á. Montoro', 'position': 'M', 'jerseyNumber': '10', 'userCount': 4517, 'gender': 'M', 'id': 1650770, 'fieldTranslations': {'nameTranslation': {'ar': 'ألفارو مونتورو'}, 'shortNameTranslation': {'ar': 'أ. مونتورو'}}}",True,left-foot,high-left,"{'x': 0, 'y': 58.5, 'z': 83.3}",,0.11173677444458,0.0,"{'name': 'Brenno', 'slug': 'brenno', 'shortName': 'Brenno', 'position': 'G', 'jerseyNumber': '12', 'userCount': 502, 'gender': 'M', 'id': 914481, 'fieldTranslations': {'nameTranslation': {'ar': 'برينو', 'bn': 'ব্রেনো', 'hi': 'ब्रेनो'}, 'shortNameTranslation': {'ar': 'ب. برينو', 'bn': 'ব্রেনো', 'hi': 'ब्रेनो'}}}",6314059,27,,1579,"{'start': {'x': 45.6, 'y': 16.3}, 'end': {'x': 41.5, 'y': 0}, 'goal': {'x': 41.5, 'y': 16.7}}",19,1121,1579,shot,,13472610,16.3,45.6,83.81557134566346,4.993866999613347,7025.050000000001,418.5638157968468,4.399999999999999,83.7,,0,1,27,0,0.07970716
"{'name': 'Artur', 'slug': 'artur', 'shortName': 'Artur', 'position': 'M', 'jerseyNumber': '7', 'userCount': 3071, 'gender': 'M', 'id': 841128, 'fieldTranslations': {'nameTranslation': {'ar': 'أرثور'}, 'shortNameTranslation': {'ar': 'أرثور'}}}",True,head,high,"{'x': 0, 'y': 46.2, 'z': 38.6}",,0.061846937984228,0.0,"{'name': 'Brenno', 'slug': 'brenno', 'shortName': 'Brenno', 'position': 'G', 'jerseyNumber': '12', 'userCount': 502, 'gender': 'M', 'id': 914481, 'fieldTranslations': {'nameTranslation': {'ar': 'برينو', 'bn': 'ব্রেনো', 'hi': 'ब्रेनो'}, 'shortNameTranslation': {'ar': 'ب. برينو', 'bn': 'ব্রেনো', 'hi': 'ब्रेनो'}}}",6314055,27,,1577,"{'start': {'x': 57.7, 'y': 8.2}, 'end': {'x': 53.8, 'y': 0}, 'goal': {'x': 53.8, 'y': 61.4}}",19,1123,1577,shot,,13472610,8.2,57.7,92.1223642770853,4.534446334795767,8486.53,417.72391704894994,7.700000000000003,91.8,,0,1,27,0,0.47093368
"{'name': 'Arthur Cabral', 'slug': 'arthur-cabral', 'shortName': 'A. Cabral', 'position': 'F', 'jerseyNumber': '19', 'userCount': 4955, 'gender': 'M', 'sofascoreId': 'arthurcabral9', 'id': 870762, 'fieldTranslations': {'nameTranslation': {'ar': 'أرثر كابرال', 'bn': 'আর্থার ক্যাব্রাল', 'hi': 'आर्थर कैब्राल'}, 'shortNameTranslation': {'ar': 'أ. كابرال', 'bn': 'এ. ক্যাব্রাল', 'hi': 'ए. कैब्राल'}}}",True,right-foot,low-left,"{'x': 0, 'y': 52.4, 'z': 19}","{'x': 2.5, 'y': 38.4, 'z': 0}",0.054257594048977,0.0,"{'name': 'Brenno', 'slug': 'brenno', 'shortName': 'Brenno', 'position': 'G', 'jerseyNumber': '12', 'userCount': 502, 'gender': 'M', 'id': 914481, 'fieldTranslations': {'nameTranslation': {'ar': 'برينو', 'bn': 'ব্রেনো', 'hi': 'ब्रेनो'}, 'shortNameTranslation': {'ar': 'ب. برينو', 'bn': 'ব্রেনো', 'hi': 'ब्रेनो'}}}",6314033,23,,1344,"{'start': {'x': 36.8, 'y': 3}, 'block': {'x': 38.4, 'y': 2.5}, 'end': {'x': 47.6, 'y': 0}, 'goal': {'x': 47.6, 'y': 81}}",23,1356,1344,shot,,13472610,3.0,36.8,97.89402433243819,4.24331759569989,9583.240000000002,415.3954359637081,13.200000000000003,97.0,,0,1,23,0,0.15977465
"{'name': 'Breno Lopes', 'slug': 'breno-lopes', 'shortName': 'B. Lopes', 'position': 'M', 'jerseyNumber': '26', 'userCount': 1396, 'gender': 'M', 'id': 937552, 'fieldTranslations': {'nameTranslation': {'ar': 'برينو لوبيس'}, 'shortNameTranslation': {'ar': 'ب. لوبيس'}}}",False,right-foot,high-left,"{'x': 0, 'y': 52.8, 'z': 27.2}",,0.094633318483829,0.34539431333542,"{'name': 'Raúl', 'slug': 'raul', 'shortName': 'Raúl', 'position': 'G', 'jerseyNumber': '1', 'userCount': 540, 'gender': 'M', 'id': 866736, 'fieldTranslations': {'nameTranslation': {'ar': 'راؤول'}, 'shortNameTranslation': {'ar': 'راؤول'}}}",6313997,17,,989,"{'start': {'x': 54.2, 'y': 20.9}, 'end': {'x': 47.2, 'y': 0}, 'goal': {'x': 47.2, 'y': 72.8}}",29,1711,989,shot,regular,13472610,20.9,54.2,79.21142594348369,5.283591339937421,6274.450000000001,418.52080413908476,4.200000000000003,79.1,,0,0,17,1,0.06769545
"{'name': 'Álvaro Montoro', 'firstName': 'Álvaro Montoro', 'slug': 'alvaro-montoro', 'shortName': 'Á. Montoro', 'position': 'M', 'jerseyNumber': '10', 'userCount': 4517, 'gender': 'M', 'id': 1650770, 'fieldTranslations': {'nameTranslation': {'ar': 'ألفارو مونتورو'}, 'shortNameTranslation': {'ar': 'أ. مونتورو'}}}",True,right-foot,low-left,"{'x': 0, 'y': 51.9, 'z': 19}","{'x': 14, 'y': 31.9, 'z': 0}",0.018167139962316,0.0,"{'name': 'Brenno', 'slug': 'brenno', 'shortName': 'Brenno', 'position': 'G', 'jerseyNumber': '12', 'userCount': 502, 'gender': 'M', 'id': 914481, 'fieldTranslations': {'nameTranslation': {'ar': 'برينو', 'bn': 'ব্রেনো', 'hi': 'ब्रेनो'}, 'shortNameTranslation': {'ar': 'ب. برينو', 'bn': 'ব্রেনো', 'hi': 'ब्रेनो'}}}",6313952,13,,723,"{'start': {'x': 24.6, 'y': 20.3}, 'block': {'x': 31.9, 'y': 14}, 'end': {'x': 48.1, 'y': 0}, 'goal': {'x': 48.1, 'y': 81}}",33,1977,723,shot,,13472610,20.3,24.6,83.64956664561987,4.775179378903765,6997.25,399.44168570040017,25.4,79.7,,0,1,13,0,0.025059521
"{'name': 'Jordan Barrera', 'firstName': 'Jordan Andres', 'lastName': 'Barrera Herrera', 'slug': 'jordan-andres-barrera-herrera', 'shortName': 'J. Barrera', 'position': 'M', 'jerseyNumber': '14', 'userCount': 2295, 'gender': 'M', 'id': 1899902, 'fieldTranslations': {'nameTranslation': {'ar': 'جوردان باريرا'}, 'shortNameTranslation': {'ar': 'ج. باريرا'}}}",True,right-foot,low-left,"{'x': 0, 'y': 51.9, 'z': 0.6}","{'x': 1.8, 'y': 50.2, 'z': 0}",0.048361539840698,0.14293685555458,"{'name': 'Brenno', 'slug': 'brenno', 'shortName': 'Brenno', 'position': 'G', 'jerseyNumber': '12', 'userCount': 502, 'gender': 'M', 'id': 914481, 'fieldTranslations': {'nameTranslation': {'ar': 'برينو', 'bn': 'ব্রেনো', 'hi': 'ब्रेनो'}, 'shortNameTranslation': {'ar': 'ب. برينو', 'bn': 'ব্রেনো', 'hi': 'ब्रेनो'}}}",6313939,11,,650,"{'start': {'x': 39.2, 'y': 18.1}, 'block': {'x': 50.2, 'y': 1.8}, 'end': {'x': 48.1, 'y': 0}, 'goal': {'x': 48.1, 'y': 99.4}}",35,2050,650,shot,,13472610,18.1,39.2,82.60901887808619,5.030349226393092,6824.25,415.5522142064732,10.799999999999997,81.9,,0,1,11,0,0.039351955
"{'name': 'Tomás Pochettino', 'firstName': '', 'lastName': '', 'slug': 'tomas-pochettino', 'shortName': 'T. Pochettino', 'position': 'M', 'jerseyNumber': '7', 'userCount': 989, 'gender': 'M', 'id': 824626, 'fieldTranslations': {'nameTranslation': {'ar': 'توماس بوتشيتينو', 'bn': 'টমাস পোচেত্তিনো', 'hi': 'टॉमस पोचेतीनो'}, 'shortNameTranslation': {'ar': 'ت. بوتشيتينو', 'bn': 'টি. পোচেত্তিনো', 'hi': 'टी. पोचेतीनो'}}}",False,right-foot,high-centre,"{'x': 0, 'y': 49.8, 'z': 20.9}","{'x': 2.5, 'y': 47.5, 'z': 0}",0.013458712026477,0.01033797301352,"{'name': 'Raúl', 'slug': 'raul', 'shortName': 'Raúl', 'position': 'G', 'jerseyNumber': '1', 'userCount': 540, 'gender': 'M', 'id': 866736, 'fieldTranslations': {'nameTranslation': {'ar': 'راؤول'}, 'shortNameTranslation': {'ar': 'راؤول'}}}",6313925,9,,505,"{'start': {'x': 22.5, 'y': 22.9}, 'block': {'x': 47.5, 'y': 2.5}, 'end': {'x': 50.2, 'y': 0}, 'goal': {'x': 50.2, 'y': 79.1}}",37,2195,505,shot,,13472610,22.9,22.5,81.85755921110767,4.824048600401955,6700.659999999998,394.8848439446641,27.5,77.1,,0,0,9,0,0.019410253
"{'name': 'Alexsander', 'firstName': 'Alexsander', 'slug': 'alexsander', 'shortName': 'Alexsander', 'position': 'M', 'jerseyNumber': '5', 'userCount': 1979, 'gender': 'M', 'id': 1185617, 'fieldTranslations': {'nameTranslation': {'ar': 'Gomes da Costa, Alexsander Cristhian'}, 'shortNameTranslation': {'ar': 'A. C. G. d. Costa'}}}",True,left-foot,low-left,"{'x': 0, 'y': 53.6, 'z': 13.9}","{'x': 2, 'y': 50.5, 'z': 0}",0.010345401242375,0.11768490076065,"{'name': 'Daniel Fuzato', 'slug': 'daniel-fuzato', 'shortName': 'D. Fuzato', 'position': 'G', 'jerseyNumber': '13', 'userCount': 953, 'gender': 'M', 'id': 863276, 'fieldTranslations': {'nameTranslation': {'ar': 'دانيال فوزاتو', 'bn': 'ড্যানিয়েল ফুজাতো', 'hi': 'डैनियल फ़ुज़ातो'}, 'shortNameTranslation': {'ar': 'د. فوزاتو', 'bn': 'ডি. ফুজাতো', 'hi': 'डी. फ़ुज़ातो'}}}",6314527,85,,5052,"{'start': {'x': 54.6, 'y': 31.2}, 'block': {'x': 50.5, 'y': 2}, 'end': {'x': 46.4, 'y': 0}, 'goal': {'x': 46.4, 'y': 86.1}}",6,348,2352,shot,,13472596,31.2,54.6,68.95360759235153,6.0632857137610685,4754.5999999999985,418.0854238269918,4.600000000000001,68.8,,0,1,85,0,0.027275754
"{'name': 'Tomás Cuello', 'slug': 'tomas-cuello', 'shortName': 'T. Cuello', 'position': 'M', 'jerseyNumber': '28', 'userCount': 1945, 'gender': 'M', 'id': 871273, 'fieldTranslations': {'nameTranslation': {'ar': 'توماس كويلو', 'bn': 'টমাস কুয়েলো', 'hi': 'टॉमस कुएल्लो'}, 'shortNameTranslation': {'ar': 'ت. كويلو', 'bn': 'টি. কুয়েলো', 'hi': 'टी. कुएल्लो'}}}",True,head,close-right,"{'x': 0, 'y': 42.5, 'z': 8.3}",,0.18674005568027,0.0,"{'name': 'Daniel Fuzato', 'slug': 'daniel-fuzato', 'shortName': 'D. Fuzato', 'position': 'G', 'jerseyNumber': '13', 'userCount': 953, 'gender': 'M', 'id': 863276, 'fieldTranslations': {'nameTranslation': {'ar': 'دانيال فوزاتو', 'bn': 'ড্যানিয়েল ফুজাতো', 'hi': 'डैनियल फ़ुज़ातो'}, 'shortNameTranslation': {'ar': 'د. فوزاتو', 'bn': 'ডি. ফুজাতো', 'hi': 'डी. फ़ुज़ातो'}}}",6314517,83,,4963,"{'start': {'x': 41, 'y': 4.5}, 'end': {'x': 57.5, 'y': 0}, 'goal': {'x': 57.5, 'y': 91.7}}",8,437,2263,shot,,13472596,4.5,41.0,95.92314632037463,4.350979504108436,9201.25,417.3596436095445,9.0,95.5,,0,1,83,0,0.100623265
"{'name': 'Gustavo Scarpa', 'slug': 'gustavo-scarpa', 'shortName': 'G. Scarpa', 'position': 'M', 'jerseyNumber': '10', 'userCount': 5526, 'gender': 'M', 'sofascoreId': 'gustavoscarpa10', 'id': 559036, 'fieldTranslations': {'nameTranslation': {'ar': 'غوستافو سكاربا', 'bn': 'গুস্তাভো স্কারপা', 'hi': 'गुस्तावो स्कार्पा'}, 'shortNameTranslation': {'ar': 'غوستافو سكاربا', 'bn': 'গুস্তাভো স্কারপা', 'hi': 'गुस्तावो स्कार्पा'}}}",True,left-foot,low-left,"{'x': 0, 'y': 53.6, 'z': 19}","{'x': 10.7, 'y': 54.3, 'z': 0}",0.036095164716244,0.0,"{'name': 'Daniel Fuzato', 'slug': 'daniel-fuzato', 'shortName': 'D. Fuzato', 'position': 'G', 'jerseyNumber': '13', 'userCount': 953, 'gender': 'M', 'id': 863276, 'fieldTranslations': {'nameTranslation': {'ar': 'دانيال فوزاتو', 'bn': 'ড্যানিয়েল ফুজাতো', 'hi': 'डैनियल फ़ुज़ातो'}, 'shortNameTranslation': {'ar': 'د. فوزاتو', 'bn': 'ডি. ফুজাতো', 'hi': 'डी. फ़ुज़ातो'}}}",6314489,80,,4767,"{'start': {'x': 59.5, 'y': 21.6}, 'block': {'x': 54.3, 'y': 10.7}, 'end': {'x': 46.4, 'y': 0}, 'goal': {'x': 46.4, 'y': 81}}",11,633,2067,shot,,13472596,21.6,59.5,78.97347656017178,5.2685919388184335,6236.81,416.0790219853875,9.5,78.4,,0,1,80,0,0.017771324
"{'name': 'Tomás Cuello', 'slug': 'tomas-cuello', 'shortName': 'T. Cuello', 'position': 'M', 'jerseyNumber': '28', 'userCount': 1945, 'gender': 'M', 'id': 871273, 'fieldTranslations': {'nameTranslation': {'ar': 'توماس كويلو', 'bn': 'টমাস কুয়েলো', 'hi': 'टॉमस कुएल्लो'}, 'shortNameTranslation': {'ar': 'ت. كويلو', 'bn': 'টি. কুয়েলো', 'hi': 'टी. कुएल्लो'}}}",True,right-foot,low-centre,"{'x': 0, 'y': 49.1, 'z': 19}","{'x': 19.3, 'y': 33.9, 'z': 0}",0.025362428277731,0.0,"{'name': 'Daniel Fuzato', 'slug': 'daniel-fuzato', 'shortName': 'D. Fuzato', 'position': 'G', 'jerseyNumber': '13', 'userCount': 953, 'gender': 'M', 'id': 863276, 'fieldTranslations': {'nameTranslation': {'ar': 'دانيال فوزاتو', 'bn': 'ড্যানিয়েল ফুজাতো', 'hi': 'डैनियल फ़ुज़ातो'}, 'shortNameTranslation': {'ar': 'د. فوزاتو', 'bn': 'ডি. ফুজাতো', 'hi': 'डी. फ़ुज़ातो'}}}",6314484,79,,4692,"{'start': {'x': 31.7, 'y': 25}, 'block': {'x': 33.9, 'y': 19.3}, 'end': {'x': 50.9, 'y': 0}, 'goal': {'x': 50.9, 'y': 81}}",12,708,1992,shot,,13472596,25.0,31.7,77.2003238335177,5.274782785225963,5959.890000000001,407.21493917090885,18.3,75.0,,0,1,79,0,0.011692436
"{'name': 'Victor Luis', 'slug': 'victor-luis', 'shortName': 'V. Luis', 'position': 'D', 'jerseyNumber': '12', 'userCount': 1058, 'gender': 'M', 'id': 252781, 'fieldTranslations': {'nameTranslation': {'ar': 'فيكتور لويس'}, 'shortNameTranslation': {'ar': 'ف. لويس'}}}",True,right-foot,low-right,"{'x': 0, 'y': 46.6, 'z': 2.5}",,,,"{'name': 'Daniel Fuzato', 'slug': 'daniel-fuzato', 'shortName': 'D. Fuzato', 'position': 'G', 'jerseyNumber': '13', 'userCount': 953, 'gender': 'M', 'id': 863276, 'fieldTranslations': {'nameTranslation': {'ar': 'دانيال فوزاتو', 'bn': 'ড্যানিয়েল ফুজাতো', 'hi': 'डैनियल फ़ुज़ातो'}, 'shortNameTranslation': {'ar': 'د. فوزاتو', 'bn': 'ডি. ফুজাতো', 'hi': 'डी. फ़ुज़ातो'}}}",6314466,75,,4469,"{'start': {'x': 53.4, 'y': 4.9}, 'end': {'x': 53.4, 'y': 0}, 'goal': {'x': 53.4, 'y': 97.5}}",16,931,1769,shot,own,13472596,4.9,53.4,95.16075871912749,4.402359666346458,9055.569999999998,418.93188600401385,3.3999999999999986,95.1,,0,1,75,1,0.26103666
"{'name': 'Hulk', 'slug': 'hulk', 'shortName': 'Hulk', 'position': 'F', 'jerseyNumber': '7', 'userCount': 24430, 'gender': 'M', 'sofascoreId': 'Hulk', 'id': 34705, 'fieldTranslations': {'nameTranslation': {'ar': 'هولك'}, 'shortNameTranslation': {'ar': 'هولك'}}}",True,left-foot,right,"{'x': 0, 'y': 24.9, 'z': 4.2}","{'x': 6.3, 'y': 53.1, 'z': 0}",0.288484364748,0.0,"{'name': 'Daniel Fuzato', 'slug': 'daniel-fuzato', 'shortName': 'D. Fuzato', 'position': 'G', 'jerseyNumber': '13', 'userCount': 953, 'gender': 'M', 'id': 863276, 'fieldTranslations': {'nameTranslation': {'ar': 'دانيال فوزاتو', 'bn': 'ড্যানিয়েল ফুজাতো', 'hi': 'डैनियल फ़ुज़ातो'}, 'shortNameTranslation': {'ar': 'د. فوزاتو', 'bn': 'ডি. ফুজাতো', 'hi': 'डी. फ़ुज़ातो'}}}",6314514,75,,4467,"{'start': {'x': 48.1, 'y': 9.1}, 'block': {'x': 53.1, 'y': 6.3}, 'end': {'x': 75.1, 'y': 0}, 'goal': {'x': 75.1, 'y': 95.8}}",16,933,1767,shot,,13472596,9.1,48.1,90.919854817306,4.609418217101185,8266.420000000002,419.0876350910852,1.8999999999999986,90.9,,0,1,75,0,0.14251883
"{'name': 'Guilherme Arana', 'slug': 'guilherme-arana', 'shortName': 'G. Arana', 'position': 'D', 'jerseyNumber': '13', 'userCount': 4924, 'gender': 'M', 'sofascoreId': 'guiarana', 'id': 1127439, 'fieldTranslations': {'nameTranslation': {'ar': 'غيليرمي أرنا', 'bn': 'গুইলহার্ম আরনা', 'hi': 'गिल्हर्मे अराना'}, 'shortNameTranslation': {'ar': 'غ. أرنا', 'bn': 'জি. আরানা', 'hi': 'जी. अराना'}}}",True,left-foot,right,"{'x': 0, 'y': 20, 'z': 18.1}","{'x': 7.7, 'y': 51.4, 'z': 0}",0.02782098017633,0.0,"{'name': 'Daniel Fuzato', 'slug': 'daniel-fuzato', 'shortName': 'D. Fuzato', 'position': 'G', 'jerseyNumber': '13', 'userCount': 953, 'gender': 'M', 'id': 863276, 'fieldTranslations': {'nameTranslation': {'ar': 'دانيال فوزاتو', 'bn': 'ড্যানিয়েল ফুজাতো', 'hi': 'डैनियल फ़ुज़ातो'}, 'shortNameTranslation': {'ar': 'د. فوزاتو', 'bn': 'ডি. ফুজাতো', 'hi': 'डी. फ़ुज़ातो'}}}",6314459,75,,4466,"{'start': {'x': 27.2, 'y': 11.5}, 'block': {'x': 51.4, 'y': 7.7}, 'end': {'x': 80, 'y': 0}, 'goal': {'x': 80, 'y': 81.9}}",16,934,1766,shot,,13472596,11.5,27.2,91.38976966816362,4.442295826135194,8352.09,405.98039234834,22.8,88.5,,0,1,75,0,0.022234632
"{'name': 'Dudu', 'slug': 'dudu', 'shortName': 'Dudu', 'position': 'F', 'jerseyNumber': '92', 'userCount': 5173, 'gender': 'M', 'sofascoreId': '7_dudu', 'id': 147464, 'fieldTranslations': {'nameTranslation': {'ar': 'دودو'}, 'shortNameTranslation': {'ar': 'دودو'}}}",True,right-foot,low-centre,"{'x': 0, 'y': 48.3, 'z': 17.1}",,0.22923792898655,0.32700979709625,"{'name': 'Daniel Fuzato', 'slug': 'daniel-fuzato', 'shortName': 'D. Fuzato', 'position': 'G', 'jerseyNumber': '13', 'userCount': 953, 'gender': 'M', 'id': 863276, 'fieldTranslations': {'nameTranslation': {'ar': 'دانيال فوزاتو', 'bn': 'ড্যানিয়েল ফুজাতো', 'hi': 'डैनियल फ़ुज़ातो'}, 'shortNameTranslation': {'ar': 'د. فوزاتو', 'bn': 'ডি. ফুজাতো', 'hi': 'डी. फ़ुज़ातो'}}}",6314441,69,,4104,"{'start': {'x': 48.5, 'y': 8.3}, 'end': {'x': 51.7, 'y': 0}, 'goal': {'x': 51.7, 'y': 82.9}}",22,1296,1404,shot,regular,13472596,8.3,48.5,91.7122674455277,4.570019358551011,8411.14,419.12683764266933,1.5,91.7,,0,1,69,1,0.4971879
"{'name': 'Hulk', 'slug': 'hulk', 'shortName': 'Hulk', 'position': 'F', 'jerseyNumber': '7', 'userCount': 24430, 'gender': 'M', 'sofascoreId': 'Hulk', 'id': 34705, 'fieldTranslations': {'nameTranslation': {'ar': 'هولك'}, 'shortNameTranslation': {'ar': 'هولك'}}}",True,left-foot,close-left,"{'x': 0, 'y': 58.7, 'z': 8.3}",,0.073276229202747,0.0,"{'name': 'Daniel Fuzato', 'slug': 'daniel-fuzato', 'shortName': 'D. Fuzato', 'position': 'G', 'jerseyNumber': '13', 'userCount': 953, 'gender': 'M', 'id': 863276, 'fieldTranslations': {'nameTranslation': {'ar': 'دانيال فوزاتو', 'bn': 'ড্যানিয়েল ফুজাতো', 'hi': 'डैनियल फ़ुज़ातो'}, 'shortNameTranslation': {'ar': 'د. فوزاتو', 'bn': 'ডি. ফুজাতো', 'hi': 'डी. फ़ुज़ातो'}}}",6314336,53,,3148,"{'start': {'x': 55.5, 'y': 23.1}, 'end': {'x': 41.3, 'y': 0}, 'goal': {'x': 41.3, 'y': 91.7}}",38,2252,448,shot,,13472596,23.1,55.5,77.09643312112435,5.422157955477149,5943.86,418.0290381866164,5.5,76.9,,0,1,53,0,0.0442397
"{'name': 'Dudu', 'slug': 'dudu', 'shortName': 'Dudu', 'position': 'F', 'jerseyNumber': '92', 'userCount': 5173, 'gender': 'M', 'sofascoreId': '7_dudu', 'id': 147464, 'fieldTranslations': {'nameTranslation': {'ar': 'دودو'}, 'shortNameTranslation': {'ar': 'دودو'}}}",True,right-foot,low-centre,"{'x': 0, 'y': 49.1, 'z': 1.9}",,0.11345634609461,0.28042149543762,"{'name': 'Daniel Fuzato', 'slug': 'daniel-fuzato', 'shortName': 'D. Fuzato', 'position': 'G', 'jerseyNumber': '13', 'userCount': 953, 'gender': 'M', 'id': 863276, 'fieldTranslations': {'nameTranslation': {'ar': 'دانيال فوزاتو', 'bn': 'ড্যানিয়েল ফুজাতো', 'hi': 'डैनियल फ़ुज़ातो'}, 'shortNameTranslation': {'ar': 'د. فوزاتو', 'bn': 'ডি. ফুজাতো', 'hi': 'डी. फ़ुज़ातो'}}}",6314317,49,,2884,"{'start': {'x': 34, 'y': 9.8}, 'end': {'x': 50.9, 'y': 0}, 'goal': {'x': 50.9, 'y': 98.1}}",42,2516,184,shot,regular,13472596,9.8,34.0,91.60807824640794,4.505779353110742,8392.04,412.7657875408182,16.0,90.2,,0,1,49,1,0.26111567
"{'name': 'Junior Alonso', 'slug': 'junior-alonso', 'shortName': 'J. Alonso', 'position': 'D', 'jerseyNumber': '6', 'userCount': 1792, 'gender': 'M', 'id': 333275, 'fieldTranslations': {'nameTranslation': {'ar': 'جونيور ألونسو', 'bn': 'জুনিয়র আলোনসো', 'hi': 'जूनियर अलोंसो'}, 'shortNameTranslation': {'ar': 'ج. ألونسو', 'bn': 'জে. অ্যালোনসো', 'hi': 'जे. अलोंसो'}}}",True,head,high,"{'x': 0, 'y': 50.6, 'z': 68.1}",,0.036231875419617,0.0,"{'name': 'Daniel Fuzato', 'slug': 'daniel-fuzato', 'shortName': 'D. Fuzato', 'position': 'G', 'jerseyNumber': '13', 'userCount': 953, 'gender': 'M', 'id': 863276, 'fieldTranslations': {'nameTranslation': {'ar': 'دانيال فوزاتو', 'bn': 'ড্যানিয়েল ফুজাতো', 'hi': 'डैनियल फ़ुज़ातो'}, 'shortNameTranslation': {'ar': 'د. فوزاتو', 'bn': 'ডি. ফুজাতো', 'hi': 'डी. फ़ुज़ातो'}}}",6314221,44,,2624,"{'start': {'x': 61.5, 'y': 3.2}, 'end': {'x': 49.4, 'y': 0}, 'goal': {'x': 49.4, 'y': 31.9}}",2,76,2624,shot,,13472596,3.2,61.5,97.48071604168693,4.270503062916372,9502.49,416.2916964313052,11.5,96.8,,0,1,44,0,0.08384882
"{'name': 'Hulk', 'slug': 'hulk', 'shortName': 'Hulk', 'position': 'F', 'jerseyNumber': '7', 'userCount': 24430, 'gender': 'M', 'sofascoreId': 'Hulk', 'id': 34705, 'fieldTranslations': {'nameTranslation': {'ar': 'هولك'}, 'shortNameTranslation': {'ar': 'هولك'}}}",True,left-foot,high,"{'x': 0, 'y': 54.2, 'z': 40.5}",,0.027756175026298,0.0,"{'name': 'Daniel Fuzato', 'slug': 'daniel-fuzato', 'shortName': 'D. Fuzato', 'position': 'G', 'jerseyNumber': '13', 'userCount': 953, 'gender': 'M', 'id': 863276, 'fieldTranslations': {'nameTranslation': {'ar': 'دانيال فوزاتو', 'bn': 'ড্যানিয়েল ফুজাতো', 'hi': 'डैनियल फ़ुज़ातो'}, 'shortNameTranslation': {'ar': 'د. فوزاتو', 'bn': 'ডি. ফুজাতো', 'hi': 'डी. फ़ुज़ातो'}}}",6314191,43,,2548,"{'start': {'x': 61.7, 'y': 23.2}, 'end': {'x': 45.8, 'y': 0}, 'goal': {'x': 45.8, 'y': 59.5}}",3,152,2548,shot,,13472596,23.2,61.7,77.6860991426394,5.333549780983845,6035.129999999999,414.3426770677137,11.700000000000003,76.8,,0,1,43,0,0.03333015
"{'name': 'Hulk', 'slug': 'hulk', 'shortName': 'Hulk', 'position': 'F', 'jerseyNumber': '7', 'userCount': 24430, 'gender': 'M', 'sofascoreId': 'Hulk', 'id': 34705, 'fieldTranslations': {'nameTranslation': {'ar': 'هولك'}, 'shortNameTranslation': {'ar': 'هولك'}}}",True,left-foot,low-right,"{'x': 0, 'y': 46.1, 'z': 13.9}",,0.02648588269949,0.072048135101795,"{'name': 'Daniel Fuzato', 'slug': 'daniel-fuzato', 'shortName': 'D. Fuzato', 'position': 'G', 'jerseyNumber': '13', 'userCount': 953, 'gender': 'M', 'id': 863276, 'fieldTranslations': {'nameTranslation': {'ar': 'دانيال فوزاتو', 'bn': 'ড্যানিয়েল ফুজাতো', 'hi': 'डैनियल फ़ुज़ातो'}, 'shortNameTranslation': {'ar': 'د. فوزاتو', 'bn': 'ডি. ফুজাতো', 'hi': 'डी. फ़ुज़ातो'}}}",6314091,32,,1900,"{'start': {'x': 31.2, 'y': 30.4}, 'end': {'x': 53.9, 'y': 0}, 'goal': {'x': 53.9, 'y': 86.1}}",14,800,1900,shot,regular,13472596,30.4,31.2,72.09438258283372,5.612657607628726,5197.599999999998,404.6410848708376,18.8,69.6,,0,1,32,1,0.0219302
"{'name': 'Matheus França', 'firstName': 'Matheus França', 'slug': 'matheus-franca', 'shortName': 'Matheus França', 'position': 'F', 'jerseyNumber': '9', 'userCount': 3714, 'gender': 'M', 'id': 1116593, 'fieldTranslations': {'nameTranslation': {'ar': 'ماتيوس فرانكا', 'bn': 'ম্যাথিউস ফ্রাঙ্কা', 'hi': 'मैथियस फ्रांस'}, 'shortNameTranslation': {'ar': 'م. فرانكا', 'bn': 'ম্যাথিউস ফ্রাঙ্কা', 'hi': 'मैथियस फ्रांस'}}}",False,right-foot,high-right,"{'x': 0, 'y': 33.3, 'z': 63.9}",,0.016079094260931,0.0,"{'name': 'Everson', 'slug': 'everson', 'shortName': 'Everson', 'position': 'G', 'jerseyNumber': '22', 'userCount': 2199, 'gender': 'M', 'id': 870748, 'fieldTranslations': {'nameTranslation': {'ar': 'إيفرسون', 'bn': 'এভারসন', 'hi': 'एवरसन'}, 'shortNameTranslation': {'ar': 'إيفرسون', 'bn': 'এভারসন', 'hi': 'एवरसन'}}}",6314058,26,,1558,"{'start': {'x': 34.2, 'y': 30.8}, 'end': {'x': 66.7, 'y': 0}, 'goal': {'x': 66.7, 'y': 36.1}}",20,1142,1558,shot,,13472596,30.8,34.2,70.98084248584262,5.75637476409449,5038.28,408.5923304196704,15.799999999999997,69.2,,0,0,26,0,0.023835212
"{'name': 'Junior Alonso', 'slug': 'junior-alonso', 'shortName': 'J. Alonso', 'position': 'D', 'jerseyNumber': '6', 'userCount': 1792, 'gender': 'M', 'id': 333275, 'fieldTranslations': {'nameTranslation': {'ar': 'جونيور ألونسو', 'bn': 'জুনিয়র আলোনসো', 'hi': 'जूनियर अलोंसो'}, 'shortNameTranslation': {'ar': 'ج. ألونسو', 'bn': 'জে. অ্যালোনসো', 'hi': 'जे. अलोंसो'}}}",True,right-foot,low-centre,"{'x': 0, 'y': 50.3, 'z': 3.8}",,0.071532115340233,0.19381900131702,"{'name': 'Daniel Fuzato', 'slug': 'daniel-fuzato', 'shortName': 'D. Fuzato', 'position': 'G', 'jerseyNumber': '13', 'userCount': 953, 'gender': 'M', 'id': 863276, 'fieldTranslations': {'nameTranslation': {'ar': 'دانيال فوزاتو', 'bn': 'ড্যানিয়েল ফুজাতো', 'hi': 'डैनियल फ़ुज़ातो'}, 'shortNameTranslation': {'ar': 'د. فوزاتو', 'bn': 'ডি. ফুজাতো', 'hi': 'डी. फ़ुज़ातो'}}}",6314008,19,,1137,"{'start': {'x': 47, 'y': 9.8}, 'end': {'x': 49.7, 'y': 0}, 'goal': {'x': 49.7, 'y': 96.2}}",27,1563,1137,shot,regular,13472596,9.8,47.0,90.2498753461743,4.642053739722663,8145.040000000001,418.94477136021266,3.0,90.2,,0,1,19,1,0.22609614
"{'name': 'Rony', 'slug': 'rony', 'shortName': 'Rony', 'position': 'F', 'jerseyNumber': '11', 'userCount': 5649, 'gender': 'M', 'sofascoreId': 'Rony', 'id': 835260, 'fieldTranslations': {'nameTranslation': {'ar': 'روني', 'bn': 'রনি', 'hi': 'रोनी'}, 'shortNameTranslation': {'ar': 'روني', 'bn': 'রনি', 'hi': 'रोनी'}}}",True,left-foot,low-centre,"{'x': 0, 'y': 49.6, 'z': 8.9}","{'x': 1.4, 'y': 50.2, 'z': 0}",0.36411848664284,0.21481515467167,"{'name': 'Daniel Fuzato', 'slug': 'daniel-fuzato', 'shortName': 'D. Fuzato', 'position': 'G', 'jerseyNumber': '13', 'userCount': 953, 'gender': 'M', 'id': 863276, 'fieldTranslations': {'nameTranslation': {'ar': 'دانيال فوزاتو', 'bn': 'ড্যানিয়েল ফুজাতো', 'hi': 'डैनियल फ़ुज़ातो'}, 'shortNameTranslation': {'ar': 'د. فوزاتو', 'bn': 'ডি. ফুজাতো', 'hi': 'डी. फ़ुज़ातो'}}}",6314012,18,,1076,"{'start': {'x': 44.8, 'y': 7.6}, 'block': {'x': 50.2, 'y': 1.4}, 'end': {'x': 50.4, 'y': 0}, 'goal': {'x': 50.4, 'y': 91.1}}",28,1624,1076,shot,,13472596,7.6,44.8,92.54620467636694,4.522359136693762,8564.800000000003,418.527174284499,5.200000000000003,92.4,,0,1,18,0,0.19798218
"{'name': 'Igor Gomes', 'slug': 'igor-gomes', 'shortName': 'I. Gomes', 'position': 'M', 'jerseyNumber': '17', 'userCount': 1156, 'gender': 'M', 'id': 913598, 'fieldTranslations': {'nameTranslation': {'ar': 'إيغور غوميز'}, 'shortNameTranslation': {'ar': 'إ. غوميز'}}}",True,right-foot,left,"{'x': 0, 'y': 68.6, 'z': 18.1}","{'x': 7.6, 'y': 46, 'z': 0}",0.014119652099907,0.0,"{'name': 'Daniel Fuzato', 'slug': 'daniel-fuzato', 'shortName': 'D. Fuzato', 'position': 'G', 'jerseyNumber': '13', 'userCount': 953, 'gender': 'M', 'id': 863276, 'fieldTranslations': {'nameTranslation': {'ar': 'دانيال فوزاتو', 'bn': 'ড্যানিয়েল ফুজাতো', 'hi': 'डैनियल फ़ुज़ातो'}, 'shortNameTranslation': {'ar': 'د. فوزاتو', 'bn': 'ডি. ফুজাতো', 'hi': 'डी. फ़ुज़ातो'}}}",6314002,18,,1075,"{'start': {'x': 66.6, 'y': 20.7}, 'block': {'x': 46, 'y': 7.6}, 'end': {'x': 31.4, 'y': 0}, 'goal': {'x': 31.4, 'y': 81.9}}",28,1625,1075,shot,,13472596,20.7,66.6,81.01882497296539,5.0639489623372285,6564.05,410.27519465162965,16.599999999999994,79.3,,0,1,18,0,0.027578562
"{'name': 'Hulk', 'slug': 'hulk', 'shortName': 'Hulk', 'position': 'F', 'jerseyNumber': '7', 'userCount': 24430, 'gender': 'M', 'sofascoreId': 'Hulk', 'id': 34705, 'fieldTranslations': {'nameTranslation': {'ar': 'هولك'}, 'shortNameTranslation': {'ar': 'هولك'}}}",True,left-foot,low-centre,"{'x': 0, 'y': 49.3, 'z': 19}","{'x': 7.5, 'y': 33.6, 'z': 0}",0.031171044334769,0.0,"{'name': 'Daniel Fuzato', 'slug': 'daniel-fuzato', 'shortName': 'D. Fuzato', 'position': 'G', 'jerseyNumber': '13', 'userCount': 953, 'gender': 'M', 'id': 863276, 'fieldTranslations': {'nameTranslation': {'ar': 'دانيال فوزاتو', 'bn': 'ড্যানিয়েল ফুজাতো', 'hi': 'डैनियल फ़ुज़ातो'}, 'shortNameTranslation': {'ar': 'د. فوزاتو', 'bn': 'ডি. ফুজাতো', 'hi': 'डी. फ़ुज़ातो'}}}",6313999,18,,1033,"{'start': {'x': 31, 'y': 8.6}, 'block': {'x': 33.6, 'y': 7.5}, 'end': {'x': 50.7, 'y': 0}, 'goal': {'x': 50.7, 'y': 81}}",28,1667,1033,shot,,13472596,8.6,31.0,93.35395010389223,4.396721265801998,8714.960000000001,410.4512976684016,19.0,91.4,,0,1,18,0,0.073290616
"{'name': 'Dudu', 'slug': 'dudu', 'shortName': 'Dudu', 'position': 'F', 'jerseyNumber': '92', 'userCount': 5173, 'gender': 'M', 'sofascoreId': '7_dudu', 'id': 147464, 'fieldTranslations': {'nameTranslation': {'ar': 'دودو'}, 'shortNameTranslation': {'ar': 'دودو'}}}",True,right-foot,low-centre,"{'x': 0, 'y': 51.2, 'z': 19}","{'x': 18, 'y': 48.2, 'z': 0}",0.055532582104206,0.0,"{'name': 'Daniel Fuzato', 'slug': 'daniel-fuzato', 'shortName': 'D. Fuzato', 'position': 'G', 'jerseyNumber': '13', 'userCount': 953, 'gender': 'M', 'id': 863276, 'fieldTranslations': {'nameTranslation': {'ar': 'دانيال فوزاتو', 'bn': 'ড্যানিয়েল ফুজাতো', 'hi': 'डैनियल फ़ुज़ातो'}, 'shortNameTranslation': {'ar': 'د. فوزاتو', 'bn': 'ডি. ফুজাতো', 'hi': 'डी. फ़ुज़ातो'}}}",6313944,11,,634,"{'start': {'x': 47.9, 'y': 26.9}, 'block': {'x': 48.2, 'y': 18}, 'end': {'x': 48.8, 'y': 0}, 'goal': {'x': 48.8, 'y': 81}}",35,2066,634,shot,,13472596,26.9,47.9,73.13015793774822,5.727921384077681,5348.0199999999995,418.8837954726062,2.1000000000000014,73.1,,0,1,11,0,0.10214357
"{'name': 'Junior Alonso', 'slug': 'junior-alonso', 'shortName': 'J. Alonso', 'position': 'D', 'jerseyNumber': '6', 'userCount': 1792, 'gender': 'M', 'id': 333275, 'fieldTranslations': {'nameTranslation': {'ar': 'جونيور ألونسو', 'bn': 'জুনিয়র আলোনসো', 'hi': 'जूनियर अलोंसो'}, 'shortNameTranslation': {'ar': 'ج. ألونسو', 'bn': 'জে. অ্যালোনসো', 'hi': 'जे. अलोंसो'}}}",True,left-foot,high-centre,"{'x': 0, 'y': 49.7, 'z': 22.2}","{'x': 5.1, 'y': 47.7, 'z': 0}",0.049038544297218,0.0,"{'name': 'Daniel Fuzato', 'slug': 'daniel-fuzato', 'shortName': 'D. Fuzato', 'position': 'G', 'jerseyNumber': '13', 'userCount': 953, 'gender': 'M', 'id': 863276, 'fieldTranslations': {'nameTranslation': {'ar': 'دانيال فوزاتو', 'bn': 'ড্যানিয়েল ফুজাতো', 'hi': 'डैनियल फ़ुज़ातो'}, 'shortNameTranslation': {'ar': 'د. فوزاتو', 'bn': 'ডি. ফুজাতো', 'hi': 'डी. फ़ुज़ातो'}}}",6313901,4,,209,"{'start': {'x': 35, 'y': 17.5}, 'block': {'x': 47.7, 'y': 5.1}, 'end': {'x': 50.3, 'y': 0}, 'goal': {'x': 50.3, 'y': 77.8}}",42,2491,209,shot,,13472596,17.5,35.0,83.85254915624212,4.918297083788059,7031.250000000001,412.4117479833405,15.0,82.5,,0,1,4,0,0.025729893
"{'name': 'Hulk', 'slug': 'hulk', 'shortName': 'Hulk', 'position': 'F', 'jerseyNumber': '7', 'userCount': 24430, 'gender': 'M', 'sofascoreId': 'Hulk', 'id': 34705, 'fieldTranslations': {'nameTranslation': {'ar': 'هولك'}, 'shortNameTranslation': {'ar': 'هولك'}}}",True,head,high,"{'x': 0, 'y': 48.4, 'z': 38.6}",,0.28584995865822,0.0,"{'name': 'Daniel Fuzato', 'slug': 'daniel-fuzato', 'shortName': 'D. Fuzato', 'position': 'G', 'jerseyNumber': '13', 'userCount': 953, 'gender': 'M', 'id': 863276, 'fieldTranslations': {'nameTranslation': {'ar': 'دانيال فوزاتو', 'bn': 'ড্যানিয়েল ফুজাতো', 'hi': 'डैनियल फ़ुज़ातो'}, 'shortNameTranslation': {'ar': 'د. فوزاتو', 'bn': 'ডি. ফুজাতো', 'hi': 'डी. फ़ुज़ातो'}}}",6313898,4,,204,"{'start': {'x': 53.3, 'y': 4.2}, 'end': {'x': 51.6, 'y': 0}, 'goal': {'x': 51.6, 'y': 61.4}}",42,2496,204,shot,,13472596,4.2,53.3,95.85682031029404,4.370622221682269,9188.53,418.9539489479754,3.299999999999997,95.8,,0,1,4,0,0.38576826
"{'name': 'Thiago Silva', 'slug': 'thiago-silva', 'shortName': 'T. Silva', 'position': 'D', 'jerseyNumber': '3', 'userCount': 42280, 'gender': 'M', 'sofascoreId': 'ThiagoSilva', 'id': 33541, 'fieldTranslations': {'nameTranslation': {'ar': 'تياغو سيلفا', 'bn': 'থিয়াগো সিলভা', 'hi': 'थियागो सिल्वा'}, 'shortNameTranslation': {'ar': 'ت. سيلفا', 'bn': 'টি. সিলভা', 'hi': 'टी. सिल्वा'}}}",True,head,low-centre,"{'x': 0, 'y': 48.5, 'z': 12.7}",,0.23071819543839,0.27915462851524,"{'name': 'Ronaldo', 'slug': 'ronaldo', 'shortName': 'Ronaldo', 'position': 'G', 'jerseyNumber': '96', 'userCount': 1023, 'gender': 'M', 'id': 840106, 'fieldTranslations': {'nameTranslation': {'ar': 'رونالدو'}, 'shortNameTranslation': {'ar': 'رونالدو'}}}",6314516,83,,4947,"{'start': {'x': 51.3, 'y': 5.1}, 'end': {'x': 51.5, 'y': 0}, 'goal': {'x': 51.5, 'y': 87.3}}",8,453,2247,shot,regular,13472602,5.1,51.3,94.9089036919087,4.4164267152616885,9007.700000000003,419.1582177811443,1.2999999999999972,94.9,,0,1,83,1,0.56317353
"{'name': 'Luciano Juba', 'slug': 'luciano-juba', 'shortName': 'L. Juba', 'position': 'D', 'jerseyNumber': '46', 'userCount': 3668, 'gender': 'M', 'id': 1017264, 'fieldTranslations': {'nameTranslation': {'ar': 'لوسيانو جوبا', 'bn': 'লুসিয়ানো জুবা', 'hi': 'लुसियानो जुबा'}, 'shortNameTranslation': {'ar': 'ل. جوبا', 'bn': 'এল. জুবা', 'hi': 'एल. जुबा'}}}",False,left-foot,close-high,"{'x': 0, 'y': 46.7, 'z': 48.6}",,0.012471433728933,0.0,"{'name': 'Fábio', 'firstName': '', 'lastName': '', 'slug': 'fabio', 'shortName': 'Fábio', 'position': 'G', 'jerseyNumber': '1', 'userCount': 4343, 'gender': 'M', 'id': 17785, 'fieldTranslations': {'nameTranslation': {'ar': 'فابيو', 'bn': 'ফ্যাবিও', 'hi': 'फैबियो'}, 'shortNameTranslation': {'ar': 'فابيو', 'bn': 'ফ্যাবিও', 'hi': 'फैबियो'}}}",6314482,78,,4661,"{'start': {'x': 27.4, 'y': 23.9}, 'end': {'x': 53.3, 'y': 0}, 'goal': {'x': 53.3, 'y': 51.4}}",13,739,1961,shot,,13472602,23.9,27.4,79.38494819548602,5.062139214211871,6301.969999999998,401.85765927854766,22.6,76.1,,0,0,78,0,0.008702244
"{'name': 'Rodrigo Nestor', 'slug': 'rodrigo-nestor', 'shortName': 'R. Nestor', 'position': 'M', 'jerseyNumber': '11', 'userCount': 2062, 'gender': 'M', 'id': 905461, 'fieldTranslations': {'nameTranslation': {'ar': 'رودريغو نيستور', 'bn': 'রদ্রিগো নেস্টর', 'hi': 'रोड्रिगो नेस्टर'}, 'shortNameTranslation': {'ar': 'ر. نيستور', 'bn': 'আর. নেস্টর', 'hi': 'आर. नेस्टर'}}}",False,left-foot,high-centre,"{'x': 0, 'y': 48.5, 'z': 28.5}","{'x': 0.7, 'y': 52.3, 'z': 0}",0.017275491729379,0.046180255711079,"{'name': 'Fábio', 'firstName': '', 'lastName': '', 'slug': 'fabio', 'shortName': 'Fábio', 'position': 'G', 'jerseyNumber': '1', 'userCount': 4343, 'gender': 'M', 'id': 17785, 'fieldTranslations': {'nameTranslation': {'ar': 'فابيو', 'bn': 'ফ্যাবিও', 'hi': 'फैबियो'}, 'shortNameTranslation': {'ar': 'فابيو', 'bn': 'ফ্যাবিও', 'hi': 'फैबियो'}}}",6314476,78,,4627,"{'start': {'x': 68.5, 'y': 24.6}, 'block': {'x': 52.3, 'y': 0.7}, 'end': {'x': 51.5, 'y': 0}, 'goal': {'x': 51.5, 'y': 71.5}}",13,773,1927,shot,,13472602,24.6,68.5,77.63639610388933,5.243554126571805,6027.410000000002,407.09064516271206,18.5,75.4,,0,0,78,0,0.008890918
"{'name': 'Ganso', 'slug': 'ganso', 'shortName': 'Ganso', 'position': 'M', 'jerseyNumber': '10', 'userCount': 3285, 'gender': 'M', 'id': 116853, 'fieldTranslations': {'nameTranslation': {'ar': 'غانسو'}, 'shortNameTranslation': {'ar': 'غانسو'}}}",True,left-foot,low-centre,"{'x': 0, 'y': 50.2, 'z': 5.1}",,0.36500063538551,0.25046998262405,"{'name': 'Ronaldo', 'slug': 'ronaldo', 'shortName': 'Ronaldo', 'position': 'G', 'jerseyNumber': '96', 'userCount': 1023, 'gender': 'M', 'id': 840106, 'fieldTranslations': {'nameTranslation': {'ar': 'رونالدو'}, 'shortNameTranslation': {'ar': 'رونالدو'}}}",6314463,75,,4490,"{'start': {'x': 55.1, 'y': 14.1}, 'end': {'x': 49.8, 'y': 0}, 'goal': {'x': 49.8, 'y': 94.9}}",16,910,1790,shot,regular,13472602,14.1,55.1,86.05126379083576,4.862441184951951,7404.8200000000015,418.41920907372435,5.100000000000001,85.9,,0,1,75,1,0.15211616
"{'name': 'Erick Pulga', 'firstName': 'Erick', 'lastName': 'Pulga', 'slug': 'erick-pulga', 'shortName': 'E. Pulga', 'position': 'M', 'jerseyNumber': '16', 'userCount': 4849, 'gender': 'M', 'id': 1104070, 'fieldTranslations': {'nameTranslation': {'ar': 'إريك بولغا', 'bn': 'এরিক পুলগা', 'hi': 'एरिक पुल्गा'}, 'shortNameTranslation': {'ar': 'إ. بولغا', 'bn': 'ই. পুলগা', 'hi': 'ई. पुल्गा'}}}",False,right-foot,low-centre,"{'x': 0, 'y': 49.8, 'z': 3.8}","{'x': 2.2, 'y': 53.4, 'z': 0}",0.03805797919631,0.029418352991343,"{'name': 'Fábio', 'firstName': '', 'lastName': '', 'slug': 'fabio', 'shortName': 'Fábio', 'position': 'G', 'jerseyNumber': '1', 'userCount': 4343, 'gender': 'M', 'id': 17785, 'fieldTranslations': {'nameTranslation': {'ar': 'فابيو', 'bn': 'ফ্যাবিও', 'hi': 'फैबियो'}, 'shortNameTranslation': {'ar': 'فابيو', 'bn': 'ফ্যাবিও', 'hi': 'फैबियो'}}}",6314440,70,,4149,"{'start': {'x': 65.4, 'y': 11.9}, 'block': {'x': 53.4, 'y': 2.2}, 'end': {'x': 50.2, 'y': 0}, 'goal': {'x': 50.2, 'y': 96.2}}",21,1251,1449,shot,,13472602,11.9,65.4,89.4358429266477,4.6171377809249305,7998.769999999999,412.9376093454928,15.400000000000006,88.1,,0,0,70,0,0.025255399
"{'name': 'Agustín Canobbio', 'firstName': '', 'lastName': '', 'slug': 'agustin-canobbio', 'shortName': 'A. Canobbio', 'position': 'M', 'jerseyNumber': '17', 'userCount': 3096, 'gender': 'M', 'id': 846413, 'fieldTranslations': {'nameTranslation': {'ar': 'أغوستين كانوبيو', 'bn': 'অগাস্টিন ক্যানোবিও', 'hi': 'अगस्टिन कैनोबियो'}, 'shortNameTranslation': {'ar': 'أ. كانوبيو', 'bn': 'এ. ক্যানোবিও', 'hi': 'ए. कैनोबियो'}}}",True,left-foot,low-centre,"{'x': 0, 'y': 51.6, 'z': 9.5}","{'x': 1.9, 'y': 46.4, 'z': 0}",0.028681825846434,0.028217311948538,"{'name': 'Ronaldo', 'slug': 'ronaldo', 'shortName': 'Ronaldo', 'position': 'G', 'jerseyNumber': '96', 'userCount': 1023, 'gender': 'M', 'id': 840106, 'fieldTranslations': {'nameTranslation': {'ar': 'رونالدو'}, 'shortNameTranslation': {'ar': 'رونالدو'}}}",6314427,66,,3912,"{'start': {'x': 30.8, 'y': 12.7}, 'block': {'x': 46.4, 'y': 1.9}, 'end': {'x': 48.4, 'y': 0}, 'goal': {'x': 48.4, 'y': 90.5}}",25,1488,1212,shot,,13472602,12.7,30.8,89.38640836279305,4.580439382685385,7989.929999999999,409.4290251417355,19.2,87.3,,0,1,66,0,0.0352349
"{'name': 'Yeferson Soteldo', 'slug': 'yeferson-soteldo', 'shortName': 'Y. Soteldo', 'position': 'M', 'jerseyNumber': '7', 'userCount': 11177, 'gender': 'M', 'sofascoreId': 'yefersonsoteldo1006', 'id': 789960, 'fieldTranslations': {'nameTranslation': {'ar': 'يفرسون سوتيلدو', 'bn': 'ইয়েফারসন সোটেলডো', 'hi': 'येफरसन सोतेल्डो'}, 'shortNameTranslation': {'ar': 'ي. سوتيلدو', 'bn': 'ওয়াই. সোটেলডো', 'hi': 'वाई. सोतेल्डो'}}}",True,left-foot,low-centre,"{'x': 0, 'y': 48.6, 'z': 19}","{'x': 7.9, 'y': 60.7, 'z': 0}",0.050734672695398,0.0,"{'name': 'Ronaldo', 'slug': 'ronaldo', 'shortName': 'Ronaldo', 'position': 'G', 'jerseyNumber': '96', 'userCount': 1023, 'gender': 'M', 'id': 840106, 'fieldTranslations': {'nameTranslation': {'ar': 'رونالدو'}, 'shortNameTranslation': {'ar': 'رونالدو'}}}",6314428,65,,3873,"{'start': {'x': 64.8, 'y': 11.4}, 'block': {'x': 60.7, 'y': 7.9}, 'end': {'x': 51.4, 'y': 0}, 'goal': {'x': 51.4, 'y': 81}}",26,1527,1173,shot,,13472602,11.4,64.8,89.82761268117949,4.602921817741678,8068.999999999998,413.4694782458501,14.799999999999997,88.6,,0,1,65,0,0.04994867
"{'name': 'Thiago Silva', 'slug': 'thiago-silva', 'shortName': 'T. Silva', 'position': 'D', 'jerseyNumber': '3', 'userCount': 42280, 'gender': 'M', 'sofascoreId': 'ThiagoSilva', 'id': 33541, 'fieldTranslations': {'nameTranslation': {'ar': 'تياغو سيلفا', 'bn': 'থিয়াগো সিলভা', 'hi': 'थियागो सिल्वा'}, 'shortNameTranslation': {'ar': 'ت. سيلفا', 'bn': 'টি. সিলভা', 'hi': 'टी. सिल्वा'}}}",True,left-foot,right,"{'x': 0, 'y': 32.9, 'z': 26.4}","{'x': 6, 'y': 63, 'z': 0}",0.35691812634468,0.0,"{'name': 'Ronaldo', 'slug': 'ronaldo', 'shortName': 'Ronaldo', 'position': 'G', 'jerseyNumber': '96', 'userCount': 1023, 'gender': 'M', 'id': 840106, 'fieldTranslations': {'nameTranslation': {'ar': 'رونالدو'}, 'shortNameTranslation': {'ar': 'رونالدو'}}}",6314420,65,,3847,"{'start': {'x': 54, 'y': 10.1}, 'block': {'x': 63, 'y': 6}, 'end': {'x': 67.1, 'y': 0}, 'goal': {'x': 67.1, 'y': 73.6}}",26,1553,1147,shot,,13472602,10.1,54.0,89.98894376533153,4.653478248424978,8098.01,418.76159241070883,4.0,89.9,,0,1,65,0,0.23830606
"{'name': 'Erick Pulga', 'firstName': 'Erick', 'lastName': 'Pulga', 'slug': 'erick-pulga', 'shortName': 'E. Pulga', 'position': 'M', 'jerseyNumber': '16', 'userCount': 4849, 'gender': 'M', 'id': 1104070, 'fieldTranslations': {'nameTranslation': {'ar': 'إريك بولغا', 'bn': 'এরিক পুলগা', 'hi': 'एरिक पुल्गा'}, 'shortNameTranslation': {'ar': 'إ. بولغا', 'bn': 'ই. পুলগা', 'hi': 'ई. पुल्गा'}}}",False,left-foot,low-centre,"{'x': 0, 'y': 49.4, 'z': 19}","{'x': 17, 'y': 52.3, 'z': 0}",0.059814531356096,0.0,"{'name': 'Fábio', 'firstName': '', 'lastName': '', 'slug': 'fabio', 'shortName': 'Fábio', 'position': 'G', 'jerseyNumber': '1', 'userCount': 4343, 'gender': 'M', 'id': 17785, 'fieldTranslations': {'nameTranslation': {'ar': 'فابيو', 'bn': 'ফ্যাবিও', 'hi': 'फैबियो'}, 'shortNameTranslation': {'ar': 'فابيو', 'bn': 'ফ্যাবিও', 'hi': 'फैबियो'}}}",6314365,56,,3350,"{'start': {'x': 52.6, 'y': 19.4}, 'block': {'x': 52.3, 'y': 17}, 'end': {'x': 50.6, 'y': 0}, 'goal': {'x': 50.6, 'y': 81}}",35,2050,650,shot,,13472602,19.4,52.6,80.64192458020827,5.194578242857793,6503.119999999998,418.900786886529,2.6000000000000014,80.6,,0,0,56,0,0.12158192
"{'name': 'Everton Ribeiro', 'slug': 'everton-ribeiro', 'shortName': 'E. Ribeiro', 'position': 'M', 'jerseyNumber': '10', 'userCount': 5841, 'gender': 'M', 'sofascoreId': 'evertonri', 'id': 145063, 'fieldTranslations': {'nameTranslation': {'ar': 'إيفرتون ريبييرو', 'bn': 'এভারটন রিবেইরো', 'hi': 'एवर्टन रिबेरो'}, 'shortNameTranslation': {'ar': 'إيفرتون ريبييرو', 'bn': 'এভারটন রিবেইরো', 'hi': 'एवर्टन रिबेरो'}}}",False,head,left,"{'x': 0, 'y': 67.2, 'z': 20.8}","{'x': 1.9, 'y': 34.7, 'z': 0}",0.035674884915352,0.0,"{'name': 'Fábio', 'firstName': '', 'lastName': '', 'slug': 'fabio', 'shortName': 'Fábio', 'position': 'G', 'jerseyNumber': '1', 'userCount': 4343, 'gender': 'M', 'id': 17785, 'fieldTranslations': {'nameTranslation': {'ar': 'فابيو', 'bn': 'ফ্যাবিও', 'hi': 'फैबियो'}, 'shortNameTranslation': {'ar': 'فابيو', 'bn': 'ফ্যাবিও', 'hi': 'फैबियो'}}}",6314409,52,,3085,"{'start': {'x': 61.5, 'y': 10.7}, 'block': {'x': 34.7, 'y': 1.9}, 'end': {'x': 32.8, 'y': 0}, 'goal': {'x': 32.8, 'y': 79.2}}",39,2315,385,shot,,13472602,10.7,61.5,90.03743665831452,4.617590985695643,8106.739999999999,415.7560558885756,11.5,89.3,,0,0,52,0,0.04014762
"{'name': 'Tiago Souza', 'slug': 'tiago-souza', 'shortName': 'T. Souza', 'position': 'F', 'jerseyNumber': '11', 'userCount': 958, 'gender': 'M', 'id': 1469531, 'fieldTranslations': {'nameTranslation': {'ar': 'تياغو سوزا'}, 'shortNameTranslation': {'ar': 'ت. سوزا'}}}",False,head,left,"{'x': 0, 'y': 70.6, 'z': 9.7}",,0.056169003248215,0.0,"{'name': 'Fábio', 'firstName': '', 'lastName': '', 'slug': 'fabio', 'shortName': 'Fábio', 'position': 'G', 'jerseyNumber': '1', 'userCount': 4343, 'gender': 'M', 'id': 17785, 'fieldTranslations': {'nameTranslation': {'ar': 'فابيو', 'bn': 'ফ্যাবিও', 'hi': 'फैबियो'}, 'shortNameTranslation': {'ar': 'فابيو', 'bn': 'ফ্যাবিও', 'hi': 'फैबियो'}}}",6314325,50,,2976,"{'start': {'x': 60.1, 'y': 3.3}, 'end': {'x': 29.4, 'y': 0}, 'goal': {'x': 29.4, 'y': 90.3}}",41,2424,276,shot,,13472602,3.3,60.1,97.22602532244133,4.288436089841729,9452.900000000003,416.94759586462317,10.100000000000001,96.7,,0,0,50,0,0.118756145
"{'name': 'Jean Lucas', 'slug': 'jean-lucas', 'shortName': 'J. Lucas', 'position': 'M', 'jerseyNumber': '6', 'userCount': 3757, 'gender': 'M', 'id': 927975, 'fieldTranslations': {'nameTranslation': {'ar': 'جان لوكاس', 'bn': 'জিন লুকাস', 'hi': 'जीन लुकास'}, 'shortNameTranslation': {'ar': 'ج. لوكاس', 'bn': 'জে লুকাস', 'hi': 'जे. लुकास'}}}",False,right-foot,low-right,"{'x': 0, 'y': 46.6, 'z': 5.1}","{'x': 1.1, 'y': 48, 'z': 0}",0.019355328753591,0.10011880844831,"{'name': 'Fábio', 'firstName': '', 'lastName': '', 'slug': 'fabio', 'shortName': 'Fábio', 'position': 'G', 'jerseyNumber': '1', 'userCount': 4343, 'gender': 'M', 'id': 17785, 'fieldTranslations': {'nameTranslation': {'ar': 'فابيو', 'bn': 'ফ্যাবিও', 'hi': 'फैबियो'}, 'shortNameTranslation': {'ar': 'فابيو', 'bn': 'ফ্যাবিও', 'hi': 'फैबियो'}}}",6314323,50,,2942,"{'start': {'x': 27.6, 'y': 21}, 'block': {'x': 48, 'y': 1.1}, 'end': {'x': 53.4, 'y': 0}, 'goal': {'x': 53.4, 'y': 94.9}}",41,2458,242,shot,,13472602,21.0,27.6,82.1143105676471,4.911578962154983,6742.759999999999,403.31092027591603,22.4,79.0,,0,0,50,0,0.027278583
"{'name': 'Kevin Serna', 'slug': 'serna-kevin', 'shortName': 'K. Serna', 'position': 'M', 'jerseyNumber': '90', 'userCount': 3455, 'gender': 'M', 'id': 981374, 'fieldTranslations': {'nameTranslation': {'ar': 'كيفن سيرنا', 'bn': 'কেভিন সেরনা', 'hi': 'केविन सेरना'}, 'shortNameTranslation': {'ar': 'ك. سيرنا', 'bn': 'কে. সেরনা', 'hi': 'के. सेरना'}}}",True,right-foot,high-right,"{'x': 0, 'y': 38.8, 'z': 58.3}",,0.078317120671272,0.0,"{'name': 'Ronaldo', 'slug': 'ronaldo', 'shortName': 'Ronaldo', 'position': 'G', 'jerseyNumber': '96', 'userCount': 1023, 'gender': 'M', 'id': 840106, 'fieldTranslations': {'nameTranslation': {'ar': 'رونالدو'}, 'shortNameTranslation': {'ar': 'رونالدو'}}}",6314312,48,,2868,"{'start': {'x': 35.4, 'y': 14.5}, 'end': {'x': 61.2, 'y': 0}, 'goal': {'x': 61.2, 'y': 41.7}}",43,2532,168,shot,,13472602,14.5,35.4,86.73759277268421,4.763834642304146,7523.41,413.20354924058273,14.600000000000001,85.5,,0,1,48,0,0.057314493
"{'name': 'Willian José', 'slug': 'willian-jose', 'shortName': 'W. José', 'position': 'F', 'jerseyNumber': '12', 'userCount': 3014, 'gender': 'M', 'id': 123223, 'fieldTranslations': {'nameTranslation': {'ar': 'ويليان جوزيه', 'bn': 'উইলিয়ান জোস', 'hi': 'विलीयन जोस'}, 'shortNameTranslation': {'ar': 'و. جوزيه', 'bn': 'ডব্লিউ. জোসে', 'hi': 'डब्लू. जोस'}}}",False,right-foot,low-left,"{'x': 0, 'y': 53.1, 'z': 0.6}","{'x': 5.4, 'y': 48.6, 'z': 0}",0.1117052808404,0.24433486163616,"{'name': 'Fábio', 'firstName': '', 'lastName': '', 'slug': 'fabio', 'shortName': 'Fábio', 'position': 'G', 'jerseyNumber': '1', 'userCount': 4343, 'gender': 'M', 'id': 17785, 'fieldTranslations': {'nameTranslation': {'ar': 'فابيو', 'bn': 'ফ্যাবিও', 'hi': 'फैबियो'}, 'shortNameTranslation': {'ar': 'فابيو', 'bn': 'ফ্যাবিও', 'hi': 'फैबियो'}}}",6314181,42,,2489,"{'start': {'x': 46.8, 'y': 18.4}, 'block': {'x': 48.6, 'y': 5.4}, 'end': {'x': 46.9, 'y': 0}, 'goal': {'x': 46.9, 'y': 99.4}}",4,211,2489,shot,,13472602,18.4,46.8,81.66272099311901,5.128465333155634,6668.8,418.80443362437165,3.200000000000003,81.6,,0,0,42,0,0.045299016
"{'name': 'Willian José', 'slug': 'willian-jose', 'shortName': 'W. José', 'position': 'F', 'jerseyNumber': '12', 'userCount': 3014, 'gender': 'M', 'id': 123223, 'fieldTranslations': {'nameTranslation': {'ar': 'ويليان جوزيه', 'bn': 'উইলিয়ান জোস', 'hi': 'विलीयन जोस'}, 'shortNameTranslation': {'ar': 'و. جوزيه', 'bn': 'ডব্লিউ. জোসে', 'hi': 'डब्लू. जोस'}}}",False,right-foot,low-centre,"{'x': 0, 'y': 48.6, 'z': 19}","{'x': 6.4, 'y': 54.2, 'z': 0}",0.1309200078249,0.0,"{'name': 'Fábio', 'firstName': '', 'lastName': '', 'slug': 'fabio', 'shortName': 'Fábio', 'position': 'G', 'jerseyNumber': '1', 'userCount': 4343, 'gender': 'M', 'id': 17785, 'fieldTranslations': {'nameTranslation': {'ar': 'فابيو', 'bn': 'ফ্যাবিও', 'hi': 'फैबियो'}, 'shortNameTranslation': {'ar': 'فابيو', 'bn': 'ফ্যাবিও', 'hi': 'फैबियो'}}}",6314137,35,,2097,"{'start': {'x': 55.6, 'y': 8.6}, 'block': {'x': 54.2, 'y': 6.4}, 'end': {'x': 51.4, 'y': 0}, 'goal': {'x': 51.4, 'y': 81}}",11,603,2097,shot,,13472602,8.6,55.6,91.57139291285243,4.569120557446769,8385.32,418.4007338321494,5.600000000000001,91.4,,0,0,35,0,0.14207011
"{'name': 'Erick Pulga', 'firstName': 'Erick', 'lastName': 'Pulga', 'slug': 'erick-pulga', 'shortName': 'E. Pulga', 'position': 'M', 'jerseyNumber': '16', 'userCount': 4849, 'gender': 'M', 'id': 1104070, 'fieldTranslations': {'nameTranslation': {'ar': 'إريك بولغا', 'bn': 'এরিক পুলগা', 'hi': 'एरिक पुल्गा'}, 'shortNameTranslation': {'ar': 'إ. بولغا', 'bn': 'ই. পুলগা', 'hi': 'ई. पुल्गा'}}}",False,left-foot,low-centre,"{'x': 0, 'y': 48.4, 'z': 6.3}","{'x': 1.5, 'y': 45.5, 'z': 0}",0.023363022133708,0.17099025845528,"{'name': 'Fábio', 'firstName': '', 'lastName': '', 'slug': 'fabio', 'shortName': 'Fábio', 'position': 'G', 'jerseyNumber': '1', 'userCount': 4343, 'gender': 'M', 'id': 17785, 'fieldTranslations': {'nameTranslation': {'ar': 'فابيو', 'bn': 'ফ্যাবিও', 'hi': 'फैबियो'}, 'shortNameTranslation': {'ar': 'فابيو', 'bn': 'ফ্যাবিও', 'hi': 'फैबियो'}}}",6314138,35,,2095,"{'start': {'x': 25, 'y': 9.6}, 'block': {'x': 45.5, 'y': 1.5}, 'end': {'x': 51.6, 'y': 0}, 'goal': {'x': 51.6, 'y': 93.7}}",11,605,2095,shot,,13472602,9.6,25.0,93.7931767241093,4.308259739399359,8797.159999999998,404.0853671108492,25.0,90.4,,0,0,35,0,0.03479229
"{'name': 'Luciano Acosta', 'slug': 'luciano-acosta', 'shortName': 'L. F. Acosta', 'position': 'M', 'jerseyNumber': '32', 'userCount': 3392, 'gender': 'M', 'id': 548030, 'fieldTranslations': {'nameTranslation': {'ar': 'لوسيانو أكوستا', 'bn': 'লুসিয়ানো অ্যাকোস্টা', 'hi': 'लुसियानो अकोस्टा'}, 'shortNameTranslation': {'ar': 'ل. ف. أكوستا', 'bn': 'এল.এফ. অ্যাকোস্টা', 'hi': 'एल. एफ. अकोस्टा'}}}",True,right-foot,high-right,"{'x': 0, 'y': 43.2, 'z': 77.8}",,0.040769319981337,0.0,"{'name': 'Ronaldo', 'slug': 'ronaldo', 'shortName': 'Ronaldo', 'position': 'G', 'jerseyNumber': '96', 'userCount': 1023, 'gender': 'M', 'id': 840106, 'fieldTranslations': {'nameTranslation': {'ar': 'رونالدو'}, 'shortNameTranslation': {'ar': 'رونالدو'}}}",6314092,33,,1948,"{'start': {'x': 27.4, 'y': 22.7}, 'end': {'x': 56.8, 'y': 0}, 'goal': {'x': 56.8, 'y': 22.2}}",13,752,1948,shot,,13472602,22.7,27.4,80.53601678752185,4.996065443590885,6486.05,402.36321043659325,22.6,77.3,,0,1,33,0,0.021152617
"{'name': 'Luciano Acosta', 'slug': 'luciano-acosta', 'shortName': 'L. F. Acosta', 'position': 'M', 'jerseyNumber': '32', 'userCount': 3392, 'gender': 'M', 'id': 548030, 'fieldTranslations': {'nameTranslation': {'ar': 'لوسيانو أكوستا', 'bn': 'লুসিয়ানো অ্যাকোস্টা', 'hi': 'लुसियानो अकोस्टा'}, 'shortNameTranslation': {'ar': 'ل. ف. أكوستا', 'bn': 'এল.এফ. অ্যাকোস্টা', 'hi': 'एल. एफ. अकोस्टा'}}}",True,right-foot,low-left,"{'x': 0, 'y': 53.3, 'z': 19}","{'x': 13.4, 'y': 31.2, 'z': 0}",0.026191648095846,0.0,"{'name': 'Ronaldo', 'slug': 'ronaldo', 'shortName': 'Ronaldo', 'position': 'G', 'jerseyNumber': '96', 'userCount': 1023, 'gender': 'M', 'id': 840106, 'fieldTranslations': {'nameTranslation': {'ar': 'رونالدو'}, 'shortNameTranslation': {'ar': 'رونالدو'}}}",6314078,30,,1763,"{'start': {'x': 27.6, 'y': 16.6}, 'block': {'x': 31.2, 'y': 13.4}, 'end': {'x': 46.7, 'y': 0}, 'goal': {'x': 46.7, 'y': 81}}",16,937,1763,shot,,13472602,16.6,27.6,86.35577571882497,4.688424889612039,7457.320000000001,404.87256824189393,22.4,83.4,,0,1,30,0,0.023965485
"{'name': 'Everaldo', 'firstName': '', 'lastName': '', 'slug': 'everaldo', 'shortName': 'Everaldo', 'position': 'F', 'jerseyNumber': '27', 'userCount': 2419, 'gender': 'M', 'id': 386212, 'fieldTranslations': {'nameTranslation': {'ar': 'إيفيرالدو', 'bn': 'এভারালডো', 'hi': 'एवराल्डो'}, 'shortNameTranslation': {'ar': 'إيفيرالدو', 'bn': 'এভারালডো', 'hi': 'एवराल्डो'}}}",True,right-foot,low-centre,"{'x': 0, 'y': 48.5, 'z': 19.6}","{'x': 1.6, 'y': 52.7, 'z': 0}",0.060594595968723,0.07177995890379,"{'name': 'Ronaldo', 'slug': 'ronaldo', 'shortName': 'Ronaldo', 'position': 'G', 'jerseyNumber': '96', 'userCount': 1023, 'gender': 'M', 'id': 840106, 'fieldTranslations': {'nameTranslation': {'ar': 'رونالدو'}, 'shortNameTranslation': {'ar': 'رونالدو'}}}",6314076,30,,1745,"{'start': {'x': 68.3, 'y': 11.7}, 'block': {'x': 52.7, 'y': 1.6}, 'end': {'x': 51.5, 'y': 0}, 'goal': {'x': 51.5, 'y': 80.4}}",16,955,1745,shot,,13472602,11.7,68.3,90.17638271742773,4.552077917627436,8131.779999999998,410.4899204595231,18.299999999999997,88.3,,0,1,30,0,0.059757482
"{'name': 'Luciano Acosta', 'slug': 'luciano-acosta', 'shortName': 'L. F. Acosta', 'position': 'M', 'jerseyNumber': '32', 'userCount': 3392, 'gender': 'M', 'id': 548030, 'fieldTranslations': {'nameTranslation': {'ar': 'لوسيانو أكوستا', 'bn': 'লুসিয়ানো অ্যাকোস্টা', 'hi': 'लुसियानो अकोस्टा'}, 'shortNameTranslation': {'ar': 'ل. ف. أكوستا', 'bn': 'এল.এফ. অ্যাকোস্টা', 'hi': 'एल. एफ. अकोस्टा'}}}",True,left-foot,high,"{'x': 0, 'y': 52.3, 'z': 90.3}",,0.14138714969158,0.0,"{'name': 'Ronaldo', 'slug': 'ronaldo', 'shortName': 'Ronaldo', 'position': 'G', 'jerseyNumber': '96', 'userCount': 1023, 'gender': 'M', 'id': 840106, 'fieldTranslations': {'nameTranslation': {'ar': 'رونالدو'}, 'shortNameTranslation': {'ar': 'رونالدو'}}}",6314063,27,,1597,"{'start': {'x': 37, 'y': 27.5}, 'end': {'x': 47.7, 'y': 0}, 'goal': {'x': 47.7, 'y': 9.7}}",19,1103,1597,shot,,13472602,27.5,37.0,73.65629640431291,5.600661018196051,5425.249999999999,412.5239480163293,13.0,72.5,,0,1,27,0,0.034576498
"{'name': 'Kevin Serna', 'slug': 'serna-kevin', 'shortName': 'K. Serna', 'position': 'M', 'jerseyNumber': '90', 'userCount': 3455, 'gender': 'M', 'id': 981374, 'fieldTranslations': {'nameTranslation': {'ar': 'كيفن سيرنا', 'bn': 'কেভিন সেরনা', 'hi': 'केविन सेरना'}, 'shortNameTranslation': {'ar': 'ك. سيرنا', 'bn': 'কে. সেরনা', 'hi': 'के. सेरना'}}}",True,right-foot,low-centre,"{'x': 0, 'y': 49.6, 'z': 5.7}","{'x': 16.4, 'y': 44.2, 'z': 0}",0.4363180398941,0.26541629433632,"{'name': 'Ronaldo', 'slug': 'ronaldo', 'shortName': 'Ronaldo', 'position': 'G', 'jerseyNumber': '96', 'userCount': 1023, 'gender': 'M', 'id': 840106, 'fieldTranslations': {'nameTranslation': {'ar': 'رونالدو'}, 'shortNameTranslation': {'ar': 'رونالدو'}}}",6314061,27,,1589,"{'start': {'x': 42.7, 'y': 21.2}, 'block': {'x': 44.2, 'y': 16.4}, 'end': {'x': 50.4, 'y': 0}, 'goal': {'x': 50.4, 'y': 94.3}}",19,1111,1589,shot,,13472602,21.2,42.7,79.13741213863389,5.273481079077146,6262.729999999999,417.3296455602159,7.299999999999997,78.8,,0,1,27,0,0.04167035
"{'name': 'Luciano Juba', 'slug': 'luciano-juba', 'shortName': 'L. Juba', 'position': 'D', 'jerseyNumber': '46', 'userCount': 3668, 'gender': 'M', 'id': 1017264, 'fieldTranslations': {'nameTranslation': {'ar': 'لوسيانو جوبا', 'bn': 'লুসিয়ানো জুবা', 'hi': 'लुसियानो जुबा'}, 'shortNameTranslation': {'ar': 'ل. جوبا', 'bn': 'এল. জুবা', 'hi': 'एल. जुबा'}}}",False,left-foot,left,"{'x': 0, 'y': 93.6, 'z': 5.6}","{'x': 9.9, 'y': 16.2, 'z': 0}",0.016849029809237,0.0,"{'name': 'Fábio', 'firstName': '', 'lastName': '', 'slug': 'fabio', 'shortName': 'Fábio', 'position': 'G', 'jerseyNumber': '1', 'userCount': 4343, 'gender': 'M', 'id': 17785, 'fieldTranslations': {'nameTranslation': {'ar': 'فابيو', 'bn': 'ফ্যাবিও', 'hi': 'फैबियो'}, 'shortNameTranslation': {'ar': 'فابيو', 'bn': 'ফ্যাবিও', 'hi': 'फैबियो'}}}",6314054,26,,1532,"{'start': {'x': 61.6, 'y': 21.4}, 'block': {'x': 16.2, 'y': 9.9}, 'end': {'x': 6.4, 'y': 0}, 'goal': {'x': 6.4, 'y': 94.4}}",20,1168,1532,shot,,13472602,21.4,61.6,79.45136877360892,5.218824445602073,6312.519999999999,414.64274559225544,11.600000000000001,78.6,,0,0,26,0,0.031155415
"{'name': 'Luciano Juba', 'slug': 'luciano-juba', 'shortName': 'L. Juba', 'position': 'D', 'jerseyNumber': '46', 'userCount': 3668, 'gender': 'M', 'id': 1017264, 'fieldTranslations': {'nameTranslation': {'ar': 'لوسيانو جوبا', 'bn': 'লুসিয়ানো জুবা', 'hi': 'लुसियानो जुबा'}, 'shortNameTranslation': {'ar': 'ل. جوبا', 'bn': 'এল. জুবা', 'hi': 'एल. जुबा'}}}",False,left-foot,low-centre,"{'x': 0, 'y': 50.4, 'z': 19}","{'x': 23.4, 'y': 50.2, 'z': 0}",0.022165276110172,0.0,"{'name': 'Fábio', 'firstName': '', 'lastName': '', 'slug': 'fabio', 'shortName': 'Fábio', 'position': 'G', 'jerseyNumber': '1', 'userCount': 4343, 'gender': 'M', 'id': 17785, 'fieldTranslations': {'nameTranslation': {'ar': 'فابيو', 'bn': 'ফ্যাবিও', 'hi': 'फैबियो'}, 'shortNameTranslation': {'ar': 'فابيو', 'bn': 'ফ্যাবিও', 'hi': 'फैबियो'}}}",6314051,25,,1488,"{'start': {'x': 50.3, 'y': 28.7}, 'block': {'x': 50.2, 'y': 23.4}, 'end': {'x': 49.6, 'y': 0}, 'goal': {'x': 49.6, 'y': 81}}",21,1212,1488,shot,,13472602,28.7,50.3,71.30063113325154,5.87699750138441,5083.779999999999,419.0336310172508,0.29999999999999716,71.3,,0,0,25,0,0.10337098
"{'name': 'Willian José', 'slug': 'willian-jose', 'shortName': 'W. José', 'position': 'F', 'jerseyNumber': '12', 'userCount': 3014, 'gender': 'M', 'id': 123223, 'fieldTranslations': {'nameTranslation': {'ar': 'ويليان جوزيه', 'bn': 'উইলিয়ান জোস', 'hi': 'विलीयन जोस'}, 'shortNameTranslation': {'ar': 'و. جوزيه', 'bn': 'ডব্লিউ. জোসে', 'hi': 'डब्लू. जोस'}}}",False,head,left,"{'x': 0, 'y': 75.6, 'z': 5.6}","{'x': 4.2, 'y': 29.1, 'z': 0}",0.042121116071939,0.0,"{'name': 'Fábio', 'firstName': '', 'lastName': '', 'slug': 'fabio', 'shortName': 'Fábio', 'position': 'G', 'jerseyNumber': '1', 'userCount': 4343, 'gender': 'M', 'id': 17785, 'fieldTranslations': {'nameTranslation': {'ar': 'فابيو', 'bn': 'ফ্যাবিও', 'hi': 'फैबियो'}, 'shortNameTranslation': {'ar': 'فابيو', 'bn': 'ফ্যাবিও', 'hi': 'फैबियो'}}}",6314029,22,,1308,"{'start': {'x': 52.8, 'y': 10.4}, 'block': {'x': 29.1, 'y': 4.2}, 'end': {'x': 24.4, 'y': 0}, 'goal': {'x': 24.4, 'y': 94.4}}",24,1392,1308,shot,,13472602,10.4,52.8,89.64373932405988,4.6737081899382025,8036.0,418.96867865554395,2.799999999999997,89.6,,0,0,22,0,0.13756691
"{'name': 'Ademir', 'slug': 'ademir', 'shortName': 'Ademir', 'position': 'F', 'jerseyNumber': '7', 'userCount': 1702, 'gender': 'M', 'id': 922546, 'fieldTranslations': {'nameTranslation': {'ar': 'أديمير'}, 'shortNameTranslation': {'ar': 'أديمير'}}}",False,left-foot,low-centre,"{'x': 0, 'y': 48.7, 'z': 19}","{'x': 20.1, 'y': 69.9, 'z': 0}",0.014197538606822,0.0,"{'name': 'Fábio', 'firstName': '', 'lastName': '', 'slug': 'fabio', 'shortName': 'Fábio', 'position': 'G', 'jerseyNumber': '1', 'userCount': 4343, 'gender': 'M', 'id': 17785, 'fieldTranslations': {'nameTranslation': {'ar': 'فابيو', 'bn': 'ফ্যাবিও', 'hi': 'फैबियो'}, 'shortNameTranslation': {'ar': 'فابيو', 'bn': 'ফ্যাবিও', 'hi': 'फैबियो'}}}",6314026,22,,1289,"{'start': {'x': 73.5, 'y': 24}, 'block': {'x': 69.9, 'y': 20.1}, 'end': {'x': 51.3, 'y': 0}, 'goal': {'x': 51.3, 'y': 81}}",24,1411,1289,shot,,13472602,24.0,73.5,79.55029855380808,5.034590965848389,6328.249999999999,400.50321442954436,23.5,76.0,,0,0,22,0,0.02335239
"{'name': 'Agustín Canobbio', 'firstName': '', 'lastName': '', 'slug': 'agustin-canobbio', 'shortName': 'A. Canobbio', 'position': 'M', 'jerseyNumber': '17', 'userCount': 3096, 'gender': 'M', 'id': 846413, 'fieldTranslations': {'nameTranslation': {'ar': 'أغوستين كانوبيو', 'bn': 'অগাস্টিন ক্যানোবিও', 'hi': 'अगस्टिन कैनोबियो'}, 'shortNameTranslation': {'ar': 'أ. كانوبيو', 'bn': 'এ. ক্যানোবিও', 'hi': 'ए. कैनोबियो'}}}",True,left-foot,low-centre,"{'x': 0, 'y': 48.7, 'z': 19}","{'x': 11.5, 'y': 62.6, 'z': 0}",0.045280333608389,0.0,"{'name': 'Ronaldo', 'slug': 'ronaldo', 'shortName': 'Ronaldo', 'position': 'G', 'jerseyNumber': '96', 'userCount': 1023, 'gender': 'M', 'id': 840106, 'fieldTranslations': {'nameTranslation': {'ar': 'رونالدو'}, 'shortNameTranslation': {'ar': 'رونالدو'}}}",6313877,2,,109,"{'start': {'x': 66.2, 'y': 15.1}, 'block': {'x': 62.6, 'y': 11.5}, 'end': {'x': 51.3, 'y': 0}, 'goal': {'x': 51.3, 'y': 81}}",44,2591,109,shot,,13472602,15.1,66.2,86.43176499412702,4.763998795321161,7470.450000000002,411.7608243095028,16.200000000000003,84.9,,0,1,2,0,0.034191716
"{'name': 'Lucca', 'firstName': 'Lucca', 'slug': 'lucca', 'shortName': 'Lucca', 'position': 'M', 'jerseyNumber': '45', 'userCount': 1633, 'gender': 'M', 'id': 2162243, 'fieldTranslations': {'nameTranslation': {'ar': 'لوكا'}, 'shortNameTranslation': {'ar': 'لوكا'}}}",False,right-foot,low-centre,"{'x': 0, 'y': 49.1, 'z': 19}","{'x': 15.5, 'y': 35.7, 'z': 0}",0.010256871581078,0.0,"{'name': 'Thiago Couto', 'slug': 'thiago-couto', 'shortName': 'T. Couto', 'position': 'G', 'jerseyNumber': '12', 'userCount': 419, 'gender': 'M', 'id': 871291, 'fieldTranslations': {'nameTranslation': {'ar': 'تياغو كوتو'}, 'shortNameTranslation': {'ar': 'ت. كوتو'}}}",6314544,90,,5390,"{'start': {'x': 25, 'y': 26.5}, 'block': {'x': 35.7, 'y': 15.5}, 'end': {'x': 50.9, 'y': 0}, 'goal': {'x': 50.9, 'y': 81}}",1,10,2690,shot,,13472635,26.5,25.0,77.6353656525169,5.112266524114946,6027.25,396.8926809127854,25.0,73.5,,0,0,90,0,0.008664088
"{'name': 'Marcos Antônio', 'slug': 'marcos-antonio', 'shortName': 'M. Antônio', 'position': 'M', 'jerseyNumber': '8', 'userCount': 3087, 'gender': 'M', 'id': 905453, 'fieldTranslations': {'nameTranslation': {'ar': 'ماركوس أنطونيو', 'bn': 'মার্কোস আন্তোনিও', 'hi': 'मार्कोस एंटोनियो'}, 'shortNameTranslation': {'ar': 'م. أنطونيو', 'bn': 'এম. আন্তোনিও', 'hi': 'एम. एंटोनियो'}}}",False,right-foot,high-centre,"{'x': 0, 'y': 50.9, 'z': 29.1}","{'x': 1.4, 'y': 49.6, 'z': 0}",0.012671063654125,0.044445041567087,"{'name': 'Thiago Couto', 'slug': 'thiago-couto', 'shortName': 'T. Couto', 'position': 'G', 'jerseyNumber': '12', 'userCount': 419, 'gender': 'M', 'id': 871291, 'fieldTranslations': {'nameTranslation': {'ar': 'تياغو كوتو'}, 'shortNameTranslation': {'ar': 'ت. كوتو'}}}",6314541,89,,5317,"{'start': {'x': 28.4, 'y': 26.8}, 'block': {'x': 49.6, 'y': 1.4}, 'end': {'x': 49.1, 'y': 0}, 'goal': {'x': 49.1, 'y': 70.9}}",2,83,2617,shot,,13472635,26.8,28.4,76.32037735755766,5.2679000547357795,5824.8,402.04812005933337,21.6,73.2,,0,0,89,0,0.008851944
"{'name': 'Emiliano Rigoni', 'firstName': '', 'lastName': '', 'slug': 'emiliano-rigoni', 'shortName': 'Emiliano Rigoni', 'position': 'M', 'jerseyNumber': '24', 'userCount': 1524, 'gender': 'M', 'id': 257587, 'fieldTranslations': {'nameTranslation': {'ar': 'إميليانو ريغوني', 'bn': 'এমিলিয়ানো রিগোনি', 'hi': 'एमिलियानो रिगोनी'}, 'shortNameTranslation': {'ar': 'إميليانو ريغوني', 'bn': 'এমিলিয়ানো রিগোনি', 'hi': 'एमिलियानो रिगोनी'}}}",False,right-foot,high,"{'x': 0, 'y': 54.8, 'z': 72.2}",,0.037924911826849,0.0,"{'name': 'Thiago Couto', 'slug': 'thiago-couto', 'shortName': 'T. Couto', 'position': 'G', 'jerseyNumber': '12', 'userCount': 419, 'gender': 'M', 'id': 871291, 'fieldTranslations': {'nameTranslation': {'ar': 'تياغو كوتو'}, 'shortNameTranslation': {'ar': 'ت. كوتو'}}}",6314519,84,,5001,"{'start': {'x': 35.2, 'y': 25.7}, 'end': {'x': 45.2, 'y': 0}, 'goal': {'x': 45.2, 'y': 27.8}}",7,399,2301,shot,,13472635,25.7,35.2,75.75968584940146,5.425753730008207,5739.530000000001,411.05339808163995,14.799999999999997,74.3,,0,0,84,0,0.009019432
"{'name': 'Dudu', 'slug': 'dudu', 'shortName': 'D. Rodrigues', 'position': 'M', 'jerseyNumber': '21', 'userCount': 536, 'gender': 'M', 'id': 1124220, 'fieldTranslations': {'nameTranslation': {'ar': 'دودو'}, 'shortNameTranslation': {'ar': 'دودو'}}}",True,left-foot,left,"{'x': 0, 'y': 69.2, 'z': 23.6}",,0.10069174319506,0.0,"{'name': 'Rafael', 'slug': 'rafael', 'shortName': 'Rafael', 'position': 'G', 'jerseyNumber': '23', 'userCount': 4259, 'gender': 'M', 'id': 33132, 'fieldTranslations': {'nameTranslation': {'ar': 'رافاييل', 'bn': 'রাফায়েল', 'hi': 'राफेल'}, 'shortNameTranslation': {'ar': 'رافاييل', 'bn': 'রাফায়েল', 'hi': 'राफेल'}}}",6314487,79,,4732,"{'start': {'x': 54.2, 'y': 11.4}, 'end': {'x': 30.8, 'y': 0}, 'goal': {'x': 30.8, 'y': 76.4}}",12,668,2032,shot,,13472635,11.4,54.2,88.69949267047699,4.720424651235427,7867.6,418.69927175379564,4.200000000000003,88.6,,0,1,79,0,0.15807135
"{'name': 'Renzo López', 'slug': 'renzo-lopez', 'shortName': 'R. López', 'position': 'F', 'jerseyNumber': '31', 'userCount': 441, 'gender': 'M', 'id': 926513, 'fieldTranslations': {'nameTranslation': {'ar': 'رينزو لوبيز', 'bn': 'রেনজো লোপেজ', 'hi': 'रेन्ज़ो लोपेज़'}, 'shortNameTranslation': {'ar': 'ر. لوبيز', 'bn': 'আর. লোপেজ', 'hi': 'आर. लोपेज़'}}}",True,right-foot,low-centre,"{'x': 0, 'y': 51.5, 'z': 6.3}","{'x': 1.4, 'y': 50.2, 'z': 0}",0.2733128964901,0.19879885017872,"{'name': 'Rafael', 'slug': 'rafael', 'shortName': 'Rafael', 'position': 'G', 'jerseyNumber': '23', 'userCount': 4259, 'gender': 'M', 'id': 33132, 'fieldTranslations': {'nameTranslation': {'ar': 'رافاييل', 'bn': 'রাফায়েল', 'hi': 'राफेल'}, 'shortNameTranslation': {'ar': 'رافاييل', 'bn': 'রাফায়েল', 'hi': 'राफेल'}}}",6314456,74,,4396,"{'start': {'x': 51.1, 'y': 15.3}, 'block': {'x': 50.2, 'y': 1.4}, 'end': {'x': 48.5, 'y': 0}, 'goal': {'x': 48.5, 'y': 93.7}}",17,1004,1696,shot,,13472635,15.3,51.1,84.70714255598521,4.947743742367974,7175.300000000001,419.10923451524775,1.1000000000000014,84.7,,0,1,74,0,0.095418565
"{'name': 'Gabriel Baralhas', 'slug': 'gabriel-baralhas', 'shortName': 'G. Baralhas', 'position': 'M', 'jerseyNumber': '44', 'userCount': 850, 'gender': 'M', 'id': 922575, 'fieldTranslations': {'nameTranslation': {'ar': 'غابرييل بارالهاس'}, 'shortNameTranslation': {'ar': 'غ. بارالهاس'}}}",True,right-foot,low-left,"{'x': 0, 'y': 52.5, 'z': 3.2}",,0.53372031450272,0.78766441345215,"{'name': 'Rafael', 'slug': 'rafael', 'shortName': 'Rafael', 'position': 'G', 'jerseyNumber': '23', 'userCount': 4259, 'gender': 'M', 'id': 33132, 'fieldTranslations': {'nameTranslation': {'ar': 'رافاييل', 'bn': 'রাফায়েল', 'hi': 'राफेल'}, 'shortNameTranslation': {'ar': 'رافاييل', 'bn': 'রাফায়েল', 'hi': 'राफेल'}}}",6314437,68,,4034,"{'start': {'x': 55.6, 'y': 9.7}, 'end': {'x': 47.5, 'y': 0}, 'goal': {'x': 47.5, 'y': 96.8}}",23,1366,1334,shot,regular,13472635,9.7,55.6,90.47347677634589,4.624297688273949,8185.449999999999,418.37628950696313,5.600000000000001,90.3,,0,1,68,1,0.53828037
"{'name': 'Fabrício Santos', 'firstName': '', 'lastName': '', 'slug': 'fabricio-santos', 'shortName': 'F. Santos', 'position': 'F', 'jerseyNumber': '23', 'userCount': 463, 'gender': 'M', 'id': 975351, 'fieldTranslations': {'nameTranslation': {'ar': 'فابريشيو سانتوس'}, 'shortNameTranslation': {'ar': 'ف. سانتوس'}}}",True,right-foot,high,"{'x': 0, 'y': 44.9, 'z': 86.1}",,0.034652560949326,0.0,"{'name': 'Rafael', 'slug': 'rafael', 'shortName': 'Rafael', 'position': 'G', 'jerseyNumber': '23', 'userCount': 4259, 'gender': 'M', 'id': 33132, 'fieldTranslations': {'nameTranslation': {'ar': 'رافاييل', 'bn': 'রাফায়েল', 'hi': 'राफेल'}, 'shortNameTranslation': {'ar': 'رافاييل', 'bn': 'রাফায়েল', 'hi': 'राफेल'}}}",6314433,67,,3990,"{'start': {'x': 43.4, 'y': 25.6}, 'end': {'x': 55.1, 'y': 0}, 'goal': {'x': 55.1, 'y': 13.9}}",24,1410,1290,shot,,13472635,25.6,43.4,74.69216826414936,5.588819690445701,5578.920000000001,417.4410607167614,6.600000000000001,74.4,,0,1,67,0,0.035299268
"{'name': 'Pablo Maia', 'firstName': 'Pablo Maia', 'lastName': '', 'slug': 'pablo-maia', 'shortName': 'P. Maia', 'position': 'M', 'jerseyNumber': '29', 'userCount': 3216, 'gender': 'M', 'id': 1120721, 'fieldTranslations': {'nameTranslation': {'ar': 'بابلو مايا', 'bn': 'পাবলো মাইয়া', 'hi': 'पाब्लो माइया'}, 'shortNameTranslation': {'ar': 'ب. مايا', 'bn': 'পি. মাইয়া', 'hi': 'पी. माइया'}}}",False,left-foot,close-right,"{'x': 0, 'y': 43.2, 'z': 5.6}",,0.053978744894266,0.0,"{'name': 'Thiago Couto', 'slug': 'thiago-couto', 'shortName': 'T. Couto', 'position': 'G', 'jerseyNumber': '12', 'userCount': 419, 'gender': 'M', 'id': 871291, 'fieldTranslations': {'nameTranslation': {'ar': 'تياغو كوتو'}, 'shortNameTranslation': {'ar': 'ت. كوتو'}}}",6314426,66,,3907,"{'start': {'x': 46.8, 'y': 18.9}, 'end': {'x': 56.8, 'y': 0}, 'goal': {'x': 56.8, 'y': 94.4}}",25,1493,1207,shot,,13472635,18.9,46.8,81.16310738260333,5.159943427730804,6587.449999999999,418.7970425130735,3.200000000000003,81.1,,0,0,66,0,0.09611197
"{'name': 'Emiliano Rigoni', 'firstName': '', 'lastName': '', 'slug': 'emiliano-rigoni', 'shortName': 'Emiliano Rigoni', 'position': 'M', 'jerseyNumber': '24', 'userCount': 1524, 'gender': 'M', 'id': 257587, 'fieldTranslations': {'nameTranslation': {'ar': 'إميليانو ريغوني', 'bn': 'এমিলিয়ানো রিগোনি', 'hi': 'एमिलियानो रिगोनी'}, 'shortNameTranslation': {'ar': 'إميليانو ريغوني', 'bn': 'এমিলিয়ানো রিগোনি', 'hi': 'एमिलियानो रिगोनी'}}}",False,right-foot,close-right,"{'x': 0, 'y': 44, 'z': 25}",,0.034035865217447,0.0,"{'name': 'Thiago Couto', 'slug': 'thiago-couto', 'shortName': 'T. Couto', 'position': 'G', 'jerseyNumber': '12', 'userCount': 419, 'gender': 'M', 'id': 871291, 'fieldTranslations': {'nameTranslation': {'ar': 'تياغو كوتو'}, 'shortNameTranslation': {'ar': 'ت. كوتو'}}}",6314411,64,,3816,"{'start': {'x': 69.1, 'y': 4.9}, 'end': {'x': 56, 'y': 0}, 'goal': {'x': 56, 'y': 75}}",27,1584,1116,shot,,13472635,4.9,69.1,96.99907216051089,4.23745396874675,9408.82,411.02910329130924,19.099999999999994,95.1,,0,0,64,0,0.029415227
"{'name': 'Erick', 'firstName': '', 'lastName': '', 'slug': 'erick', 'shortName': 'Erick', 'position': 'F', 'jerseyNumber': '33', 'userCount': 1393, 'gender': 'M', 'id': 895650, 'fieldTranslations': {'nameTranslation': {'ar': 'إريك', 'bn': 'এরিক', 'hi': 'एरिक'}, 'shortNameTranslation': {'ar': 'إريك', 'bn': 'এরিক', 'hi': 'एरिक'}}}",True,left-foot,close-left,"{'x': 0, 'y': 58.3, 'z': 13.9}",,0.063145563006401,0.0,"{'name': 'Rafael', 'slug': 'rafael', 'shortName': 'Rafael', 'position': 'G', 'jerseyNumber': '23', 'userCount': 4259, 'gender': 'M', 'id': 33132, 'fieldTranslations': {'nameTranslation': {'ar': 'رافاييل', 'bn': 'রাফায়েল', 'hi': 'राफेल'}, 'shortNameTranslation': {'ar': 'رافاييل', 'bn': 'রাফায়েল', 'hi': 'राफेल'}}}",6314363,57,,3371,"{'start': {'x': 66.7, 'y': 13.3}, 'end': {'x': 41.7, 'y': 0}, 'goal': {'x': 41.7, 'y': 86.1}}",34,2029,671,shot,,13472635,13.3,66.7,88.29371438556655,4.662084919838635,7795.780000000001,411.6327943534893,16.700000000000003,86.7,,0,1,57,0,0.022309398
"{'name': 'Dudu', 'slug': 'dudu', 'shortName': 'D. Rodrigues', 'position': 'M', 'jerseyNumber': '21', 'userCount': 536, 'gender': 'M', 'id': 1124220, 'fieldTranslations': {'nameTranslation': {'ar': 'دودو'}, 'shortNameTranslation': {'ar': 'دودو'}}}",True,left-foot,low-left,"{'x': 0, 'y': 52.2, 'z': 19}","{'x': 10.1, 'y': 61, 'z': 0}",0.019082613289356,0.0,"{'name': 'Rafael', 'slug': 'rafael', 'shortName': 'Rafael', 'position': 'G', 'jerseyNumber': '23', 'userCount': 4259, 'gender': 'M', 'id': 33132, 'fieldTranslations': {'nameTranslation': {'ar': 'رافاييل', 'bn': 'রাফায়েল', 'hi': 'राफेल'}, 'shortNameTranslation': {'ar': 'رافاييل', 'bn': 'রাফায়েল', 'hi': 'राफेल'}}}",6314353,54,,3203,"{'start': {'x': 64.2, 'y': 12.5}, 'block': {'x': 61, 'y': 10.1}, 'end': {'x': 47.8, 'y': 0}, 'goal': {'x': 47.8, 'y': 81}}",37,2197,503,shot,,13472635,12.5,64.2,88.64474039670938,4.667824164178948,7857.89,413.7780612511298,14.200000000000003,87.5,,0,1,54,0,0.04499462
"{'name': 'Erick', 'firstName': '', 'lastName': '', 'slug': 'erick', 'shortName': 'Erick', 'position': 'F', 'jerseyNumber': '33', 'userCount': 1393, 'gender': 'M', 'id': 895650, 'fieldTranslations': {'nameTranslation': {'ar': 'إريك', 'bn': 'এরিক', 'hi': 'एरिक'}, 'shortNameTranslation': {'ar': 'إريك', 'bn': 'এরিক', 'hi': 'एरिक'}}}",True,right-foot,low-centre,"{'x': 0, 'y': 48.6, 'z': 19}","{'x': 3.8, 'y': 64.3, 'z': 0}",0.045299399644136,0.0,"{'name': 'Rafael', 'slug': 'rafael', 'shortName': 'Rafael', 'position': 'G', 'jerseyNumber': '23', 'userCount': 4259, 'gender': 'M', 'id': 33132, 'fieldTranslations': {'nameTranslation': {'ar': 'رافاييل', 'bn': 'রাফায়েল', 'hi': 'राफेल'}, 'shortNameTranslation': {'ar': 'رافاييل', 'bn': 'রাফায়েল', 'hi': 'राफेल'}}}",6314340,53,,3176,"{'start': {'x': 65.8, 'y': 4.3}, 'block': {'x': 64.3, 'y': 3.8}, 'end': {'x': 51.4, 'y': 0}, 'goal': {'x': 51.4, 'y': 81}}",38,2224,476,shot,,13472635,4.3,65.8,96.99551536024745,4.26440241625565,9408.13,413.62791006820123,15.799999999999997,95.7,,0,1,53,0,0.120268725
"{'name': 'Dudu', 'slug': 'dudu', 'shortName': 'D. Rodrigues', 'position': 'M', 'jerseyNumber': '21', 'userCount': 536, 'gender': 'M', 'id': 1124220, 'fieldTranslations': {'nameTranslation': {'ar': 'دودو'}, 'shortNameTranslation': {'ar': 'دودو'}}}",True,left-foot,low-centre,"{'x': 0, 'y': 49.6, 'z': 19}","{'x': 13.3, 'y': 41.9, 'z': 0}",0.013898247852921,0.0,"{'name': 'Rafael', 'slug': 'rafael', 'shortName': 'Rafael', 'position': 'G', 'jerseyNumber': '23', 'userCount': 4259, 'gender': 'M', 'id': 33132, 'fieldTranslations': {'nameTranslation': {'ar': 'رافاييل', 'bn': 'রাফায়েল', 'hi': 'राफेल'}, 'shortNameTranslation': {'ar': 'رافاييل', 'bn': 'রাফায়েল', 'hi': 'राफेल'}}}",6314307,47,,2796,"{'start': {'x': 35.2, 'y': 23.7}, 'block': {'x': 41.9, 'y': 13.3}, 'end': {'x': 50.4, 'y': 0}, 'goal': {'x': 50.4, 'y': 81}}",44,2604,96,shot,,13472635,23.7,35.2,77.72213326974499,5.294129120901583,6040.7300000000005,411.4710090819507,14.799999999999997,76.3,,0,1,47,0,0.029435156
"{'name': 'Ramon', 'firstName': '', 'lastName': '', 'slug': 'ramon', 'shortName': 'Ramon', 'position': 'D', 'jerseyNumber': '13', 'userCount': 859, 'gender': 'M', 'id': 980761, 'fieldTranslations': {'nameTranslation': {'ar': 'رامون', 'bn': 'রমন', 'hi': 'रेमन'}, 'shortNameTranslation': {'ar': 'رامون', 'bn': 'রমন', 'hi': 'रेमन'}}}",True,left-foot,high,"{'x': 0, 'y': 45.7, 'z': 73.6}",,0.063156239688396,0.0,"{'name': 'Rafael', 'slug': 'rafael', 'shortName': 'Rafael', 'position': 'G', 'jerseyNumber': '23', 'userCount': 4259, 'gender': 'M', 'id': 33132, 'fieldTranslations': {'nameTranslation': {'ar': 'رافاييل', 'bn': 'রাফায়েল', 'hi': 'राफेल'}, 'shortNameTranslation': {'ar': 'رافاييل', 'bn': 'রাফায়েল', 'hi': 'राफेल'}}}",6314244,45,4.0,2923,"{'start': {'x': 42.4, 'y': 20.7}, 'end': {'x': 54.3, 'y': 0}, 'goal': {'x': 54.3, 'y': 26.4}}",1,2477,223,shot,,13472635,20.7,42.4,79.66335418497015,5.237156185066527,6346.25,417.2094280929618,7.600000000000001,79.3,,0,1,45,0,0.03810398
"{'name': 'Gonzalo Tapia', 'firstName': '', 'lastName': '', 'slug': 'tapia-gonzalo', 'shortName': 'G. Tapia', 'position': 'F', 'jerseyNumber': '14', 'userCount': 4061, 'gender': 'M', 'id': 1002947, 'fieldTranslations': {'nameTranslation': {'ar': 'تابيا، غونزالو', 'bn': 'তাপিয়া, গঞ্জালো', 'hi': 'तापिया, गोंजालो'}, 'shortNameTranslation': {'ar': 'ت. غونزالو', 'bn': 'জি. তাপিয়া', 'hi': 'जी. तापिया'}}}",False,left-foot,low-centre,"{'x': 0, 'y': 51.1, 'z': 17.7}","{'x': 5.3, 'y': 41, 'z': 0}",0.32483053207397,0.18316760659218,"{'name': 'Thiago Couto', 'slug': 'thiago-couto', 'shortName': 'T. Couto', 'position': 'G', 'jerseyNumber': '12', 'userCount': 419, 'gender': 'M', 'id': 871291, 'fieldTranslations': {'nameTranslation': {'ar': 'تياغو كوتو'}, 'shortNameTranslation': {'ar': 'ت. كوتو'}}}",6314234,45,2.0,2796,"{'start': {'x': 34.8, 'y': 10.2}, 'block': {'x': 41, 'y': 5.3}, 'end': {'x': 48.9, 'y': 0}, 'goal': {'x': 48.9, 'y': 82.3}}",1,2604,96,shot,,13472635,10.2,34.8,91.07732978079672,4.538181301397651,8295.08,413.32543499243906,15.200000000000003,89.8,,0,0,45,0,0.05270808
"{'name': 'Gabriel Baralhas', 'slug': 'gabriel-baralhas', 'shortName': 'G. Baralhas', 'position': 'M', 'jerseyNumber': '44', 'userCount': 850, 'gender': 'M', 'id': 922575, 'fieldTranslations': {'nameTranslation': {'ar': 'غابرييل بارالهاس'}, 'shortNameTranslation': {'ar': 'غ. بارالهاس'}}}",True,left-foot,low-left,"{'x': 0, 'y': 53.1, 'z': 6.3}","{'x': 1, 'y': 47.1, 'z': 0}",0.069386832416058,0.094714142382145,"{'name': 'Rafael', 'slug': 'rafael', 'shortName': 'Rafael', 'position': 'G', 'jerseyNumber': '23', 'userCount': 4259, 'gender': 'M', 'id': 33132, 'fieldTranslations': {'nameTranslation': {'ar': 'رافاييل', 'bn': 'রাফায়েল', 'hi': 'राफेल'}, 'shortNameTranslation': {'ar': 'رافاييل', 'bn': 'রাফায়েল', 'hi': 'राफेल'}}}",6314155,38,,2269,"{'start': {'x': 39.5, 'y': 14.5}, 'block': {'x': 47.1, 'y': 1}, 'end': {'x': 46.9, 'y': 0}, 'goal': {'x': 46.9, 'y': 93.7}}",8,431,2269,shot,,13472635,14.5,39.5,86.14232409216737,4.829709639764302,7420.499999999999,416.04241305964143,10.5,85.5,,0,1,38,0,0.051705766
"{'name': 'Neris', 'slug': 'neris', 'shortName': 'Neris', 'position': 'D', 'jerseyNumber': '77', 'userCount': 330, 'gender': 'M', 'id': 840247, 'fieldTranslations': {'nameTranslation': {'ar': 'نيريس', 'bn': 'নেরিস', 'hi': 'नेरिस'}, 'shortNameTranslation': {'ar': 'نيريس', 'bn': 'নেরিস', 'hi': 'नेरिस'}}}",True,head,low-centre,"{'x': 0, 'y': 51.4, 'z': 19}","{'x': 1.6, 'y': 58.7, 'z': 0}",0.074745401740074,0.0,"{'name': 'Rafael', 'slug': 'rafael', 'shortName': 'Rafael', 'position': 'G', 'jerseyNumber': '23', 'userCount': 4259, 'gender': 'M', 'id': 33132, 'fieldTranslations': {'nameTranslation': {'ar': 'رافاييل', 'bn': 'রাফায়েল', 'hi': 'राफेल'}, 'shortNameTranslation': {'ar': 'رافاييل', 'bn': 'রাফায়েল', 'hi': 'राफेल'}}}",6314152,38,,2250,"{'start': {'x': 59.3, 'y': 2}, 'block': {'x': 58.7, 'y': 1.6}, 'end': {'x': 48.6, 'y': 0}, 'goal': {'x': 48.6, 'y': 81}}",8,450,2250,shot,,13472635,2.0,59.3,98.44028646849826,4.23956390782466,9690.490000000002,417.3438855877655,9.299999999999997,98.0,,0,1,38,0,0.16593471
"{'name': 'Aitor Cantalapiedra', 'slug': 'aitor-cantalapiedra', 'shortName': 'A. Cantalapiedra', 'position': 'F', 'jerseyNumber': '17', 'userCount': 883, 'gender': 'M', 'id': 823831, 'fieldTranslations': {'nameTranslation': {'ar': 'أيتور كانتالابييدرا', 'bn': 'অ্যাটিটর ক্যান্টালাপিয়েড্রা', 'hi': 'एटोर कैंटालैपीड्रा'}, 'shortNameTranslation': {'ar': 'أ. كانتالابييدرا', 'bn': 'এ. ক্যান্টালাপিয়েড্রা', 'hi': 'ए. कैंटालैपीड्रा'}}}",True,left-foot,low-centre,"{'x': 0, 'y': 51, 'z': 19}","{'x': 15, 'y': 34.1, 'z': 0}",0.024633083492517,0.0,"{'name': 'Rafael', 'slug': 'rafael', 'shortName': 'Rafael', 'position': 'G', 'jerseyNumber': '23', 'userCount': 4259, 'gender': 'M', 'id': 33132, 'fieldTranslations': {'nameTranslation': {'ar': 'رافاييل', 'bn': 'রাফায়েল', 'hi': 'राफेल'}, 'shortNameTranslation': {'ar': 'رافاييل', 'bn': 'রাফায়েল', 'hi': 'राफेल'}}}",6314160,36,,2131,"{'start': {'x': 26.4, 'y': 22.8}, 'block': {'x': 34.1, 'y': 15}, 'end': {'x': 49, 'y': 0}, 'goal': {'x': 49, 'y': 81}}",10,569,2131,shot,,13472635,22.8,26.4,80.7266994246637,4.966160685426106,6516.799999999999,400.9017609469751,23.6,77.2,,0,1,36,0,0.021136114
"{'name': 'Gonzalo Tapia', 'firstName': '', 'lastName': '', 'slug': 'tapia-gonzalo', 'shortName': 'G. Tapia', 'position': 'F', 'jerseyNumber': '14', 'userCount': 4061, 'gender': 'M', 'id': 1002947, 'fieldTranslations': {'nameTranslation': {'ar': 'تابيا، غونزالو', 'bn': 'তাপিয়া, গঞ্জালো', 'hi': 'तापिया, गोंजालो'}, 'shortNameTranslation': {'ar': 'ت. غونزالو', 'bn': 'জি. তাপিয়া', 'hi': 'जी. तापिया'}}}",False,head,right,"{'x': 0, 'y': 39.8, 'z': 12.5}",,0.063379094004631,0.0,"{'name': 'Thiago Couto', 'slug': 'thiago-couto', 'shortName': 'T. Couto', 'position': 'G', 'jerseyNumber': '12', 'userCount': 419, 'gender': 'M', 'id': 871291, 'fieldTranslations': {'nameTranslation': {'ar': 'تياغو كوتو'}, 'shortNameTranslation': {'ar': 'ت. كوتو'}}}",6314128,34,,2012,"{'start': {'x': 54.2, 'y': 8.8}, 'end': {'x': 60.2, 'y': 0}, 'goal': {'x': 60.2, 'y': 87.5}}",12,688,2012,shot,,13472635,8.8,54.2,91.29665930361307,4.586572358549485,8335.079999999998,418.7387339898613,4.200000000000003,91.2,,0,0,34,0,0.14418973
"{'name': 'Ramon', 'firstName': '', 'lastName': '', 'slug': 'ramon', 'shortName': 'Ramon', 'position': 'D', 'jerseyNumber': '13', 'userCount': 859, 'gender': 'M', 'id': 980761, 'fieldTranslations': {'nameTranslation': {'ar': 'رامون', 'bn': 'রমন', 'hi': 'रेमन'}, 'shortNameTranslation': {'ar': 'رامون', 'bn': 'রমন', 'hi': 'रेमन'}}}",True,left-foot,close-high-left,"{'x': 0, 'y': 57, 'z': 56.9}",,0.0095223551616073,0.0,"{'name': 'Rafael', 'slug': 'rafael', 'shortName': 'Rafael', 'position': 'G', 'jerseyNumber': '23', 'userCount': 4259, 'gender': 'M', 'id': 33132, 'fieldTranslations': {'nameTranslation': {'ar': 'رافاييل', 'bn': 'রাফায়েল', 'hi': 'राफेल'}, 'shortNameTranslation': {'ar': 'رافاييل', 'bn': 'রাফায়েল', 'hi': 'राफेल'}}}",6314090,33,,1934,"{'start': {'x': 34.1, 'y': 22.9}, 'end': {'x': 43, 'y': 0}, 'goal': {'x': 43, 'y': 43.1}}",13,766,1934,shot,,13472635,22.9,34.1,78.72242374317497,5.214701588351839,6197.219999999998,410.51394813244104,15.899999999999999,77.1,,0,1,33,0,0.022126611
"{'name': 'Willian Oliveira', 'slug': 'willian-oliveira', 'shortName': 'W. Oliveira', 'position': 'M', 'jerseyNumber': '29', 'userCount': 411, 'gender': 'M', 'id': 295167, 'fieldTranslations': {'nameTranslation': {'ar': 'ويليان أوليفيرا'}, 'shortNameTranslation': {'ar': 'و. أوليفيرا'}}}",True,right-foot,low-left,"{'x': 0, 'y': 52.8, 'z': 4.4}","{'x': 1.2, 'y': 51.8, 'z': 0}",0.068646006286144,0.18313208222389,"{'name': 'Rafael', 'slug': 'rafael', 'shortName': 'Rafael', 'position': 'G', 'jerseyNumber': '23', 'userCount': 4259, 'gender': 'M', 'id': 33132, 'fieldTranslations': {'nameTranslation': {'ar': 'رافاييل', 'bn': 'রাফায়েল', 'hi': 'राफेल'}, 'shortNameTranslation': {'ar': 'رافاييل', 'bn': 'রাফায়েল', 'hi': 'राफेल'}}}",6314089,32,,1904,"{'start': {'x': 62.6, 'y': 20.4}, 'block': {'x': 51.8, 'y': 1.2}, 'end': {'x': 47.2, 'y': 0}, 'goal': {'x': 47.2, 'y': 95.6}}",14,796,1904,shot,,13472635,20.4,62.6,80.59106650243561,5.136931511040974,6494.919999999999,413.99078902476015,12.600000000000001,79.6,,0,1,32,0,0.028345898
"{'name': 'Ramon', 'firstName': '', 'lastName': '', 'slug': 'ramon', 'shortName': 'Ramon', 'position': 'D', 'jerseyNumber': '13', 'userCount': 859, 'gender': 'M', 'id': 980761, 'fieldTranslations': {'nameTranslation': {'ar': 'رامون', 'bn': 'রমন', 'hi': 'रेमन'}, 'shortNameTranslation': {'ar': 'رامون', 'bn': 'রমন', 'hi': 'रेमन'}}}",True,left-foot,low-centre,"{'x': 0, 'y': 49.3, 'z': 19}","{'x': 10.3, 'y': 35.7, 'z': 0}",0.051543559879065,0.0,"{'name': 'Rafael', 'slug': 'rafael', 'shortName': 'Rafael', 'position': 'G', 'jerseyNumber': '23', 'userCount': 4259, 'gender': 'M', 'id': 33132, 'fieldTranslations': {'nameTranslation': {'ar': 'رافاييل', 'bn': 'রাফায়েল', 'hi': 'राफेल'}, 'shortNameTranslation': {'ar': 'رافاييل', 'bn': 'রাফায়েল', 'hi': 'राफेल'}}}",6314067,28,,1674,"{'start': {'x': 32.6, 'y': 12.5}, 'block': {'x': 35.7, 'y': 10.3}, 'end': {'x': 50.7, 'y': 0}, 'goal': {'x': 50.7, 'y': 81}}",18,1026,1674,shot,,13472635,12.5,32.6,89.21328376424668,4.608676561106647,7959.010000000001,411.1551698236399,17.4,87.5,,0,1,28,0,0.039366536
"{'name': 'Erick', 'firstName': '', 'lastName': '', 'slug': 'erick', 'shortName': 'Erick', 'position': 'F', 'jerseyNumber': '33', 'userCount': 1393, 'gender': 'M', 'id': 895650, 'fieldTranslations': {'nameTranslation': {'ar': 'إريك', 'bn': 'এরিক', 'hi': 'एरिक'}, 'shortNameTranslation': {'ar': 'إريك', 'bn': 'এরিক', 'hi': 'एरिक'}}}",True,left-foot,high-left,"{'x': 0, 'y': 52.9, 'z': 32.9}","{'x': 1.2, 'y': 50.2, 'z': 0}",0.034114792943001,0.26372888684273,"{'name': 'Rafael', 'slug': 'rafael', 'shortName': 'Rafael', 'position': 'G', 'jerseyNumber': '23', 'userCount': 4259, 'gender': 'M', 'id': 33132, 'fieldTranslations': {'nameTranslation': {'ar': 'رافاييل', 'bn': 'রাফায়েল', 'hi': 'राफेल'}, 'shortNameTranslation': {'ar': 'رافاييل', 'bn': 'রাফায়েল', 'hi': 'राफेल'}}}",6314032,23,,1357,"{'start': {'x': 57.5, 'y': 25.7}, 'block': {'x': 50.2, 'y': 1.2}, 'end': {'x': 47.1, 'y': 0}, 'goal': {'x': 47.1, 'y': 67.1}}",23,1343,1357,shot,,13472635,25.7,57.5,74.67757360814556,5.583528538993898,5576.739999999999,416.9643634638983,7.5,74.3,,0,1,23,0,0.043584675
"{'name': 'Renato Kayzer', 'slug': 'renato-kayzer', 'shortName': 'R. Kayzer', 'position': 'F', 'jerseyNumber': '79', 'userCount': 1334, 'gender': 'M', 'id': 814723, 'fieldTranslations': {'nameTranslation': {'ar': 'ريناتو كايزر'}, 'shortNameTranslation': {'ar': 'ر. كايزر'}}}",True,right-foot,low-right,"{'x': 0, 'y': 47.1, 'z': 3.8}","{'x': 0.90000000000001, 'y': 53.2, 'z': 0}",0.56537532806396,0.64150393009186,"{'name': 'Rafael', 'slug': 'rafael', 'shortName': 'Rafael', 'position': 'G', 'jerseyNumber': '23', 'userCount': 4259, 'gender': 'M', 'id': 33132, 'fieldTranslations': {'nameTranslation': {'ar': 'رافاييل', 'bn': 'রাফায়েল', 'hi': 'राफेल'}, 'shortNameTranslation': {'ar': 'رافاييل', 'bn': 'রাফায়েল', 'hi': 'राफेल'}}}",6314001,19,,1082,"{'start': {'x': 55, 'y': 3.2}, 'block': {'x': 53.2, 'y': 0.90000000000001}, 'end': {'x': 52.9, 'y': 0}, 'goal': {'x': 52.9, 'y': 96.2}}",27,1618,1082,shot,,13472635,3.2,55.0,96.92904621422826,4.3191382782215175,9395.239999999998,418.64995377537576,5.0,96.8,,0,1,19,0,0.33651322
"{'name': 'Willian Oliveira', 'slug': 'willian-oliveira', 'shortName': 'W. Oliveira', 'position': 'M', 'jerseyNumber': '29', 'userCount': 411, 'gender': 'M', 'id': 295167, 'fieldTranslations': {'nameTranslation': {'ar': 'ويليان أوليفيرا'}, 'shortNameTranslation': {'ar': 'و. أوليفيرا'}}}",True,right-foot,close-right,"{'x': 0, 'y': 41.7, 'z': 15.3}","{'x': 2.2, 'y': 58.7, 'z': 0}",0.14597409963608,0.0,"{'name': 'Rafael', 'slug': 'rafael', 'shortName': 'Rafael', 'position': 'G', 'jerseyNumber': '23', 'userCount': 4259, 'gender': 'M', 'id': 33132, 'fieldTranslations': {'nameTranslation': {'ar': 'رافاييل', 'bn': 'রাফায়েল', 'hi': 'राफेल'}, 'shortNameTranslation': {'ar': 'رافاييل', 'bn': 'রাফায়েল', 'hi': 'राफेल'}}}",6314031,18,,1079,"{'start': {'x': 51.5, 'y': 7.7}, 'block': {'x': 58.7, 'y': 2.2}, 'end': {'x': 58.3, 'y': 0}, 'goal': {'x': 58.3, 'y': 84.7}}",28,1621,1079,shot,,13472635,7.7,51.5,92.31218771104929,4.540358613960033,8521.539999999999,419.1304366473582,1.5,92.3,,0,1,18,0,0.3152425
"{'name': 'Willian Oliveira', 'slug': 'willian-oliveira', 'shortName': 'W. Oliveira', 'position': 'M', 'jerseyNumber': '29', 'userCount': 411, 'gender': 'M', 'id': 295167, 'fieldTranslations': {'nameTranslation': {'ar': 'ويليان أوليفيرا'}, 'shortNameTranslation': {'ar': 'و. أوليفيرا'}}}",True,left-foot,low-left,"{'x': 0, 'y': 54, 'z': 2.5}","{'x': 1.8, 'y': 50, 'z': 0}",0.023016763851047,0.16565544903278,"{'name': 'Rafael', 'slug': 'rafael', 'shortName': 'Rafael', 'position': 'G', 'jerseyNumber': '23', 'userCount': 4259, 'gender': 'M', 'id': 33132, 'fieldTranslations': {'nameTranslation': {'ar': 'رافاييل', 'bn': 'রাফায়েল', 'hi': 'राफेल'}, 'shortNameTranslation': {'ar': 'رافاييل', 'bn': 'রাফায়েল', 'hi': 'राफेल'}}}",6314016,17,,1009,"{'start': {'x': 48.3, 'y': 27.5}, 'block': {'x': 50, 'y': 1.8}, 'end': {'x': 46, 'y': 0}, 'goal': {'x': 46, 'y': 97.5}}",29,1691,1009,shot,,13472635,27.5,48.3,72.51992829560713,5.776828440779938,5259.139999999999,418.93518430138505,1.7000000000000028,72.5,,0,1,17,0,0.081961505
"{'name': 'Marcos Antônio', 'slug': 'marcos-antonio', 'shortName': 'M. Antônio', 'position': 'M', 'jerseyNumber': '8', 'userCount': 3087, 'gender': 'M', 'id': 905453, 'fieldTranslations': {'nameTranslation': {'ar': 'ماركوس أنطونيو', 'bn': 'মার্কোস আন্তোনিও', 'hi': 'मार्कोस एंटोनियो'}, 'shortNameTranslation': {'ar': 'م. أنطونيو', 'bn': 'এম. আন্তোনিও', 'hi': 'एम. एंटोनियो'}}}",False,left-foot,left,"{'x': 0, 'y': 60.7, 'z': 22.2}",,0.012710932642221,0.0,"{'name': 'Thiago Couto', 'slug': 'thiago-couto', 'shortName': 'T. Couto', 'position': 'G', 'jerseyNumber': '12', 'userCount': 419, 'gender': 'M', 'id': 871291, 'fieldTranslations': {'nameTranslation': {'ar': 'تياغو كوتو'}, 'shortNameTranslation': {'ar': 'ت. كوتو'}}}",6313983,16,,931,"{'start': {'x': 46.8, 'y': 23.5}, 'end': {'x': 39.3, 'y': 0}, 'goal': {'x': 39.3, 'y': 77.8}}",30,1769,931,shot,,13472635,23.5,46.8,76.56689885322508,5.468709841641747,5862.490000000001,418.7221533026202,3.200000000000003,76.5,,0,0,16,0,0.049278636
"{'name': 'Gabriel Baralhas', 'slug': 'gabriel-baralhas', 'shortName': 'G. Baralhas', 'position': 'M', 'jerseyNumber': '44', 'userCount': 850, 'gender': 'M', 'id': 922575, 'fieldTranslations': {'nameTranslation': {'ar': 'غابرييل بارالهاس'}, 'shortNameTranslation': {'ar': 'غ. بارالهاس'}}}",True,right-foot,low-centre,"{'x': 0, 'y': 50.9, 'z': 19}","{'x': 6.7, 'y': 48, 'z': 0}",0.027831718325615,0.0,"{'name': 'Rafael', 'slug': 'rafael', 'shortName': 'Rafael', 'position': 'G', 'jerseyNumber': '23', 'userCount': 4259, 'gender': 'M', 'id': 33132, 'fieldTranslations': {'nameTranslation': {'ar': 'رافاييل', 'bn': 'রাফায়েল', 'hi': 'राफेल'}, 'shortNameTranslation': {'ar': 'رافاييل', 'bn': 'রাফায়েল', 'hi': 'राफेल'}}}",6313940,11,,631,"{'start': {'x': 46.1, 'y': 18.4}, 'block': {'x': 48, 'y': 6.7}, 'end': {'x': 49.1, 'y': 0}, 'goal': {'x': 49.1, 'y': 81}}",35,2069,631,shot,,13472635,18.4,46.1,81.6931453672828,5.124658834989247,6673.769999999999,418.6494991645066,3.8999999999999986,81.6,,0,1,11,0,0.055115048
"{'name': 'Erick', 'firstName': '', 'lastName': '', 'slug': 'erick', 'shortName': 'Erick', 'position': 'F', 'jerseyNumber': '33', 'userCount': 1393, 'gender': 'M', 'id': 895650, 'fieldTranslations': {'nameTranslation': {'ar': 'إريك', 'bn': 'এরিক', 'hi': 'एरिक'}, 'shortNameTranslation': {'ar': 'إريك', 'bn': 'এরিক', 'hi': 'एरिक'}}}",True,left-foot,low-centre,"{'x': 0, 'y': 50, 'z': 12}","{'x': 1.4, 'y': 51.1, 'z': 0}",0.036045625805855,0.018803142011166,"{'name': 'Rafael', 'slug': 'rafael', 'shortName': 'Rafael', 'position': 'G', 'jerseyNumber': '23', 'userCount': 4259, 'gender': 'M', 'id': 33132, 'fieldTranslations': {'nameTranslation': {'ar': 'رافاييل', 'bn': 'রাফায়েল', 'hi': 'राफेल'}, 'shortNameTranslation': {'ar': 'رافاييل', 'bn': 'রাফায়েল', 'hi': 'राफेल'}}}",6313900,5,,295,"{'start': {'x': 63.9, 'y': 13.3}, 'block': {'x': 51.1, 'y': 1.4}, 'end': {'x': 50, 'y': 0}, 'goal': {'x': 50, 'y': 88}}",41,2405,295,shot,,13472635,13.3,63.9,87.80717510545479,4.713750836829619,7710.099999999999,413.9011451329824,13.899999999999999,86.7,,0,1,5,0,0.06911127
"{'name': 'Raniele', 'firstName': '', 'lastName': '', 'slug': 'raniele', 'shortName': 'Raniele', 'position': 'M', 'jerseyNumber': '14', 'userCount': 6199, 'gender': 'M', 'sofascoreId': 'R14niele', 'id': 866392, 'fieldTranslations': {'nameTranslation': {'ar': 'رانيل', 'bn': 'রানিয়েল', 'hi': 'रानीले'}, 'shortNameTranslation': {'ar': 'رانيل', 'bn': 'রানিয়েল', 'hi': 'रानीले'}}}",True,right-foot,right,"{'x': 0, 'y': 40.5, 'z': 26.4}",,0.33032780885696,0.0,"{'name': 'Jandrei', 'firstName': '', 'lastName': '', 'slug': 'jandrei', 'shortName': 'Jandrei', 'position': 'G', 'jerseyNumber': '93', 'userCount': 1017, 'gender': 'M', 'id': 874979, 'fieldTranslations': {'nameTranslation': {'ar': 'جاندري', 'bn': 'জান্দ্রেই', 'hi': 'जन्द्रेई'}, 'shortNameTranslation': {'ar': 'جاندري', 'bn': 'জান্দ্রেই', 'hi': 'जन्द्रेई'}}}",6314586,90,4.0,5596,"{'start': {'x': 43.5, 'y': 7.3}, 'end': {'x': 59.5, 'y': 0}, 'goal': {'x': 59.5, 'y': 73.6}}",1,704,196,shot,,13472600,7.3,43.5,92.9276062319481,4.4999109691883215,8635.54,418.1659546235563,6.5,92.7,,0,1,90,0,0.08497923
"{'name': 'João Pedro Tchoca', 'slug': 'joao-pedro', 'shortName': 'J. Pedro', 'position': 'D', 'jerseyNumber': '4', 'userCount': 3436, 'gender': 'M', 'id': 1411150, 'fieldTranslations': {'nameTranslation': {'ar': 'جواو بيدرو تشوكا', 'bn': 'জোয়াও পেদ্রো চোকা', 'hi': 'जोआओ पेड्रो चोका'}, 'shortNameTranslation': {'ar': 'ج. بيدرو', 'bn': 'জে. পেড্রো', 'hi': 'जे. पेड्रो'}}}",True,head,low-centre,"{'x': 0, 'y': 49, 'z': 19}","{'x': 5.3, 'y': 50.7, 'z': 0}",0.011442391201854,0.0,"{'name': 'Jandrei', 'firstName': '', 'lastName': '', 'slug': 'jandrei', 'shortName': 'Jandrei', 'position': 'G', 'jerseyNumber': '93', 'userCount': 1017, 'gender': 'M', 'id': 874979, 'fieldTranslations': {'nameTranslation': {'ar': 'جاندري', 'bn': 'জান্দ্রেই', 'hi': 'जन्द्रेई'}, 'shortNameTranslation': {'ar': 'جاندري', 'bn': 'জান্দ্রেই', 'hi': 'जन्द्रेई'}}}",6314582,90,4.0,5594,"{'start': {'x': 50.3, 'y': 14.1}, 'block': {'x': 50.7, 'y': 5.3}, 'end': {'x': 51, 'y': 0}, 'goal': {'x': 51, 'y': 81}}",1,706,194,shot,,13472600,14.1,50.3,85.90052386336187,4.879470164475998,7378.9000000000015,419.1490433041327,0.29999999999999716,85.9,,0,1,90,0,0.17285742
"{'name': 'Edison Negueba', 'firstName': 'Edison Negueba', 'lastName': '', 'slug': 'edison-negueba', 'shortName': 'E. Negueba', 'position': 'M', 'jerseyNumber': '87', 'userCount': 134, 'gender': 'M', 'id': 1200594, 'fieldTranslations': {'nameTranslation': {'ar': 'إيديسون نيغويبا'}, 'shortNameTranslation': {'ar': 'إ. نيغويبا'}}}",False,right-foot,high-left,"{'x': 0, 'y': 60.2, 'z': 72.2}",,0.11107183247805,0.0,"{'name': 'Kauê', 'firstName': 'Kauê', 'lastName': '', 'slug': 'kaue', 'shortName': 'Kauê', 'position': 'G', 'jerseyNumber': '51', 'userCount': 1663, 'gender': 'M', 'id': 1382923, 'fieldTranslations': {'nameTranslation': {'ar': 'كاوي'}, 'shortNameTranslation': {'ar': 'كاوي'}}}",6314575,90,2.0,5485,"{'start': {'x': 59.3, 'y': 11.6}, 'end': {'x': 39.8, 'y': 0}, 'goal': {'x': 39.8, 'y': 27.8}}",1,815,85,shot,,13472600,11.6,59.3,88.88785068838149,4.689932927952741,7901.050000000002,416.87805783838706,9.299999999999997,88.4,,0,0,90,0,0.026151175
"{'name': 'Kayke Ferrari', 'slug': 'kayke-ferrari', 'shortName': 'Kayke', 'position': 'F', 'jerseyNumber': '31', 'userCount': 2799, 'gender': 'M', 'id': 1411152, 'fieldTranslations': {'nameTranslation': {'ar': 'كاكي فيراري'}, 'shortNameTranslation': {'ar': 'ك. فيراري'}}}",True,left-foot,low-centre,"{'x': 0, 'y': 50, 'z': 19}","{'x': 12.8, 'y': 35.2, 'z': 0}",0.032910514622927,0.0,"{'name': 'Jandrei', 'firstName': '', 'lastName': '', 'slug': 'jandrei', 'shortName': 'Jandrei', 'position': 'G', 'jerseyNumber': '93', 'userCount': 1017, 'gender': 'M', 'id': 874979, 'fieldTranslations': {'nameTranslation': {'ar': 'جاندري', 'bn': 'জান্দ্রেই', 'hi': 'जन्द्रेई'}, 'shortNameTranslation': {'ar': 'جاندري', 'bn': 'জান্দ্রেই', 'hi': 'जन्द्रेई'}}}",6314574,90,1.0,5440,"{'start': {'x': 30.1, 'y': 17.2}, 'block': {'x': 35.2, 'y': 12.8}, 'end': {'x': 50, 'y': 0}, 'goal': {'x': 50, 'y': 81}}",1,860,40,shot,,13472600,17.2,30.1,85.15779471076033,4.78637041654761,7251.849999999999,407.5967493420178,19.9,82.8,,0,1,90,0,0.011405542
"{'name': 'Edison Negueba', 'firstName': 'Edison Negueba', 'lastName': '', 'slug': 'edison-negueba', 'shortName': 'E. Negueba', 'position': 'M', 'jerseyNumber': '87', 'userCount': 134, 'gender': 'M', 'id': 1200594, 'fieldTranslations': {'nameTranslation': {'ar': 'إيديسون نيغويبا'}, 'shortNameTranslation': {'ar': 'إ. نيغويبا'}}}",False,head,low-centre,"{'x': 0, 'y': 49, 'z': 18.4}",,0.1583785712719,0.33526682853699,"{'name': 'Kauê', 'firstName': 'Kauê', 'lastName': '', 'slug': 'kaue', 'shortName': 'Kauê', 'position': 'G', 'jerseyNumber': '51', 'userCount': 1663, 'gender': 'M', 'id': 1382923, 'fieldTranslations': {'nameTranslation': {'ar': 'كاوي'}, 'shortNameTranslation': {'ar': 'كاوي'}}}",6314538,88,,5220,"{'start': {'x': 51.2, 'y': 6.7}, 'end': {'x': 51, 'y': 0}, 'goal': {'x': 51, 'y': 81.6}}",3,180,2520,shot,regular,13472600,6.7,51.2,93.30771672268055,4.492186644885686,8706.33,419.1556789264024,1.2000000000000028,93.3,,0,0,88,1,0.41644925
"{'name': 'Giovanny', 'slug': 'giovanny', 'shortName': 'Giovanny', 'position': 'M', 'jerseyNumber': '11', 'userCount': 202, 'gender': 'M', 'id': 797649, 'fieldTranslations': {'nameTranslation': {'ar': 'جيوفاني'}, 'shortNameTranslation': {'ar': 'جيوفاني'}}}",False,left-foot,low-left,"{'x': 0, 'y': 53.4, 'z': 19}","{'x': 8.3, 'y': 39, 'z': 0}",0.06332141906023,0.0,"{'name': 'Kauê', 'firstName': 'Kauê', 'lastName': '', 'slug': 'kaue', 'shortName': 'Kauê', 'position': 'G', 'jerseyNumber': '51', 'userCount': 1663, 'gender': 'M', 'id': 1382923, 'fieldTranslations': {'nameTranslation': {'ar': 'كاوي'}, 'shortNameTranslation': {'ar': 'كاوي'}}}",6314531,85,,5080,"{'start': {'x': 37.1, 'y': 10.3}, 'block': {'x': 39, 'y': 8.3}, 'end': {'x': 46.6, 'y': 0}, 'goal': {'x': 46.6, 'y': 81}}",6,320,2380,shot,,13472600,10.3,37.1,90.62284480195929,4.578612668263699,8212.5,414.9269052443459,12.899999999999999,89.7,,0,0,85,0,0.018817378
"{'name': 'Matheus Babi', 'firstName': '', 'lastName': '', 'slug': 'matheus-babi', 'shortName': 'Matheus Babi', 'position': 'F', 'jerseyNumber': '17', 'userCount': 465, 'gender': 'M', 'id': 1007431, 'fieldTranslations': {'nameTranslation': {'ar': 'ماثيوس بابي'}, 'shortNameTranslation': {'ar': 'م. بابي'}}}",False,head,high,"{'x': 0, 'y': 51.8, 'z': 70.8}",,0.032752942293882,0.0,"{'name': 'Kauê', 'firstName': 'Kauê', 'lastName': '', 'slug': 'kaue', 'shortName': 'Kauê', 'position': 'G', 'jerseyNumber': '51', 'userCount': 1663, 'gender': 'M', 'id': 1382923, 'fieldTranslations': {'nameTranslation': {'ar': 'كاوي'}, 'shortNameTranslation': {'ar': 'كاوي'}}}",6314524,84,,5016,"{'start': {'x': 52.1, 'y': 10.2}, 'end': {'x': 48.2, 'y': 0}, 'goal': {'x': 48.2, 'y': 29.2}}",7,384,2316,shot,,13472600,10.2,52.1,89.8245512095663,4.665307669172202,8068.449999999998,419.05916763794085,2.1000000000000014,89.8,,0,0,84,0,0.20590052
"{'name': 'Gabriel Taliari', 'slug': 'gabriel-taliari', 'shortName': 'G. Taliari', 'position': 'F', 'jerseyNumber': '19', 'userCount': 442, 'gender': 'M', 'id': 933955, 'fieldTranslations': {'nameTranslation': {'ar': 'غابرييل تاليارى'}, 'shortNameTranslation': {'ar': 'غ. تاليارى'}}}",False,right-foot,low-centre,"{'x': 0, 'y': 50.2, 'z': 19}","{'x': 18.1, 'y': 47.5, 'z': 0}",0.04754825308919,0.0,"{'name': 'Kauê', 'firstName': 'Kauê', 'lastName': '', 'slug': 'kaue', 'shortName': 'Kauê', 'position': 'G', 'jerseyNumber': '51', 'userCount': 1663, 'gender': 'M', 'id': 1382923, 'fieldTranslations': {'nameTranslation': {'ar': 'كاوي'}, 'shortNameTranslation': {'ar': 'كاوي'}}}",6314529,83,,4972,"{'start': {'x': 47, 'y': 21.8}, 'block': {'x': 47.5, 'y': 18.1}, 'end': {'x': 49.8, 'y': 0}, 'goal': {'x': 49.8, 'y': 81}}",8,428,2272,shot,,13472600,21.8,47.0,78.2575235999709,5.351478372782508,6124.240000000002,418.793445052761,3.0,78.2,,0,0,83,0,0.040426068
"{'name': 'Matheus Babi', 'firstName': '', 'lastName': '', 'slug': 'matheus-babi', 'shortName': 'Matheus Babi', 'position': 'F', 'jerseyNumber': '17', 'userCount': 465, 'gender': 'M', 'id': 1007431, 'fieldTranslations': {'nameTranslation': {'ar': 'ماثيوس بابي'}, 'shortNameTranslation': {'ar': 'م. بابي'}}}",False,right-foot,low-right,"{'x': 0, 'y': 47.5, 'z': 19}","{'x': 11.5, 'y': 39.7, 'z': 0}",0.04577013105154,0.0,"{'name': 'Kauê', 'firstName': 'Kauê', 'lastName': '', 'slug': 'kaue', 'shortName': 'Kauê', 'position': 'G', 'jerseyNumber': '51', 'userCount': 1663, 'gender': 'M', 'id': 1382923, 'fieldTranslations': {'nameTranslation': {'ar': 'كاوي'}, 'shortNameTranslation': {'ar': 'كاوي'}}}",6314488,80,,4758,"{'start': {'x': 37.8, 'y': 13.2}, 'block': {'x': 39.7, 'y': 11.5}, 'end': {'x': 52.5, 'y': 0}, 'goal': {'x': 52.5, 'y': 81}}",11,642,2058,shot,,13472600,13.2,37.8,87.65318020471362,4.735713091475788,7683.08,415.1003130049487,12.200000000000003,86.8,,0,0,80,0,0.03027824
"{'name': 'Memphis Depay', 'slug': 'memphis-depay', 'shortName': 'M. Depay', 'position': 'F', 'jerseyNumber': '10', 'userCount': 75888, 'gender': 'M', 'sofascoreId': 'Memphis', 'id': 138833, 'fieldTranslations': {'nameTranslation': {'ar': 'ممفيس ديباي', 'bn': 'মেমফিস ডিপে', 'hi': 'मेम्फिस डीपे'}, 'shortNameTranslation': {'ar': 'م. ديباي', 'bn': 'এম. ডিপে', 'hi': 'एम. डीपे'}}}",True,left-foot,low-centre,"{'x': 0, 'y': 51.7, 'z': 19}","{'x': 5.5, 'y': 36.3, 'z': 0}",0.048576630651951,0.0,"{'name': 'Jandrei', 'firstName': '', 'lastName': '', 'slug': 'jandrei', 'shortName': 'Jandrei', 'position': 'G', 'jerseyNumber': '93', 'userCount': 1017, 'gender': 'M', 'id': 874979, 'fieldTranslations': {'nameTranslation': {'ar': 'جاندري', 'bn': 'জান্দ্রেই', 'hi': 'जन्द्रेई'}, 'shortNameTranslation': {'ar': 'جاندري', 'bn': 'জান্দ্রেই', 'hi': 'जन्द्रेई'}}}",6314478,77,,4615,"{'start': {'x': 33.3, 'y': 6.9}, 'block': {'x': 36.3, 'y': 5.5}, 'end': {'x': 48.3, 'y': 0}, 'goal': {'x': 48.3, 'y': 81}}",14,785,1915,shot,,13472600,6.9,33.3,94.58593975850744,4.3625516625140985,8946.499999999998,412.63604874393496,16.700000000000003,93.1,,0,1,77,0,0.036522213
"{'name': 'Matheuzinho', 'slug': 'matheuzinho', 'shortName': 'Matheuzinho', 'position': 'D', 'jerseyNumber': '2', 'userCount': 7300, 'gender': 'M', 'sofascoreId': 'mateuzinhoo', 'id': 931540, 'fieldTranslations': {'nameTranslation': {'ar': 'ماثيوزينهو'}, 'shortNameTranslation': {'ar': 'ماثيوزينهو'}}}",True,right-foot,low-centre,"{'x': 0, 'y': 50.2, 'z': 19}","{'x': 1.1, 'y': 51.6, 'z': 0}",0.10912971198559,0.0,"{'name': 'Jandrei', 'firstName': '', 'lastName': '', 'slug': 'jandrei', 'shortName': 'Jandrei', 'position': 'G', 'jerseyNumber': '93', 'userCount': 1017, 'gender': 'M', 'id': 874979, 'fieldTranslations': {'nameTranslation': {'ar': 'جاندري', 'bn': 'জান্দ্রেই', 'hi': 'जन्द्रेई'}, 'shortNameTranslation': {'ar': 'جاندري', 'bn': 'জান্দ্রেই', 'hi': 'जन्द्रेई'}}}",6314474,77,,4607,"{'start': {'x': 70.3, 'y': 12.8}, 'block': {'x': 51.6, 'y': 1.1}, 'end': {'x': 49.8, 'y': 0}, 'goal': {'x': 49.8, 'y': 81}}",14,793,1907,shot,,13472600,12.8,70.3,89.53172622037397,4.560412954147173,8015.929999999999,408.3016440625516,20.299999999999997,87.2,,0,1,77,0,0.015248773
"{'name': 'Gabriel Taliari', 'slug': 'gabriel-taliari', 'shortName': 'G. Taliari', 'position': 'F', 'jerseyNumber': '19', 'userCount': 442, 'gender': 'M', 'id': 933955, 'fieldTranslations': {'nameTranslation': {'ar': 'غابرييل تاليارى'}, 'shortNameTranslation': {'ar': 'غ. تاليارى'}}}",False,head,high-right,"{'x': 0, 'y': 41.2, 'z': 61.1}",,0.052640125155449,0.0,"{'name': 'Kauê', 'firstName': 'Kauê', 'lastName': '', 'slug': 'kaue', 'shortName': 'Kauê', 'position': 'G', 'jerseyNumber': '51', 'userCount': 1663, 'gender': 'M', 'id': 1382923, 'fieldTranslations': {'nameTranslation': {'ar': 'كاوي'}, 'shortNameTranslation': {'ar': 'كاوي'}}}",6314465,76,,4522,"{'start': {'x': 46.4, 'y': 11}, 'end': {'x': 58.8, 'y': 0}, 'goal': {'x': 58.8, 'y': 38.9}}",15,878,1822,shot,,13472600,11.0,46.4,89.07277923136787,4.702091392813697,7933.96,418.82834855780953,3.6000000000000014,89.0,,0,0,76,0,0.06493952
"{'name': 'Peixoto', 'slug': 'peixoto', 'shortName': 'Peixoto', 'position': 'M', 'jerseyNumber': '72', 'userCount': 94, 'gender': 'M', 'id': 1049781, 'fieldTranslations': {'nameTranslation': {'ar': 'بيكسوتو'}, 'shortNameTranslation': {'ar': 'بيكسوتو'}}}",False,right-foot,high,"{'x': 0, 'y': 49.2, 'z': 88.9}",,0.013543942011893,0.0,"{'name': 'Kauê', 'firstName': 'Kauê', 'lastName': '', 'slug': 'kaue', 'shortName': 'Kauê', 'position': 'G', 'jerseyNumber': '51', 'userCount': 1663, 'gender': 'M', 'id': 1382923, 'fieldTranslations': {'nameTranslation': {'ar': 'كاوي'}, 'shortNameTranslation': {'ar': 'كاوي'}}}",6314458,75,,4467,"{'start': {'x': 38.7, 'y': 26.9}, 'end': {'x': 50.8, 'y': 0}, 'goal': {'x': 50.8, 'y': 11.1}}",16,933,1767,shot,,13472600,26.9,38.7,73.96823642618497,5.599373995921924,5471.299999999997,414.175819568985,11.299999999999997,73.1,,0,0,75,0,0.013681562
"{'name': 'Kayke Ferrari', 'slug': 'kayke-ferrari', 'shortName': 'Kayke', 'position': 'F', 'jerseyNumber': '31', 'userCount': 2799, 'gender': 'M', 'id': 1411152, 'fieldTranslations': {'nameTranslation': {'ar': 'كاكي فيراري'}, 'shortNameTranslation': {'ar': 'ك. فيراري'}}}",True,left-foot,left,"{'x': 0, 'y': 64.7, 'z': 23.6}",,0.33060309290886,0.0,"{'name': 'Jandrei', 'firstName': '', 'lastName': '', 'slug': 'jandrei', 'shortName': 'Jandrei', 'position': 'G', 'jerseyNumber': '93', 'userCount': 1017, 'gender': 'M', 'id': 874979, 'fieldTranslations': {'nameTranslation': {'ar': 'جاندري', 'bn': 'জান্দ্রেই', 'hi': 'जन्द्रेई'}, 'shortNameTranslation': {'ar': 'جاندري', 'bn': 'জান্দ্রেই', 'hi': 'जन्द्रेई'}}}",6314438,69,,4093,"{'start': {'x': 55.4, 'y': 8.2}, 'end': {'x': 35.3, 'y': 0}, 'goal': {'x': 35.3, 'y': 76.4}}",22,1307,1393,shot,,13472600,8.2,55.4,91.95868637600256,4.550560275312226,8456.4,418.4635451925329,5.399999999999999,91.8,,0,1,69,0,0.32453823
"{'name': 'Hugo', 'slug': 'hugo', 'shortName': 'Hugo', 'position': 'D', 'userCount': 3176, 'gender': 'M', 'id': 1017827, 'fieldTranslations': {'nameTranslation': {'ar': 'هوغو', 'bn': 'হুগো', 'hi': 'ह्यूगो'}, 'shortNameTranslation': {'ar': 'هوغو', 'bn': 'হুগো', 'hi': 'ह्यूगो'}}}",True,left-foot,right,"{'x': 0, 'y': 29.6, 'z': 9.7}",,0.062378849834204,0.0,"{'name': 'Jandrei', 'firstName': '', 'lastName': '', 'slug': 'jandrei', 'shortName': 'Jandrei', 'position': 'G', 'jerseyNumber': '93', 'userCount': 1017, 'gender': 'M', 'id': 874979, 'fieldTranslations': {'nameTranslation': {'ar': 'جاندري', 'bn': 'জান্দ্রেই', 'hi': 'जन्द्रेई'}, 'shortNameTranslation': {'ar': 'جاندري', 'bn': 'জান্দ্রেই', 'hi': 'जन्द्रेई'}}}",6314431,67,,3990,"{'start': {'x': 28.9, 'y': 5.2}, 'end': {'x': 70.4, 'y': 0}, 'goal': {'x': 70.4, 'y': 90.3}}",24,1410,1290,shot,,13472600,5.2,28.9,97.11977141653496,4.213665155894979,9432.250000000002,409.23019676633857,21.1,94.8,,0,1,67,0,0.11490187
"{'name': 'Ewerthon', 'slug': 'ewerton', 'shortName': 'Ewerthon', 'position': 'D', 'jerseyNumber': '7', 'userCount': 182, 'gender': 'M', 'id': 992512, 'fieldTranslations': {'nameTranslation': {'ar': 'إيويرثون'}, 'shortNameTranslation': {'ar': 'إيويرثون'}}}",False,right-foot,high,"{'x': 0, 'y': 48.7, 'z': 77.8}",,0.023692168295383,0.0,"{'name': 'Kauê', 'firstName': 'Kauê', 'lastName': '', 'slug': 'kaue', 'shortName': 'Kauê', 'position': 'G', 'jerseyNumber': '51', 'userCount': 1663, 'gender': 'M', 'id': 1382923, 'fieldTranslations': {'nameTranslation': {'ar': 'كاوي'}, 'shortNameTranslation': {'ar': 'كاوي'}}}",6314422,66,,3919,"{'start': {'x': 76.5, 'y': 21.5}, 'end': {'x': 51.3, 'y': 0}, 'goal': {'x': 51.3, 'y': 22.2}}",25,1481,1219,shot,,13472600,21.5,76.5,82.85227818231675,4.794325442263983,6864.500000000001,397.22078523901433,26.5,78.5,,0,0,66,0,0.019082239
"{'name': 'Rodrigo Sam', 'firstName': '', 'lastName': '', 'slug': 'rodrigo-sam', 'shortName': 'R. Sam', 'position': 'D', 'jerseyNumber': '34', 'userCount': 112, 'gender': 'M', 'id': 794640, 'fieldTranslations': {'nameTranslation': {'ar': 'رودريغو سام'}, 'shortNameTranslation': {'ar': 'ر. سام'}}}",False,head,low-centre,"{'x': 0, 'y': 49.7, 'z': 8.2}","{'x': 1, 'y': 50.4, 'z': 0}",0.0092016374692321,0.0098151359707117,"{'name': 'Kauê', 'firstName': 'Kauê', 'lastName': '', 'slug': 'kaue', 'shortName': 'Kauê', 'position': 'G', 'jerseyNumber': '51', 'userCount': 1663, 'gender': 'M', 'id': 1382923, 'fieldTranslations': {'nameTranslation': {'ar': 'كاوي'}, 'shortNameTranslation': {'ar': 'كاوي'}}}",6314412,64,,3823,"{'start': {'x': 39.5, 'y': 12.2}, 'block': {'x': 50.4, 'y': 1}, 'end': {'x': 50.3, 'y': 0}, 'goal': {'x': 50.3, 'y': 91.8}}",27,1577,1123,shot,,13472600,12.2,39.5,88.42561845981061,4.70693439051533,7819.089999999998,416.2135845310697,10.5,87.8,,0,0,64,0,0.03485931
"{'name': 'Hugo', 'slug': 'hugo', 'shortName': 'Hugo', 'position': 'D', 'userCount': 3176, 'gender': 'M', 'id': 1017827, 'fieldTranslations': {'nameTranslation': {'ar': 'هوغو', 'bn': 'হুগো', 'hi': 'ह्यूगो'}, 'shortNameTranslation': {'ar': 'هوغو', 'bn': 'হুগো', 'hi': 'ह्यूगो'}}}",True,head,high,"{'x': 0, 'y': 47.4, 'z': 62.5}",,0.1999945640564,0.0,"{'name': 'Jandrei', 'firstName': '', 'lastName': '', 'slug': 'jandrei', 'shortName': 'Jandrei', 'position': 'G', 'jerseyNumber': '93', 'userCount': 1017, 'gender': 'M', 'id': 874979, 'fieldTranslations': {'nameTranslation': {'ar': 'جاندري', 'bn': 'জান্দ্রেই', 'hi': 'जन्द्रेई'}, 'shortNameTranslation': {'ar': 'جاندري', 'bn': 'জান্দ্রেই', 'hi': 'जन्द्रेई'}}}",6314368,58,,3456,"{'start': {'x': 44.3, 'y': 6.4}, 'end': {'x': 52.6, 'y': 0}, 'goal': {'x': 52.6, 'y': 37.5}}",33,1944,756,shot,,13472600,6.4,44.3,93.77339708040869,4.462036638541541,8793.45,418.4203334932879,5.700000000000003,93.6,,0,1,58,0,0.24977353
"{'name': 'Ewerthon', 'slug': 'ewerton', 'shortName': 'Ewerthon', 'position': 'D', 'jerseyNumber': '7', 'userCount': 182, 'gender': 'M', 'id': 992512, 'fieldTranslations': {'nameTranslation': {'ar': 'إيويرثون'}, 'shortNameTranslation': {'ar': 'إيويرثون'}}}",False,right-foot,low-centre,"{'x': 0, 'y': 50.5, 'z': 1.3}","{'x': 1.2, 'y': 50.2, 'z': 0}",0.031112637370825,0.014191253110766,"{'name': 'Kauê', 'firstName': 'Kauê', 'lastName': '', 'slug': 'kaue', 'shortName': 'Kauê', 'position': 'G', 'jerseyNumber': '51', 'userCount': 1663, 'gender': 'M', 'id': 1382923, 'fieldTranslations': {'nameTranslation': {'ar': 'كاوي'}, 'shortNameTranslation': {'ar': 'كاوي'}}}",6314352,56,,3301,"{'start': {'x': 36.2, 'y': 29.6}, 'block': {'x': 50.2, 'y': 1.2}, 'end': {'x': 49.5, 'y': 0}, 'goal': {'x': 49.5, 'y': 98.7}}",35,2099,601,shot,,13472600,29.6,36.2,71.7398076384374,5.7327783910493295,5146.600000000001,411.26841900766954,13.799999999999997,70.4,,0,0,56,0,0.028062534
"{'name': 'Raniele', 'firstName': '', 'lastName': '', 'slug': 'raniele', 'shortName': 'Raniele', 'position': 'M', 'jerseyNumber': '14', 'userCount': 6199, 'gender': 'M', 'sofascoreId': 'R14niele', 'id': 866392, 'fieldTranslations': {'nameTranslation': {'ar': 'رانيل', 'bn': 'রানিয়েল', 'hi': 'रानीले'}, 'shortNameTranslation': {'ar': 'رانيل', 'bn': 'রানিয়েল', 'hi': 'रानीले'}}}",True,right-foot,low-centre,"{'x': 0, 'y': 50.6, 'z': 1.3}","{'x': 1.2, 'y': 52, 'z': 0}",0.017458017915487,0.01372729614377,"{'name': 'Jandrei', 'firstName': '', 'lastName': '', 'slug': 'jandrei', 'shortName': 'Jandrei', 'position': 'G', 'jerseyNumber': '93', 'userCount': 1017, 'gender': 'M', 'id': 874979, 'fieldTranslations': {'nameTranslation': {'ar': 'جاندري', 'bn': 'জান্দ্রেই', 'hi': 'जन्द्रेई'}, 'shortNameTranslation': {'ar': 'جاندري', 'bn': 'জান্দ্রেই', 'hi': 'जन्द्रेई'}}}",6314339,54,,3181,"{'start': {'x': 76.2, 'y': 13.7}, 'block': {'x': 52, 'y': 1.2}, 'end': {'x': 49.4, 'y': 0}, 'goal': {'x': 49.4, 'y': 98.7}}",37,2219,481,shot,,13472600,13.7,76.2,90.18941179539868,4.448109470694303,8134.129999999999,401.17237676346133,26.200000000000003,86.3,,0,1,54,0,0.027366683
"{'name': 'Gabriel Taliari', 'slug': 'gabriel-taliari', 'shortName': 'G. Taliari', 'position': 'F', 'jerseyNumber': '19', 'userCount': 442, 'gender': 'M', 'id': 933955, 'fieldTranslations': {'nameTranslation': {'ar': 'غابرييل تاليارى'}, 'shortNameTranslation': {'ar': 'غ. تاليارى'}}}",False,left-foot,high,"{'x': 0, 'y': 52.3, 'z': 93.1}",,0.49916246533394,0.0,"{'name': 'Kauê', 'firstName': 'Kauê', 'lastName': '', 'slug': 'kaue', 'shortName': 'Kauê', 'position': 'G', 'jerseyNumber': '51', 'userCount': 1663, 'gender': 'M', 'id': 1382923, 'fieldTranslations': {'nameTranslation': {'ar': 'كاوي'}, 'shortNameTranslation': {'ar': 'كاوي'}}}",6314335,53,,3121,"{'start': {'x': 45.4, 'y': 4.5}, 'end': {'x': 47.7, 'y': 0}, 'goal': {'x': 47.7, 'y': 6.9}}",38,2279,421,shot,,13472600,4.5,45.4,95.61072115615487,4.379392364791092,9141.41,418.7168622234347,4.600000000000001,95.5,,0,0,53,0,0.34993127
"{'name': 'Talles Magno', 'firstName': '', 'lastName': '', 'slug': 'talles-magno', 'shortName': 'T. Magno', 'position': 'F', 'jerseyNumber': '11', 'userCount': 7630, 'gender': 'M', 'sofascoreId': 'TallesMagico', 'id': 985860, 'fieldTranslations': {'nameTranslation': {'ar': 'تالس ماغنو'}, 'shortNameTranslation': {'ar': 'ت. ماغنو'}}}",True,right-foot,close-left,"{'x': 0, 'y': 57, 'z': 6.9}",,0.44637313485146,0.0,"{'name': 'Jandrei', 'firstName': '', 'lastName': '', 'slug': 'jandrei', 'shortName': 'Jandrei', 'position': 'G', 'jerseyNumber': '93', 'userCount': 1017, 'gender': 'M', 'id': 874979, 'fieldTranslations': {'nameTranslation': {'ar': 'جاندري', 'bn': 'জান্দ্রেই', 'hi': 'जन्द्रेई'}, 'shortNameTranslation': {'ar': 'جاندري', 'bn': 'জান্দ্রেই', 'hi': 'जन्द्रेई'}}}",6314310,48,,2850,"{'start': {'x': 44.2, 'y': 11.9}, 'end': {'x': 43, 'y': 0}, 'goal': {'x': 43, 'y': 93.1}}",43,2550,150,shot,,13472600,11.9,44.2,88.29071298839986,4.7373478408384715,7795.25,418.2638185416853,5.799999999999997,88.1,,0,1,48,0,0.19468048
"{'name': 'Talles Magno', 'firstName': '', 'lastName': '', 'slug': 'talles-magno', 'shortName': 'T. Magno', 'position': 'F', 'jerseyNumber': '11', 'userCount': 7630, 'gender': 'M', 'sofascoreId': 'TallesMagico', 'id': 985860, 'fieldTranslations': {'nameTranslation': {'ar': 'تالس ماغنو'}, 'shortNameTranslation': {'ar': 'ت. ماغنو'}}}",True,right-foot,high-centre,"{'x': 0, 'y': 51.1, 'z': 21.5}","{'x': 4.2, 'y': 51.1, 'z': 0}",0.65501588582993,0.69832640886307,"{'name': 'Jandrei', 'firstName': '', 'lastName': '', 'slug': 'jandrei', 'shortName': 'Jandrei', 'position': 'G', 'jerseyNumber': '93', 'userCount': 1017, 'gender': 'M', 'id': 874979, 'fieldTranslations': {'nameTranslation': {'ar': 'جاندري', 'bn': 'জান্দ্রেই', 'hi': 'जन्द्रेई'}, 'shortNameTranslation': {'ar': 'جاندري', 'bn': 'জান্দ্রেই', 'hi': 'जन्द्रेई'}}}",6314219,44,,2605,"{'start': {'x': 51.4, 'y': 7.1}, 'block': {'x': 51.1, 'y': 4.2}, 'end': {'x': 48.9, 'y': 0}, 'goal': {'x': 48.9, 'y': 78.5}}",2,95,2605,shot,,13472600,7.1,51.4,92.9105483785345,4.511231260034353,8632.369999999999,419.14097023217886,1.3999999999999986,92.9,,0,1,44,0,0.21184379
"{'name': 'Marcelo Hermes', 'slug': 'marcelo-hermes', 'shortName': 'M. Hermes', 'position': 'D', 'jerseyNumber': '22', 'userCount': 288, 'gender': 'M', 'id': 783490, 'fieldTranslations': {'nameTranslation': {'ar': 'مارسيلو هيرميس'}, 'shortNameTranslation': {'ar': 'م. هيرميس'}}}",False,left-foot,high-right,"{'x': 0, 'y': 40, 'z': 72.2}",,0.017893388867378,0.0,"{'name': 'Kauê', 'firstName': 'Kauê', 'lastName': '', 'slug': 'kaue', 'shortName': 'Kauê', 'position': 'G', 'jerseyNumber': '51', 'userCount': 1663, 'gender': 'M', 'id': 1382923, 'fieldTranslations': {'nameTranslation': {'ar': 'كاوي'}, 'shortNameTranslation': {'ar': 'كاوي'}}}",6314135,35,,2072,"{'start': {'x': 49.9, 'y': 19.6}, 'end': {'x': 60, 'y': 0}, 'goal': {'x': 60, 'y': 27.8}}",11,628,2072,shot,,13472600,19.6,49.9,80.40006218903068,5.212874505251404,6464.17,419.1154344058254,0.10000000000000142,80.4,,0,0,35,0,0.089912504
"{'name': 'Luis Mandaca', 'firstName': 'Luis Mandaca', 'slug': 'luis-mandaca', 'shortName': 'L. Mandaca', 'position': 'M', 'jerseyNumber': '44', 'userCount': 391, 'gender': 'M', 'id': 1116677, 'fieldTranslations': {'nameTranslation': {'ar': 'لويس ماندكا'}, 'shortNameTranslation': {'ar': 'ل. ماندكا'}}}",False,head,right,"{'x': 0, 'y': 37.5, 'z': 4.2}","{'x': 5.4, 'y': 62.5, 'z': 0}",0.013066061772406,0.0,"{'name': 'Kauê', 'firstName': 'Kauê', 'lastName': '', 'slug': 'kaue', 'shortName': 'Kauê', 'position': 'G', 'jerseyNumber': '51', 'userCount': 1663, 'gender': 'M', 'id': 1382923, 'fieldTranslations': {'nameTranslation': {'ar': 'كاوي'}, 'shortNameTranslation': {'ar': 'كاوي'}}}",6314158,34,,2037,"{'start': {'x': 68.2, 'y': 6}, 'block': {'x': 62.5, 'y': 5.4}, 'end': {'x': 62.5, 'y': 0}, 'goal': {'x': 62.5, 'y': 95.8}}",12,663,2037,shot,,13472600,6.0,68.2,95.74570486450031,4.298748859698953,9167.239999999998,411.5867396073432,18.200000000000003,94.0,,0,0,34,0,0.033767935
"{'name': 'Igor Formiga', 'firstName': '', 'lastName': '', 'slug': 'igor-formiga', 'shortName': 'Igor Formiga', 'position': 'D', 'jerseyNumber': '32', 'userCount': 273, 'gender': 'M', 'id': 1009030, 'fieldTranslations': {'nameTranslation': {'ar': 'إيغور فورميغا'}, 'shortNameTranslation': {'ar': 'إ. فورميغا'}}}",False,right-foot,high-right,"{'x': 0, 'y': 46.1, 'z': 32.9}","{'x': 1, 'y': 48, 'z': 0}",0.036515880376101,0.43904170393944,"{'name': 'Kauê', 'firstName': 'Kauê', 'lastName': '', 'slug': 'kaue', 'shortName': 'Kauê', 'position': 'G', 'jerseyNumber': '51', 'userCount': 1663, 'gender': 'M', 'id': 1382923, 'fieldTranslations': {'nameTranslation': {'ar': 'كاوي'}, 'shortNameTranslation': {'ar': 'كاوي'}}}",6314082,32,,1867,"{'start': {'x': 14.9, 'y': 18.4}, 'block': {'x': 48, 'y': 1}, 'end': {'x': 53.9, 'y': 0}, 'goal': {'x': 53.9, 'y': 67.1}}",14,833,1867,shot,,13472600,18.4,14.9,88.82888043874019,4.3363376611585265,7890.569999999999,385.192019645057,35.1,81.6,,0,0,32,0,0.009367799
"{'name': 'José Martínez', 'slug': 'jose-martinez', 'shortName': 'J. Martínez', 'position': 'M', 'jerseyNumber': '70', 'userCount': 7380, 'gender': 'M', 'sofascoreId': 'elBrujo', 'id': 979325, 'fieldTranslations': {'nameTranslation': {'ar': 'خوسيه مارتينيز', 'bn': 'হোসে মার্টিনেজ', 'hi': 'जोस मार्टिनेज'}, 'shortNameTranslation': {'ar': 'خ. مارتينيز', 'bn': 'জে. মার্টিনেজ', 'hi': 'जे. मार्टिनेज'}}}",True,right-foot,high-left,"{'x': 0, 'y': 53.7, 'z': 20.9}",,0.1319671869278,0.54341161251068,"{'name': 'Jandrei', 'firstName': '', 'lastName': '', 'slug': 'jandrei', 'shortName': 'Jandrei', 'position': 'G', 'jerseyNumber': '93', 'userCount': 1017, 'gender': 'M', 'id': 874979, 'fieldTranslations': {'nameTranslation': {'ar': 'جاندري', 'bn': 'জান্দ্রেই', 'hi': 'जन्द्रेई'}, 'shortNameTranslation': {'ar': 'جاندري', 'bn': 'জান্দ্রেই', 'hi': 'जन्द्रेई'}}}",6314042,23,,1367,"{'start': {'x': 45.8, 'y': 18.7}, 'end': {'x': 46.3, 'y': 0}, 'goal': {'x': 46.3, 'y': 79.1}}",23,1333,1367,shot,regular,13472600,18.7,45.8,81.40841479847154,5.141577857608261,6627.33,418.5677029508099,4.200000000000003,81.3,,0,1,23,1,0.11721525
"{'name': 'Ángel Romero', 'slug': 'angel-romero', 'shortName': 'Á. Romero', 'position': 'F', 'jerseyNumber': '29', 'userCount': 10588, 'gender': 'M', 'sofascoreId': 'ÁRomero', 'id': 1197041, 'fieldTranslations': {'nameTranslation': {'ar': 'أنخيل روميرو', 'bn': 'অ্যাঞ্জেল রোমেরো', 'hi': 'एंजेल रोमेरो'}, 'shortNameTranslation': {'ar': 'أ. روميرو', 'bn': 'অ্যাঞ্জেল রোমেরো', 'hi': 'एंजेल रोमेरो'}}}",True,left-foot,high,"{'x': 0, 'y': 53.4, 'z': 86.1}",,0.087763674557209,0.0,"{'name': 'Jandrei', 'firstName': '', 'lastName': '', 'slug': 'jandrei', 'shortName': 'Jandrei', 'position': 'G', 'jerseyNumber': '93', 'userCount': 1017, 'gender': 'M', 'id': 874979, 'fieldTranslations': {'nameTranslation': {'ar': 'جاندري', 'bn': 'জান্দ্রেই', 'hi': 'जन्द्रेई'}, 'shortNameTranslation': {'ar': 'جاندري', 'bn': 'জান্দ্রেই', 'hi': 'जन्द्रेई'}}}",6314007,19,,1117,"{'start': {'x': 48.8, 'y': 18.5}, 'end': {'x': 46.6, 'y': 0}, 'goal': {'x': 46.6, 'y': 13.9}}",27,1583,1117,shot,,13472600,18.5,48.8,81.50883387707125,5.141508780005466,6643.689999999999,419.0783850269689,1.2000000000000028,81.5,,0,1,19,0,0.10146326
"{'name': 'Talles Magno', 'firstName': '', 'lastName': '', 'slug': 'talles-magno', 'shortName': 'T. Magno', 'position': 'F', 'jerseyNumber': '11', 'userCount': 7630, 'gender': 'M', 'sofascoreId': 'TallesMagico', 'id': 985860, 'fieldTranslations': {'nameTranslation': {'ar': 'تالس ماغنو'}, 'shortNameTranslation': {'ar': 'ت. ماغنو'}}}",True,right-foot,low-right,"{'x': 0, 'y': 47.2, 'z': 19}","{'x': 7.6, 'y': 60.7, 'z': 0}",0.14644148945808,0.0,"{'name': 'Jandrei', 'firstName': '', 'lastName': '', 'slug': 'jandrei', 'shortName': 'Jandrei', 'position': 'G', 'jerseyNumber': '93', 'userCount': 1017, 'gender': 'M', 'id': 874979, 'fieldTranslations': {'nameTranslation': {'ar': 'جاندري', 'bn': 'জান্দ্রেই', 'hi': 'जन्द्रेई'}, 'shortNameTranslation': {'ar': 'جاندري', 'bn': 'জান্দ্রেই', 'hi': 'जन्द्रेई'}}}",6314006,19,,1116,"{'start': {'x': 62.6, 'y': 9.5}, 'block': {'x': 60.7, 'y': 7.6}, 'end': {'x': 52.8, 'y': 0}, 'goal': {'x': 52.8, 'y': 81}}",27,1584,1116,shot,,13472600,9.5,62.6,91.37291721292475,4.543942535616676,8349.01,415.1932851271899,12.600000000000001,90.5,,0,1,19,0,0.28811237
"{'name': 'Gabriel Taliari', 'slug': 'gabriel-taliari', 'shortName': 'G. Taliari', 'position': 'F', 'jerseyNumber': '19', 'userCount': 442, 'gender': 'M', 'id': 933955, 'fieldTranslations': {'nameTranslation': {'ar': 'غابرييل تاليارى'}, 'shortNameTranslation': {'ar': 'غ. تاليارى'}}}",False,right-foot,low-centre,"{'x': 0, 'y': 50, 'z': 19}","{'x': 5.4, 'y': 52.3, 'z': 0}",0.39253133535385,0.0,"{'name': 'Kauê', 'firstName': 'Kauê', 'lastName': '', 'slug': 'kaue', 'shortName': 'Kauê', 'position': 'G', 'jerseyNumber': '51', 'userCount': 1663, 'gender': 'M', 'id': 1382923, 'fieldTranslations': {'nameTranslation': {'ar': 'كاوي'}, 'shortNameTranslation': {'ar': 'كاوي'}}}",6313914,7,,407,"{'start': {'x': 53, 'y': 6.9}, 'block': {'x': 52.3, 'y': 5.4}, 'end': {'x': 50, 'y': 0}, 'goal': {'x': 50, 'y': 81}}",39,2293,407,shot,,13472600,6.9,53.0,93.14832258285706,4.497911366901182,8676.609999999999,418.9728989532108,3.0,93.1,,0,0,7,0,0.14576033
"{'name': 'Matheus Henrique', 'slug': 'matheus-henrique', 'shortName': 'M. Henrique', 'position': 'M', 'jerseyNumber': '8', 'userCount': 2968, 'gender': 'M', 'id': 912786, 'fieldTranslations': {'nameTranslation': {'ar': 'ماثيوس هنريك', 'bn': 'ম্যাথিউস হেনরিক', 'hi': 'मैथियस हेनरिक'}, 'shortNameTranslation': {'ar': 'ماثيوس هنريك', 'bn': 'ম্যাথিউস হেনরিক', 'hi': 'मैथियस हेनरिक'}}}",False,right-foot,high-right,"{'x': 0, 'y': 47.6, 'z': 30.4}","{'x': 1.6, 'y': 50.5, 'z': 0}",0.029793722555041,0.13697761297226,"{'name': 'Gabriel Brazão', 'firstName': '', 'lastName': '', 'slug': 'gabriel-brazao', 'shortName': 'G. Brazão', 'position': 'G', 'jerseyNumber': '77', 'userCount': 3103, 'gender': 'M', 'id': 905448, 'fieldTranslations': {'nameTranslation': {'ar': 'غابرييل برازاو', 'bn': 'গ্যাব্রিয়েল ব্রাজাও', 'hi': 'गेब्रियल ब्राज़ाओ'}, 'shortNameTranslation': {'ar': 'غ. برازاو', 'bn': 'জি. ব্রাজাও', 'hi': 'जी. ब्राज़ाओ'}}}",6314543,90,,5358,"{'start': {'x': 55, 'y': 21.6}, 'block': {'x': 50.5, 'y': 1.6}, 'end': {'x': 52.4, 'y': 0}, 'goal': {'x': 52.4, 'y': 69.6}}",1,42,2658,shot,,13472633,21.6,55.0,78.55927698241629,5.324097175170909,6171.560000000002,418.2572246655516,5.0,78.4,,0,0,90,0,0.016293358
"{'name': 'Benjamín Rollheiser', 'slug': 'benjamin-rollheiser', 'shortName': 'B. Rollheiser', 'position': 'M', 'jerseyNumber': '32', 'userCount': 4264, 'gender': 'M', 'id': 922454, 'fieldTranslations': {'nameTranslation': {'ar': 'بنجامين رولهايسر', 'bn': 'বেঞ্জামিন রোলহাইজার', 'hi': 'बेंजामिन रोलहेसर'}, 'shortNameTranslation': {'ar': 'ب. رولهايسر', 'bn': 'বি. রোলহাইজার', 'hi': 'बी. रोलहेसर'}}}",True,right-foot,low-centre,"{'x': 0, 'y': 50, 'z': 9.5}","{'x': 1.4, 'y': 49.8, 'z': 0}",0.099839627742767,0.035655301064253,"{'name': 'Léo Aragão', 'firstName': 'Leonardo', 'slug': 'leo-aragao', 'shortName': 'L. Aragão', 'position': 'G', 'jerseyNumber': '41', 'userCount': 772, 'gender': 'M', 'id': 1488035, 'fieldTranslations': {'nameTranslation': {'ar': 'ليو أراجاو'}, 'shortNameTranslation': {'ar': 'ل. أراجاو'}}}",6314539,88,,5247,"{'start': {'x': 45.4, 'y': 14.1}, 'block': {'x': 49.8, 'y': 1.4}, 'end': {'x': 50, 'y': 0}, 'goal': {'x': 50, 'y': 90.5}}",3,153,2547,shot,,13472633,14.1,45.4,86.02307829879143,4.865618525211837,7399.970000000001,418.55548336634797,4.600000000000001,85.9,,0,1,88,0,0.07063345
"{'name': 'Kaique Kenji', 'slug': 'kenji', 'shortName': 'K. Kenji', 'position': 'M', 'jerseyNumber': '70', 'userCount': 1285, 'gender': 'M', 'id': 1647579, 'fieldTranslations': {'nameTranslation': {'ar': 'كايك كينجي'}, 'shortNameTranslation': {'ar': 'ك. كينجي'}}}",False,right-foot,low-centre,"{'x': 0, 'y': 50.2, 'z': 19}","{'x': 11, 'y': 45.1, 'z': 0}",0.086105071008205,0.0,"{'name': 'Gabriel Brazão', 'firstName': '', 'lastName': '', 'slug': 'gabriel-brazao', 'shortName': 'G. Brazão', 'position': 'G', 'jerseyNumber': '77', 'userCount': 3103, 'gender': 'M', 'id': 905448, 'fieldTranslations': {'nameTranslation': {'ar': 'غابرييل برازاو', 'bn': 'গ্যাব্রিয়েল ব্রাজাও', 'hi': 'गेब्रियल ब्राज़ाओ'}, 'shortNameTranslation': {'ar': 'غ. برازاو', 'bn': 'জি. ব্রাজাও', 'hi': 'जी. ब्राज़ाओ'}}}",6314533,87,,5172,"{'start': {'x': 40.3, 'y': 22.2}, 'block': {'x': 45.1, 'y': 11}, 'end': {'x': 49.8, 'y': 0}, 'goal': {'x': 49.8, 'y': 81}}",4,228,2472,shot,,13472633,22.2,40.3,78.40235965836742,5.304679129540518,6146.9299999999985,415.8993609864711,9.700000000000003,77.8,,0,0,87,0,0.013311099
"{'name': 'Matheus Henrique', 'slug': 'matheus-henrique', 'shortName': 'M. Henrique', 'position': 'M', 'jerseyNumber': '8', 'userCount': 2968, 'gender': 'M', 'id': 912786, 'fieldTranslations': {'nameTranslation': {'ar': 'ماثيوس هنريك', 'bn': 'ম্যাথিউস হেনরিক', 'hi': 'मैथियस हेनरिक'}, 'shortNameTranslation': {'ar': 'ماثيوس هنريك', 'bn': 'ম্যাথিউস হেনরিক', 'hi': 'मैथियस हेनरिक'}}}",False,right-foot,high-left,"{'x': 0, 'y': 58.8, 'z': 76.4}",,0.041323821991682,0.0,"{'name': 'Gabriel Brazão', 'firstName': '', 'lastName': '', 'slug': 'gabriel-brazao', 'shortName': 'G. Brazão', 'position': 'G', 'jerseyNumber': '77', 'userCount': 3103, 'gender': 'M', 'id': 905448, 'fieldTranslations': {'nameTranslation': {'ar': 'غابرييل برازاو', 'bn': 'গ্যাব্রিয়েল ব্রাজাও', 'hi': 'गेब्रियल ब्राज़ाओ'}, 'shortNameTranslation': {'ar': 'غ. برازاو', 'bn': 'জি. ব্রাজাও', 'hi': 'जी. ब्राज़ाओ'}}}",6314491,81,,4817,"{'start': {'x': 57.9, 'y': 22.4}, 'end': {'x': 41.2, 'y': 0}, 'goal': {'x': 41.2, 'y': 23.6}}",10,583,2117,shot,,13472633,22.4,57.9,78.0010897359774,5.345504551196736,6084.169999999999,416.95518018197225,7.899999999999999,77.6,,0,0,81,0,0.012677424
"{'name': 'Kaique Kenji', 'slug': 'kenji', 'shortName': 'K. Kenji', 'position': 'M', 'jerseyNumber': '70', 'userCount': 1285, 'gender': 'M', 'id': 1647579, 'fieldTranslations': {'nameTranslation': {'ar': 'كايك كينجي'}, 'shortNameTranslation': {'ar': 'ك. كينجي'}}}",False,right-foot,low-right,"{'x': 0, 'y': 48.1, 'z': 1.9}","{'x': 0.59999999999999, 'y': 48.2, 'z': 0}",0.028512086719275,0.048440277576447,"{'name': 'Gabriel Brazão', 'firstName': '', 'lastName': '', 'slug': 'gabriel-brazao', 'shortName': 'G. Brazão', 'position': 'G', 'jerseyNumber': '77', 'userCount': 3103, 'gender': 'M', 'id': 905448, 'fieldTranslations': {'nameTranslation': {'ar': 'غابرييل برازاو', 'bn': 'গ্যাব্রিয়েল ব্রাজাও', 'hi': 'गेब्रियल ब्राज़ाओ'}, 'shortNameTranslation': {'ar': 'غ. برازاو', 'bn': 'জি. ব্রাজাও', 'hi': 'जी. ब्राज़ाओ'}}}",6314457,74,,4435,"{'start': {'x': 27.8, 'y': 14.4}, 'block': {'x': 48.2, 'y': 0.59999999999999}, 'end': {'x': 51.9, 'y': 0}, 'goal': {'x': 51.9, 'y': 98.1}}",17,965,1735,shot,,13472633,14.4,27.8,88.43189469868888,4.588853499260466,7820.199999999998,405.80100943431154,22.2,85.6,,0,0,74,0,0.0068667103
"{'name': 'Neymar', 'slug': 'neymar', 'shortName': 'Neymar', 'position': 'F', 'jerseyNumber': '10', 'userCount': 1013524, 'gender': 'M', 'sofascoreId': 'Neymar', 'id': 124712, 'fieldTranslations': {'nameTranslation': {'ar': 'نيمار', 'bn': 'নেইমার', 'hi': 'नेमार'}, 'shortNameTranslation': {'ar': 'نيمار', 'bn': 'নেইমার', 'hi': 'नेमार'}}}",True,right-foot,low-centre,"{'x': 0, 'y': 50.2, 'z': 19}","{'x': 8.8, 'y': 44.4, 'z': 0}",0.14786513149738,0.0,"{'name': 'Léo Aragão', 'firstName': 'Leonardo', 'slug': 'leo-aragao', 'shortName': 'L. Aragão', 'position': 'G', 'jerseyNumber': '41', 'userCount': 772, 'gender': 'M', 'id': 1488035, 'fieldTranslations': {'nameTranslation': {'ar': 'ليو أراجاو'}, 'shortNameTranslation': {'ar': 'ل. أراجاو'}}}",6314448,72,,4315,"{'start': {'x': 42.4, 'y': 12}, 'block': {'x': 44.4, 'y': 8.8}, 'end': {'x': 49.8, 'y': 0}, 'goal': {'x': 49.8, 'y': 81}}",19,1085,1615,shot,,13472633,12.0,42.4,88.32757213916841,4.728057676587761,7801.759999999999,417.6178555069544,7.600000000000001,88.0,,0,1,72,0,0.09338517
"{'name': 'Guilherme', 'slug': 'guilherme', 'shortName': 'Guilherme', 'position': 'M', 'jerseyNumber': '20', 'userCount': 3597, 'gender': 'M', 'id': 844605, 'fieldTranslations': {'nameTranslation': {'ar': 'غيليرمي أوغوستو', 'bn': 'গুইলহার্ম অগোস্তু', 'hi': 'गिल्हर्मे ऑगस्टो'}, 'shortNameTranslation': {'ar': 'غ. أوغوستو', 'bn': 'উইলিয়াম অগোস্তু', 'hi': 'गिल्हर्मे ऑगस्टो'}}}",True,right-foot,low-left,"{'x': 0, 'y': 52, 'z': 19}","{'x': 7.9, 'y': 35, 'z': 0}",0.027531415224075,0.0,"{'name': 'Léo Aragão', 'firstName': 'Leonardo', 'slug': 'leo-aragao', 'shortName': 'L. Aragão', 'position': 'G', 'jerseyNumber': '41', 'userCount': 772, 'gender': 'M', 'id': 1488035, 'fieldTranslations': {'nameTranslation': {'ar': 'ليو أراجاو'}, 'shortNameTranslation': {'ar': 'ل. أراجاو'}}}",6314446,71,,4235,"{'start': {'x': 31.5, 'y': 10}, 'block': {'x': 35, 'y': 7.9}, 'end': {'x': 48, 'y': 0}, 'goal': {'x': 48, 'y': 81}}",20,1165,1535,shot,,13472633,10.0,31.5,91.88171744150193,4.469157243119414,8442.25,410.6338430139398,18.5,90.0,,0,1,71,0,0.021561282
"{'name': 'Neymar', 'slug': 'neymar', 'shortName': 'Neymar', 'position': 'F', 'jerseyNumber': '10', 'userCount': 1013524, 'gender': 'M', 'sofascoreId': 'Neymar', 'id': 124712, 'fieldTranslations': {'nameTranslation': {'ar': 'نيمار', 'bn': 'নেইমার', 'hi': 'नेमार'}, 'shortNameTranslation': {'ar': 'نيمار', 'bn': 'নেইমার', 'hi': 'नेमार'}}}",True,right-foot,close-high-right,"{'x': 0, 'y': 42, 'z': 52.8}",,0.022443596273661,0.0,"{'name': 'Léo Aragão', 'firstName': 'Leonardo', 'slug': 'leo-aragao', 'shortName': 'L. Aragão', 'position': 'G', 'jerseyNumber': '41', 'userCount': 772, 'gender': 'M', 'id': 1488035, 'fieldTranslations': {'nameTranslation': {'ar': 'ليو أراجاو'}, 'shortNameTranslation': {'ar': 'ل. أراجاو'}}}",6314425,66,,3915,"{'start': {'x': 34, 'y': 18.6}, 'end': {'x': 58, 'y': 0}, 'goal': {'x': 58, 'y': 47.2}}",25,1485,1215,shot,,13472633,18.6,34.0,82.95757952110223,4.957996813703468,6881.960000000001,411.3034149381769,16.0,81.4,,0,1,66,0,0.025992217
"{'name': 'João Schmidt', 'slug': 'joao-schmidt', 'shortName': 'J. Schmidt', 'position': 'M', 'jerseyNumber': '5', 'userCount': 1086, 'gender': 'M', 'id': 244591, 'fieldTranslations': {'nameTranslation': {'ar': 'جواو شميت'}, 'shortNameTranslation': {'ar': 'ج. شميت'}}}",True,head,low-right,"{'x': 0, 'y': 46.9, 'z': 11.4}",,0.16380807757378,0.67313861846924,"{'name': 'Léo Aragão', 'firstName': 'Leonardo', 'slug': 'leo-aragao', 'shortName': 'L. Aragão', 'position': 'G', 'jerseyNumber': '41', 'userCount': 772, 'gender': 'M', 'id': 1488035, 'fieldTranslations': {'nameTranslation': {'ar': 'ليو أراجاو'}, 'shortNameTranslation': {'ar': 'ل. أراجاو'}}}",6314404,60,,3598,"{'start': {'x': 45.8, 'y': 4.6}, 'end': {'x': 53.1, 'y': 0}, 'goal': {'x': 53.1, 'y': 88.6}}",31,1802,898,shot,regular,13472633,4.6,45.8,95.49240807519728,4.385645400140468,9118.800000000001,418.7958402233254,4.200000000000003,95.4,,0,1,60,1,0.43217552
"{'name': 'Thaciano', 'slug': 'thaciano', 'shortName': 'Thaciano', 'position': 'M', 'jerseyNumber': '16', 'userCount': 1810, 'gender': 'M', 'id': 872039, 'fieldTranslations': {'nameTranslation': {'ar': 'ثاسيانو'}, 'shortNameTranslation': {'ar': 'ثاسيانو'}}}",True,right-foot,low-left,"{'x': 0, 'y': 52.4, 'z': 6.9}","{'x': 11, 'y': 49.6, 'z': 0}",0.088432312011719,0.0,"{'name': 'Léo Aragão', 'firstName': 'Leonardo', 'slug': 'leo-aragao', 'shortName': 'L. Aragão', 'position': 'G', 'jerseyNumber': '41', 'userCount': 772, 'gender': 'M', 'id': 1488035, 'fieldTranslations': {'nameTranslation': {'ar': 'ليو أراجاو'}, 'shortNameTranslation': {'ar': 'ل. أراجاو'}}}",6314378,59,,3535,"{'start': {'x': 49.7, 'y': 14.2}, 'block': {'x': 49.6, 'y': 11}, 'end': {'x': 47.6, 'y': 0}, 'goal': {'x': 47.6, 'y': 93.1}}",32,1865,835,shot,,13472633,14.2,49.7,85.80052447392148,4.885150170441062,7361.73,419.14844675771,0.29999999999999716,85.8,,0,1,59,0,0.16646913
"{'name': 'Thaciano', 'slug': 'thaciano', 'shortName': 'Thaciano', 'position': 'M', 'jerseyNumber': '16', 'userCount': 1810, 'gender': 'M', 'id': 872039, 'fieldTranslations': {'nameTranslation': {'ar': 'ثاسيانو'}, 'shortNameTranslation': {'ar': 'ثاسيانو'}}}",True,head,low-centre,"{'x': 0, 'y': 49.6, 'z': 16.5}","{'x': 0, 'y': 49.1, 'z': 0}",0.22349604964256,0.17972974479198,"{'name': 'Léo Aragão', 'firstName': 'Leonardo', 'slug': 'leo-aragao', 'shortName': 'L. Aragão', 'position': 'G', 'jerseyNumber': '41', 'userCount': 772, 'gender': 'M', 'id': 1488035, 'fieldTranslations': {'nameTranslation': {'ar': 'ليو أراجاو'}, 'shortNameTranslation': {'ar': 'ل. أراجاو'}}}",6314362,57,,3375,"{'start': {'x': 57.3, 'y': 3.6}, 'block': {'x': 49.1, 'y': 0}, 'end': {'x': 50.4, 'y': 0}, 'goal': {'x': 50.4, 'y': 83.5}}",34,2025,675,shot,,13472633,3.6,57.3,96.67600529604023,4.32385099450833,9346.249999999998,418.0126416443761,7.299999999999997,96.4,,0,1,57,0,0.24557267
"{'name': 'Neymar', 'slug': 'neymar', 'shortName': 'Neymar', 'position': 'F', 'jerseyNumber': '10', 'userCount': 1013524, 'gender': 'M', 'sofascoreId': 'Neymar', 'id': 124712, 'fieldTranslations': {'nameTranslation': {'ar': 'نيمار', 'bn': 'নেইমার', 'hi': 'नेमार'}, 'shortNameTranslation': {'ar': 'نيمار', 'bn': 'নেইমার', 'hi': 'नेमार'}}}",True,left-foot,low-right,"{'x': 0, 'y': 47.6, 'z': 19}","{'x': 7.6, 'y': 37.5, 'z': 0}",0.093885712325573,0.0,"{'name': 'Léo Aragão', 'firstName': 'Leonardo', 'slug': 'leo-aragao', 'shortName': 'L. Aragão', 'position': 'G', 'jerseyNumber': '41', 'userCount': 772, 'gender': 'M', 'id': 1488035, 'fieldTranslations': {'nameTranslation': {'ar': 'ليو أراجاو'}, 'shortNameTranslation': {'ar': 'ل. أراجاو'}}}",6314345,54,,3215,"{'start': {'x': 35.6, 'y': 8.6}, 'block': {'x': 37.5, 'y': 7.6}, 'end': {'x': 52.4, 'y': 0}, 'goal': {'x': 52.4, 'y': 81}}",37,2185,515,shot,,13472633,8.6,35.6,92.52740134684429,4.475429495771618,8561.320000000002,414.0998611547654,14.399999999999999,91.4,,0,1,54,0,0.12154167
"{'name': 'Guilherme', 'slug': 'guilherme', 'shortName': 'Guilherme', 'position': 'M', 'jerseyNumber': '20', 'userCount': 3597, 'gender': 'M', 'id': 844605, 'fieldTranslations': {'nameTranslation': {'ar': 'غيليرمي أوغوستو', 'bn': 'গুইলহার্ম অগোস্তু', 'hi': 'गिल्हर्मे ऑगस्टो'}, 'shortNameTranslation': {'ar': 'غ. أوغوستو', 'bn': 'উইলিয়াম অগোস্তু', 'hi': 'गिल्हर्मे ऑगस्टो'}}}",True,right-foot,low-centre,"{'x': 0, 'y': 50.4, 'z': 3.8}","{'x': 5, 'y': 42.1, 'z': 0}",0.16512361168861,0.13747251033783,"{'name': 'Léo Aragão', 'firstName': 'Leonardo', 'slug': 'leo-aragao', 'shortName': 'L. Aragão', 'position': 'G', 'jerseyNumber': '41', 'userCount': 772, 'gender': 'M', 'id': 1488035, 'fieldTranslations': {'nameTranslation': {'ar': 'ليو أراجاو'}, 'shortNameTranslation': {'ar': 'ل. أراجاو'}}}",6314236,45,2.0,2806,"{'start': {'x': 33.6, 'y': 10.5}, 'block': {'x': 42.1, 'y': 5}, 'end': {'x': 49.6, 'y': 0}, 'goal': {'x': 49.6, 'y': 96.2}}",1,2594,106,shot,,13472633,10.5,33.6,90.9901643036213,4.531731337203137,8279.21,412.3429789519829,16.4,89.5,,0,1,45,0,0.08214113
"{'name': 'Rayan Lelis', 'firstName': 'Rayan', 'lastName': 'Lelis', 'slug': 'rayan-passaglia-lelis', 'shortName': 'R. Lelis', 'position': 'M', 'jerseyNumber': '57', 'userCount': 317, 'gender': 'M', 'id': 1831101, 'fieldTranslations': {'nameTranslation': {'ar': 'رايان باسيليا ليليس'}, 'shortNameTranslation': {'ar': 'ر. ليليس'}}}",False,right-foot,high,"{'x': 0, 'y': 51.8, 'z': 80.6}",,0.016770914196968,0.0,"{'name': 'Gabriel Brazão', 'firstName': '', 'lastName': '', 'slug': 'gabriel-brazao', 'shortName': 'G. Brazão', 'position': 'G', 'jerseyNumber': '77', 'userCount': 3103, 'gender': 'M', 'id': 905448, 'fieldTranslations': {'nameTranslation': {'ar': 'غابرييل برازاو', 'bn': 'গ্যাব্রিয়েল ব্রাজাও', 'hi': 'गेब्रियल ब्राज़ाओ'}, 'shortNameTranslation': {'ar': 'غ. برازاو', 'bn': 'জি. ব্রাজাও', 'hi': 'जी. ब्राज़ाओ'}}}",6314231,45,2.0,2760,"{'start': {'x': 30.1, 'y': 23.9}, 'end': {'x': 48.2, 'y': 0}, 'goal': {'x': 48.2, 'y': 19.4}}",1,2640,60,shot,,13472633,23.9,30.1,78.65888379579258,5.155724351669655,6187.22,405.5435226611214,19.9,76.1,,0,0,45,0,0.018844778
"{'name': 'Souza', 'firstName': 'Souza', 'lastName': '', 'slug': 'souza', 'shortName': 'Souza', 'position': 'D', 'jerseyNumber': '38', 'userCount': 2933, 'gender': 'M', 'id': 1482340, 'fieldTranslations': {'nameTranslation': {'ar': 'سوزا'}, 'shortNameTranslation': {'ar': 'سوزا'}}}",True,left-foot,right,"{'x': 0, 'y': 12.4, 'z': 4.2}",,0.061715982854366,0.0,"{'name': 'Léo Aragão', 'firstName': 'Leonardo', 'slug': 'leo-aragao', 'shortName': 'L. Aragão', 'position': 'G', 'jerseyNumber': '41', 'userCount': 772, 'gender': 'M', 'id': 1488035, 'fieldTranslations': {'nameTranslation': {'ar': 'ليو أراجاو'}, 'shortNameTranslation': {'ar': 'ل. أراجاو'}}}",6314232,45,,2657,"{'start': {'x': 29.1, 'y': 9.7}, 'end': {'x': 87.6, 'y': 0}, 'goal': {'x': 87.6, 'y': 95.8}}",1,43,2657,shot,,13472633,9.7,29.1,92.68710805716186,4.406593957189769,8590.9,408.43445027408467,20.9,90.3,,0,1,45,0,0.04567594
"{'name': 'Álvaro Barreal', 'slug': 'alvaro-barreal', 'shortName': 'Á. Barreal', 'position': 'M', 'jerseyNumber': '22', 'userCount': 2824, 'gender': 'M', 'id': 949687, 'fieldTranslations': {'nameTranslation': {'ar': 'ألفارو باريال', 'bn': 'আলভারো ব্যারিয়াল', 'hi': 'अल्वारो बरियल'}, 'shortNameTranslation': {'ar': 'أ. باريال', 'bn': 'এ. ব্যারিয়াল', 'hi': 'आ. बरियल'}}}",True,left-foot,right,"{'x': 0, 'y': 8.1, 'z': 4.2}",,0.010266596451402,0.0,"{'name': 'Léo Aragão', 'firstName': 'Leonardo', 'slug': 'leo-aragao', 'shortName': 'L. Aragão', 'position': 'G', 'jerseyNumber': '41', 'userCount': 772, 'gender': 'M', 'id': 1488035, 'fieldTranslations': {'nameTranslation': {'ar': 'ليو أراجاو'}, 'shortNameTranslation': {'ar': 'ل. أراجاو'}}}",6314170,40,,2345,"{'start': {'x': 36.9, 'y': 23.5}, 'end': {'x': 91.9, 'y': 0}, 'goal': {'x': 91.9, 'y': 95.8}}",6,355,2345,shot,,13472633,23.5,36.9,77.61352974836282,5.322739789640329,6023.860000000001,413.1166230060441,13.100000000000001,76.5,,0,1,40,0,0.031274278
"{'name': 'Guilherme', 'slug': 'guilherme', 'shortName': 'Guilherme', 'position': 'M', 'jerseyNumber': '20', 'userCount': 3597, 'gender': 'M', 'id': 844605, 'fieldTranslations': {'nameTranslation': {'ar': 'غيليرمي أوغوستو', 'bn': 'গুইলহার্ম অগোস্তু', 'hi': 'गिल्हर्मे ऑगस्टो'}, 'shortNameTranslation': {'ar': 'غ. أوغوستو', 'bn': 'উইলিয়াম অগোস্তু', 'hi': 'गिल्हर्मे ऑगस्टो'}}}",True,right-foot,low-centre,"{'x': 0, 'y': 50, 'z': 8.2}","{'x': 1.5, 'y': 48, 'z': 0}",0.036647953093052,0.023917810991406,"{'name': 'Léo Aragão', 'firstName': 'Leonardo', 'slug': 'leo-aragao', 'shortName': 'L. Aragão', 'position': 'G', 'jerseyNumber': '41', 'userCount': 772, 'gender': 'M', 'id': 1488035, 'fieldTranslations': {'nameTranslation': {'ar': 'ليو أراجاو'}, 'shortNameTranslation': {'ar': 'ل. أراجاو'}}}",6314163,39,,2305,"{'start': {'x': 33.3, 'y': 10.2}, 'block': {'x': 48, 'y': 1.5}, 'end': {'x': 50, 'y': 0}, 'goal': {'x': 50, 'y': 91.8}}",7,395,2305,shot,,13472633,10.2,33.3,91.33964090141804,4.512219147141927,8342.929999999998,412.14447656844635,16.700000000000003,89.8,,0,1,39,0,0.08337943
"{'name': 'Gabriel Barbosa', 'slug': 'gabriel-barbosa', 'shortName': 'G. Barbosa', 'position': 'F', 'jerseyNumber': '9', 'userCount': 37025, 'gender': 'M', 'sofascoreId': 'Gabigol', 'id': 358554, 'fieldTranslations': {'nameTranslation': {'ar': 'غابرييل باربوسا', 'bn': 'গ্যাব্রিয়েল বারবোসা', 'hi': 'गेब्रियल बारबोसा'}, 'shortNameTranslation': {'ar': 'غ. باربوسا', 'bn': 'জি. বারবোসা', 'hi': 'जी. बारबोसा'}}}",False,left-foot,low-centre,"{'x': 0, 'y': 51, 'z': 19}","{'x': 1.4, 'y': 51.3, 'z': 0}",0.037370305508375,0.030421067029238,"{'name': 'Gabriel Brazão', 'firstName': '', 'lastName': '', 'slug': 'gabriel-brazao', 'shortName': 'G. Brazão', 'position': 'G', 'jerseyNumber': '77', 'userCount': 3103, 'gender': 'M', 'id': 905448, 'fieldTranslations': {'nameTranslation': {'ar': 'غابرييل برازاو', 'bn': 'গ্যাব্রিয়েল ব্রাজাও', 'hi': 'गेब्रियल ब्राज़ाओ'}, 'shortNameTranslation': {'ar': 'غ. برازاو', 'bn': 'জি. ব্রাজাও', 'hi': 'जी. ब्राज़ाओ'}}}",6314147,37,,2212,"{'start': {'x': 64.8, 'y': 19.3}, 'block': {'x': 51.3, 'y': 1.4}, 'end': {'x': 49, 'y': 0}, 'goal': {'x': 49, 'y': 81}}",9,488,2212,shot,,13472633,19.3,64.8,82.04590178674374,5.0250804893860925,6731.53,412.2872603026535,14.799999999999997,80.7,,0,0,37,0,0.015468628
"{'name': 'Willian Arão', 'firstName': '', 'lastName': '', 'slug': 'willian-arao', 'shortName': 'Willian Arão', 'position': 'M', 'jerseyNumber': '15', 'userCount': 1906, 'gender': 'M', 'id': 242213, 'fieldTranslations': {'nameTranslation': {'ar': 'ويليان أراو', 'bn': 'উইলিয়ান আরাও', 'hi': 'विलीयन अराओ'}, 'shortNameTranslation': {'ar': 'و. أراو', 'bn': 'উইলিয়ান. আরাও', 'hi': 'विलीयन अराओ'}}}",True,head,right,"{'x': 0, 'y': 39, 'z': 6.9}","{'x': 2.4, 'y': 50.5, 'z': 0}",0.017191898077726,0.0,"{'name': 'Léo Aragão', 'firstName': 'Leonardo', 'slug': 'leo-aragao', 'shortName': 'L. Aragão', 'position': 'G', 'jerseyNumber': '41', 'userCount': 772, 'gender': 'M', 'id': 1488035, 'fieldTranslations': {'nameTranslation': {'ar': 'ليو أراجاو'}, 'shortNameTranslation': {'ar': 'ل. أراجاو'}}}",6314129,33,,1925,"{'start': {'x': 36.8, 'y': 7.3}, 'block': {'x': 50.5, 'y': 2.4}, 'end': {'x': 61, 'y': 0}, 'goal': {'x': 61, 'y': 93.1}}",13,775,1925,shot,,13472633,7.3,36.8,93.63508957650438,4.432336213692102,8767.53,415.0221984022442,13.200000000000003,92.7,,0,1,33,0,0.087625824
"{'name': 'Thaciano', 'slug': 'thaciano', 'shortName': 'Thaciano', 'position': 'M', 'jerseyNumber': '16', 'userCount': 1810, 'gender': 'M', 'id': 872039, 'fieldTranslations': {'nameTranslation': {'ar': 'ثاسيانو'}, 'shortNameTranslation': {'ar': 'ثاسيانو'}}}",True,right-foot,low-centre,"{'x': 0, 'y': 51.3, 'z': 0.6}",,0.19056329131126,0.70457476377487,"{'name': 'Léo Aragão', 'firstName': 'Leonardo', 'slug': 'leo-aragao', 'shortName': 'L. Aragão', 'position': 'G', 'jerseyNumber': '41', 'userCount': 772, 'gender': 'M', 'id': 1488035, 'fieldTranslations': {'nameTranslation': {'ar': 'ليو أراجاو'}, 'shortNameTranslation': {'ar': 'ل. أراجاو'}}}",6314071,28,,1625,"{'start': {'x': 55.1, 'y': 9.4}, 'end': {'x': 48.7, 'y': 0}, 'goal': {'x': 48.7, 'y': 99.4}}",18,1075,1625,shot,regular,13472633,9.4,55.1,90.7434295142078,4.612104786045318,8234.37,418.5182055646438,5.100000000000001,90.6,,0,1,28,1,0.22023161
"{'name': 'Thaciano', 'slug': 'thaciano', 'shortName': 'Thaciano', 'position': 'M', 'jerseyNumber': '16', 'userCount': 1810, 'gender': 'M', 'id': 872039, 'fieldTranslations': {'nameTranslation': {'ar': 'ثاسيانو'}, 'shortNameTranslation': {'ar': 'ثاسيانو'}}}",True,head,low-right,"{'x': 0, 'y': 47.5, 'z': 11.4}",,0.14239722490311,0.56078064441681,"{'name': 'Léo Aragão', 'firstName': 'Leonardo', 'slug': 'leo-aragao', 'shortName': 'L. Aragão', 'position': 'G', 'jerseyNumber': '41', 'userCount': 772, 'gender': 'M', 'id': 1488035, 'fieldTranslations': {'nameTranslation': {'ar': 'ليو أراجاو'}, 'shortNameTranslation': {'ar': 'ل. أراجاو'}}}",6314056,26,,1524,"{'start': {'x': 44.8, 'y': 4.5}, 'end': {'x': 52.5, 'y': 0}, 'goal': {'x': 52.5, 'y': 88.6}}",20,1176,1524,shot,regular,13472633,4.5,44.8,95.64146590260943,4.376584061601076,9147.29,418.58291529752313,5.200000000000003,95.5,,0,1,26,1,0.34894204
"{'name': 'Álvaro Barreal', 'slug': 'alvaro-barreal', 'shortName': 'Á. Barreal', 'position': 'M', 'jerseyNumber': '22', 'userCount': 2824, 'gender': 'M', 'id': 949687, 'fieldTranslations': {'nameTranslation': {'ar': 'ألفارو باريال', 'bn': 'আলভারো ব্যারিয়াল', 'hi': 'अल्वारो बरियल'}, 'shortNameTranslation': {'ar': 'أ. باريال', 'bn': 'এ. ব্যারিয়াল', 'hi': 'आ. बरियल'}}}",True,left-foot,low-right,"{'x': 0, 'y': 46.3, 'z': 19}","{'x': 9, 'y': 59.2, 'z': 0}",0.081647947430611,0.0,"{'name': 'Léo Aragão', 'firstName': 'Leonardo', 'slug': 'leo-aragao', 'shortName': 'L. Aragão', 'position': 'G', 'jerseyNumber': '41', 'userCount': 772, 'gender': 'M', 'id': 1488035, 'fieldTranslations': {'nameTranslation': {'ar': 'ليو أراجاو'}, 'shortNameTranslation': {'ar': 'ل. أراجاو'}}}",6314048,25,,1448,"{'start': {'x': 60.1, 'y': 10.5}, 'block': {'x': 59.2, 'y': 9}, 'end': {'x': 53.7, 'y': 0}, 'goal': {'x': 53.7, 'y': 81}}",21,1252,1448,shot,,13472633,10.5,60.1,90.06808535768927,4.624747288164246,8112.26,416.5421335081193,10.100000000000001,89.5,,0,1,25,0,0.15125813
"{'name': 'Rayan Lelis', 'firstName': 'Rayan', 'lastName': 'Lelis', 'slug': 'rayan-passaglia-lelis', 'shortName': 'R. Lelis', 'position': 'M', 'jerseyNumber': '57', 'userCount': 317, 'gender': 'M', 'id': 1831101, 'fieldTranslations': {'nameTranslation': {'ar': 'رايان باسيليا ليليس'}, 'shortNameTranslation': {'ar': 'ر. ليليس'}}}",False,left-foot,low-centre,"{'x': 0, 'y': 51.8, 'z': 5.6}","{'x': 9.9, 'y': 47.8, 'z': 0}",0.060385104268789,0.0,"{'name': 'Gabriel Brazão', 'firstName': '', 'lastName': '', 'slug': 'gabriel-brazao', 'shortName': 'G. Brazão', 'position': 'G', 'jerseyNumber': '77', 'userCount': 3103, 'gender': 'M', 'id': 905448, 'fieldTranslations': {'nameTranslation': {'ar': 'غابرييل برازاو', 'bn': 'গ্যাব্রিয়েল ব্রাজাও', 'hi': 'गेब्रियल ब्राज़ाओ'}, 'shortNameTranslation': {'ar': 'غ. برازاو', 'bn': 'জি. ব্রাজাও', 'hi': 'जी. ब्राज़ाओ'}}}",6314036,23,,1353,"{'start': {'x': 47.4, 'y': 21.5}, 'block': {'x': 47.8, 'y': 9.9}, 'end': {'x': 48.2, 'y': 0}, 'goal': {'x': 48.2, 'y': 94.4}}",23,1347,1353,shot,,13472633,21.5,47.4,78.54304552282143,5.333044622703081,6169.009999999999,418.87356657620614,2.6000000000000014,78.5,,0,0,23,0,0.0688843
"{'name': 'Álvaro Barreal', 'slug': 'alvaro-barreal', 'shortName': 'Á. Barreal', 'position': 'M', 'jerseyNumber': '22', 'userCount': 2824, 'gender': 'M', 'id': 949687, 'fieldTranslations': {'nameTranslation': {'ar': 'ألفارو باريال', 'bn': 'আলভারো ব্যারিয়াল', 'hi': 'अल्वारो बरियल'}, 'shortNameTranslation': {'ar': 'أ. باريال', 'bn': 'এ. ব্যারিয়াল', 'hi': 'आ. बरियल'}}}",True,left-foot,right,"{'x': 0, 'y': 39.5, 'z': 23.6}",,0.097680531442165,0.0,"{'name': 'Léo Aragão', 'firstName': 'Leonardo', 'slug': 'leo-aragao', 'shortName': 'L. Aragão', 'position': 'G', 'jerseyNumber': '41', 'userCount': 772, 'gender': 'M', 'id': 1488035, 'fieldTranslations': {'nameTranslation': {'ar': 'ليو أراجاو'}, 'shortNameTranslation': {'ar': 'ل. أراجاو'}}}",6313980,15,,898,"{'start': {'x': 47.4, 'y': 14.1}, 'end': {'x': 60.5, 'y': 0}, 'goal': {'x': 60.5, 'y': 76.4}}",31,1802,898,shot,,13472633,14.1,47.4,85.93933907123095,4.875076733229451,7385.5700000000015,418.96087237527473,2.6000000000000014,85.9,,0,1,15,0,0.110798225
"{'name': 'Neymar', 'slug': 'neymar', 'shortName': 'Neymar', 'position': 'F', 'jerseyNumber': '10', 'userCount': 1013524, 'gender': 'M', 'sofascoreId': 'Neymar', 'id': 124712, 'fieldTranslations': {'nameTranslation': {'ar': 'نيمار', 'bn': 'নেইমার', 'hi': 'नेमार'}, 'shortNameTranslation': {'ar': 'نيمار', 'bn': 'নেইমার', 'hi': 'नेमार'}}}",True,right-foot,left,"{'x': 0, 'y': 60.3, 'z': 8.3}",,0.18784634768963,0.0,"{'name': 'Léo Aragão', 'firstName': 'Leonardo', 'slug': 'leo-aragao', 'shortName': 'L. Aragão', 'position': 'G', 'jerseyNumber': '41', 'userCount': 772, 'gender': 'M', 'id': 1488035, 'fieldTranslations': {'nameTranslation': {'ar': 'ليو أراجاو'}, 'shortNameTranslation': {'ar': 'ل. أراجاو'}}}",6313960,13,,776,"{'start': {'x': 44.5, 'y': 14.2}, 'end': {'x': 39.7, 'y': 0}, 'goal': {'x': 39.7, 'y': 91.7}}",33,1924,776,shot,,13472633,14.2,44.5,85.97610133054417,4.86527789713896,7391.8899999999985,418.2976254856761,5.5,85.8,,0,1,13,0,0.03641245
"{'name': 'Japa', 'slug': 'joao-wellington-japa', 'shortName': 'Japa', 'position': 'M', 'jerseyNumber': '77', 'userCount': 1251, 'gender': 'M', 'id': 1459623, 'fieldTranslations': {'nameTranslation': {'ar': 'جابا'}, 'shortNameTranslation': {'ar': 'جابا'}}}",False,left-foot,low-right,"{'x': 0, 'y': 47.3, 'z': 5.1}","{'x': 3.8, 'y': 51.3, 'z': 0}",0.015452434308827,0.051337324082851,"{'name': 'Gabriel Brazão', 'firstName': '', 'lastName': '', 'slug': 'gabriel-brazao', 'shortName': 'G. Brazão', 'position': 'G', 'jerseyNumber': '77', 'userCount': 3103, 'gender': 'M', 'id': 905448, 'fieldTranslations': {'nameTranslation': {'ar': 'غابرييل برازاو', 'bn': 'গ্যাব্রিয়েল ব্রাজাও', 'hi': 'गेब्रियल ब्राज़ाओ'}, 'shortNameTranslation': {'ar': 'غ. برازاو', 'bn': 'জি. ব্রাজাও', 'hi': 'जी. ब्राज़ाओ'}}}",6313951,13,,724,"{'start': {'x': 68.9, 'y': 28.4}, 'block': {'x': 51.3, 'y': 3.8}, 'end': {'x': 52.7, 'y': 0}, 'goal': {'x': 52.7, 'y': 94.9}}",33,1976,724,shot,,13472633,28.4,68.9,74.05248138988996,5.472756019410769,5483.7699999999995,405.27116327882425,18.900000000000006,71.6,,0,0,13,0,0.020133317
"{'name': 'Thaciano', 'slug': 'thaciano', 'shortName': 'Thaciano', 'position': 'M', 'jerseyNumber': '16', 'userCount': 1810, 'gender': 'M', 'id': 872039, 'fieldTranslations': {'nameTranslation': {'ar': 'ثاسيانو'}, 'shortNameTranslation': {'ar': 'ثاسيانو'}}}",True,head,right,"{'x': 0, 'y': 35.1, 'z': 13.9}",,0.060138992965221,0.0,"{'name': 'Léo Aragão', 'firstName': 'Leonardo', 'slug': 'leo-aragao', 'shortName': 'L. Aragão', 'position': 'G', 'jerseyNumber': '41', 'userCount': 772, 'gender': 'M', 'id': 1488035, 'fieldTranslations': {'nameTranslation': {'ar': 'ليو أراجاو'}, 'shortNameTranslation': {'ar': 'ل. أراجاو'}}}",6313891,4,,226,"{'start': {'x': 51.1, 'y': 9.7}, 'end': {'x': 64.9, 'y': 0}, 'goal': {'x': 64.9, 'y': 86.1}}",42,2474,226,shot,,13472633,9.7,51.1,90.30669964072433,4.641347084553674,8155.3,419.1447370931402,1.1000000000000014,90.3,,0,1,4,0,0.21804604
"{'name': 'Luighi Hanri', 'firstName': 'Luighi', 'slug': 'luighi', 'shortName': 'Luighi', 'position': 'F', 'jerseyNumber': '31', 'userCount': 3805, 'gender': 'M', 'id': 1597267, 'fieldTranslations': {'nameTranslation': {'ar': 'لويغي هنري', 'bn': 'লুইহি হ্যানরি', 'hi': 'लुइगी हेनरी'}, 'shortNameTranslation': {'ar': 'ل. هنري', 'bn': 'লুইঝি', 'hi': 'लुइगी'}}}",False,left-foot,low-right,"{'x': 0, 'y': 47.4, 'z': 3.8}","{'x': 2.9, 'y': 40.1, 'z': 0}",0.074316434562206,0.21843203902245,"{'name': 'Bruno Ferreira', 'firstName': 'Bruno Ferreira', 'lastName': 'Ventura Diniz', 'slug': 'bruno-ferreira', 'shortName': 'B. Ferreira', 'position': 'G', 'jerseyNumber': '94', 'userCount': 352, 'gender': 'M', 'id': 1066241, 'fieldTranslations': {'nameTranslation': {'ar': 'برونو فيريرا'}, 'shortNameTranslation': {'ar': 'ب. فيريرا'}}}",6314581,90,3.0,5541,"{'start': {'x': 36, 'y': 4.3}, 'block': {'x': 40.1, 'y': 2.9}, 'end': {'x': 52.6, 'y': 0}, 'goal': {'x': 52.6, 'y': 96.2}}",1,759,141,shot,,13472591,4.3,36.0,96.71861247970837,4.288799074120522,9354.49,414.8066956531948,14.0,95.7,,0,0,90,0,0.02835445
"{'name': 'Vina', 'firstName': '', 'lastName': '', 'slug': 'vina', 'shortName': 'Vina', 'position': 'M', 'jerseyNumber': '29', 'userCount': 1453, 'gender': 'M', 'id': 1101714, 'fieldTranslations': {'nameTranslation': {'ar': 'فينا', 'bn': 'ভিনা', 'hi': 'वीना'}, 'shortNameTranslation': {'ar': 'فينا', 'bn': 'ভিনা', 'hi': 'वीना'}}}",True,right-foot,low-left,"{'x': 0, 'y': 53.8, 'z': 8.3}","{'x': 12.1, 'y': 55.4, 'z': 0}",0.061159458011389,0.0,"{'name': 'Marcelo Lomba', 'firstName': '', 'lastName': '', 'slug': 'marcelo-lomba', 'shortName': 'M. Lomba', 'position': 'G', 'jerseyNumber': '14', 'userCount': 2248, 'gender': 'M', 'id': 34141, 'fieldTranslations': {'nameTranslation': {'ar': 'مارسيلو لومبا', 'bn': 'মার্সেলো লোম্বা', 'hi': 'मार्सेलो लोम्बा'}, 'shortNameTranslation': {'ar': 'م. لومبا', 'bn': 'এম. লোম্বা', 'hi': 'एम. लोम्बा'}}}",6314587,90,2.0,5461,"{'start': {'x': 56.5, 'y': 14.7}, 'block': {'x': 55.4, 'y': 12.1}, 'end': {'x': 46.2, 'y': 0}, 'goal': {'x': 46.2, 'y': 91.7}}",1,839,61,shot,,13472591,14.7,56.5,85.54729685969042,4.885527872410022,7318.339999999998,417.9437032173519,6.5,85.3,,0,1,90,0,0.01719591
"{'name': 'Lourenço', 'firstName': '', 'lastName': '', 'slug': 'lourenco', 'shortName': 'Lourenço', 'position': 'M', 'jerseyNumber': '97', 'userCount': 376, 'gender': 'M', 'id': 879871, 'fieldTranslations': {'nameTranslation': {'ar': 'لورينسو'}, 'shortNameTranslation': {'ar': 'لورينسو'}}}",True,right-foot,left,"{'x': 0, 'y': 55.5, 'z': 20.3}",,0.053727731108665,0.0,"{'name': 'Marcelo Lomba', 'firstName': '', 'lastName': '', 'slug': 'marcelo-lomba', 'shortName': 'M. Lomba', 'position': 'G', 'jerseyNumber': '14', 'userCount': 2248, 'gender': 'M', 'id': 34141, 'fieldTranslations': {'nameTranslation': {'ar': 'مارسيلو لومبا', 'bn': 'মার্সেলো লোম্বা', 'hi': 'मार्सेलो लोम्बा'}, 'shortNameTranslation': {'ar': 'م. لومبا', 'bn': 'এম. লোম্বা', 'hi': 'एम. लोम्बा'}}}",6314535,87,,5203,"{'start': {'x': 36, 'y': 23.4}, 'end': {'x': 44.5, 'y': 0}, 'goal': {'x': 44.5, 'y': 79.7}}",4,197,2503,shot,,13472591,23.4,36.0,77.86886412424415,5.29488482739127,6063.559999999999,412.30666717765274,14.0,76.6,,0,1,87,0,0.0122540705
"{'name': 'Aylon', 'slug': 'aylon', 'shortName': 'Aylon', 'position': 'F', 'jerseyNumber': '11', 'userCount': 460, 'gender': 'M', 'id': 364528, 'fieldTranslations': {'nameTranslation': {'ar': 'أيلون'}, 'shortNameTranslation': {'ar': 'أيلون'}}}",True,head,right,"{'x': 0, 'y': 37.5, 'z': 36.1}",,0.07722482085228,0.0,"{'name': 'Marcelo Lomba', 'firstName': '', 'lastName': '', 'slug': 'marcelo-lomba', 'shortName': 'M. Lomba', 'position': 'G', 'jerseyNumber': '14', 'userCount': 2248, 'gender': 'M', 'id': 34141, 'fieldTranslations': {'nameTranslation': {'ar': 'مارسيلو لومبا', 'bn': 'মার্সেলো লোম্বা', 'hi': 'मार्सेलो लोम्बा'}, 'shortNameTranslation': {'ar': 'م. لومبا', 'bn': 'এম. লোম্বা', 'hi': 'एम. लोम्बा'}}}",6314530,85,,5074,"{'start': {'x': 47.1, 'y': 8.1}, 'end': {'x': 62.5, 'y': 0}, 'goal': {'x': 62.5, 'y': 63.9}}",6,326,2374,shot,,13472591,8.1,47.1,91.94574487163612,4.556775562344956,8454.02,418.9761232926756,2.8999999999999986,91.9,,0,1,85,0,0.121595174
"{'name': 'Luighi Hanri', 'firstName': 'Luighi', 'slug': 'luighi', 'shortName': 'Luighi', 'position': 'F', 'jerseyNumber': '31', 'userCount': 3805, 'gender': 'M', 'id': 1597267, 'fieldTranslations': {'nameTranslation': {'ar': 'لويغي هنري', 'bn': 'লুইহি হ্যানরি', 'hi': 'लुइगी हेनरी'}, 'shortNameTranslation': {'ar': 'ل. هنري', 'bn': 'লুইঝি', 'hi': 'लुइगी'}}}",False,head,low-left,"{'x': 0, 'y': 52.9, 'z': 11.4}","{'x': 1.5, 'y': 53.6, 'z': 0}",0.064811892807484,0.47345662117004,"{'name': 'Bruno Ferreira', 'firstName': 'Bruno Ferreira', 'lastName': 'Ventura Diniz', 'slug': 'bruno-ferreira', 'shortName': 'B. Ferreira', 'position': 'G', 'jerseyNumber': '94', 'userCount': 352, 'gender': 'M', 'id': 1066241, 'fieldTranslations': {'nameTranslation': {'ar': 'برونو فيريرا'}, 'shortNameTranslation': {'ar': 'ب. فيريرا'}}}",6314518,84,,4995,"{'start': {'x': 57.7, 'y': 10.3}, 'block': {'x': 53.6, 'y': 1.5}, 'end': {'x': 47.1, 'y': 0}, 'goal': {'x': 47.1, 'y': 88.6}}",7,405,2295,shot,,13472591,10.3,57.7,90.02988392750487,4.638960566933619,8105.379999999999,417.6450813853059,7.700000000000003,89.7,,0,0,84,0,0.052657638
"{'name': 'Vinicius Zanocelo', 'slug': 'vinicius-zanocelo', 'shortName': 'Vinicius Zanocelo', 'position': 'M', 'jerseyNumber': '25', 'userCount': 589, 'gender': 'M', 'id': 973841, 'fieldTranslations': {'nameTranslation': {'ar': 'فينيسيوس زانوكولو'}, 'shortNameTranslation': {'ar': 'ف. زانوكولو'}}}",True,right-foot,low-left,"{'x': 0, 'y': 52.6, 'z': 9.7}","{'x': 10.1, 'y': 47.3, 'z': 0}",0.055474400520325,0.0,"{'name': 'Marcelo Lomba', 'firstName': '', 'lastName': '', 'slug': 'marcelo-lomba', 'shortName': 'M. Lomba', 'position': 'G', 'jerseyNumber': '14', 'userCount': 2248, 'gender': 'M', 'id': 34141, 'fieldTranslations': {'nameTranslation': {'ar': 'مارسيلو لومبا', 'bn': 'মার্সেলো লোম্বা', 'hi': 'मार्सेलो लोम्बा'}, 'shortNameTranslation': {'ar': 'م. لومبا', 'bn': 'এম. লোম্বা', 'hi': 'एम. लोम्बा'}}}",6314515,83,,4945,"{'start': {'x': 46, 'y': 15.1}, 'block': {'x': 47.3, 'y': 10.1}, 'end': {'x': 47.4, 'y': 0}, 'goal': {'x': 47.4, 'y': 90.3}}",8,455,2245,shot,,13472591,15.1,46.0,84.99417627108343,4.926031817647369,7224.010000000002,418.684016626086,4.0,84.9,,0,1,83,0,0.044786748
"{'name': 'Bruno Rodrigues', 'slug': 'bruno-rodrigues', 'shortName': 'B. Rodrigues', 'position': 'F', 'jerseyNumber': '20', 'userCount': 3412, 'gender': 'M', 'id': 817650, 'fieldTranslations': {'nameTranslation': {'ar': 'برونو رودريغيز', 'bn': 'ব্রুনো রদ্রিগেস', 'hi': 'ब्रूनो रोड्रिग्स'}, 'shortNameTranslation': {'ar': 'ب. رودريغيز', 'bn': 'বি রদ্রিগেস', 'hi': 'बी. रोड्रिग्स'}}}",False,right-foot,high-right,"{'x': 0, 'y': 47.1, 'z': 27.2}","{'x': 1.2, 'y': 52.2, 'z': 0}",0.055895734578371,0.27643638849258,"{'name': 'Bruno Ferreira', 'firstName': 'Bruno Ferreira', 'lastName': 'Ventura Diniz', 'slug': 'bruno-ferreira', 'shortName': 'B. Ferreira', 'position': 'G', 'jerseyNumber': '94', 'userCount': 352, 'gender': 'M', 'id': 1066241, 'fieldTranslations': {'nameTranslation': {'ar': 'برونو فيريرا'}, 'shortNameTranslation': {'ar': 'ب. فيريرا'}}}",6314510,82,,4903,"{'start': {'x': 65.6, 'y': 16.9}, 'block': {'x': 52.2, 'y': 1.2}, 'end': {'x': 52.9, 'y': 0}, 'goal': {'x': 52.9, 'y': 72.8}}",9,497,2203,shot,,13472591,16.9,65.6,84.5515818894005,4.872558520038668,7148.9699999999975,411.9825307179455,15.599999999999994,83.1,,0,0,82,0,0.008960695
"{'name': 'Pedro Raul', 'slug': 'pedro-raul', 'shortName': 'P. Raul', 'position': 'F', 'jerseyNumber': '18', 'userCount': 7093, 'gender': 'M', 'id': 866911, 'fieldTranslations': {'nameTranslation': {'ar': 'بيدرو راوول', 'bn': 'পেদ্রো রাউল', 'hi': 'पेड्रो राउल'}, 'shortNameTranslation': {'ar': 'ب. راوول', 'bn': 'পি. রাউল', 'hi': 'पी. राउल'}}}",True,head,high-right,"{'x': 0, 'y': 47.4, 'z': 23.4}","{'x': 1.5, 'y': 52, 'z': 0}",0.055375255644321,0.28933256864548,"{'name': 'Marcelo Lomba', 'firstName': '', 'lastName': '', 'slug': 'marcelo-lomba', 'shortName': 'M. Lomba', 'position': 'G', 'jerseyNumber': '14', 'userCount': 2248, 'gender': 'M', 'id': 34141, 'fieldTranslations': {'nameTranslation': {'ar': 'مارسيلو لومبا', 'bn': 'মার্সেলো লোম্বা', 'hi': 'मार्सेलो लोम्बा'}, 'shortNameTranslation': {'ar': 'م. لومبا', 'bn': 'এম. লোম্বা', 'hi': 'एम. लोम्बा'}}}",6314480,77,,4618,"{'start': {'x': 55.7, 'y': 8}, 'block': {'x': 52, 'y': 1.5}, 'end': {'x': 52.6, 'y': 0}, 'goal': {'x': 52.6, 'y': 76.6}}",14,782,1918,shot,,13472591,8.0,55.7,92.17640695969875,4.538970835081863,8496.49,418.38602287270953,5.700000000000003,92.0,,0,1,77,0,0.14681304
"{'name': 'Fernando Sobral', 'slug': 'fernando-sobral', 'shortName': 'F. Sobral', 'position': 'M', 'jerseyNumber': '88', 'userCount': 657, 'gender': 'M', 'id': 931479, 'fieldTranslations': {'nameTranslation': {'ar': 'فرناندو سوبرا'}, 'shortNameTranslation': {'ar': 'ف. سوبرا'}}}",True,right-foot,low-left,"{'x': 0, 'y': 52.9, 'z': 17.1}","{'x': 1, 'y': 52, 'z': 0}",0.041421964764595,0.30649787187576,"{'name': 'Marcelo Lomba', 'firstName': '', 'lastName': '', 'slug': 'marcelo-lomba', 'shortName': 'M. Lomba', 'position': 'G', 'jerseyNumber': '14', 'userCount': 2248, 'gender': 'M', 'id': 34141, 'fieldTranslations': {'nameTranslation': {'ar': 'مارسيلو لومبا', 'bn': 'মার্সেলো লোম্বা', 'hi': 'मार्सेलो लोम्बा'}, 'shortNameTranslation': {'ar': 'م. لومبا', 'bn': 'এম. লোম্বা', 'hi': 'एम. लोम्बा'}}}",6314477,77,,4613,"{'start': {'x': 58.3, 'y': 17.9}, 'block': {'x': 52, 'y': 1}, 'end': {'x': 47.1, 'y': 0}, 'goal': {'x': 47.1, 'y': 82.9}}",14,787,1913,shot,,13472591,17.9,58.3,82.51848277810251,5.053605633218338,6809.3,417.01586941204926,8.299999999999997,82.1,,0,1,77,0,0.016277973
"{'name': 'Marcos Victor', 'firstName': 'Marcos Victor', 'slug': 'marcos-victor', 'shortName': 'M. Victor', 'position': 'D', 'jerseyNumber': '44', 'userCount': 516, 'gender': 'M', 'id': 1174196, 'fieldTranslations': {'nameTranslation': {'ar': 'Ferreira da Silva, Marcos Victor'}, 'shortNameTranslation': {'ar': 'M. V. F. d. Silva'}}}",True,head,right,"{'x': 0, 'y': 13.8, 'z': 13.9}","{'x': 4, 'y': 54.2, 'z': 0}",0.13895201683044,0.0,"{'name': 'Marcelo Lomba', 'firstName': '', 'lastName': '', 'slug': 'marcelo-lomba', 'shortName': 'M. Lomba', 'position': 'G', 'jerseyNumber': '14', 'userCount': 2248, 'gender': 'M', 'id': 34141, 'fieldTranslations': {'nameTranslation': {'ar': 'مارسيلو لومبا', 'bn': 'মার্সেলো লোম্বা', 'hi': 'मार्सेलो लोम्बा'}, 'shortNameTranslation': {'ar': 'م. لومبا', 'bn': 'এম. লোম্বা', 'hi': 'एम. लोम्बा'}}}",6314576,77,,4610,"{'start': {'x': 46.4, 'y': 5.5}, 'block': {'x': 54.2, 'y': 4}, 'end': {'x': 86.2, 'y': 0}, 'goal': {'x': 86.2, 'y': 86.1}}",14,790,1910,shot,,13472591,5.5,46.4,94.56854656808467,4.429519845446277,8943.21,418.8932537783415,3.6000000000000014,94.5,,0,1,77,0,0.24921456
"{'name': 'Pedro Raul', 'slug': 'pedro-raul', 'shortName': 'P. Raul', 'position': 'F', 'jerseyNumber': '18', 'userCount': 7093, 'gender': 'M', 'id': 866911, 'fieldTranslations': {'nameTranslation': {'ar': 'بيدرو راوول', 'bn': 'পেদ্রো রাউল', 'hi': 'पेड्रो राउल'}, 'shortNameTranslation': {'ar': 'ب. راوول', 'bn': 'পি. রাউল', 'hi': 'पी. राउल'}}}",True,left-foot,high-left,"{'x': 0, 'y': 56.1, 'z': 84.7}",,0.029606400057673,0.0,"{'name': 'Marcelo Lomba', 'firstName': '', 'lastName': '', 'slug': 'marcelo-lomba', 'shortName': 'M. Lomba', 'position': 'G', 'jerseyNumber': '14', 'userCount': 2248, 'gender': 'M', 'id': 34141, 'fieldTranslations': {'nameTranslation': {'ar': 'مارسيلو لومبا', 'bn': 'মার্সেলো লোম্বা', 'hi': 'मार्सेलो लोम्बा'}, 'shortNameTranslation': {'ar': 'م. لومبا', 'bn': 'এম. লোম্বা', 'hi': 'एम. लोम्बा'}}}",6314467,76,,4527,"{'start': {'x': 40.7, 'y': 23.1}, 'end': {'x': 43.9, 'y': 0}, 'goal': {'x': 43.9, 'y': 15.3}}",15,873,1827,shot,,13472591,23.1,40.7,77.46031241868316,5.37152072575098,6000.1,416.07967358010256,9.299999999999997,76.9,,0,1,76,0,0.01699987
"{'name': 'Fernando Sobral', 'slug': 'fernando-sobral', 'shortName': 'F. Sobral', 'position': 'M', 'jerseyNumber': '88', 'userCount': 657, 'gender': 'M', 'id': 931479, 'fieldTranslations': {'nameTranslation': {'ar': 'فرناندو سوبرا'}, 'shortNameTranslation': {'ar': 'ف. سوبرا'}}}",True,right-foot,right,"{'x': 0, 'y': 38.3, 'z': 22.2}",,0.014149487018585,0.0,"{'name': 'Marcelo Lomba', 'firstName': '', 'lastName': '', 'slug': 'marcelo-lomba', 'shortName': 'M. Lomba', 'position': 'G', 'jerseyNumber': '14', 'userCount': 2248, 'gender': 'M', 'id': 34141, 'fieldTranslations': {'nameTranslation': {'ar': 'مارسيلو لومبا', 'bn': 'মার্সেলো লোম্বা', 'hi': 'मार्सेलो लोम्बा'}, 'shortNameTranslation': {'ar': 'م. لومبا', 'bn': 'এম. লোম্বা', 'hi': 'एम. लोम्बा'}}}",6314449,73,,4330,"{'start': {'x': 55.6, 'y': 30}, 'end': {'x': 61.7, 'y': 0}, 'goal': {'x': 61.7, 'y': 77.8}}",18,1070,1630,shot,,13472591,30.0,55.6,70.22364274231293,5.948154358813484,4931.36,417.7010666694496,5.600000000000001,70.0,,0,1,73,0,0.015467329
"{'name': 'Luighi Hanri', 'firstName': 'Luighi', 'slug': 'luighi', 'shortName': 'Luighi', 'position': 'F', 'jerseyNumber': '31', 'userCount': 3805, 'gender': 'M', 'id': 1597267, 'fieldTranslations': {'nameTranslation': {'ar': 'لويغي هنري', 'bn': 'লুইহি হ্যানরি', 'hi': 'लुइगी हेनरी'}, 'shortNameTranslation': {'ar': 'ل. هنري', 'bn': 'লুইঝি', 'hi': 'लुइगी'}}}",False,head,high-left,"{'x': 0, 'y': 61, 'z': 75}",,0.12592531740665,0.0,"{'name': 'Bruno Ferreira', 'firstName': 'Bruno Ferreira', 'lastName': 'Ventura Diniz', 'slug': 'bruno-ferreira', 'shortName': 'B. Ferreira', 'position': 'G', 'jerseyNumber': '94', 'userCount': 352, 'gender': 'M', 'id': 1066241, 'fieldTranslations': {'nameTranslation': {'ar': 'برونو فيريرا'}, 'shortNameTranslation': {'ar': 'ب. فيريرا'}}}",6314447,71,,4242,"{'start': {'x': 42.5, 'y': 2.4}, 'end': {'x': 39, 'y': 0}, 'goal': {'x': 39, 'y': 25}}",20,1158,1542,shot,,13472591,2.4,42.5,97.88774182705411,4.270014953664504,9582.01,417.98212138197135,7.5,97.6,,0,0,71,0,0.10562368
"{'name': 'Allan', 'firstName': 'Allan', 'slug': 'allan', 'shortName': 'Allan', 'position': 'F', 'jerseyNumber': '40', 'userCount': 4678, 'gender': 'M', 'id': 1835889, 'fieldTranslations': {'nameTranslation': {'ar': 'ألان'}, 'shortNameTranslation': {'ar': 'ألان'}}}",False,left-foot,low-right,"{'x': 0, 'y': 46.1, 'z': 12.5}","{'x': 18.1, 'y': 37.4, 'z': 0}",0.013704107142985,0.0,"{'name': 'Bruno Ferreira', 'firstName': 'Bruno Ferreira', 'lastName': 'Ventura Diniz', 'slug': 'bruno-ferreira', 'shortName': 'B. Ferreira', 'position': 'G', 'jerseyNumber': '94', 'userCount': 352, 'gender': 'M', 'id': 1066241, 'fieldTranslations': {'nameTranslation': {'ar': 'برونو فيريرا'}, 'shortNameTranslation': {'ar': 'ب. فيريرا'}}}",6314445,71,,4221,"{'start': {'x': 36.4, 'y': 19.7}, 'block': {'x': 37.4, 'y': 18.1}, 'end': {'x': 53.9, 'y': 0}, 'goal': {'x': 53.9, 'y': 87.5}}",20,1179,1521,shot,,13472591,19.7,36.4,81.4435387246895,5.074303076083969,6633.049999999998,413.2691990778558,13.600000000000001,80.3,,0,0,71,0,0.010851059
"{'name': 'Pedro Raul', 'slug': 'pedro-raul', 'shortName': 'P. Raul', 'position': 'F', 'jerseyNumber': '18', 'userCount': 7093, 'gender': 'M', 'id': 866911, 'fieldTranslations': {'nameTranslation': {'ar': 'بيدرو راوول', 'bn': 'পেদ্রো রাউল', 'hi': 'पेड्रो राउल'}, 'shortNameTranslation': {'ar': 'ب. راوول', 'bn': 'পি. রাউল', 'hi': 'पी. राउल'}}}",True,right-foot,high,"{'x': 0, 'y': 44.4, 'z': 76.4}",,0.12807984650135,0.0,"{'name': 'Marcelo Lomba', 'firstName': '', 'lastName': '', 'slug': 'marcelo-lomba', 'shortName': 'M. Lomba', 'position': 'G', 'jerseyNumber': '14', 'userCount': 2248, 'gender': 'M', 'id': 34141, 'fieldTranslations': {'nameTranslation': {'ar': 'مارسيلو لومبا', 'bn': 'মার্সেলো লোম্বা', 'hi': 'मार्सेलो लोम्बा'}, 'shortNameTranslation': {'ar': 'م. لومبا', 'bn': 'এম. লোম্বা', 'hi': 'एम. लोम्बा'}}}",6314429,66,,3946,"{'start': {'x': 35.6, 'y': 6.7}, 'end': {'x': 55.6, 'y': 0}, 'goal': {'x': 55.6, 'y': 23.6}}",25,1454,1246,shot,,13472591,6.7,35.6,94.40471386535738,4.388648072383332,8912.25,414.3090655291007,14.399999999999999,93.3,,0,1,66,0,0.1485097
"{'name': 'José López', 'firstName': 'José López', 'slug': 'jose-lopez', 'shortName': 'J. López', 'position': 'F', 'jerseyNumber': '42', 'userCount': 16808, 'gender': 'M', 'id': 1094179, 'fieldTranslations': {'nameTranslation': {'ar': 'خوسيه لوبيز', 'bn': 'হোসে লোপেজ', 'hi': 'जोस लोपेज़'}, 'shortNameTranslation': {'ar': 'خ. لوبيز', 'bn': 'জে. লোপেজ', 'hi': 'जे. लोपेज़'}}}",False,left-foot,low-centre,"{'x': 0, 'y': 50.3, 'z': 2.5}",,0.42419391870499,0.50519180297852,"{'name': 'Bruno Ferreira', 'firstName': 'Bruno Ferreira', 'lastName': 'Ventura Diniz', 'slug': 'bruno-ferreira', 'shortName': 'B. Ferreira', 'position': 'G', 'jerseyNumber': '94', 'userCount': 352, 'gender': 'M', 'id': 1066241, 'fieldTranslations': {'nameTranslation': {'ar': 'برونو فيريرا'}, 'shortNameTranslation': {'ar': 'ب. فيريرا'}}}",6314421,65,,3843,"{'start': {'x': 52.6, 'y': 7.5}, 'end': {'x': 49.7, 'y': 0}, 'goal': {'x': 49.7, 'y': 97.5}}",26,1557,1143,shot,regular,13472591,7.5,52.6,92.53653332603291,4.528177037591125,8563.009999999998,419.02180534522813,2.6000000000000014,92.5,,0,0,65,1,0.43479028
"{'name': 'Ramón Sosa', 'slug': 'ramon-sosa', 'shortName': 'R. Sosa', 'position': 'F', 'jerseyNumber': '19', 'userCount': 8373, 'gender': 'M', 'id': 1015733, 'fieldTranslations': {'nameTranslation': {'ar': 'رامون سوسا', 'bn': 'রামন সোসা', 'hi': 'रामोन सोसा'}, 'shortNameTranslation': {'ar': 'ر. سوسا', 'bn': 'আর. সোসা', 'hi': 'आर. सोसा'}}}",False,right-foot,low-right,"{'x': 0, 'y': 46.8, 'z': 5.7}",,0.16060411930084,0.23600396513939,"{'name': 'Bruno Ferreira', 'firstName': 'Bruno Ferreira', 'lastName': 'Ventura Diniz', 'slug': 'bruno-ferreira', 'shortName': 'B. Ferreira', 'position': 'G', 'jerseyNumber': '94', 'userCount': 352, 'gender': 'M', 'id': 1066241, 'fieldTranslations': {'nameTranslation': {'ar': 'برونو فيريرا'}, 'shortNameTranslation': {'ar': 'ب. فيريرا'}}}",6314381,60,,3590,"{'start': {'x': 44.8, 'y': 18.3}, 'end': {'x': 53.2, 'y': 0}, 'goal': {'x': 53.2, 'y': 94.3}}",31,1810,890,shot,regular,13472591,18.3,44.8,81.86531622121788,5.109418048871558,6701.929999999999,418.2841242772682,5.200000000000003,81.7,,0,0,60,1,0.028969716
"{'name': 'Mauricio', 'slug': 'mauricio', 'shortName': 'Mauricio', 'position': 'M', 'jerseyNumber': '18', 'userCount': 5697, 'gender': 'M', 'id': 986233, 'fieldTranslations': {'nameTranslation': {'ar': 'ماوريسيو', 'bn': 'মাউরিসিও', 'hi': 'मौरिसियो'}, 'shortNameTranslation': {'ar': 'ماوريسيو', 'bn': 'মাউরিসিও', 'hi': 'मौरिसियो'}}}",False,right-foot,low-right,"{'x': 0, 'y': 47.4, 'z': 19}","{'x': 9.8, 'y': 49.6, 'z': 0}",0.10592184960842,0.0,"{'name': 'Bruno Ferreira', 'firstName': 'Bruno Ferreira', 'lastName': 'Ventura Diniz', 'slug': 'bruno-ferreira', 'shortName': 'B. Ferreira', 'position': 'G', 'jerseyNumber': '94', 'userCount': 352, 'gender': 'M', 'id': 1066241, 'fieldTranslations': {'nameTranslation': {'ar': 'برونو فيريرا'}, 'shortNameTranslation': {'ar': 'ب. فيريرا'}}}",6314371,58,,3473,"{'start': {'x': 47.2, 'y': 17.9}, 'block': {'x': 49.6, 'y': 9.8}, 'end': {'x': 52.6, 'y': 0}, 'goal': {'x': 52.6, 'y': 81}}",33,1927,773,shot,,13472591,17.9,47.2,82.14773277455683,5.099175042675221,6748.249999999998,418.8856687763735,2.799999999999997,82.1,,0,0,58,0,0.08605426
"{'name': 'José López', 'firstName': 'José López', 'slug': 'jose-lopez', 'shortName': 'J. López', 'position': 'F', 'jerseyNumber': '42', 'userCount': 16808, 'gender': 'M', 'id': 1094179, 'fieldTranslations': {'nameTranslation': {'ar': 'خوسيه لوبيز', 'bn': 'হোসে লোপেজ', 'hi': 'जोस लोपेज़'}, 'shortNameTranslation': {'ar': 'خ. لوبيز', 'bn': 'জে. লোপেজ', 'hi': 'जे. लोपेज़'}}}",False,head,left,"{'x': 0, 'y': 60.3, 'z': 12.5}",,0.046625226736069,0.0,"{'name': 'Bruno Ferreira', 'firstName': 'Bruno Ferreira', 'lastName': 'Ventura Diniz', 'slug': 'bruno-ferreira', 'shortName': 'B. Ferreira', 'position': 'G', 'jerseyNumber': '94', 'userCount': 352, 'gender': 'M', 'id': 1066241, 'fieldTranslations': {'nameTranslation': {'ar': 'برونو فيريرا'}, 'shortNameTranslation': {'ar': 'ب. فيريرا'}}}",6314351,55,,3257,"{'start': {'x': 48.9, 'y': 10.5}, 'end': {'x': 39.7, 'y': 0}, 'goal': {'x': 39.7, 'y': 87.5}}",36,2143,557,shot,,13472591,10.5,48.9,89.50675952127861,4.682775596944645,8011.459999999999,419.14006924783627,1.1000000000000014,89.5,,0,0,55,0,0.23832716
"{'name': 'Fernandinho', 'firstName': '', 'lastName': '', 'slug': 'fernandinho', 'shortName': 'Fernandinho', 'position': 'M', 'jerseyNumber': '11', 'userCount': 371, 'gender': 'M', 'id': 871219, 'fieldTranslations': {'nameTranslation': {'ar': 'فيرناندينيو'}, 'shortNameTranslation': {'ar': 'فيرناندينيو'}}}",True,right-foot,low-centre,"{'x': 0, 'y': 50.5, 'z': 19}","{'x': 13.4, 'y': 39.3, 'z': 0}",0.036778774112463,0.0,"{'name': 'Marcelo Lomba', 'firstName': '', 'lastName': '', 'slug': 'marcelo-lomba', 'shortName': 'M. Lomba', 'position': 'G', 'jerseyNumber': '14', 'userCount': 2248, 'gender': 'M', 'id': 34141, 'fieldTranslations': {'nameTranslation': {'ar': 'مارسيلو لومبا', 'bn': 'মার্সেলো লোম্বা', 'hi': 'मार्सेलो लोम्बा'}, 'shortNameTranslation': {'ar': 'م. لومبا', 'bn': 'এম. লোম্বা', 'hi': 'एम. लोम्बा'}}}",6314308,48,,2849,"{'start': {'x': 38.1, 'y': 15.1}, 'block': {'x': 39.3, 'y': 13.4}, 'end': {'x': 49.5, 'y': 0}, 'goal': {'x': 49.5, 'y': 81}}",43,2551,149,shot,,13472591,15.1,38.1,85.7299247637603,4.84209333964695,7349.620000000001,415.11229770703784,11.899999999999999,84.9,,0,1,48,0,0.05546459
"{'name': 'Ramón Sosa', 'slug': 'ramon-sosa', 'shortName': 'R. Sosa', 'position': 'F', 'jerseyNumber': '19', 'userCount': 8373, 'gender': 'M', 'id': 1015733, 'fieldTranslations': {'nameTranslation': {'ar': 'رامون سوسا', 'bn': 'রামন সোসা', 'hi': 'रामोन सोसा'}, 'shortNameTranslation': {'ar': 'ر. سوسا', 'bn': 'আর. সোসা', 'hi': 'आर. सोसा'}}}",False,right-foot,low-centre,"{'x': 0, 'y': 50.5, 'z': 17.1}","{'x': 1.6, 'y': 50.9, 'z': 0}",0.022495497018099,0.033899866044521,"{'name': 'Bruno Ferreira', 'firstName': 'Bruno Ferreira', 'lastName': 'Ventura Diniz', 'slug': 'bruno-ferreira', 'shortName': 'B. Ferreira', 'position': 'G', 'jerseyNumber': '94', 'userCount': 352, 'gender': 'M', 'id': 1066241, 'fieldTranslations': {'nameTranslation': {'ar': 'برونو فيريرا'}, 'shortNameTranslation': {'ar': 'ب. فيريرا'}}}",6314228,45,,2689,"{'start': {'x': 71.1, 'y': 24.3}, 'block': {'x': 50.9, 'y': 1.6}, 'end': {'x': 49.5, 'y': 0}, 'goal': {'x': 49.5, 'y': 82.9}}",1,11,2689,shot,,13472591,24.3,71.1,78.58562209463001,5.138306127772265,6175.700000000001,403.79698356363286,21.099999999999994,75.7,,0,0,45,0,0.018448828
"{'name': 'Vinicius Zanocelo', 'slug': 'vinicius-zanocelo', 'shortName': 'Vinicius Zanocelo', 'position': 'M', 'jerseyNumber': '25', 'userCount': 589, 'gender': 'M', 'id': 973841, 'fieldTranslations': {'nameTranslation': {'ar': 'فينيسيوس زانوكولو'}, 'shortNameTranslation': {'ar': 'ف. زانوكولو'}}}",True,head,left,"{'x': 0, 'y': 59.7, 'z': 22.2}",,0.015656122937799,0.0,"{'name': 'Marcelo Lomba', 'firstName': '', 'lastName': '', 'slug': 'marcelo-lomba', 'shortName': 'M. Lomba', 'position': 'G', 'jerseyNumber': '14', 'userCount': 2248, 'gender': 'M', 'id': 34141, 'fieldTranslations': {'nameTranslation': {'ar': 'مارسيلو لومبا', 'bn': 'মার্সেলো লোম্বা', 'hi': 'मार्सेलो लोम्बा'}, 'shortNameTranslation': {'ar': 'م. لومبا', 'bn': 'এম. লোম্বা', 'hi': 'एम. लोम्बा'}}}",6314177,41,,2449,"{'start': {'x': 56, 'y': 13.9}, 'end': {'x': 40.3, 'y': 0}, 'goal': {'x': 40.3, 'y': 77.8}}",5,251,2449,shot,,13472591,13.9,56.0,86.30880603970836,4.844751932359322,7449.209999999998,418.14475484050297,6.0,86.1,,0,1,41,0,0.10796978
"{'name': 'José López', 'firstName': 'José López', 'slug': 'jose-lopez', 'shortName': 'J. López', 'position': 'F', 'jerseyNumber': '42', 'userCount': 16808, 'gender': 'M', 'id': 1094179, 'fieldTranslations': {'nameTranslation': {'ar': 'خوسيه لوبيز', 'bn': 'হোসে লোপেজ', 'hi': 'जोस लोपेज़'}, 'shortNameTranslation': {'ar': 'خ. لوبيز', 'bn': 'জে. লোপেজ', 'hi': 'जे. लोपेज़'}}}",False,left-foot,low-centre,"{'x': 0, 'y': 51.8, 'z': 19}","{'x': 12.7, 'y': 51.6, 'z': 0}",0.020451180636883,0.0,"{'name': 'Bruno Ferreira', 'firstName': 'Bruno Ferreira', 'lastName': 'Ventura Diniz', 'slug': 'bruno-ferreira', 'shortName': 'B. Ferreira', 'position': 'G', 'jerseyNumber': '94', 'userCount': 352, 'gender': 'M', 'id': 1066241, 'fieldTranslations': {'nameTranslation': {'ar': 'برونو فيريرا'}, 'shortNameTranslation': {'ar': 'ب. فيريرا'}}}",6314171,40,,2360,"{'start': {'x': 54.6, 'y': 23.8}, 'block': {'x': 51.6, 'y': 12.7}, 'end': {'x': 48.2, 'y': 0}, 'goal': {'x': 48.2, 'y': 81}}",6,340,2360,shot,,13472591,23.8,54.6,76.33871887843023,5.479883613885344,5827.599999999999,418.3272946869096,4.600000000000001,76.2,,0,0,40,0,0.062175892
"{'name': 'Fernandinho', 'firstName': '', 'lastName': '', 'slug': 'fernandinho', 'shortName': 'Fernandinho', 'position': 'M', 'jerseyNumber': '11', 'userCount': 371, 'gender': 'M', 'id': 871219, 'fieldTranslations': {'nameTranslation': {'ar': 'فيرناندينيو'}, 'shortNameTranslation': {'ar': 'فيرناندينيو'}}}",True,right-foot,low-left,"{'x': 0, 'y': 53.7, 'z': 3.8}","{'x': 2, 'y': 47.8, 'z': 0}",0.066598810255527,0.44434881210327,"{'name': 'Marcelo Lomba', 'firstName': '', 'lastName': '', 'slug': 'marcelo-lomba', 'shortName': 'M. Lomba', 'position': 'G', 'jerseyNumber': '14', 'userCount': 2248, 'gender': 'M', 'id': 34141, 'fieldTranslations': {'nameTranslation': {'ar': 'مارسيلو لومبا', 'bn': 'মার্সেলো লোম্বা', 'hi': 'मार्सेलो लोम्बा'}, 'shortNameTranslation': {'ar': 'م. لومبا', 'bn': 'এম. লোম্বা', 'hi': 'एम. लोम्बा'}}}",6314145,37,,2200,"{'start': {'x': 33.6, 'y': 13.8}, 'block': {'x': 47.8, 'y': 2}, 'end': {'x': 46.3, 'y': 0}, 'goal': {'x': 46.3, 'y': 96.2}}",9,500,2200,shot,,13472591,13.8,33.6,87.7462249900245,4.693183425706073,7699.400000000001,411.80912879145905,16.4,86.2,,0,1,37,0,0.02867395
"{'name': 'Vinicius Zanocelo', 'slug': 'vinicius-zanocelo', 'shortName': 'Vinicius Zanocelo', 'position': 'M', 'jerseyNumber': '25', 'userCount': 589, 'gender': 'M', 'id': 973841, 'fieldTranslations': {'nameTranslation': {'ar': 'فينيسيوس زانوكولو'}, 'shortNameTranslation': {'ar': 'ف. زانوكولو'}}}",True,right-foot,low-left,"{'x': 0, 'y': 52.3, 'z': 8.3}","{'x': 13.1, 'y': 64.4, 'z': 0}",0.070661999285221,0.0,"{'name': 'Marcelo Lomba', 'firstName': '', 'lastName': '', 'slug': 'marcelo-lomba', 'shortName': 'M. Lomba', 'position': 'G', 'jerseyNumber': '14', 'userCount': 2248, 'gender': 'M', 'id': 34141, 'fieldTranslations': {'nameTranslation': {'ar': 'مارسيلو لومبا', 'bn': 'মার্সেলো লোম্বা', 'hi': 'मार्सेलो लोम्बा'}, 'shortNameTranslation': {'ar': 'م. لومبا', 'bn': 'এম. লোম্বা', 'hi': 'एम. लोम्बा'}}}",6314085,32,,1872,"{'start': {'x': 66.7, 'y': 15.4}, 'block': {'x': 64.4, 'y': 13.1}, 'end': {'x': 47.7, 'y': 0}, 'goal': {'x': 47.7, 'y': 91.7}}",14,828,1872,shot,,13472591,15.4,66.7,86.23253446350745,4.769141607723267,7436.05,411.2551680493439,16.700000000000003,84.6,,0,1,32,0,0.027265416
"{'name': 'Larson', 'firstName': 'Larson', 'slug': 'larson', 'shortName': 'Larson', 'position': 'M', 'jerseyNumber': '48', 'userCount': 1015, 'gender': 'M', 'id': 2057364, 'fieldTranslations': {'nameTranslation': {'ar': 'لارسون'}, 'shortNameTranslation': {'ar': 'لارسون'}}}",False,right-foot,left,"{'x': 0, 'y': 61.2, 'z': 5.6}",,0.022426282986999,0.0,"{'name': 'Bruno Ferreira', 'firstName': 'Bruno Ferreira', 'lastName': 'Ventura Diniz', 'slug': 'bruno-ferreira', 'shortName': 'B. Ferreira', 'position': 'G', 'jerseyNumber': '94', 'userCount': 352, 'gender': 'M', 'id': 1066241, 'fieldTranslations': {'nameTranslation': {'ar': 'برونو فيريرا'}, 'shortNameTranslation': {'ar': 'ب. فيريرا'}}}",6314069,29,,1684,"{'start': {'x': 41.3, 'y': 26.9}, 'end': {'x': 38.8, 'y': 0}, 'goal': {'x': 38.8, 'y': 94.4}}",17,1016,1684,shot,,13472591,26.9,41.3,73.61589502274627,5.652887800906891,5419.299999999999,416.1423949269247,8.700000000000003,73.1,,0,0,29,0,0.03245827
"{'name': 'Matheus Bahia', 'slug': 'matheus-bahia', 'shortName': 'M. Bahia', 'position': 'D', 'jerseyNumber': '79', 'userCount': 705, 'gender': 'M', 'id': 1047204, 'fieldTranslations': {'nameTranslation': {'ar': 'ماثيوس باهيا'}, 'shortNameTranslation': {'ar': 'م. باهيا'}}}",True,left-foot,low-right,"{'x': 0, 'y': 47.8, 'z': 5.7}","{'x': 2, 'y': 48.2, 'z': 0}",0.015353715978563,0.033947993069887,"{'name': 'Marcelo Lomba', 'firstName': '', 'lastName': '', 'slug': 'marcelo-lomba', 'shortName': 'M. Lomba', 'position': 'G', 'jerseyNumber': '14', 'userCount': 2248, 'gender': 'M', 'id': 34141, 'fieldTranslations': {'nameTranslation': {'ar': 'مارسيلو لومبا', 'bn': 'মার্সেলো লোম্বা', 'hi': 'मार्सेलो लोम्बा'}, 'shortNameTranslation': {'ar': 'م. لومبا', 'bn': 'এম. লোম্বা', 'hi': 'एम. लोम्बा'}}}",6314047,25,,1462,"{'start': {'x': 27.8, 'y': 31.3}, 'block': {'x': 48.2, 'y': 2}, 'end': {'x': 52.2, 'y': 0}, 'goal': {'x': 52.2, 'y': 94.3}}",21,1238,1462,shot,,13472591,31.3,27.8,72.19785315367764,5.524722870637259,5212.530000000001,398.87313052903323,22.2,68.7,,0,1,25,0,0.031833906
"{'name': 'Pedro Raul', 'slug': 'pedro-raul', 'shortName': 'P. Raul', 'position': 'F', 'jerseyNumber': '18', 'userCount': 7093, 'gender': 'M', 'id': 866911, 'fieldTranslations': {'nameTranslation': {'ar': 'بيدرو راوول', 'bn': 'পেদ্রো রাউল', 'hi': 'पेड्रो राउल'}, 'shortNameTranslation': {'ar': 'ب. راوول', 'bn': 'পি. রাউল', 'hi': 'पी. राउल'}}}",True,left-foot,low-centre,"{'x': 0, 'y': 49.3, 'z': 19}","{'x': 13.4, 'y': 49.5, 'z': 0}",0.062195878475904,0.0,"{'name': 'Marcelo Lomba', 'firstName': '', 'lastName': '', 'slug': 'marcelo-lomba', 'shortName': 'M. Lomba', 'position': 'G', 'jerseyNumber': '14', 'userCount': 2248, 'gender': 'M', 'id': 34141, 'fieldTranslations': {'nameTranslation': {'ar': 'مارسيلو لومبا', 'bn': 'মার্সেলো লোম্বা', 'hi': 'मार्सेलो लोम्बा'}, 'shortNameTranslation': {'ar': 'م. لومبا', 'bn': 'এম. লোম্বা', 'hi': 'एम. लोम्बा'}}}",6314025,22,,1278,"{'start': {'x': 49.3, 'y': 15.2}, 'block': {'x': 49.5, 'y': 13.4}, 'end': {'x': 50.7, 'y': 0}, 'goal': {'x': 50.7, 'y': 81}}",24,1422,1278,shot,,13472591,15.2,49.3,84.80288910172813,4.942411571533483,7191.529999999999,419.1307803958518,0.7000000000000028,84.8,,0,1,22,0,0.12398091
"{'name': 'Dieguinho', 'firstName': '', 'lastName': '', 'slug': 'dieguinho', 'shortName': 'Dieguinho', 'position': 'M', 'jerseyNumber': '20', 'userCount': 468, 'gender': 'M', 'id': 1016930, 'fieldTranslations': {'nameTranslation': {'ar': 'ديغوينيو'}, 'shortNameTranslation': {'ar': 'ديغوينيو'}}}",True,right-foot,low-left,"{'x': 0, 'y': 53.6, 'z': 11.1}","{'x': 15.8, 'y': 63.9, 'z': 0}",0.020870847627521,0.0,"{'name': 'Marcelo Lomba', 'firstName': '', 'lastName': '', 'slug': 'marcelo-lomba', 'shortName': 'M. Lomba', 'position': 'G', 'jerseyNumber': '14', 'userCount': 2248, 'gender': 'M', 'id': 34141, 'fieldTranslations': {'nameTranslation': {'ar': 'مارسيلو لومبا', 'bn': 'মার্সেলো লোম্বা', 'hi': 'मार्सेलो लोम्बा'}, 'shortNameTranslation': {'ar': 'م. لومبا', 'bn': 'এম. লোম্বা', 'hi': 'एम. लोम्बा'}}}",6314041,20,,1160,"{'start': {'x': 71.9, 'y': 25.2}, 'block': {'x': 63.9, 'y': 15.8}, 'end': {'x': 46.4, 'y': 0}, 'goal': {'x': 46.4, 'y': 88.9}}",26,1540,1160,shot,,13472591,25.2,71.9,77.9400410572127,5.161734314419262,6074.650000000001,402.30578439226093,21.900000000000006,74.8,,0,1,20,0,0.029927047
"{'name': 'Facundo Torres', 'firstName': '', 'lastName': '', 'slug': 'facundo-torres', 'shortName': 'F. Torres', 'position': 'M', 'jerseyNumber': '11', 'userCount': 5922, 'gender': 'M', 'id': 874572, 'fieldTranslations': {'nameTranslation': {'ar': 'فاكوندو توريس', 'bn': 'ফ্যাকুন্ডো টরেস', 'hi': 'फ़ाकंडो टोरेस'}, 'shortNameTranslation': {'ar': 'ف. توريس', 'bn': 'এফ. টরেস', 'hi': 'एफ. टोरेस'}}}",False,left-foot,low-left,"{'x': 0, 'y': 53.8, 'z': 17.1}",,0.19113233685493,0.23193293809891,"{'name': 'Bruno Ferreira', 'firstName': 'Bruno Ferreira', 'lastName': 'Ventura Diniz', 'slug': 'bruno-ferreira', 'shortName': 'B. Ferreira', 'position': 'G', 'jerseyNumber': '94', 'userCount': 352, 'gender': 'M', 'id': 1066241, 'fieldTranslations': {'nameTranslation': {'ar': 'برونو فيريرا'}, 'shortNameTranslation': {'ar': 'ب. فيريرا'}}}",6313995,17,,980,"{'start': {'x': 41.2, 'y': 9.3}, 'end': {'x': 46.2, 'y': 0}, 'goal': {'x': 46.2, 'y': 82.9}}",29,1720,980,shot,regular,13472591,9.3,41.2,91.12590191597558,4.578599385538167,8303.93,417.22899851909705,8.799999999999997,90.7,,0,0,17,1,0.2825144
"{'name': 'Pedro Raul', 'slug': 'pedro-raul', 'shortName': 'P. Raul', 'position': 'F', 'jerseyNumber': '18', 'userCount': 7093, 'gender': 'M', 'id': 866911, 'fieldTranslations': {'nameTranslation': {'ar': 'بيدرو راوول', 'bn': 'পেদ্রো রাউল', 'hi': 'पेड्रो राउल'}, 'shortNameTranslation': {'ar': 'ب. راوول', 'bn': 'পি. রাউল', 'hi': 'पी. राउल'}}}",True,other,low-centre,"{'x': 0, 'y': 48.7, 'z': 10.8}",,0.94749200344086,0.99329316616058,"{'name': 'Marcelo Lomba', 'firstName': '', 'lastName': '', 'slug': 'marcelo-lomba', 'shortName': 'M. Lomba', 'position': 'G', 'jerseyNumber': '14', 'userCount': 2248, 'gender': 'M', 'id': 34141, 'fieldTranslations': {'nameTranslation': {'ar': 'مارسيلو لومبا', 'bn': 'মার্সেলো লোম্বা', 'hi': 'मार्सेलो लोम्बा'}, 'shortNameTranslation': {'ar': 'م. لومبا', 'bn': 'এম. লোম্বা', 'hi': 'एम. लोम्बा'}}}",6313954,12,,679,"{'start': {'x': 52, 'y': 1.6}, 'end': {'x': 51.3, 'y': 0}, 'goal': {'x': 51.3, 'y': 89.2}}",34,2021,679,shot,regular,13472591,1.6,52.0,98.42032310452959,4.258527859446374,9686.56,419.12568787635286,2.0,98.4,,0,1,12,1,0.6695827
"{'name': 'Ramón Sosa', 'slug': 'ramon-sosa', 'shortName': 'R. Sosa', 'position': 'F', 'jerseyNumber': '19', 'userCount': 8373, 'gender': 'M', 'id': 1015733, 'fieldTranslations': {'nameTranslation': {'ar': 'رامون سوسا', 'bn': 'রামন সোসা', 'hi': 'रामोन सोसा'}, 'shortNameTranslation': {'ar': 'ر. سوسا', 'bn': 'আর. সোসা', 'hi': 'आर. सोसा'}}}",False,right-foot,close-right,"{'x': 0, 'y': 41.7, 'z': 12.5}",,0.61432403326035,0.0,"{'name': 'Bruno Ferreira', 'firstName': 'Bruno Ferreira', 'lastName': 'Ventura Diniz', 'slug': 'bruno-ferreira', 'shortName': 'B. Ferreira', 'position': 'G', 'jerseyNumber': '94', 'userCount': 352, 'gender': 'M', 'id': 1066241, 'fieldTranslations': {'nameTranslation': {'ar': 'برونو فيريرا'}, 'shortNameTranslation': {'ar': 'ب. فيريرا'}}}",6313929,9,,499,"{'start': {'x': 55.1, 'y': 16}, 'end': {'x': 58.3, 'y': 0}, 'goal': {'x': 58.3, 'y': 87.5}}",37,2201,499,shot,,13472591,16.0,55.1,84.15467901430081,4.971493516746457,7082.010000000001,418.3744411234756,5.100000000000001,84.0,,0,0,9,0,0.02952027
