player,isHome,shotType,situation,playerCoordinates,bodyPart,goalMouthLocation,goalMouthCoordinates,blockCoordinates,xg,xgot,goalkeeper,id,time,addedTime,timeSeconds,draw,reversedPeriodTime,reversedPeriodTimeSeconds,periodTimeSeconds,incidentType,goalType,match_id
"{'name': 'Alexsander', 'firstName': 'Alexsander', 'slug': 'alexsander', 'shortName': 'Alexsander', 'position': 'M', 'jerseyNumber': '5', 'userCount': 1979, 'gender': 'M', 'id': 1185617, 'fieldTranslations': {'nameTranslation': {'ar': 'Gomes da Costa, Alexsander Cristhian'}, 'shortNameTranslation': {'ar': 'A. C. G. d. Costa'}}}",True,miss,assisted,"{'x': 55.6, 'y': 48.6, 'z': 0}",left-foot,right,"{'x': 0, 'y': 34.5, 'z': 19.4}","{'x': 1.6, 'y': 64.3, 'z': 0}",0.0084802620112896,0.0,"{'name': 'Agustín Rossi', 'slug': 'agustin-rossi', 'shortName': 'A. Rossi', 'position': 'G', 'jerseyNumber': '1', 'userCount': 10903, 'gender': 'M', 'sofascoreId': 'AgustinRossi', 'id': 1140986, 'fieldTranslations': {'nameTranslation': {'ar': 'أوغستين روسي', 'bn': 'অগাস্টিন রসি', 'hi': 'अगस्टिन रॉसी'}, 'shortNameTranslation': {'ar': 'أ. روسي', 'bn': 'অগাস্টিন রসি', 'hi': 'अगस्टिन रॉसी'}}}",6247223,90,4.0,5609,"{'start': {'x': 48.6, 'y': 55.6}, 'block': {'x': 64.3, 'y': 1.6}, 'end': {'x': 65.5, 'y': 0}, 'goal': {'x': 65.5, 'y': 80.6}}",1,691,209,shot,,13472615
"{'name': 'Bruno Henrique', 'slug': 'bruno-henrique', 'shortName': 'B. Henrique', 'position': 'F', 'jerseyNumber': '27', 'userCount': 33804, 'gender': 'M', 'sofascoreId': 'B.henrique', 'id': 795291, 'fieldTranslations': {'nameTranslation': {'ar': 'برونو هنريكي', 'bn': 'ব্রুনো হেনরিক', 'hi': 'ब्रूनो हेनरिक'}, 'shortNameTranslation': {'ar': 'ب. هنريكي', 'bn': 'বি. হেনরিক', 'hi': 'बी. हेनरिक'}}}",False,goal,assisted,"{'x': 9.2, 'y': 45.1, 'z': 0}",head,low-right,"{'x': 0, 'y': 45.8, 'z': 10.1}",,0.055576875805855,0.61474347114563,"{'name': 'Everson', 'slug': 'everson', 'shortName': 'Everson', 'position': 'G', 'jerseyNumber': '22', 'userCount': 2199, 'gender': 'M', 'id': 870748, 'fieldTranslations': {'nameTranslation': {'ar': 'إيفرسون', 'bn': 'এভারসন', 'hi': 'एवरसन'}, 'shortNameTranslation': {'ar': 'إيفرسون', 'bn': 'এভারসন', 'hi': 'एवरसन'}}}",6247221,90,2.0,5506,"{'start': {'x': 45.1, 'y': 9.2}, 'end': {'x': 54.2, 'y': 0}, 'goal': {'x': 54.2, 'y': 89.9}}",1,794,106,shot,regular,13472615
"{'name': 'Bruno Henrique', 'slug': 'bruno-henrique', 'shortName': 'B. Henrique', 'position': 'F', 'jerseyNumber': '27', 'userCount': 33804, 'gender': 'M', 'sofascoreId': 'B.henrique', 'id': 795291, 'fieldTranslations': {'nameTranslation': {'ar': 'برونو هنريكي', 'bn': 'ব্রুনো হেনরিক', 'hi': 'ब्रूनो हेनरिक'}, 'shortNameTranslation': {'ar': 'ب. هنريكي', 'bn': 'বি. হেনরিক', 'hi': 'बी. हेनरिक'}}}",False,miss,corner,"{'x': 9, 'y': 43.6, 'z': 0}",right-foot,left,"{'x': 0, 'y': 62, 'z': 12.5}",,0.081383511424065,0.0,"{'name': 'Everson', 'slug': 'everson', 'shortName': 'Everson', 'position': 'G', 'jerseyNumber': '22', 'userCount': 2199, 'gender': 'M', 'id': 870748, 'fieldTranslations': {'nameTranslation': {'ar': 'إيفرسون', 'bn': 'এভারসন', 'hi': 'एवरसन'}, 'shortNameTranslation': {'ar': 'إيفرسون', 'bn': 'এভারসন', 'hi': 'एवरसन'}}}",6247218,90,,5366,"{'start': {'x': 43.6, 'y': 9}, 'end': {'x': 38, 'y': 0}, 'goal': {'x': 38, 'y': 87.5}}",1,34,2666,shot,,13472615
"{'name': 'Giorgian De Arrascaeta', 'slug': 'giorgian-de-arrascaeta', 'shortName': 'Arrascaeta', 'position': 'M', 'jerseyNumber': '10', 'userCount': 86628, 'gender': 'M', 'sofascoreId': 'G10DeArrascaeta', 'id': 333587, 'fieldTranslations': {'nameTranslation': {'ar': 'جيورجيان دي أراسكايتا', 'bn': 'জর্জিয়ান ডি আরাসকায়েটা', 'hi': 'जियोर्जियन डी अर्रास्काटा'}, 'shortNameTranslation': {'ar': 'ج. دي أراسكايتا', 'bn': 'জি. ডি আরাসকায়েটা', 'hi': 'जी. डी अर्रास्काटा'}}}",False,block,corner,"{'x': 12.2, 'y': 37.9, 'z': 0}",right-foot,low-left,"{'x': 0, 'y': 52.4, 'z': 19}","{'x': 4.2, 'y': 44.2, 'z': 0}",0.049820404499769,0.0,"{'name': 'Everson', 'slug': 'everson', 'shortName': 'Everson', 'position': 'G', 'jerseyNumber': '22', 'userCount': 2199, 'gender': 'M', 'id': 870748, 'fieldTranslations': {'nameTranslation': {'ar': 'إيفرسون', 'bn': 'এভারসন', 'hi': 'एवरसन'}, 'shortNameTranslation': {'ar': 'إيفرسون', 'bn': 'এভারসন', 'hi': 'एवरसन'}}}",6247217,90,,5363,"{'start': {'x': 37.9, 'y': 12.2}, 'block': {'x': 44.2, 'y': 4.2}, 'end': {'x': 47.6, 'y': 0}, 'goal': {'x': 47.6, 'y': 81}}",1,37,2663,shot,,13472615
"{'name': 'Gonzalo Plata', 'slug': 'gonzalo-plata', 'shortName': 'G. Plata', 'position': 'M', 'jerseyNumber': '19', 'userCount': 20504, 'gender': 'M', 'sofascoreId': 'gonzaloplata', 'id': 937937, 'fieldTranslations': {'nameTranslation': {'ar': 'غونزالو بلاتا', 'bn': 'গঞ্জালো প্লাটা', 'hi': 'गोंजालो प्लाटा'}, 'shortNameTranslation': {'ar': 'غ. بلاتا', 'bn': 'জি.প্লাটা', 'hi': 'जी. प्लाटा'}}}",False,post,assisted,"{'x': 8.7, 'y': 56.6, 'z': 0}",head,left,"{'x': 0, 'y': 55.4, 'z': 16.5}",,0.050920132547617,0.0,"{'name': 'Everson', 'slug': 'everson', 'shortName': 'Everson', 'position': 'G', 'jerseyNumber': '22', 'userCount': 2199, 'gender': 'M', 'id': 870748, 'fieldTranslations': {'nameTranslation': {'ar': 'إيفرسون', 'bn': 'এভারসন', 'hi': 'एवरसन'}, 'shortNameTranslation': {'ar': 'إيفرسون', 'bn': 'এভারসন', 'hi': 'एवरसन'}}}",6247215,89,,5334,"{'start': {'x': 56.6, 'y': 8.7}, 'end': {'x': 44.6, 'y': 0}, 'goal': {'x': 44.6, 'y': 83.5}}",2,66,2634,shot,,13472615
"{'name': 'Caio Paulista', 'slug': 'caio-paulista', 'shortName': 'C. Paulista', 'position': 'D', 'jerseyNumber': '38', 'userCount': 1649, 'gender': 'M', 'id': 931591, 'fieldTranslations': {'nameTranslation': {'ar': 'كايو باوليستا', 'bn': 'কাইও পলিস্তা', 'hi': 'कैयो पॉलिस्ता'}, 'shortNameTranslation': {'ar': 'ك. باوليستا', 'bn': 'সি. পলিস্তা', 'hi': 'सी. पॉलिस्ता'}}}",True,block,fast-break,"{'x': 13.2, 'y': 65.5, 'z': 0}",left-foot,low-centre,"{'x': 0, 'y': 50.3, 'z': 19}","{'x': 11.1, 'y': 63, 'z': 0}",0.067913383245468,0.0,"{'name': 'Agustín Rossi', 'slug': 'agustin-rossi', 'shortName': 'A. Rossi', 'position': 'G', 'jerseyNumber': '1', 'userCount': 10903, 'gender': 'M', 'sofascoreId': 'AgustinRossi', 'id': 1140986, 'fieldTranslations': {'nameTranslation': {'ar': 'أوغستين روسي', 'bn': 'অগাস্টিন রসি', 'hi': 'अगस्टिन रॉसी'}, 'shortNameTranslation': {'ar': 'أ. روسي', 'bn': 'অগাস্টিন রসি', 'hi': 'अगस्टिन रॉसी'}}}",6247197,85,,5061,"{'start': {'x': 65.5, 'y': 13.2}, 'block': {'x': 63, 'y': 11.1}, 'end': {'x': 49.7, 'y': 0}, 'goal': {'x': 49.7, 'y': 81}}",6,339,2361,shot,,13472615
"{'name': 'Everton', 'firstName': 'Everton', 'slug': 'everton', 'shortName': 'Everton', 'position': 'M', 'jerseyNumber': '11', 'userCount': 12417, 'gender': 'M', 'sofascoreId': 'Evertons', 'id': 386198, 'fieldTranslations': {'nameTranslation': {'ar': 'إيفرتون', 'bn': 'এভারটন', 'hi': 'एवर्टन'}, 'shortNameTranslation': {'ar': 'إيفرتون', 'bn': 'এভারটন', 'hi': 'एवर्टन'}}}",False,block,assisted,"{'x': 14.3, 'y': 42.1, 'z': 0}",right-foot,low-centre,"{'x': 0, 'y': 50.6, 'z': 19}","{'x': 9.4, 'y': 44.6, 'z': 0}",0.13956488668919,0.0,"{'name': 'Everson', 'slug': 'everson', 'shortName': 'Everson', 'position': 'G', 'jerseyNumber': '22', 'userCount': 2199, 'gender': 'M', 'id': 870748, 'fieldTranslations': {'nameTranslation': {'ar': 'إيفرسون', 'bn': 'এভারসন', 'hi': 'एवरसन'}, 'shortNameTranslation': {'ar': 'إيفرسون', 'bn': 'এভারসন', 'hi': 'एवरसन'}}}",6247196,85,,5046,"{'start': {'x': 42.1, 'y': 14.3}, 'block': {'x': 44.6, 'y': 9.4}, 'end': {'x': 49.4, 'y': 0}, 'goal': {'x': 49.4, 'y': 81}}",6,354,2346,shot,,13472615
"{'name': 'Giorgian De Arrascaeta', 'slug': 'giorgian-de-arrascaeta', 'shortName': 'Arrascaeta', 'position': 'M', 'jerseyNumber': '10', 'userCount': 86628, 'gender': 'M', 'sofascoreId': 'G10DeArrascaeta', 'id': 333587, 'fieldTranslations': {'nameTranslation': {'ar': 'جيورجيان دي أراسكايتا', 'bn': 'জর্জিয়ান ডি আরাসকায়েটা', 'hi': 'जियोर्जियन डी अर्रास्काटा'}, 'shortNameTranslation': {'ar': 'ج. دي أراسكايتا', 'bn': 'জি. ডি আরাসকায়েটা', 'hi': 'जी. डी अर्रास्काटा'}}}",False,block,assisted,"{'x': 12.4, 'y': 44.2, 'z': 0}",head,low-centre,"{'x': 0, 'y': 50.6, 'z': 19}","{'x': 10.2, 'y': 45.1, 'z': 0}",0.025380797684193,0.0,"{'name': 'Everson', 'slug': 'everson', 'shortName': 'Everson', 'position': 'G', 'jerseyNumber': '22', 'userCount': 2199, 'gender': 'M', 'id': 870748, 'fieldTranslations': {'nameTranslation': {'ar': 'إيفرسون', 'bn': 'এভারসন', 'hi': 'एवरसन'}, 'shortNameTranslation': {'ar': 'إيفرسون', 'bn': 'এভারসন', 'hi': 'एवरसन'}}}",6247213,81,,4845,"{'start': {'x': 44.2, 'y': 12.4}, 'block': {'x': 45.1, 'y': 10.2}, 'end': {'x': 49.4, 'y': 0}, 'goal': {'x': 49.4, 'y': 81}}",10,555,2145,shot,,13472615
"{'name': 'Giorgian De Arrascaeta', 'slug': 'giorgian-de-arrascaeta', 'shortName': 'Arrascaeta', 'position': 'M', 'jerseyNumber': '10', 'userCount': 86628, 'gender': 'M', 'sofascoreId': 'G10DeArrascaeta', 'id': 333587, 'fieldTranslations': {'nameTranslation': {'ar': 'جيورجيان دي أراسكايتا', 'bn': 'জর্জিয়ান ডি আরাসকায়েটা', 'hi': 'जियोर्जियन डी अर्रास्काटा'}, 'shortNameTranslation': {'ar': 'ج. دي أراسكايتا', 'bn': 'জি. ডি আরাসকায়েটা', 'hi': 'जी. डी अर्रास्काटा'}}}",False,block,assisted,"{'x': 19.8, 'y': 43.6, 'z': 0}",left-foot,low-centre,"{'x': 0, 'y': 51.5, 'z': 19}","{'x': 15.1, 'y': 44.8, 'z': 0}",0.03280857950449,0.0,"{'name': 'Everson', 'slug': 'everson', 'shortName': 'Everson', 'position': 'G', 'jerseyNumber': '22', 'userCount': 2199, 'gender': 'M', 'id': 870748, 'fieldTranslations': {'nameTranslation': {'ar': 'إيفرسون', 'bn': 'এভারসন', 'hi': 'एवरसन'}, 'shortNameTranslation': {'ar': 'إيفرسون', 'bn': 'এভারসন', 'hi': 'एवरसन'}}}",6247193,77,,4570,"{'start': {'x': 43.6, 'y': 19.8}, 'block': {'x': 44.8, 'y': 15.1}, 'end': {'x': 48.5, 'y': 0}, 'goal': {'x': 48.5, 'y': 81}}",14,830,1870,shot,,13472615
"{'name': 'Renzo Saravia', 'firstName': '', 'lastName': '', 'slug': 'renzo-saravia', 'shortName': 'R. Saravia', 'position': 'D', 'jerseyNumber': '26', 'userCount': 1136, 'gender': 'M', 'id': 315916, 'fieldTranslations': {'nameTranslation': {'ar': 'رينزو سارافيا', 'bn': 'রেনজো সারাভিয়া', 'hi': 'रेन्ज़ो साराविया'}, 'shortNameTranslation': {'ar': 'ر. سارافيا', 'bn': 'আর. সারাভিয়া', 'hi': 'आर. साराविया'}}}",True,save,corner,"{'x': 6.1, 'y': 64, 'z': 0}",right-foot,low-right,"{'x': 0, 'y': 45.8, 'z': 2.5}","{'x': 0.5, 'y': 52.7, 'z': 0}",0.033872548490763,0.36985409259796,"{'name': 'Agustín Rossi', 'slug': 'agustin-rossi', 'shortName': 'A. Rossi', 'position': 'G', 'jerseyNumber': '1', 'userCount': 10903, 'gender': 'M', 'sofascoreId': 'AgustinRossi', 'id': 1140986, 'fieldTranslations': {'nameTranslation': {'ar': 'أوغستين روسي', 'bn': 'অগাস্টিন রসি', 'hi': 'अगस्टिन रॉसी'}, 'shortNameTranslation': {'ar': 'أ. روسي', 'bn': 'অগাস্টিন রসি', 'hi': 'अगस्टिन रॉसी'}}}",6247135,75,,4456,"{'start': {'x': 64, 'y': 6.1}, 'block': {'x': 52.7, 'y': 0.5}, 'end': {'x': 54.2, 'y': 0}, 'goal': {'x': 54.2, 'y': 97.5}}",16,944,1756,shot,,13472615
"{'name': 'Samuel Lino', 'slug': 'samuel-lino', 'shortName': 'S. Lino', 'position': 'M', 'jerseyNumber': '16', 'userCount': 22216, 'gender': 'M', 'sofascoreId': 'osamuellino', 'id': 874705, 'fieldTranslations': {'nameTranslation': {'ar': 'صامويل لينو', 'bn': 'স্যামুয়েল লিনো', 'hi': 'सैमुअल लिनो'}, 'shortNameTranslation': {'ar': 'ص. لينو', 'bn': 'এস. লিনো', 'hi': 'एस. लिनो'}}}",False,save,assisted,"{'x': 7.7, 'y': 43, 'z': 0}",head,low-centre,"{'x': 0, 'y': 49.4, 'z': 13.3}","{'x': 1.9, 'y': 47.5, 'z': 0}",0.25290769338608,0.16933897137642,"{'name': 'Everson', 'slug': 'everson', 'shortName': 'Everson', 'position': 'G', 'jerseyNumber': '22', 'userCount': 2199, 'gender': 'M', 'id': 870748, 'fieldTranslations': {'nameTranslation': {'ar': 'إيفرسون', 'bn': 'এভারসন', 'hi': 'एवरसन'}, 'shortNameTranslation': {'ar': 'إيفرسون', 'bn': 'এভারসন', 'hi': 'एवरसन'}}}",6247078,59,,3526,"{'start': {'x': 43, 'y': 7.7}, 'block': {'x': 47.5, 'y': 1.9}, 'end': {'x': 50.6, 'y': 0}, 'goal': {'x': 50.6, 'y': 86.7}}",32,1874,826,shot,,13472615
"{'name': 'Rony', 'slug': 'rony', 'shortName': 'Rony', 'position': 'F', 'jerseyNumber': '11', 'userCount': 5649, 'gender': 'M', 'sofascoreId': 'Rony', 'id': 835260, 'fieldTranslations': {'nameTranslation': {'ar': 'روني', 'bn': 'রনি', 'hi': 'रोनी'}, 'shortNameTranslation': {'ar': 'روني', 'bn': 'রনি', 'hi': 'रोनी'}}}",True,save,assisted,"{'x': 7.1, 'y': 70.9, 'z': 0}",right-foot,low-right,"{'x': 0, 'y': 47, 'z': 2.5}","{'x': 6.2, 'y': 68.4, 'z': 0}",0.15115457773209,0.26745527982712,"{'name': 'Agustín Rossi', 'slug': 'agustin-rossi', 'shortName': 'A. Rossi', 'position': 'G', 'jerseyNumber': '1', 'userCount': 10903, 'gender': 'M', 'sofascoreId': 'AgustinRossi', 'id': 1140986, 'fieldTranslations': {'nameTranslation': {'ar': 'أوغستين روسي', 'bn': 'অগাস্টিন রসি', 'hi': 'अगस्टिन रॉसी'}, 'shortNameTranslation': {'ar': 'أ. روسي', 'bn': 'অগাস্টিন রসি', 'hi': 'अगस्टिन रॉसी'}}}",6247076,58,,3436,"{'start': {'x': 70.9, 'y': 7.1}, 'block': {'x': 68.4, 'y': 6.2}, 'end': {'x': 53, 'y': 0}, 'goal': {'x': 53, 'y': 97.5}}",33,1964,736,shot,,13472615
"{'name': 'Dudu', 'slug': 'dudu', 'shortName': 'Dudu', 'position': 'F', 'jerseyNumber': '92', 'userCount': 5173, 'gender': 'M', 'sofascoreId': '7_dudu', 'id': 147464, 'fieldTranslations': {'nameTranslation': {'ar': 'دودو'}, 'shortNameTranslation': {'ar': 'دودو'}}}",True,miss,regular,"{'x': 10.6, 'y': 29.7, 'z': 0}",left-foot,high-left,"{'x': 0, 'y': 58.3, 'z': 86.1}",,0.036143947392702,0.0,"{'name': 'Agustín Rossi', 'slug': 'agustin-rossi', 'shortName': 'A. Rossi', 'position': 'G', 'jerseyNumber': '1', 'userCount': 10903, 'gender': 'M', 'sofascoreId': 'AgustinRossi', 'id': 1140986, 'fieldTranslations': {'nameTranslation': {'ar': 'أوغستين روسي', 'bn': 'অগাস্টিন রসি', 'hi': 'अगस्टिन रॉसी'}, 'shortNameTranslation': {'ar': 'أ. روسي', 'bn': 'অগাস্টিন রসি', 'hi': 'अगस्टिन रॉसी'}}}",6247000,48,,2821,"{'start': {'x': 29.7, 'y': 10.6}, 'end': {'x': 41.7, 'y': 0}, 'goal': {'x': 41.7, 'y': 13.9}}",43,2579,121,shot,,13472615
"{'name': 'Wallace Yan', 'firstName': 'Wallace', 'slug': 'wallace', 'shortName': 'Wallace', 'position': 'F', 'jerseyNumber': '64', 'userCount': 6407, 'gender': 'M', 'id': 1466084, 'fieldTranslations': {'nameTranslation': {'ar': 'والاس يان', 'bn': 'ওয়ালেস ইয়ান', 'hi': 'वालेस यान'}, 'shortNameTranslation': {'ar': 'والاس', 'bn': 'ওয়ালেস', 'hi': 'वालेस'}}}",False,miss,assisted,"{'x': 11.3, 'y': 59.5, 'z': 0}",right-foot,left,"{'x': 0, 'y': 61.2, 'z': 2.8}",,0.14890624582767,0.0,"{'name': 'Everson', 'slug': 'everson', 'shortName': 'Everson', 'position': 'G', 'jerseyNumber': '22', 'userCount': 2199, 'gender': 'M', 'id': 870748, 'fieldTranslations': {'nameTranslation': {'ar': 'إيفرسون', 'bn': 'এভারসন', 'hi': 'एवरसन'}, 'shortNameTranslation': {'ar': 'إيفرسون', 'bn': 'এভারসন', 'hi': 'एवरसन'}}}",6246932,45,1.0,2709,"{'start': {'x': 59.5, 'y': 11.3}, 'end': {'x': 38.8, 'y': 0}, 'goal': {'x': 38.8, 'y': 97.2}}",1,2691,9,shot,,13472615
"{'name': 'Alexsander', 'firstName': 'Alexsander', 'slug': 'alexsander', 'shortName': 'Alexsander', 'position': 'M', 'jerseyNumber': '5', 'userCount': 1979, 'gender': 'M', 'id': 1185617, 'fieldTranslations': {'nameTranslation': {'ar': 'Gomes da Costa, Alexsander Cristhian'}, 'shortNameTranslation': {'ar': 'A. C. G. d. Costa'}}}",True,miss,assisted,"{'x': 24.4, 'y': 39.3, 'z': 0}",left-foot,right,"{'x': 0, 'y': 38.3, 'z': 8.3}",,0.026402667164803,0.0,"{'name': 'Agustín Rossi', 'slug': 'agustin-rossi', 'shortName': 'A. Rossi', 'position': 'G', 'jerseyNumber': '1', 'userCount': 10903, 'gender': 'M', 'sofascoreId': 'AgustinRossi', 'id': 1140986, 'fieldTranslations': {'nameTranslation': {'ar': 'أوغستين روسي', 'bn': 'অগাস্টিন রসি', 'hi': 'अगस्टिन रॉसी'}, 'shortNameTranslation': {'ar': 'أ. روسي', 'bn': 'অগাস্টিন রসি', 'hi': 'अगस्टिन रॉसी'}}}",6246930,45,,2644,"{'start': {'x': 39.3, 'y': 24.4}, 'end': {'x': 61.7, 'y': 0}, 'goal': {'x': 61.7, 'y': 91.7}}",1,56,2644,shot,,13472615
"{'name': 'Léo Pereira', 'slug': 'leo-pereira', 'shortName': 'L. Pereira', 'position': 'D', 'jerseyNumber': '4', 'userCount': 8485, 'gender': 'M', 'sofascoreId': 'leopereira4', 'id': 358548, 'fieldTranslations': {'nameTranslation': {'ar': 'ليو بيريرا', 'bn': 'লিও পেরেইরা', 'hi': 'लियो परेरा'}, 'shortNameTranslation': {'ar': 'ل. بيريرا', 'bn': 'এল. পেরেরা', 'hi': 'एल. परेरा'}}}",False,miss,corner,"{'x': 2.7, 'y': 49, 'z': 0}",left-foot,high,"{'x': 0, 'y': 51.1, 'z': 84.7}",,0.85620492696762,0.0,"{'name': 'Everson', 'slug': 'everson', 'shortName': 'Everson', 'position': 'G', 'jerseyNumber': '22', 'userCount': 2199, 'gender': 'M', 'id': 870748, 'fieldTranslations': {'nameTranslation': {'ar': 'إيفرسون', 'bn': 'এভারসন', 'hi': 'एवरसन'}, 'shortNameTranslation': {'ar': 'إيفرسون', 'bn': 'এভারসন', 'hi': 'एवरसन'}}}",6246900,41,,2413,"{'start': {'x': 49, 'y': 2.7}, 'end': {'x': 48.9, 'y': 0}, 'goal': {'x': 48.9, 'y': 15.3}}",5,287,2413,shot,,13472615
"{'name': 'Samuel Lino', 'slug': 'samuel-lino', 'shortName': 'S. Lino', 'position': 'M', 'jerseyNumber': '16', 'userCount': 22216, 'gender': 'M', 'sofascoreId': 'osamuellino', 'id': 874705, 'fieldTranslations': {'nameTranslation': {'ar': 'صامويل لينو', 'bn': 'স্যামুয়েল লিনো', 'hi': 'सैमुअल लिनो'}, 'shortNameTranslation': {'ar': 'ص. لينو', 'bn': 'এস. লিনো', 'hi': 'एस. लिनो'}}}",False,save,fast-break,"{'x': 22.5, 'y': 26.2, 'z': 0}",right-foot,low-right,"{'x': 0, 'y': 47.4, 'z': 19}","{'x': 2, 'y': 47.8, 'z': 0}",0.020941395312548,0.051039751619101,"{'name': 'Everson', 'slug': 'everson', 'shortName': 'Everson', 'position': 'G', 'jerseyNumber': '22', 'userCount': 2199, 'gender': 'M', 'id': 870748, 'fieldTranslations': {'nameTranslation': {'ar': 'إيفرسون', 'bn': 'এভারসন', 'hi': 'एवरसन'}, 'shortNameTranslation': {'ar': 'إيفرسون', 'bn': 'এভারসন', 'hi': 'एवरसन'}}}",6246899,40,,2382,"{'start': {'x': 26.2, 'y': 22.5}, 'block': {'x': 47.8, 'y': 2}, 'end': {'x': 52.6, 'y': 0}, 'goal': {'x': 52.6, 'y': 81}}",6,318,2382,shot,,13472615
"{'name': 'Ayrton Lucas', 'slug': 'ayrton-lucas', 'shortName': 'A. Lucas', 'position': 'D', 'jerseyNumber': '6', 'userCount': 7172, 'gender': 'M', 'sofascoreId': 'AyrtonLucas', 'id': 818473, 'fieldTranslations': {'nameTranslation': {'ar': 'آيرتون لوكاس', 'bn': 'আয়ার্টন লুকাস', 'hi': 'आयर्टन लुकास'}, 'shortNameTranslation': {'ar': 'آ. لوكاس', 'bn': 'আয়ার্টন লুকাস', 'hi': 'आयर्टन लुकास'}}}",False,miss,assisted,"{'x': 10.2, 'y': 40.6, 'z': 0}",left-foot,right,"{'x': 0, 'y': 37.6, 'z': 4.2}",,0.18640211224556,0.0,"{'name': 'Everson', 'slug': 'everson', 'shortName': 'Everson', 'position': 'G', 'jerseyNumber': '22', 'userCount': 2199, 'gender': 'M', 'id': 870748, 'fieldTranslations': {'nameTranslation': {'ar': 'إيفرسون', 'bn': 'এভারসন', 'hi': 'एवरसन'}, 'shortNameTranslation': {'ar': 'إيفرسون', 'bn': 'এভারসন', 'hi': 'एवरसन'}}}",6246896,37,,2182,"{'start': {'x': 40.6, 'y': 10.2}, 'end': {'x': 62.4, 'y': 0}, 'goal': {'x': 62.4, 'y': 95.8}}",9,518,2182,shot,,13472615
"{'name': 'Bernard', 'slug': 'bernard', 'shortName': 'Bernard', 'position': 'M', 'jerseyNumber': '11', 'userCount': 2377, 'gender': 'M', 'id': 241488, 'fieldTranslations': {'nameTranslation': {'ar': 'برنارد', 'bn': 'বার্নার্ড', 'hi': 'बर्नार्ड'}, 'shortNameTranslation': {'ar': 'برنارد', 'bn': 'বার্নার্ড', 'hi': 'बर्नार्ड'}}}",True,goal,assisted,"{'x': 4.2, 'y': 50.3, 'z': 0}",right-foot,low-centre,"{'x': 0, 'y': 48.4, 'z': 5.7}",,0.69997435808182,0.98014783859253,"{'name': 'Agustín Rossi', 'slug': 'agustin-rossi', 'shortName': 'A. Rossi', 'position': 'G', 'jerseyNumber': '1', 'userCount': 10903, 'gender': 'M', 'sofascoreId': 'AgustinRossi', 'id': 1140986, 'fieldTranslations': {'nameTranslation': {'ar': 'أوغستين روسي', 'bn': 'অগাস্টিন রসি', 'hi': 'अगस्टिन रॉसी'}, 'shortNameTranslation': {'ar': 'أ. روسي', 'bn': 'অগাস্টিন রসি', 'hi': 'अगस्टिन रॉसी'}}}",6246891,34,,2039,"{'start': {'x': 50.3, 'y': 4.2}, 'end': {'x': 51.6, 'y': 0}, 'goal': {'x': 51.6, 'y': 94.3}}",12,661,2039,shot,regular,13472615
"{'name': 'Samuel Lino', 'slug': 'samuel-lino', 'shortName': 'S. Lino', 'position': 'M', 'jerseyNumber': '16', 'userCount': 22216, 'gender': 'M', 'sofascoreId': 'osamuellino', 'id': 874705, 'fieldTranslations': {'nameTranslation': {'ar': 'صامويل لينو', 'bn': 'স্যামুয়েল লিনো', 'hi': 'सैमुअल लिनो'}, 'shortNameTranslation': {'ar': 'ص. لينو', 'bn': 'এস. লিনো', 'hi': 'एस. लिनो'}}}",False,save,corner,"{'x': 4.2, 'y': 43.8, 'z': 0}",head,low-left,"{'x': 0, 'y': 53.4, 'z': 6.3}","{'x': 0.59999999999999, 'y': 46.7, 'z': 0}",0.12648396193981,0.33183014392853,"{'name': 'Everson', 'slug': 'everson', 'shortName': 'Everson', 'position': 'G', 'jerseyNumber': '22', 'userCount': 2199, 'gender': 'M', 'id': 870748, 'fieldTranslations': {'nameTranslation': {'ar': 'إيفرسون', 'bn': 'এভারসন', 'hi': 'एवरसन'}, 'shortNameTranslation': {'ar': 'إيفرسون', 'bn': 'এভারসন', 'hi': 'एवरसन'}}}",6246751,25,,1496,"{'start': {'x': 43.8, 'y': 4.2}, 'block': {'x': 46.7, 'y': 0.59999999999999}, 'end': {'x': 46.6, 'y': 0}, 'goal': {'x': 46.6, 'y': 93.7}}",21,1204,1496,shot,,13472615
"{'name': 'Samuel Lino', 'slug': 'samuel-lino', 'shortName': 'S. Lino', 'position': 'M', 'jerseyNumber': '16', 'userCount': 22216, 'gender': 'M', 'sofascoreId': 'osamuellino', 'id': 874705, 'fieldTranslations': {'nameTranslation': {'ar': 'صامويل لينو', 'bn': 'স্যামুয়েল লিনো', 'hi': 'सैमुअल लिनो'}, 'shortNameTranslation': {'ar': 'ص. لينو', 'bn': 'এস. লিনো', 'hi': 'एस. लिनो'}}}",False,post,assisted,"{'x': 6.7, 'y': 45, 'z': 0}",head,left,"{'x': 0, 'y': 54.9, 'z': 27.2}",,0.10704123973846,0.0,"{'name': 'Everson', 'slug': 'everson', 'shortName': 'Everson', 'position': 'G', 'jerseyNumber': '22', 'userCount': 2199, 'gender': 'M', 'id': 870748, 'fieldTranslations': {'nameTranslation': {'ar': 'إيفرسون', 'bn': 'এভারসন', 'hi': 'एवरसन'}, 'shortNameTranslation': {'ar': 'إيفرسون', 'bn': 'এভারসন', 'hi': 'एवरसन'}}}",6246748,25,,1440,"{'start': {'x': 45, 'y': 6.7}, 'end': {'x': 45.1, 'y': 0}, 'goal': {'x': 45.1, 'y': 72.8}}",21,1260,1440,shot,,13472615
"{'name': 'Dudu', 'slug': 'dudu', 'shortName': 'Dudu', 'position': 'F', 'jerseyNumber': '92', 'userCount': 5173, 'gender': 'M', 'sofascoreId': '7_dudu', 'id': 147464, 'fieldTranslations': {'nameTranslation': {'ar': 'دودو'}, 'shortNameTranslation': {'ar': 'دودو'}}}",True,save,fast-break,"{'x': 7.6, 'y': 41.5, 'z': 0}",head,high-centre,"{'x': 0, 'y': 49.8, 'z': 23.4}","{'x': 0.7, 'y': 48.6, 'z': 0}",0.080316282808781,0.050526760518551,"{'name': 'Agustín Rossi', 'slug': 'agustin-rossi', 'shortName': 'A. Rossi', 'position': 'G', 'jerseyNumber': '1', 'userCount': 10903, 'gender': 'M', 'sofascoreId': 'AgustinRossi', 'id': 1140986, 'fieldTranslations': {'nameTranslation': {'ar': 'أوغستين روسي', 'bn': 'অগাস্টিন রসি', 'hi': 'अगस्टिन रॉसी'}, 'shortNameTranslation': {'ar': 'أ. روسي', 'bn': 'অগাস্টিন রসি', 'hi': 'अगस्टिन रॉसी'}}}",6246720,19,,1124,"{'start': {'x': 41.5, 'y': 7.6}, 'block': {'x': 48.6, 'y': 0.7}, 'end': {'x': 50.2, 'y': 0}, 'goal': {'x': 50.2, 'y': 76.6}}",27,1576,1124,shot,,13472615
"{'name': 'Jorge Carrascal', 'slug': 'jorge-carrascal', 'shortName': 'J. Carrascal', 'position': 'M', 'jerseyNumber': '15', 'userCount': 14920, 'gender': 'M', 'id': 590392, 'fieldTranslations': {'nameTranslation': {'ar': 'جورج كاراسكال', 'bn': 'জর্জ ক্যারাস্কাল', 'hi': 'जॉर्ज कैरासकल'}, 'shortNameTranslation': {'ar': 'ج. كاراسكال', 'bn': 'জে. ক্যারাস্কাল', 'hi': 'जे. कैरासकल'}}}",False,miss,assisted,"{'x': 28.3, 'y': 48.4, 'z': 0}",right-foot,left,"{'x': 0, 'y': 67.7, 'z': 8.3}",,0.024266486987472,0.0,"{'name': 'Everson', 'slug': 'everson', 'shortName': 'Everson', 'position': 'G', 'jerseyNumber': '22', 'userCount': 2199, 'gender': 'M', 'id': 870748, 'fieldTranslations': {'nameTranslation': {'ar': 'إيفرسون', 'bn': 'এভারসন', 'hi': 'एवरसन'}, 'shortNameTranslation': {'ar': 'إيفرسون', 'bn': 'এভারসন', 'hi': 'एवरसन'}}}",6246708,8,,436,"{'start': {'x': 48.4, 'y': 28.3}, 'end': {'x': 32.3, 'y': 0}, 'goal': {'x': 32.3, 'y': 91.7}}",38,2264,436,shot,,13472615
"{'name': 'Gustavo Marques', 'firstName': 'Gustavo Marques', 'lastName': '', 'slug': 'gustavo-marques', 'shortName': 'G. Marques', 'position': 'D', 'jerseyNumber': '16', 'userCount': 371, 'gender': 'M', 'id': 1174764, 'fieldTranslations': {'nameTranslation': {'ar': 'غوستافو ماركيس'}, 'shortNameTranslation': {'ar': 'غ. ماركيس'}}}",True,save,regular,"{'x': 7.9, 'y': 44.1, 'z': 0}",head,low-left,"{'x': 0, 'y': 53.1, 'z': 18.4}","{'x': 0.5, 'y': 45.8, 'z': 0}",0.21785824000835,0.23295529186726,"{'name': 'Brenno', 'slug': 'brenno', 'shortName': 'Brenno', 'position': 'G', 'jerseyNumber': '12', 'userCount': 502, 'gender': 'M', 'id': 914481, 'fieldTranslations': {'nameTranslation': {'ar': 'برينو', 'bn': 'ব্রেনো', 'hi': 'ब्रेनो'}, 'shortNameTranslation': {'ar': 'ب. برينو', 'bn': 'ব্রেনো', 'hi': 'ब्रेनो'}}}",6252647,89,,5333,"{'start': {'x': 44.1, 'y': 7.9}, 'block': {'x': 45.8, 'y': 0.5}, 'end': {'x': 46.9, 'y': 0}, 'goal': {'x': 46.9, 'y': 81.6}}",2,67,2633,shot,,13472614
"{'name': 'Fernando', 'slug': 'fernando', 'shortName': 'Fernando', 'position': 'F', 'jerseyNumber': '11', 'userCount': 593, 'gender': 'M', 'id': 911195, 'fieldTranslations': {'nameTranslation': {'ar': 'فرناندو', 'bn': 'ফার্নান্দো', 'hi': 'फर्नांडो'}, 'shortNameTranslation': {'ar': 'فرناندو', 'bn': 'ফার্নান্দো', 'hi': 'फर्नांडो'}}}",True,block,assisted,"{'x': 11.6, 'y': 38.7, 'z': 0}",head,low-left,"{'x': 0, 'y': 52.9, 'z': 19}","{'x': 8.5, 'y': 39.3, 'z': 0}",0.016975216567516,0.0,"{'name': 'Brenno', 'slug': 'brenno', 'shortName': 'Brenno', 'position': 'G', 'jerseyNumber': '12', 'userCount': 502, 'gender': 'M', 'id': 914481, 'fieldTranslations': {'nameTranslation': {'ar': 'برينو', 'bn': 'ব্রেনো', 'hi': 'ब्रेनो'}, 'shortNameTranslation': {'ar': 'ب. برينو', 'bn': 'ব্রেনো', 'hi': 'ब्रेनो'}}}",6252648,89,,5321,"{'start': {'x': 38.7, 'y': 11.6}, 'block': {'x': 39.3, 'y': 8.5}, 'end': {'x': 47.1, 'y': 0}, 'goal': {'x': 47.1, 'y': 81}}",2,79,2621,shot,,13472614
"{'name': 'Isidro Pitta', 'slug': 'isidro-pitta', 'shortName': 'I. Pitta', 'position': 'F', 'jerseyNumber': '9', 'userCount': 1807, 'gender': 'M', 'id': 979861, 'fieldTranslations': {'nameTranslation': {'ar': 'إيسيدرو بيتا', 'bn': 'ইসিদ্রো পিত্তা', 'hi': 'इसिड्रो पिट्टा'}, 'shortNameTranslation': {'ar': 'إ. بيتا', 'bn': 'আই. পিট্টা', 'hi': 'आई. पिट्टा'}}}",True,block,assisted,"{'x': 19.5, 'y': 60.7, 'z': 0}",right-foot,low-centre,"{'x': 0, 'y': 49.3, 'z': 19}","{'x': 17, 'y': 59.4, 'z': 0}",0.033240422606468,0.0,"{'name': 'Brenno', 'slug': 'brenno', 'shortName': 'Brenno', 'position': 'G', 'jerseyNumber': '12', 'userCount': 502, 'gender': 'M', 'id': 914481, 'fieldTranslations': {'nameTranslation': {'ar': 'برينو', 'bn': 'ব্রেনো', 'hi': 'ब्रेनो'}, 'shortNameTranslation': {'ar': 'ب. برينو', 'bn': 'ব্রেনো', 'hi': 'ब्रेनो'}}}",6252645,88,,5252,"{'start': {'x': 60.7, 'y': 19.5}, 'block': {'x': 59.4, 'y': 17}, 'end': {'x': 50.7, 'y': 0}, 'goal': {'x': 50.7, 'y': 81}}",3,148,2552,shot,,13472614
"{'name': 'Eros Mancuso', 'firstName': 'Eros Mancuso', 'lastName': '', 'slug': 'eros-mancuso', 'shortName': 'E. Mancuso', 'position': 'D', 'jerseyNumber': '40', 'userCount': 489, 'gender': 'M', 'id': 1116624, 'fieldTranslations': {'nameTranslation': {'ar': 'إيروس مانكوسو'}, 'shortNameTranslation': {'ar': 'إ. مانكوسو'}}}",False,save,fast-break,"{'x': 41.2, 'y': 78.7, 'z': 0}",right-foot,high-centre,"{'x': 0, 'y': 49.2, 'z': 25.3}","{'x': 8.6, 'y': 56.7, 'z': 0}",0.019748101010919,0.030164860188961,"{'name': 'Cleiton', 'slug': 'cleiton', 'shortName': 'Cleiton', 'position': 'G', 'jerseyNumber': '1', 'userCount': 552, 'gender': 'M', 'id': 844576, 'fieldTranslations': {'nameTranslation': {'ar': 'كليتون'}, 'shortNameTranslation': {'ar': 'كليتون'}}}",6252641,86,,5114,"{'start': {'x': 78.7, 'y': 41.2}, 'block': {'x': 56.7, 'y': 8.6}, 'end': {'x': 50.8, 'y': 0}, 'goal': {'x': 50.8, 'y': 74.7}}",5,286,2414,shot,,13472614
"{'name': 'Fernando', 'slug': 'fernando', 'shortName': 'Fernando', 'position': 'F', 'jerseyNumber': '11', 'userCount': 593, 'gender': 'M', 'id': 911195, 'fieldTranslations': {'nameTranslation': {'ar': 'فرناندو', 'bn': 'ফার্নান্দো', 'hi': 'फर्नांडो'}, 'shortNameTranslation': {'ar': 'فرناندو', 'bn': 'ফার্নান্দো', 'hi': 'फर्नांडो'}}}",True,block,corner,"{'x': 9.8, 'y': 38.5, 'z': 0}",head,low-left,"{'x': 0, 'y': 53.4, 'z': 19}","{'x': 7.5, 'y': 40.4, 'z': 0}",0.0090780043974519,0.0,"{'name': 'Brenno', 'slug': 'brenno', 'shortName': 'Brenno', 'position': 'G', 'jerseyNumber': '12', 'userCount': 502, 'gender': 'M', 'id': 914481, 'fieldTranslations': {'nameTranslation': {'ar': 'برينو', 'bn': 'ব্রেনো', 'hi': 'ब्रेनो'}, 'shortNameTranslation': {'ar': 'ب. برينو', 'bn': 'ব্রেনো', 'hi': 'ब्रेनो'}}}",6252642,86,,5100,"{'start': {'x': 38.5, 'y': 9.8}, 'block': {'x': 40.4, 'y': 7.5}, 'end': {'x': 46.6, 'y': 0}, 'goal': {'x': 46.6, 'y': 81}}",5,300,2400,shot,,13472614
"{'name': 'Isidro Pitta', 'slug': 'isidro-pitta', 'shortName': 'I. Pitta', 'position': 'F', 'jerseyNumber': '9', 'userCount': 1807, 'gender': 'M', 'id': 979861, 'fieldTranslations': {'nameTranslation': {'ar': 'إيسيدرو بيتا', 'bn': 'ইসিদ্রো পিত্তা', 'hi': 'इसिड्रो पिट्टा'}, 'shortNameTranslation': {'ar': 'إ. بيتا', 'bn': 'আই. পিট্টা', 'hi': 'आई. पिट्टा'}}}",True,miss,assisted,"{'x': 13.5, 'y': 41.2, 'z': 0}",head,right,"{'x': 0, 'y': 26.7, 'z': 26.4}","{'x': 2.7, 'y': 64.6, 'z': 0}",0.015921363607049,0.0,"{'name': 'Brenno', 'slug': 'brenno', 'shortName': 'Brenno', 'position': 'G', 'jerseyNumber': '12', 'userCount': 502, 'gender': 'M', 'id': 914481, 'fieldTranslations': {'nameTranslation': {'ar': 'برينو', 'bn': 'ব্রেনো', 'hi': 'ब्रेनो'}, 'shortNameTranslation': {'ar': 'ب. برينو', 'bn': 'ব্রেনো', 'hi': 'ब्रेनो'}}}",6256902,84,,4983,"{'start': {'x': 41.2, 'y': 13.5}, 'block': {'x': 64.6, 'y': 2.7}, 'end': {'x': 73.3, 'y': 0}, 'goal': {'x': 73.3, 'y': 73.6}}",7,417,2283,shot,,13472614
"{'name': 'Lucas Barbosa', 'firstName': 'Lucas Barbosa', 'slug': 'lucas-barbosa', 'shortName': 'L. Barbosa', 'position': 'M', 'jerseyNumber': '21', 'userCount': 762, 'gender': 'M', 'id': 1067641, 'fieldTranslations': {'nameTranslation': {'ar': 'لوكاس باربوسا'}, 'shortNameTranslation': {'ar': 'ل. باربوسا'}}}",True,miss,assisted,"{'x': 8.6, 'y': 44.2, 'z': 0}",head,left,"{'x': 0, 'y': 62.4, 'z': 33.3}",,0.053790915757418,0.0,"{'name': 'Brenno', 'slug': 'brenno', 'shortName': 'Brenno', 'position': 'G', 'jerseyNumber': '12', 'userCount': 502, 'gender': 'M', 'id': 914481, 'fieldTranslations': {'nameTranslation': {'ar': 'برينو', 'bn': 'ব্রেনো', 'hi': 'ब्रेनो'}, 'shortNameTranslation': {'ar': 'ب. برينو', 'bn': 'ব্রেনো', 'hi': 'ब्रेनो'}}}",6252632,81,,4842,"{'start': {'x': 44.2, 'y': 8.6}, 'end': {'x': 37.6, 'y': 0}, 'goal': {'x': 37.6, 'y': 66.7}}",10,558,2142,shot,,13472614
"{'name': 'Adam Bareiro', 'slug': 'adam-bareiro', 'shortName': 'A. Bareiro', 'position': 'F', 'jerseyNumber': '9', 'userCount': 1294, 'gender': 'M', 'id': 871580, 'fieldTranslations': {'nameTranslation': {'ar': 'آدم باريرو', 'bn': 'অ্যাডাম বেরেইরো', 'hi': 'एडम बरेरो'}, 'shortNameTranslation': {'ar': 'آ. باريرو', 'bn': 'এ. বারেইরো', 'hi': 'ए. बरेरो'}}}",False,goal,assisted,"{'x': 8.8, 'y': 56.8, 'z': 0}",right-foot,low-left,"{'x': 0, 'y': 52.6, 'z': 10.1}",,0.070809803903103,0.57072049379349,"{'name': 'Cleiton', 'slug': 'cleiton', 'shortName': 'Cleiton', 'position': 'G', 'jerseyNumber': '1', 'userCount': 552, 'gender': 'M', 'id': 844576, 'fieldTranslations': {'nameTranslation': {'ar': 'كليتون'}, 'shortNameTranslation': {'ar': 'كليتون'}}}",6252607,76,,4531,"{'start': {'x': 56.8, 'y': 8.8}, 'end': {'x': 47.4, 'y': 0}, 'goal': {'x': 47.4, 'y': 89.9}}",15,869,1831,shot,regular,13472614
"{'name': 'Lucas Crispim', 'slug': 'lucas-crispim', 'shortName': 'L. Crispim', 'position': 'M', 'jerseyNumber': '10', 'userCount': 446, 'gender': 'M', 'id': 795178, 'fieldTranslations': {'nameTranslation': {'ar': 'لوكاس كريسبيم'}, 'shortNameTranslation': {'ar': 'ل. كريسبيم'}}}",False,block,assisted,"{'x': 15.6, 'y': 47.4, 'z': 0}",right-foot,low-right,"{'x': 0, 'y': 46.6, 'z': 19}","{'x': 7.5, 'y': 50.5, 'z': 0}",0.084128819406033,0.0,"{'name': 'Cleiton', 'slug': 'cleiton', 'shortName': 'Cleiton', 'position': 'G', 'jerseyNumber': '1', 'userCount': 552, 'gender': 'M', 'id': 844576, 'fieldTranslations': {'nameTranslation': {'ar': 'كليتون'}, 'shortNameTranslation': {'ar': 'كليتون'}}}",6252608,76,,4530,"{'start': {'x': 47.4, 'y': 15.6}, 'block': {'x': 50.5, 'y': 7.5}, 'end': {'x': 53.4, 'y': 0}, 'goal': {'x': 53.4, 'y': 81}}",15,870,1830,shot,,13472614
"{'name': 'Juninho Capixaba', 'slug': 'juninho-capixaba', 'shortName': 'J. Capixaba', 'position': 'D', 'jerseyNumber': '29', 'userCount': 916, 'gender': 'M', 'id': 870556, 'fieldTranslations': {'nameTranslation': {'ar': 'جونينيو كابيكابا'}, 'shortNameTranslation': {'ar': 'ج. كابيكابا'}}}",True,block,corner,"{'x': 15.6, 'y': 38.3, 'z': 0}",head,low-centre,"{'x': 0, 'y': 48.5, 'z': 19}","{'x': 7.1, 'y': 45.5, 'z': 0}",0.010417954996228,0.0,"{'name': 'Brenno', 'slug': 'brenno', 'shortName': 'Brenno', 'position': 'G', 'jerseyNumber': '12', 'userCount': 502, 'gender': 'M', 'id': 914481, 'fieldTranslations': {'nameTranslation': {'ar': 'برينو', 'bn': 'ব্রেনো', 'hi': 'ब्रेनो'}, 'shortNameTranslation': {'ar': 'ب. برينو', 'bn': 'ব্রেনো', 'hi': 'ब्रेनो'}}}",6252606,74,,4415,"{'start': {'x': 38.3, 'y': 15.6}, 'block': {'x': 45.5, 'y': 7.1}, 'end': {'x': 51.5, 'y': 0}, 'goal': {'x': 51.5, 'y': 81}}",17,985,1715,shot,,13472614
"{'name': 'Ignacio Laquintana', 'slug': 'ignacio-laquintana', 'shortName': 'I. Laquintana', 'position': 'M', 'jerseyNumber': '19', 'userCount': 607, 'gender': 'M', 'id': 948004, 'fieldTranslations': {'nameTranslation': {'ar': 'إغناسيو لاكوينتانا'}, 'shortNameTranslation': {'ar': 'إ. لاكوينتانا'}}}",True,block,assisted,"{'x': 9, 'y': 64.4, 'z': 0}",right-foot,low-right,"{'x': 0, 'y': 47.2, 'z': 19}","{'x': 7.2, 'y': 62.1, 'z': 0}",0.057414937764406,0.0,"{'name': 'Brenno', 'slug': 'brenno', 'shortName': 'Brenno', 'position': 'G', 'jerseyNumber': '12', 'userCount': 502, 'gender': 'M', 'id': 914481, 'fieldTranslations': {'nameTranslation': {'ar': 'برينو', 'bn': 'ব্রেনো', 'hi': 'ब्रेनो'}, 'shortNameTranslation': {'ar': 'ب. برينو', 'bn': 'ব্রেনো', 'hi': 'ब्रेनो'}}}",6252601,71,,4238,"{'start': {'x': 64.4, 'y': 9}, 'block': {'x': 62.1, 'y': 7.2}, 'end': {'x': 52.8, 'y': 0}, 'goal': {'x': 52.8, 'y': 81}}",20,1162,1538,shot,,13472614
"{'name': 'Ignacio Laquintana', 'slug': 'ignacio-laquintana', 'shortName': 'I. Laquintana', 'position': 'M', 'jerseyNumber': '19', 'userCount': 607, 'gender': 'M', 'id': 948004, 'fieldTranslations': {'nameTranslation': {'ar': 'إغناسيو لاكوينتانا'}, 'shortNameTranslation': {'ar': 'إ. لاكوينتانا'}}}",True,block,corner,"{'x': 21.3, 'y': 62.4, 'z': 0}",right-foot,low-right,"{'x': 0, 'y': 47.2, 'z': 19}","{'x': 19.4, 'y': 61.6, 'z': 0}",0.012905545532703,0.0,"{'name': 'Brenno', 'slug': 'brenno', 'shortName': 'Brenno', 'position': 'G', 'jerseyNumber': '12', 'userCount': 502, 'gender': 'M', 'id': 914481, 'fieldTranslations': {'nameTranslation': {'ar': 'برينو', 'bn': 'ব্রেনো', 'hi': 'ब्रेनो'}, 'shortNameTranslation': {'ar': 'ب. برينو', 'bn': 'ব্রেনো', 'hi': 'ब्रेनो'}}}",6252603,69,,4123,"{'start': {'x': 62.4, 'y': 21.3}, 'block': {'x': 61.6, 'y': 19.4}, 'end': {'x': 52.8, 'y': 0}, 'goal': {'x': 52.8, 'y': 81}}",22,1277,1423,shot,,13472614
"{'name': 'Isidro Pitta', 'slug': 'isidro-pitta', 'shortName': 'I. Pitta', 'position': 'F', 'jerseyNumber': '9', 'userCount': 1807, 'gender': 'M', 'id': 979861, 'fieldTranslations': {'nameTranslation': {'ar': 'إيسيدرو بيتا', 'bn': 'ইসিদ্রো পিত্তা', 'hi': 'इसिड्रो पिट्टा'}, 'shortNameTranslation': {'ar': 'إ. بيتا', 'bn': 'আই. পিট্টা', 'hi': 'आई. पिट्टा'}}}",True,miss,corner,"{'x': 8.6, 'y': 41.1, 'z': 0}",head,right,"{'x': 0, 'y': 32.1, 'z': 9.7}","{'x': 5.7, 'y': 51.4, 'z': 0}",0.031469471752644,0.0,"{'name': 'Brenno', 'slug': 'brenno', 'shortName': 'Brenno', 'position': 'G', 'jerseyNumber': '12', 'userCount': 502, 'gender': 'M', 'id': 914481, 'fieldTranslations': {'nameTranslation': {'ar': 'برينو', 'bn': 'ব্রেনো', 'hi': 'ब्रेनो'}, 'shortNameTranslation': {'ar': 'ب. برينو', 'bn': 'ব্রেনো', 'hi': 'ब्रेनो'}}}",6252599,69,,4119,"{'start': {'x': 41.1, 'y': 8.6}, 'block': {'x': 51.4, 'y': 5.7}, 'end': {'x': 67.9, 'y': 0}, 'goal': {'x': 67.9, 'y': 90.3}}",22,1281,1419,shot,,13472614
"{'name': 'Breno Lopes', 'slug': 'breno-lopes', 'shortName': 'B. Lopes', 'position': 'M', 'jerseyNumber': '26', 'userCount': 1396, 'gender': 'M', 'id': 937552, 'fieldTranslations': {'nameTranslation': {'ar': 'برينو لوبيس'}, 'shortNameTranslation': {'ar': 'ب. لوبيس'}}}",False,miss,assisted,"{'x': 20.7, 'y': 39.2, 'z': 0}",right-foot,close-right,"{'x': 0, 'y': 41.7, 'z': 5.6}",,0.0528306029737,0.0,"{'name': 'Cleiton', 'slug': 'cleiton', 'shortName': 'Cleiton', 'position': 'G', 'jerseyNumber': '1', 'userCount': 552, 'gender': 'M', 'id': 844576, 'fieldTranslations': {'nameTranslation': {'ar': 'كليتون'}, 'shortNameTranslation': {'ar': 'كليتون'}}}",6252598,67,,3998,"{'start': {'x': 39.2, 'y': 20.7}, 'end': {'x': 58.3, 'y': 0}, 'goal': {'x': 58.3, 'y': 94.4}}",24,1402,1298,shot,,13472614
"{'name': 'Lucas Crispim', 'slug': 'lucas-crispim', 'shortName': 'L. Crispim', 'position': 'M', 'jerseyNumber': '10', 'userCount': 446, 'gender': 'M', 'id': 795178, 'fieldTranslations': {'nameTranslation': {'ar': 'لوكاس كريسبيم'}, 'shortNameTranslation': {'ar': 'ل. كريسبيم'}}}",False,block,free-kick,"{'x': 24.8, 'y': 47.6, 'z': 0}",right-foot,low-centre,"{'x': 0, 'y': 49.3, 'z': 19}","{'x': 18.6, 'y': 48.4, 'z': 0}",0.080769464373589,0.0,"{'name': 'Cleiton', 'slug': 'cleiton', 'shortName': 'Cleiton', 'position': 'G', 'jerseyNumber': '1', 'userCount': 552, 'gender': 'M', 'id': 844576, 'fieldTranslations': {'nameTranslation': {'ar': 'كليتون'}, 'shortNameTranslation': {'ar': 'كليتون'}}}",6252597,66,,3908,"{'start': {'x': 47.6, 'y': 24.8}, 'block': {'x': 48.4, 'y': 18.6}, 'end': {'x': 50.7, 'y': 0}, 'goal': {'x': 50.7, 'y': 81}}",25,1492,1208,shot,,13472614
"{'name': 'José Herrera', 'firstName': 'José Herrera', 'slug': 'jose-herrera', 'shortName': 'J. Herrera', 'position': 'F', 'jerseyNumber': '32', 'userCount': 473, 'gender': 'M', 'id': 1179171, 'fieldTranslations': {'nameTranslation': {'ar': 'خوسيه هيريرا'}, 'shortNameTranslation': {'ar': 'خ. هيريرا'}}}",False,block,assisted,"{'x': 19.5, 'y': 76.3, 'z': 0}",left-foot,low-right,"{'x': 0, 'y': 48.1, 'z': 19}","{'x': 17, 'y': 73.1, 'z': 0}",0.019851535558701,0.0,"{'name': 'Cleiton', 'slug': 'cleiton', 'shortName': 'Cleiton', 'position': 'G', 'jerseyNumber': '1', 'userCount': 552, 'gender': 'M', 'id': 844576, 'fieldTranslations': {'nameTranslation': {'ar': 'كليتون'}, 'shortNameTranslation': {'ar': 'كليتون'}}}",6252589,61,,3625,"{'start': {'x': 76.3, 'y': 19.5}, 'block': {'x': 73.1, 'y': 17}, 'end': {'x': 51.9, 'y': 0}, 'goal': {'x': 51.9, 'y': 81}}",30,1775,925,shot,,13472614
"{'name': 'Jhon Jhon', 'firstName': 'Jhon Jhon', 'lastName': '', 'slug': 'jhon-jhon', 'shortName': 'Jhon Jhon', 'position': 'M', 'jerseyNumber': '10', 'userCount': 2837, 'gender': 'M', 'id': 1167069, 'fieldTranslations': {'nameTranslation': {'ar': 'جون جون', 'bn': 'ঝোঁ ঝোঁ', 'hi': 'झोन झोन'}, 'shortNameTranslation': {'ar': 'ج. جون', 'bn': 'ঝোঁ ঝোঁ', 'hi': 'झोन झोन'}}}",True,miss,fast-break,"{'x': 12.6, 'y': 48.3, 'z': 0}",right-foot,right,"{'x': 0, 'y': 37.1, 'z': 22.2}",,0.28218001127243,0.0,"{'name': 'Brenno', 'slug': 'brenno', 'shortName': 'Brenno', 'position': 'G', 'jerseyNumber': '12', 'userCount': 502, 'gender': 'M', 'id': 914481, 'fieldTranslations': {'nameTranslation': {'ar': 'برينو', 'bn': 'ব্রেনো', 'hi': 'ब्रेनो'}, 'shortNameTranslation': {'ar': 'ب. برينو', 'bn': 'ব্রেনো', 'hi': 'ब्रेनो'}}}",6252585,59,,3490,"{'start': {'x': 48.3, 'y': 12.6}, 'end': {'x': 62.9, 'y': 0}, 'goal': {'x': 62.9, 'y': 77.8}}",32,1910,790,shot,,13472614
"{'name': 'Juninho Capixaba', 'slug': 'juninho-capixaba', 'shortName': 'J. Capixaba', 'position': 'D', 'jerseyNumber': '29', 'userCount': 916, 'gender': 'M', 'id': 870556, 'fieldTranslations': {'nameTranslation': {'ar': 'جونينيو كابيكابا'}, 'shortNameTranslation': {'ar': 'ج. كابيكابا'}}}",True,miss,assisted,"{'x': 1.8, 'y': 56.8, 'z': 0}",right-foot,close-right,"{'x': 0, 'y': 43.5, 'z': 2.8}",,0.42301630973816,0.0,"{'name': 'Brenno', 'slug': 'brenno', 'shortName': 'Brenno', 'position': 'G', 'jerseyNumber': '12', 'userCount': 502, 'gender': 'M', 'id': 914481, 'fieldTranslations': {'nameTranslation': {'ar': 'برينو', 'bn': 'ব্রেনো', 'hi': 'ब्रेनो'}, 'shortNameTranslation': {'ar': 'ب. برينو', 'bn': 'ব্রেনো', 'hi': 'ब्रेनो'}}}",6252587,57,,3401,"{'start': {'x': 56.8, 'y': 1.8}, 'end': {'x': 56.5, 'y': 0}, 'goal': {'x': 56.5, 'y': 97.2}}",34,1999,701,shot,,13472614
"{'name': 'Lucas Barbosa', 'firstName': 'Lucas Barbosa', 'slug': 'lucas-barbosa', 'shortName': 'L. Barbosa', 'position': 'M', 'jerseyNumber': '21', 'userCount': 762, 'gender': 'M', 'id': 1067641, 'fieldTranslations': {'nameTranslation': {'ar': 'لوكاس باربوسا'}, 'shortNameTranslation': {'ar': 'ل. باربوسا'}}}",True,miss,assisted,"{'x': 9.5, 'y': 59.1, 'z': 0}",left-foot,left,"{'x': 0, 'y': 69.6, 'z': 8.3}","{'x': 5.5, 'y': 51.8, 'z': 0}",0.086953088641167,0.0,"{'name': 'Brenno', 'slug': 'brenno', 'shortName': 'Brenno', 'position': 'G', 'jerseyNumber': '12', 'userCount': 502, 'gender': 'M', 'id': 914481, 'fieldTranslations': {'nameTranslation': {'ar': 'برينو', 'bn': 'ব্রেনো', 'hi': 'ब्रेनो'}, 'shortNameTranslation': {'ar': 'ب. برينو', 'bn': 'ব্রেনো', 'hi': 'ब्रेनो'}}}",6252586,57,,3399,"{'start': {'x': 59.1, 'y': 9.5}, 'block': {'x': 51.8, 'y': 5.5}, 'end': {'x': 30.4, 'y': 0}, 'goal': {'x': 30.4, 'y': 91.7}}",34,2001,699,shot,,13472614
"{'name': 'Adam Bareiro', 'slug': 'adam-bareiro', 'shortName': 'A. Bareiro', 'position': 'F', 'jerseyNumber': '9', 'userCount': 1294, 'gender': 'M', 'id': 871580, 'fieldTranslations': {'nameTranslation': {'ar': 'آدم باريرو', 'bn': 'অ্যাডাম বেরেইরো', 'hi': 'एडम बरेरो'}, 'shortNameTranslation': {'ar': 'آ. باريرو', 'bn': 'এ. বারেইরো', 'hi': 'ए. बरेरो'}}}",False,block,regular,"{'x': 12, 'y': 36, 'z': 0}",right-foot,low-right,"{'x': 0, 'y': 47.8, 'z': 19}","{'x': 10.5, 'y': 38.1, 'z': 0}",0.041763506829739,0.0,"{'name': 'Cleiton', 'slug': 'cleiton', 'shortName': 'Cleiton', 'position': 'G', 'jerseyNumber': '1', 'userCount': 552, 'gender': 'M', 'id': 844576, 'fieldTranslations': {'nameTranslation': {'ar': 'كليتون'}, 'shortNameTranslation': {'ar': 'كليتون'}}}",6252582,54,,3186,"{'start': {'x': 36, 'y': 12}, 'block': {'x': 38.1, 'y': 10.5}, 'end': {'x': 52.2, 'y': 0}, 'goal': {'x': 52.2, 'y': 81}}",37,2214,486,shot,,13472614
"{'name': 'Gustavo Neves', 'slug': 'gustavo-neves', 'shortName': 'G. Neves', 'position': 'M', 'jerseyNumber': '22', 'userCount': 309, 'gender': 'M', 'id': 1463904, 'fieldTranslations': {'nameTranslation': {'ar': 'غوستافو نيفيس'}, 'shortNameTranslation': {'ar': 'غ. نيفيس'}}}",True,save,set-piece,"{'x': 25.8, 'y': 53.2, 'z': 0}",right-foot,low-centre,"{'x': 0, 'y': 49, 'z': 17.1}","{'x': 3.3, 'y': 50.7, 'z': 0}",0.022340398281813,0.016298616304994,"{'name': 'Brenno', 'slug': 'brenno', 'shortName': 'Brenno', 'position': 'G', 'jerseyNumber': '12', 'userCount': 502, 'gender': 'M', 'id': 914481, 'fieldTranslations': {'nameTranslation': {'ar': 'برينو', 'bn': 'ব্রেনো', 'hi': 'ब्रेनो'}, 'shortNameTranslation': {'ar': 'ب. برينو', 'bn': 'ব্রেনো', 'hi': 'ब्रेनो'}}}",6252577,49,,2891,"{'start': {'x': 53.2, 'y': 25.8}, 'block': {'x': 50.7, 'y': 3.3}, 'end': {'x': 51, 'y': 0}, 'goal': {'x': 51, 'y': 82.9}}",42,2509,191,shot,,13472614
"{'name': 'Lucas Barbosa', 'firstName': 'Lucas Barbosa', 'slug': 'lucas-barbosa', 'shortName': 'L. Barbosa', 'position': 'M', 'jerseyNumber': '21', 'userCount': 762, 'gender': 'M', 'id': 1067641, 'fieldTranslations': {'nameTranslation': {'ar': 'لوكاس باربوسا'}, 'shortNameTranslation': {'ar': 'ل. باربوسا'}}}",True,miss,set-piece,"{'x': 3.8, 'y': 57.1, 'z': 0}",head,high-right,"{'x': 0, 'y': 39.2, 'z': 59.7}",,0.12727542221546,0.0,"{'name': 'Brenno', 'slug': 'brenno', 'shortName': 'Brenno', 'position': 'G', 'jerseyNumber': '12', 'userCount': 502, 'gender': 'M', 'id': 914481, 'fieldTranslations': {'nameTranslation': {'ar': 'برينو', 'bn': 'ব্রেনো', 'hi': 'ब्रेनो'}, 'shortNameTranslation': {'ar': 'ب. برينو', 'bn': 'ব্রেনো', 'hi': 'ब्रेनो'}}}",6252525,44,,2614,"{'start': {'x': 57.1, 'y': 3.8}, 'end': {'x': 60.8, 'y': 0}, 'goal': {'x': 60.8, 'y': 40.3}}",2,86,2614,shot,,13472614
"{'name': 'José Herrera', 'firstName': 'José Herrera', 'slug': 'jose-herrera', 'shortName': 'J. Herrera', 'position': 'F', 'jerseyNumber': '32', 'userCount': 473, 'gender': 'M', 'id': 1179171, 'fieldTranslations': {'nameTranslation': {'ar': 'خوسيه هيريرا'}, 'shortNameTranslation': {'ar': 'خ. هيريرا'}}}",False,miss,fast-break,"{'x': 53.3, 'y': 68.8, 'z': 0}",left-foot,close-right,"{'x': 0, 'y': 41.2, 'z': 16.7}","{'x': 15.1, 'y': 57.9, 'z': 0}",0.0061100209131837,0.0,"{'name': 'Cleiton', 'slug': 'cleiton', 'shortName': 'Cleiton', 'position': 'G', 'jerseyNumber': '1', 'userCount': 552, 'gender': 'M', 'id': 844576, 'fieldTranslations': {'nameTranslation': {'ar': 'كليتون'}, 'shortNameTranslation': {'ar': 'كليتون'}}}",6252521,39,,2321,"{'start': {'x': 68.8, 'y': 53.3}, 'block': {'x': 57.9, 'y': 15.1}, 'end': {'x': 58.8, 'y': 0}, 'goal': {'x': 58.8, 'y': 83.3}}",7,379,2321,shot,,13472614
"{'name': 'Eduardo Sasha', 'firstName': '', 'lastName': '', 'slug': 'eduardo-sasha', 'shortName': 'E. Sasha', 'position': 'F', 'jerseyNumber': '8', 'userCount': 1441, 'gender': 'M', 'id': 143846, 'fieldTranslations': {'nameTranslation': {'ar': 'إدواردو ساشا', 'bn': 'এডুয়ার্ডো সাশা', 'hi': 'एडुआर्डो साशा'}, 'shortNameTranslation': {'ar': 'إ. ساشا', 'bn': 'ই. সাশা', 'hi': 'ई. साशा'}}}",True,miss,assisted,"{'x': 9.4, 'y': 56.4, 'z': 0}",right-foot,left,"{'x': 0, 'y': 69.2, 'z': 19.4}","{'x': 4.2, 'y': 39.5, 'z': 0}",0.098850756883621,0.0,"{'name': 'Brenno', 'slug': 'brenno', 'shortName': 'Brenno', 'position': 'G', 'jerseyNumber': '12', 'userCount': 502, 'gender': 'M', 'id': 914481, 'fieldTranslations': {'nameTranslation': {'ar': 'برينو', 'bn': 'ব্রেনো', 'hi': 'ब्रेनो'}, 'shortNameTranslation': {'ar': 'ب. برينو', 'bn': 'ব্রেনো', 'hi': 'ब्रेनो'}}}",6256901,26,,1548,"{'start': {'x': 56.4, 'y': 9.4}, 'block': {'x': 39.5, 'y': 4.2}, 'end': {'x': 30.8, 'y': 0}, 'goal': {'x': 30.8, 'y': 80.6}}",20,1152,1548,shot,,13472614
"{'name': 'Gustavo Neves', 'slug': 'gustavo-neves', 'shortName': 'G. Neves', 'position': 'M', 'jerseyNumber': '22', 'userCount': 309, 'gender': 'M', 'id': 1463904, 'fieldTranslations': {'nameTranslation': {'ar': 'غوستافو نيفيس'}, 'shortNameTranslation': {'ar': 'غ. نيفيس'}}}",True,save,assisted,"{'x': 9.5, 'y': 65.5, 'z': 0}",right-foot,high-centre,"{'x': 0, 'y': 49.5, 'z': 30.4}","{'x': 1.2, 'y': 54, 'z': 0}",0.15880578756332,0.37285441160202,"{'name': 'Brenno', 'slug': 'brenno', 'shortName': 'Brenno', 'position': 'G', 'jerseyNumber': '12', 'userCount': 502, 'gender': 'M', 'id': 914481, 'fieldTranslations': {'nameTranslation': {'ar': 'برينو', 'bn': 'ব্রেনো', 'hi': 'ब्रेनो'}, 'shortNameTranslation': {'ar': 'ب. برينو', 'bn': 'ব্রেনো', 'hi': 'ब्रेनो'}}}",6252485,22,,1310,"{'start': {'x': 65.5, 'y': 9.5}, 'block': {'x': 54, 'y': 1.2}, 'end': {'x': 50.5, 'y': 0}, 'goal': {'x': 50.5, 'y': 69.6}}",24,1390,1310,shot,,13472614
"{'name': 'Juninho Capixaba', 'slug': 'juninho-capixaba', 'shortName': 'J. Capixaba', 'position': 'D', 'jerseyNumber': '29', 'userCount': 916, 'gender': 'M', 'id': 870556, 'fieldTranslations': {'nameTranslation': {'ar': 'جونينيو كابيكابا'}, 'shortNameTranslation': {'ar': 'ج. كابيكابا'}}}",True,miss,assisted,"{'x': 12.5, 'y': 36.2, 'z': 0}",left-foot,right,"{'x': 0, 'y': 5.7, 'z': 2.8}","{'x': 2.4, 'y': 99.5, 'z': 0}",0.085191607475281,0.0,"{'name': 'Brenno', 'slug': 'brenno', 'shortName': 'Brenno', 'position': 'G', 'jerseyNumber': '12', 'userCount': 502, 'gender': 'M', 'id': 914481, 'fieldTranslations': {'nameTranslation': {'ar': 'برينو', 'bn': 'ব্রেনো', 'hi': 'ब्रेनो'}, 'shortNameTranslation': {'ar': 'ب. برينو', 'bn': 'ব্রেনো', 'hi': 'ब्रेनो'}}}",6252479,16,,920,"{'start': {'x': 36.2, 'y': 12.5}, 'block': {'x': 99.5, 'y': 2.4}, 'end': {'x': 94.3, 'y': 0}, 'goal': {'x': 94.3, 'y': 97.2}}",30,1780,920,shot,,13472614
"{'name': 'Kevin Serna', 'slug': 'serna-kevin', 'shortName': 'K. Serna', 'position': 'M', 'jerseyNumber': '90', 'userCount': 3455, 'gender': 'M', 'id': 981374, 'fieldTranslations': {'nameTranslation': {'ar': 'كيفن سيرنا', 'bn': 'কেভিন সেরনা', 'hi': 'केविन सेरना'}, 'shortNameTranslation': {'ar': 'ك. سيرنا', 'bn': 'কে. সেরনা', 'hi': 'के. सेरना'}}}",True,goal,assisted,"{'x': 5.2, 'y': 48.5, 'z': 0}",right-foot,low-centre,"{'x': 0, 'y': 48.9, 'z': 2.5}",,0.89624965190887,0.99519890546799,"{'name': 'Young', 'firstName': 'Young', 'lastName': '', 'slug': 'young', 'shortName': 'Young', 'position': 'G', 'jerseyNumber': '50', 'userCount': 1668, 'gender': 'M', 'id': 1116957, 'fieldTranslations': {'nameTranslation': {'ar': 'يونغ'}, 'shortNameTranslation': {'ar': 'يونغ'}}}",6258823,87,,5176,"{'start': {'x': 48.5, 'y': 5.2}, 'end': {'x': 51.1, 'y': 0}, 'goal': {'x': 51.1, 'y': 97.5}}",4,224,2476,shot,regular,13472605
"{'name': 'John Kennedy', 'firstName': '', 'lastName': '', 'slug': 'john-kennedy', 'shortName': 'John Kennedy', 'position': 'F', 'jerseyNumber': '9', 'userCount': 5292, 'gender': 'M', 'id': 1087399, 'fieldTranslations': {'nameTranslation': {'ar': 'جون كينيدي', 'bn': 'জন কেনেডি', 'hi': 'जॉन कैनेडी'}, 'shortNameTranslation': {'ar': 'جون كينيدي', 'bn': 'জন. কেনেডি', 'hi': 'जॉन कैनेडी'}}}",True,miss,regular,"{'x': 3.6, 'y': 68.6, 'z': 0}",right-foot,close-right,"{'x': 0, 'y': 42.5, 'z': 30.6}",,0.029706884175539,0.0,"{'name': 'Young', 'firstName': 'Young', 'lastName': '', 'slug': 'young', 'shortName': 'Young', 'position': 'G', 'jerseyNumber': '50', 'userCount': 1668, 'gender': 'M', 'id': 1116957, 'fieldTranslations': {'nameTranslation': {'ar': 'يونغ'}, 'shortNameTranslation': {'ar': 'يونغ'}}}",6258821,81,,4814,"{'start': {'x': 68.6, 'y': 3.6}, 'end': {'x': 57.5, 'y': 0}, 'goal': {'x': 57.5, 'y': 69.4}}",10,586,2114,shot,,13472605
"{'name': 'Agustín Canobbio', 'firstName': '', 'lastName': '', 'slug': 'agustin-canobbio', 'shortName': 'A. Canobbio', 'position': 'M', 'jerseyNumber': '17', 'userCount': 3096, 'gender': 'M', 'id': 846413, 'fieldTranslations': {'nameTranslation': {'ar': 'أغوستين كانوبيو', 'bn': 'অগাস্টিন ক্যানোবিও', 'hi': 'अगस्टिन कैनोबियो'}, 'shortNameTranslation': {'ar': 'أ. كانوبيو', 'bn': 'এ. ক্যানোবিও', 'hi': 'ए. कैनोबियो'}}}",True,goal,fast-break,"{'x': 9.4, 'y': 67.5, 'z': 0}",right-foot,low-left,"{'x': 0, 'y': 54.6, 'z': 8.9}",,0.2820933163166,0.60393178462982,"{'name': 'Young', 'firstName': 'Young', 'lastName': '', 'slug': 'young', 'shortName': 'Young', 'position': 'G', 'jerseyNumber': '50', 'userCount': 1668, 'gender': 'M', 'id': 1116957, 'fieldTranslations': {'nameTranslation': {'ar': 'يونغ'}, 'shortNameTranslation': {'ar': 'يونغ'}}}",6258819,77,,4588,"{'start': {'x': 67.5, 'y': 9.4}, 'end': {'x': 45.4, 'y': 0}, 'goal': {'x': 45.4, 'y': 91.1}}",14,812,1888,shot,regular,13472605
"{'name': 'John Kennedy', 'firstName': '', 'lastName': '', 'slug': 'john-kennedy', 'shortName': 'John Kennedy', 'position': 'F', 'jerseyNumber': '9', 'userCount': 5292, 'gender': 'M', 'id': 1087399, 'fieldTranslations': {'nameTranslation': {'ar': 'جون كينيدي', 'bn': 'জন কেনেডি', 'hi': 'जॉन कैनेडी'}, 'shortNameTranslation': {'ar': 'جون كينيدي', 'bn': 'জন. কেনেডি', 'hi': 'जॉन कैनेडी'}}}",True,goal,fast-break,"{'x': 12.3, 'y': 40.9, 'z': 0}",left-foot,low-right,"{'x': 0, 'y': 46.9, 'z': 1.9}",,0.41246634721756,0.45605152845383,"{'name': 'Young', 'firstName': 'Young', 'lastName': '', 'slug': 'young', 'shortName': 'Young', 'position': 'G', 'jerseyNumber': '50', 'userCount': 1668, 'gender': 'M', 'id': 1116957, 'fieldTranslations': {'nameTranslation': {'ar': 'يونغ'}, 'shortNameTranslation': {'ar': 'يونغ'}}}",6258817,69,,4139,"{'start': {'x': 40.9, 'y': 12.3}, 'end': {'x': 53.1, 'y': 0}, 'goal': {'x': 53.1, 'y': 98.1}}",22,1261,1439,shot,regular,13472605
"{'name': 'Kevin Serna', 'slug': 'serna-kevin', 'shortName': 'K. Serna', 'position': 'M', 'jerseyNumber': '90', 'userCount': 3455, 'gender': 'M', 'id': 981374, 'fieldTranslations': {'nameTranslation': {'ar': 'كيفن سيرنا', 'bn': 'কেভিন সেরনা', 'hi': 'केविन सेरना'}, 'shortNameTranslation': {'ar': 'ك. سيرنا', 'bn': 'কে. সেরনা', 'hi': 'के. सेरना'}}}",True,save,fast-break,"{'x': 12.8, 'y': 34, 'z': 0}",right-foot,low-right,"{'x': 0, 'y': 48.1, 'z': 13.9}","{'x': 3.6, 'y': 45.1, 'z': 0}",0.12846672534943,0.19057692587376,"{'name': 'Young', 'firstName': 'Young', 'lastName': '', 'slug': 'young', 'shortName': 'Young', 'position': 'G', 'jerseyNumber': '50', 'userCount': 1668, 'gender': 'M', 'id': 1116957, 'fieldTranslations': {'nameTranslation': {'ar': 'يونغ'}, 'shortNameTranslation': {'ar': 'يونغ'}}}",6258814,65,,3859,"{'start': {'x': 34, 'y': 12.8}, 'block': {'x': 45.1, 'y': 3.6}, 'end': {'x': 51.9, 'y': 0}, 'goal': {'x': 51.9, 'y': 86.1}}",26,1541,1159,shot,,13472605
"{'name': 'Alan Franco', 'slug': 'alan-franco', 'shortName': 'A. Franco', 'position': 'D', 'jerseyNumber': '28', 'userCount': 2969, 'gender': 'M', 'id': 875402, 'fieldTranslations': {'nameTranslation': {'ar': 'آلان فرانكو', 'bn': 'অ্যালান ফ্রাঙ্কো', 'hi': 'एलन फ्रेंको'}, 'shortNameTranslation': {'ar': 'آ. فرانكو', 'bn': 'এ. ফ্রাঙ্কো', 'hi': 'ए. फ्रेंको'}}}",False,block,regular,"{'x': 23.7, 'y': 64.4, 'z': 0}",left-foot,low-centre,"{'x': 0, 'y': 48.6, 'z': 19}","{'x': 16.6, 'y': 60.5, 'z': 0}",0.029897373169661,0.0,"{'name': 'Fábio', 'firstName': '', 'lastName': '', 'slug': 'fabio', 'shortName': 'Fábio', 'position': 'G', 'jerseyNumber': '1', 'userCount': 4343, 'gender': 'M', 'id': 17785, 'fieldTranslations': {'nameTranslation': {'ar': 'فابيو', 'bn': 'ফ্যাবিও', 'hi': 'फैबियो'}, 'shortNameTranslation': {'ar': 'فابيو', 'bn': 'ফ্যাবিও', 'hi': 'फैबियो'}}}",6258812,63,,3758,"{'start': {'x': 64.4, 'y': 23.7}, 'block': {'x': 60.5, 'y': 16.6}, 'end': {'x': 51.4, 'y': 0}, 'goal': {'x': 51.4, 'y': 81}}",28,1642,1058,shot,,13472605
"{'name': 'Nicolas Bosshardt', 'slug': 'nicolas-bosshardt', 'shortName': 'Nicolas', 'position': 'D', 'jerseyNumber': '56', 'userCount': 475, 'gender': 'M', 'id': 1892395, 'fieldTranslations': {'nameTranslation': {'ar': 'بوشاردت، نيكولاس'}, 'shortNameTranslation': {'ar': 'ن. بوشاردت'}}}",False,miss,assisted,"{'x': 9.4, 'y': 25.1, 'z': 0}",left-foot,left,"{'x': 0, 'y': 61.2, 'z': 30.6}",,0.049704756587744,0.0,"{'name': 'Fábio', 'firstName': '', 'lastName': '', 'slug': 'fabio', 'shortName': 'Fábio', 'position': 'G', 'jerseyNumber': '1', 'userCount': 4343, 'gender': 'M', 'id': 17785, 'fieldTranslations': {'nameTranslation': {'ar': 'فابيو', 'bn': 'ফ্যাবিও', 'hi': 'फैबियो'}, 'shortNameTranslation': {'ar': 'فابيو', 'bn': 'ফ্যাবিও', 'hi': 'फैबियो'}}}",6258806,61,,3613,"{'start': {'x': 25.1, 'y': 9.4}, 'end': {'x': 38.8, 'y': 0}, 'goal': {'x': 38.8, 'y': 69.4}}",30,1787,913,shot,,13472605
"{'name': 'Nonato', 'slug': 'nonato', 'shortName': 'Nonato', 'position': 'M', 'jerseyNumber': '16', 'userCount': 1216, 'gender': 'M', 'id': 922566, 'fieldTranslations': {'nameTranslation': {'ar': 'نوناتو', 'bn': 'নোনাতো', 'hi': 'नोनाटो'}, 'shortNameTranslation': {'ar': 'نوناتو', 'bn': 'নোনাতো', 'hi': 'नोनाटो'}}}",True,miss,assisted,"{'x': 25.3, 'y': 53.8, 'z': 0}",right-foot,high-right,"{'x': 0, 'y': 40.8, 'z': 63.9}",,0.029495755210519,0.0,"{'name': 'Young', 'firstName': 'Young', 'lastName': '', 'slug': 'young', 'shortName': 'Young', 'position': 'G', 'jerseyNumber': '50', 'userCount': 1668, 'gender': 'M', 'id': 1116957, 'fieldTranslations': {'nameTranslation': {'ar': 'يونغ'}, 'shortNameTranslation': {'ar': 'يونغ'}}}",6258803,58,,3472,"{'start': {'x': 53.8, 'y': 25.3}, 'end': {'x': 59.2, 'y': 0}, 'goal': {'x': 59.2, 'y': 36.1}}",33,1928,772,shot,,13472605
"{'name': 'Agustín Canobbio', 'firstName': '', 'lastName': '', 'slug': 'agustin-canobbio', 'shortName': 'A. Canobbio', 'position': 'M', 'jerseyNumber': '17', 'userCount': 3096, 'gender': 'M', 'id': 846413, 'fieldTranslations': {'nameTranslation': {'ar': 'أغوستين كانوبيو', 'bn': 'অগাস্টিন ক্যানোবিও', 'hi': 'अगस्टिन कैनोबियो'}, 'shortNameTranslation': {'ar': 'أ. كانوبيو', 'bn': 'এ. ক্যানোবিও', 'hi': 'ए. कैनोबियो'}}}",True,block,corner,"{'x': 11.9, 'y': 56, 'z': 0}",right-foot,low-left,"{'x': 0, 'y': 53.9, 'z': 19}","{'x': 10.3, 'y': 54.7, 'z': 0}",0.04187424108386,0.0,"{'name': 'Young', 'firstName': 'Young', 'lastName': '', 'slug': 'young', 'shortName': 'Young', 'position': 'G', 'jerseyNumber': '50', 'userCount': 1668, 'gender': 'M', 'id': 1116957, 'fieldTranslations': {'nameTranslation': {'ar': 'يونغ'}, 'shortNameTranslation': {'ar': 'يونغ'}}}",6258779,54,,3193,"{'start': {'x': 56, 'y': 11.9}, 'block': {'x': 54.7, 'y': 10.3}, 'end': {'x': 46.1, 'y': 0}, 'goal': {'x': 46.1, 'y': 81}}",37,2207,493,shot,,13472605
"{'name': 'Luiz Gustavo', 'slug': 'luiz-gustavo', 'shortName': 'L. Gustavo', 'position': 'M', 'jerseyNumber': '14', 'userCount': 2121, 'gender': 'M', 'id': 29735, 'fieldTranslations': {'nameTranslation': {'ar': 'لويس غوستافو', 'bn': 'লুইজ গুস্তাভো', 'hi': 'लुइज़ गुस्तावो'}, 'shortNameTranslation': {'ar': 'ل. غوستافو', 'bn': 'এল. গুস্তাভো', 'hi': 'एल. गुस्तावो'}}}",False,miss,regular,"{'x': 27.7, 'y': 54, 'z': 0}",left-foot,high-left,"{'x': 0, 'y': 57.3, 'z': 100}",,0.0082099149003625,0.0,"{'name': 'Fábio', 'firstName': '', 'lastName': '', 'slug': 'fabio', 'shortName': 'Fábio', 'position': 'G', 'jerseyNumber': '1', 'userCount': 4343, 'gender': 'M', 'id': 17785, 'fieldTranslations': {'nameTranslation': {'ar': 'فابيو', 'bn': 'ফ্যাবিও', 'hi': 'फैबियो'}, 'shortNameTranslation': {'ar': 'فابيو', 'bn': 'ফ্যাবিও', 'hi': 'फैबियो'}}}",6258774,51,,3011,"{'start': {'x': 54, 'y': 27.7}, 'end': {'x': 42.7, 'y': 0}, 'goal': {'x': 42.7, 'y': 0}}",40,2389,311,shot,,13472605
"{'name': 'Samuel Xavier', 'firstName': '', 'lastName': '', 'slug': 'xavier-samuel', 'shortName': 'S. Xavier', 'position': 'D', 'jerseyNumber': '2', 'userCount': 1632, 'gender': 'M', 'id': 795773, 'fieldTranslations': {'nameTranslation': {'ar': 'كزافيه, سامويل'}, 'shortNameTranslation': {'ar': 'س. كزافيه'}}}",True,save,corner,"{'x': 21.8, 'y': 34, 'z': 0}",right-foot,low-centre,"{'x': 0, 'y': 49.2, 'z': 12.7}","{'x': 1.4, 'y': 50.5, 'z': 0}",0.006622863933444,0.01103877928108,"{'name': 'Young', 'firstName': 'Young', 'lastName': '', 'slug': 'young', 'shortName': 'Young', 'position': 'G', 'jerseyNumber': '50', 'userCount': 1668, 'gender': 'M', 'id': 1116957, 'fieldTranslations': {'nameTranslation': {'ar': 'يونغ'}, 'shortNameTranslation': {'ar': 'يونغ'}}}",6258769,45,3.0,2836,"{'start': {'x': 34, 'y': 21.8}, 'block': {'x': 50.5, 'y': 1.4}, 'end': {'x': 50.8, 'y': 0}, 'goal': {'x': 50.8, 'y': 87.3}}",1,2564,136,shot,,13472605
"{'name': 'Agustín Canobbio', 'firstName': '', 'lastName': '', 'slug': 'agustin-canobbio', 'shortName': 'A. Canobbio', 'position': 'M', 'jerseyNumber': '17', 'userCount': 3096, 'gender': 'M', 'id': 846413, 'fieldTranslations': {'nameTranslation': {'ar': 'أغوستين كانوبيو', 'bn': 'অগাস্টিন ক্যানোবিও', 'hi': 'अगस्टिन कैनोबियो'}, 'shortNameTranslation': {'ar': 'أ. كانوبيو', 'bn': 'এ. ক্যানোবিও', 'hi': 'ए. कैनोबियो'}}}",True,post,regular,"{'x': 10.5, 'y': 35.6, 'z': 0}",right-foot,high,"{'x': 0, 'y': 48.2, 'z': 38.6}",,0.34254971146584,0.0,"{'name': 'Young', 'firstName': 'Young', 'lastName': '', 'slug': 'young', 'shortName': 'Young', 'position': 'G', 'jerseyNumber': '50', 'userCount': 1668, 'gender': 'M', 'id': 1116957, 'fieldTranslations': {'nameTranslation': {'ar': 'يونغ'}, 'shortNameTranslation': {'ar': 'يونغ'}}}",6258767,45,,2659,"{'start': {'x': 35.6, 'y': 10.5}, 'end': {'x': 51.8, 'y': 0}, 'goal': {'x': 51.8, 'y': 61.4}}",1,41,2659,shot,,13472605
"{'name': 'Gonzalo Tapia', 'firstName': '', 'lastName': '', 'slug': 'tapia-gonzalo', 'shortName': 'G. Tapia', 'position': 'F', 'jerseyNumber': '14', 'userCount': 4061, 'gender': 'M', 'id': 1002947, 'fieldTranslations': {'nameTranslation': {'ar': 'تابيا، غونزالو', 'bn': 'তাপিয়া, গঞ্জালো', 'hi': 'तापिया, गोंजालो'}, 'shortNameTranslation': {'ar': 'ت. غونزالو', 'bn': 'জি. তাপিয়া', 'hi': 'जी. तापिया'}}}",False,miss,fast-break,"{'x': 20.6, 'y': 28.2, 'z': 0}",right-foot,high-right,"{'x': 0, 'y': 42.2, 'z': 84.7}",,0.017308859154582,0.0,"{'name': 'Fábio', 'firstName': '', 'lastName': '', 'slug': 'fabio', 'shortName': 'Fábio', 'position': 'G', 'jerseyNumber': '1', 'userCount': 4343, 'gender': 'M', 'id': 17785, 'fieldTranslations': {'nameTranslation': {'ar': 'فابيو', 'bn': 'ফ্যাবিও', 'hi': 'फैबियो'}, 'shortNameTranslation': {'ar': 'فابيو', 'bn': 'ফ্যাবিও', 'hi': 'फैबियो'}}}",6258766,44,,2615,"{'start': {'x': 28.2, 'y': 20.6}, 'end': {'x': 57.8, 'y': 0}, 'goal': {'x': 57.8, 'y': 15.3}}",2,85,2615,shot,,13472605
"{'name': 'Kevin Serna', 'slug': 'serna-kevin', 'shortName': 'K. Serna', 'position': 'M', 'jerseyNumber': '90', 'userCount': 3455, 'gender': 'M', 'id': 981374, 'fieldTranslations': {'nameTranslation': {'ar': 'كيفن سيرنا', 'bn': 'কেভিন সেরনা', 'hi': 'केविन सेरना'}, 'shortNameTranslation': {'ar': 'ك. سيرنا', 'bn': 'কে. সেরনা', 'hi': 'के. सेरना'}}}",True,save,assisted,"{'x': 14.7, 'y': 55, 'z': 0}",right-foot,low-centre,"{'x': 0, 'y': 51.3, 'z': 7.6}","{'x': 6.2, 'y': 53.4, 'z': 0}",0.53674167394638,0.53735244274139,"{'name': 'Young', 'firstName': 'Young', 'lastName': '', 'slug': 'young', 'shortName': 'Young', 'position': 'G', 'jerseyNumber': '50', 'userCount': 1668, 'gender': 'M', 'id': 1116957, 'fieldTranslations': {'nameTranslation': {'ar': 'يونغ'}, 'shortNameTranslation': {'ar': 'يونغ'}}}",6258765,43,,2531,"{'start': {'x': 55, 'y': 14.7}, 'block': {'x': 53.4, 'y': 6.2}, 'end': {'x': 48.7, 'y': 0}, 'goal': {'x': 48.7, 'y': 92.4}}",3,169,2531,shot,,13472605
"{'name': 'Marcos Antônio', 'slug': 'marcos-antonio', 'shortName': 'M. Antônio', 'position': 'M', 'jerseyNumber': '8', 'userCount': 3087, 'gender': 'M', 'id': 905453, 'fieldTranslations': {'nameTranslation': {'ar': 'ماركوس أنطونيو', 'bn': 'মার্কোস আন্তোনিও', 'hi': 'मार्कोस एंटोनियो'}, 'shortNameTranslation': {'ar': 'م. أنطونيو', 'bn': 'এম. আন্তোনিও', 'hi': 'एम. एंटोनियो'}}}",False,save,assisted,"{'x': 20.9, 'y': 30.1, 'z': 0}",right-foot,low-left,"{'x': 0, 'y': 52.1, 'z': 6.3}","{'x': 1.4, 'y': 48.7, 'z': 0}",0.020209938287735,0.037237659096718,"{'name': 'Fábio', 'firstName': '', 'lastName': '', 'slug': 'fabio', 'shortName': 'Fábio', 'position': 'G', 'jerseyNumber': '1', 'userCount': 4343, 'gender': 'M', 'id': 17785, 'fieldTranslations': {'nameTranslation': {'ar': 'فابيو', 'bn': 'ফ্যাবিও', 'hi': 'फैबियो'}, 'shortNameTranslation': {'ar': 'فابيو', 'bn': 'ফ্যাবিও', 'hi': 'फैबियो'}}}",6258764,42,,2506,"{'start': {'x': 30.1, 'y': 20.9}, 'block': {'x': 48.7, 'y': 1.4}, 'end': {'x': 47.9, 'y': 0}, 'goal': {'x': 47.9, 'y': 93.7}}",4,194,2506,shot,,13472605
"{'name': 'Everaldo', 'firstName': '', 'lastName': '', 'slug': 'everaldo', 'shortName': 'Everaldo', 'position': 'F', 'jerseyNumber': '27', 'userCount': 2419, 'gender': 'M', 'id': 386212, 'fieldTranslations': {'nameTranslation': {'ar': 'إيفيرالدو', 'bn': 'এভারালডো', 'hi': 'एवराल्डो'}, 'shortNameTranslation': {'ar': 'إيفيرالدو', 'bn': 'এভারালডো', 'hi': 'एवराल्डो'}}}",True,save,assisted,"{'x': 7.1, 'y': 59.7, 'z': 0}",head,high-centre,"{'x': 0, 'y': 48.4, 'z': 36.1}","{'x': 0.7, 'y': 52, 'z': 0}",0.05850313231349,0.17878864705563,"{'name': 'Young', 'firstName': 'Young', 'lastName': '', 'slug': 'young', 'shortName': 'Young', 'position': 'G', 'jerseyNumber': '50', 'userCount': 1668, 'gender': 'M', 'id': 1116957, 'fieldTranslations': {'nameTranslation': {'ar': 'يونغ'}, 'shortNameTranslation': {'ar': 'يونغ'}}}",6258762,37,,2175,"{'start': {'x': 59.7, 'y': 7.1}, 'block': {'x': 52, 'y': 0.7}, 'end': {'x': 51.6, 'y': 0}, 'goal': {'x': 51.6, 'y': 63.9}}",9,525,2175,shot,,13472605
"{'name': 'Agustín Canobbio', 'firstName': '', 'lastName': '', 'slug': 'agustin-canobbio', 'shortName': 'A. Canobbio', 'position': 'M', 'jerseyNumber': '17', 'userCount': 3096, 'gender': 'M', 'id': 846413, 'fieldTranslations': {'nameTranslation': {'ar': 'أغوستين كانوبيو', 'bn': 'অগাস্টিন ক্যানোবিও', 'hi': 'अगस्टिन कैनोबियो'}, 'shortNameTranslation': {'ar': 'أ. كانوبيو', 'bn': 'এ. ক্যানোবিও', 'hi': 'ए. कैनोबियो'}}}",True,save,assisted,"{'x': 17.9, 'y': 69.3, 'z': 0}",right-foot,low-centre,"{'x': 0, 'y': 48.5, 'z': 17.7}","{'x': 4.5, 'y': 54, 'z': 0}",0.037236992269754,0.072508297860622,"{'name': 'Young', 'firstName': 'Young', 'lastName': '', 'slug': 'young', 'shortName': 'Young', 'position': 'G', 'jerseyNumber': '50', 'userCount': 1668, 'gender': 'M', 'id': 1116957, 'fieldTranslations': {'nameTranslation': {'ar': 'يونغ'}, 'shortNameTranslation': {'ar': 'يونغ'}}}",6258758,28,,1666,"{'start': {'x': 69.3, 'y': 17.9}, 'block': {'x': 54, 'y': 4.5}, 'end': {'x': 51.5, 'y': 0}, 'goal': {'x': 51.5, 'y': 82.3}}",18,1034,1666,shot,,13472605
"{'name': 'Nonato', 'slug': 'nonato', 'shortName': 'Nonato', 'position': 'M', 'jerseyNumber': '16', 'userCount': 1216, 'gender': 'M', 'id': 922566, 'fieldTranslations': {'nameTranslation': {'ar': 'نوناتو', 'bn': 'নোনাতো', 'hi': 'नोनाटो'}, 'shortNameTranslation': {'ar': 'نوناتو', 'bn': 'নোনাতো', 'hi': 'नोनाटो'}}}",True,goal,fast-break,"{'x': 2.7, 'y': 34.6, 'z': 0}",right-foot,high-centre,"{'x': 0, 'y': 51.2, 'z': 29.7}",,0.17762897908688,0.60034513473511,"{'name': 'Young', 'firstName': 'Young', 'lastName': '', 'slug': 'young', 'shortName': 'Young', 'position': 'G', 'jerseyNumber': '50', 'userCount': 1668, 'gender': 'M', 'id': 1116957, 'fieldTranslations': {'nameTranslation': {'ar': 'يونغ'}, 'shortNameTranslation': {'ar': 'يونغ'}}}",6258755,24,,1417,"{'start': {'x': 34.6, 'y': 2.7}, 'end': {'x': 48.8, 'y': 0}, 'goal': {'x': 48.8, 'y': 70.3}}",22,1283,1417,shot,regular,13472605
"{'name': 'Matheus Martinelli', 'firstName': '', 'lastName': '', 'slug': 'martinelli-matheus', 'shortName': 'M. Martinelli', 'position': 'M', 'jerseyNumber': '8', 'userCount': 4206, 'gender': 'M', 'id': 1067671, 'fieldTranslations': {'nameTranslation': {'ar': 'مارتينيلي، ماثيوس', 'bn': 'মার্টিনেলি, ম্যাথিউস', 'hi': 'मार्टिनेली, मैथियस'}, 'shortNameTranslation': {'ar': 'م. مارتينيلي', 'bn': 'এম. মার্টিনেলি', 'hi': 'एम. मार्टिनेली'}}}",True,goal,fast-break,"{'x': 6.6, 'y': 52.3, 'z': 0}",left-foot,high-left,"{'x': 0, 'y': 53.2, 'z': 34.8}",,0.39838665723801,0.78959363698959,"{'name': 'Young', 'firstName': 'Young', 'lastName': '', 'slug': 'young', 'shortName': 'Young', 'position': 'G', 'jerseyNumber': '50', 'userCount': 1668, 'gender': 'M', 'id': 1116957, 'fieldTranslations': {'nameTranslation': {'ar': 'يونغ'}, 'shortNameTranslation': {'ar': 'يونغ'}}}",6258748,16,,913,"{'start': {'x': 52.3, 'y': 6.6}, 'end': {'x': 46.8, 'y': 0}, 'goal': {'x': 46.8, 'y': 65.2}}",30,1787,913,shot,regular,13472605
"{'name': 'Everaldo', 'firstName': '', 'lastName': '', 'slug': 'everaldo', 'shortName': 'Everaldo', 'position': 'F', 'jerseyNumber': '27', 'userCount': 2419, 'gender': 'M', 'id': 386212, 'fieldTranslations': {'nameTranslation': {'ar': 'إيفيرالدو', 'bn': 'এভারালডো', 'hi': 'एवराल्डो'}, 'shortNameTranslation': {'ar': 'إيفيرالدو', 'bn': 'এভারালডো', 'hi': 'एवराल्डो'}}}",True,block,fast-break,"{'x': 8.8, 'y': 51.1, 'z': 0}",head,low-right,"{'x': 0, 'y': 46.8, 'z': 19}","{'x': 4.4, 'y': 52.2, 'z': 0}",0.26638400554657,0.0,"{'name': 'Young', 'firstName': 'Young', 'lastName': '', 'slug': 'young', 'shortName': 'Young', 'position': 'G', 'jerseyNumber': '50', 'userCount': 1668, 'gender': 'M', 'id': 1116957, 'fieldTranslations': {'nameTranslation': {'ar': 'يونغ'}, 'shortNameTranslation': {'ar': 'يونغ'}}}",6258747,16,,912,"{'start': {'x': 51.1, 'y': 8.8}, 'block': {'x': 52.2, 'y': 4.4}, 'end': {'x': 53.2, 'y': 0}, 'goal': {'x': 53.2, 'y': 81}}",30,1788,912,shot,,13472605
"{'name': 'Agustín Canobbio', 'firstName': '', 'lastName': '', 'slug': 'agustin-canobbio', 'shortName': 'A. Canobbio', 'position': 'M', 'jerseyNumber': '17', 'userCount': 3096, 'gender': 'M', 'id': 846413, 'fieldTranslations': {'nameTranslation': {'ar': 'أغوستين كانوبيو', 'bn': 'অগাস্টিন ক্যানোবিও', 'hi': 'अगस्टिन कैनोबियो'}, 'shortNameTranslation': {'ar': 'أ. كانوبيو', 'bn': 'এ. ক্যানোবিও', 'hi': 'ए. कैनोबियो'}}}",True,goal,penalty,"{'x': 11.5, 'y': 50, 'z': 0}",right-foot,high-centre,"{'x': 0, 'y': 51.1, 'z': 31}",,0.7884,0.98080050945282,"{'name': 'Young', 'firstName': 'Young', 'lastName': '', 'slug': 'young', 'shortName': 'Young', 'position': 'G', 'jerseyNumber': '50', 'userCount': 1668, 'gender': 'M', 'id': 1116957, 'fieldTranslations': {'nameTranslation': {'ar': 'يونغ'}, 'shortNameTranslation': {'ar': 'يونغ'}}}",6258744,9,,517,"{'start': {'x': 50, 'y': 11.5}, 'end': {'x': 48.9, 'y': 0}, 'goal': {'x': 48.9, 'y': 69}}",37,2183,517,shot,penalty,13472605
"{'name': 'Matheus Babi', 'firstName': '', 'lastName': '', 'slug': 'matheus-babi', 'shortName': 'Matheus Babi', 'position': 'F', 'jerseyNumber': '17', 'userCount': 465, 'gender': 'M', 'id': 1007431, 'fieldTranslations': {'nameTranslation': {'ar': 'ماثيوس بابي'}, 'shortNameTranslation': {'ar': 'م. بابي'}}}",True,save,regular,"{'x': 2.5, 'y': 58.3, 'z': 0}",right-foot,low-right,"{'x': 0, 'y': 47.2, 'z': 19}","{'x': 0.099999999999994, 'y': 53.1, 'z': 0}",0.35530486702919,0.0,"{'name': 'Ronaldo', 'slug': 'ronaldo', 'shortName': 'Ronaldo', 'position': 'G', 'jerseyNumber': '96', 'userCount': 1023, 'gender': 'M', 'id': 840106, 'fieldTranslations': {'nameTranslation': {'ar': 'رونالدو'}, 'shortNameTranslation': {'ar': 'رونالدو'}}}",6262276,90,9.0,5934,"{'start': {'x': 58.3, 'y': 2.5}, 'block': {'x': 53.1, 'y': 0.099999999999994}, 'end': {'x': 52.8, 'y': 0}, 'goal': {'x': 52.8, 'y': 81}}",1,366,534,shot,,13472619
"{'name': 'Rodrigo Sam', 'firstName': '', 'lastName': '', 'slug': 'rodrigo-sam', 'shortName': 'R. Sam', 'position': 'D', 'jerseyNumber': '34', 'userCount': 112, 'gender': 'M', 'id': 794640, 'fieldTranslations': {'nameTranslation': {'ar': 'رودريغو سام'}, 'shortNameTranslation': {'ar': 'ر. سام'}}}",True,miss,corner,"{'x': 5.2, 'y': 41.7, 'z': 0}",right-foot,right,"{'x': 0, 'y': 39.8, 'z': 1.4}",,0.28668466210365,0.0,"{'name': 'Ronaldo', 'slug': 'ronaldo', 'shortName': 'Ronaldo', 'position': 'G', 'jerseyNumber': '96', 'userCount': 1023, 'gender': 'M', 'id': 840106, 'fieldTranslations': {'nameTranslation': {'ar': 'رونالدو'}, 'shortNameTranslation': {'ar': 'رونالدو'}}}",6262274,90,9.0,5883,"{'start': {'x': 41.7, 'y': 5.2}, 'end': {'x': 60.2, 'y': 0}, 'goal': {'x': 60.2, 'y': 98.6}}",1,417,483,shot,,13472619
"{'name': 'Gabriel Taliari', 'slug': 'gabriel-taliari', 'shortName': 'G. Taliari', 'position': 'F', 'jerseyNumber': '19', 'userCount': 442, 'gender': 'M', 'id': 933955, 'fieldTranslations': {'nameTranslation': {'ar': 'غابرييل تاليارى'}, 'shortNameTranslation': {'ar': 'غ. تاليارى'}}}",True,save,fast-break,"{'x': 11.6, 'y': 69, 'z': 0}",right-foot,low-left,"{'x': 0, 'y': 54.6, 'z': 19}","{'x': 2.8, 'y': 51.1, 'z': 0}",0.056620121002197,0.0,"{'name': 'Ronaldo', 'slug': 'ronaldo', 'shortName': 'Ronaldo', 'position': 'G', 'jerseyNumber': '96', 'userCount': 1023, 'gender': 'M', 'id': 840106, 'fieldTranslations': {'nameTranslation': {'ar': 'رونالدو'}, 'shortNameTranslation': {'ar': 'رونالدو'}}}",6262297,90,7.0,5776,"{'start': {'x': 69, 'y': 11.6}, 'block': {'x': 51.1, 'y': 2.8}, 'end': {'x': 45.4, 'y': 0}, 'goal': {'x': 45.4, 'y': 81}}",1,524,376,shot,,13472619
"{'name': 'Gilberto', 'slug': 'gilberto', 'shortName': 'Gilberto', 'position': 'D', 'jerseyNumber': '2', 'userCount': 1498, 'gender': 'M', 'id': 261687, 'fieldTranslations': {'nameTranslation': {'ar': 'جيلبرتو', 'bn': 'গিলবার্টো', 'hi': 'गिलबर्टो'}, 'shortNameTranslation': {'ar': 'جيبيرتو', 'bn': 'গিলবার্টো', 'hi': 'गिलबर्टो'}}}",False,block,regular,"{'x': 6.5, 'y': 52.3, 'z': 0}",right-foot,low-right,"{'x': 0, 'y': 47.5, 'z': 19}","{'x': 2.4, 'y': 52.4, 'z': 0}",0.36328473687172,0.0,"{'name': 'Jandrei', 'firstName': '', 'lastName': '', 'slug': 'jandrei', 'shortName': 'Jandrei', 'position': 'G', 'jerseyNumber': '93', 'userCount': 1017, 'gender': 'M', 'id': 874979, 'fieldTranslations': {'nameTranslation': {'ar': 'جاندري', 'bn': 'জান্দ্রেই', 'hi': 'जन्द्रेई'}, 'shortNameTranslation': {'ar': 'جاندري', 'bn': 'জান্দ্রেই', 'hi': 'जन्द्रेई'}}}",6262275,90,6.0,5756,"{'start': {'x': 52.3, 'y': 6.5}, 'block': {'x': 52.4, 'y': 2.4}, 'end': {'x': 52.5, 'y': 0}, 'goal': {'x': 52.5, 'y': 81}}",1,544,356,shot,,13472619
"{'name': 'Ademir', 'slug': 'ademir', 'shortName': 'Ademir', 'position': 'F', 'jerseyNumber': '7', 'userCount': 1702, 'gender': 'M', 'id': 922546, 'fieldTranslations': {'nameTranslation': {'ar': 'أديمير'}, 'shortNameTranslation': {'ar': 'أديمير'}}}",False,block,regular,"{'x': 9.3, 'y': 58.9, 'z': 0}",left-foot,low-right,"{'x': 0, 'y': 47.9, 'z': 19}","{'x': 1.4, 'y': 53.1, 'z': 0}",0.25490915775299,0.0,"{'name': 'Jandrei', 'firstName': '', 'lastName': '', 'slug': 'jandrei', 'shortName': 'Jandrei', 'position': 'G', 'jerseyNumber': '93', 'userCount': 1017, 'gender': 'M', 'id': 874979, 'fieldTranslations': {'nameTranslation': {'ar': 'جاندري', 'bn': 'জান্দ্রেই', 'hi': 'जन्द्रेई'}, 'shortNameTranslation': {'ar': 'جاندري', 'bn': 'জান্দ্রেই', 'hi': 'जन्द्रेई'}}}",6262273,90,6.0,5754,"{'start': {'x': 58.9, 'y': 9.3}, 'block': {'x': 53.1, 'y': 1.4}, 'end': {'x': 52.1, 'y': 0}, 'goal': {'x': 52.1, 'y': 81}}",1,546,354,shot,,13472619
"{'name': 'Tiago Souza', 'slug': 'tiago-souza', 'shortName': 'T. Souza', 'position': 'F', 'jerseyNumber': '11', 'userCount': 958, 'gender': 'M', 'id': 1469531, 'fieldTranslations': {'nameTranslation': {'ar': 'تياغو سوزا'}, 'shortNameTranslation': {'ar': 'ت. سوزا'}}}",False,miss,regular,"{'x': 3.5, 'y': 43.2, 'z': 0}",right-foot,right,"{'x': 0, 'y': 30.3, 'z': 4.2}","{'x': 1.7, 'y': 50.8, 'z': 0}",0.46744921803474,0.0,"{'name': 'Jandrei', 'firstName': '', 'lastName': '', 'slug': 'jandrei', 'shortName': 'Jandrei', 'position': 'G', 'jerseyNumber': '93', 'userCount': 1017, 'gender': 'M', 'id': 874979, 'fieldTranslations': {'nameTranslation': {'ar': 'جاندري', 'bn': 'জান্দ্রেই', 'hi': 'जन्द्रेई'}, 'shortNameTranslation': {'ar': 'جاندري', 'bn': 'জান্দ্রেই', 'hi': 'जन्द्रेई'}}}",6262271,90,6.0,5752,"{'start': {'x': 43.2, 'y': 3.5}, 'block': {'x': 50.8, 'y': 1.7}, 'end': {'x': 69.7, 'y': 0}, 'goal': {'x': 69.7, 'y': 95.8}}",1,548,352,shot,,13472619
"{'name': 'Marcelo Hermes', 'slug': 'marcelo-hermes', 'shortName': 'M. Hermes', 'position': 'D', 'jerseyNumber': '22', 'userCount': 288, 'gender': 'M', 'id': 783490, 'fieldTranslations': {'nameTranslation': {'ar': 'مارسيلو هيرميس'}, 'shortNameTranslation': {'ar': 'م. هيرميس'}}}",True,block,free-kick,"{'x': 23, 'y': 69.1, 'z': 0}",left-foot,low-centre,"{'x': 0, 'y': 49.5, 'z': 19}","{'x': 15, 'y': 62.6, 'z': 0}",0.053913939744234,0.0,"{'name': 'Ronaldo', 'slug': 'ronaldo', 'shortName': 'Ronaldo', 'position': 'G', 'jerseyNumber': '96', 'userCount': 1023, 'gender': 'M', 'id': 840106, 'fieldTranslations': {'nameTranslation': {'ar': 'رونالدو'}, 'shortNameTranslation': {'ar': 'رونالدو'}}}",6262272,90,5.0,5695,"{'start': {'x': 69.1, 'y': 23}, 'block': {'x': 62.6, 'y': 15}, 'end': {'x': 50.5, 'y': 0}, 'goal': {'x': 50.5, 'y': 81}}",1,605,295,shot,,13472619
"{'name': 'Edison Negueba', 'firstName': 'Edison Negueba', 'lastName': '', 'slug': 'edison-negueba', 'shortName': 'E. Negueba', 'position': 'M', 'jerseyNumber': '87', 'userCount': 134, 'gender': 'M', 'id': 1200594, 'fieldTranslations': {'nameTranslation': {'ar': 'إيديسون نيغويبا'}, 'shortNameTranslation': {'ar': 'إ. نيغويبا'}}}",True,save,assisted,"{'x': 5.2, 'y': 58.5, 'z': 0}",head,high-right,"{'x': 0, 'y': 46.7, 'z': 21.5}","{'x': 0.3, 'y': 53.4, 'z': 0}",0.24058014154434,0.26261168718338,"{'name': 'Ronaldo', 'slug': 'ronaldo', 'shortName': 'Ronaldo', 'position': 'G', 'jerseyNumber': '96', 'userCount': 1023, 'gender': 'M', 'id': 840106, 'fieldTranslations': {'nameTranslation': {'ar': 'رونالدو'}, 'shortNameTranslation': {'ar': 'رونالدو'}}}",6262265,90,3.0,5528,"{'start': {'x': 58.5, 'y': 5.2}, 'block': {'x': 53.4, 'y': 0.3}, 'end': {'x': 53.3, 'y': 0}, 'goal': {'x': 53.3, 'y': 78.5}}",1,772,128,shot,,13472619
"{'name': 'Gabriel Taliari', 'slug': 'gabriel-taliari', 'shortName': 'G. Taliari', 'position': 'F', 'jerseyNumber': '19', 'userCount': 442, 'gender': 'M', 'id': 933955, 'fieldTranslations': {'nameTranslation': {'ar': 'غابرييل تاليارى'}, 'shortNameTranslation': {'ar': 'غ. تاليارى'}}}",True,miss,corner,"{'x': 8.2, 'y': 42.3, 'z': 0}",head,right,"{'x': 0, 'y': 15.3, 'z': 2.8}","{'x': 1.8, 'y': 90.1, 'z': 0}",0.045469578355551,0.0,"{'name': 'Ronaldo', 'slug': 'ronaldo', 'shortName': 'Ronaldo', 'position': 'G', 'jerseyNumber': '96', 'userCount': 1023, 'gender': 'M', 'id': 840106, 'fieldTranslations': {'nameTranslation': {'ar': 'رونالدو'}, 'shortNameTranslation': {'ar': 'رونالدو'}}}",6262266,90,2.0,5489,"{'start': {'x': 42.3, 'y': 8.2}, 'block': {'x': 90.1, 'y': 1.8}, 'end': {'x': 84.7, 'y': 0}, 'goal': {'x': 84.7, 'y': 97.2}}",1,811,89,shot,,13472619
"{'name': 'Ênio', 'slug': 'enio', 'shortName': 'Ênio', 'position': 'M', 'jerseyNumber': '97', 'userCount': 258, 'gender': 'M', 'id': 1015935, 'fieldTranslations': {'nameTranslation': {'ar': 'إينيو'}, 'shortNameTranslation': {'ar': 'إينيو'}}}",True,block,corner,"{'x': 15.8, 'y': 37, 'z': 0}",right-foot,low-centre,"{'x': 0, 'y': 51, 'z': 19}","{'x': 14, 'y': 38.6, 'z': 0}",0.020595300942659,0.0,"{'name': 'Ronaldo', 'slug': 'ronaldo', 'shortName': 'Ronaldo', 'position': 'G', 'jerseyNumber': '96', 'userCount': 1023, 'gender': 'M', 'id': 840106, 'fieldTranslations': {'nameTranslation': {'ar': 'رونالدو'}, 'shortNameTranslation': {'ar': 'رونالدو'}}}",6262263,90,1.0,5456,"{'start': {'x': 37, 'y': 15.8}, 'block': {'x': 38.6, 'y': 14}, 'end': {'x': 49, 'y': 0}, 'goal': {'x': 49, 'y': 81}}",1,844,56,shot,,13472619
"{'name': 'Luis Mandaca', 'firstName': 'Luis Mandaca', 'slug': 'luis-mandaca', 'shortName': 'L. Mandaca', 'position': 'M', 'jerseyNumber': '44', 'userCount': 391, 'gender': 'M', 'id': 1116677, 'fieldTranslations': {'nameTranslation': {'ar': 'لويس ماندكا'}, 'shortNameTranslation': {'ar': 'ل. ماندكا'}}}",True,block,assisted,"{'x': 13.3, 'y': 32.9, 'z': 0}",right-foot,low-centre,"{'x': 0, 'y': 51.3, 'z': 19}","{'x': 9.6, 'y': 37.4, 'z': 0}",0.025099202990532,0.0,"{'name': 'Ronaldo', 'slug': 'ronaldo', 'shortName': 'Ronaldo', 'position': 'G', 'jerseyNumber': '96', 'userCount': 1023, 'gender': 'M', 'id': 840106, 'fieldTranslations': {'nameTranslation': {'ar': 'رونالدو'}, 'shortNameTranslation': {'ar': 'رونالدو'}}}",6262262,90,1.0,5433,"{'start': {'x': 32.9, 'y': 13.3}, 'block': {'x': 37.4, 'y': 9.6}, 'end': {'x': 48.7, 'y': 0}, 'goal': {'x': 48.7, 'y': 81}}",1,867,33,shot,,13472619
"{'name': 'Luis Mandaca', 'firstName': 'Luis Mandaca', 'slug': 'luis-mandaca', 'shortName': 'L. Mandaca', 'position': 'M', 'jerseyNumber': '44', 'userCount': 391, 'gender': 'M', 'id': 1116677, 'fieldTranslations': {'nameTranslation': {'ar': 'لويس ماندكا'}, 'shortNameTranslation': {'ar': 'ل. ماندكا'}}}",True,save,assisted,"{'x': 10.1, 'y': 45.9, 'z': 0}",head,high-centre,"{'x': 0, 'y': 49.7, 'z': 21.5}","{'x': 1.5, 'y': 46.9, 'z': 0}",0.10945411771536,0.14346693456173,"{'name': 'Ronaldo', 'slug': 'ronaldo', 'shortName': 'Ronaldo', 'position': 'G', 'jerseyNumber': '96', 'userCount': 1023, 'gender': 'M', 'id': 840106, 'fieldTranslations': {'nameTranslation': {'ar': 'رونالدو'}, 'shortNameTranslation': {'ar': 'رونالدو'}}}",6262260,90,,5341,"{'start': {'x': 45.9, 'y': 10.1}, 'block': {'x': 46.9, 'y': 1.5}, 'end': {'x': 50.3, 'y': 0}, 'goal': {'x': 50.3, 'y': 78.5}}",1,59,2641,shot,,13472619
"{'name': 'Edison Negueba', 'firstName': 'Edison Negueba', 'lastName': '', 'slug': 'edison-negueba', 'shortName': 'E. Negueba', 'position': 'M', 'jerseyNumber': '87', 'userCount': 134, 'gender': 'M', 'id': 1200594, 'fieldTranslations': {'nameTranslation': {'ar': 'إيديسون نيغويبا'}, 'shortNameTranslation': {'ar': 'إ. نيغويبا'}}}",True,block,corner,"{'x': 20.1, 'y': 55, 'z': 0}",left-foot,low-centre,"{'x': 0, 'y': 50.3, 'z': 19}","{'x': 11.4, 'y': 52.7, 'z': 0}",0.019196664914489,0.0,"{'name': 'Ronaldo', 'slug': 'ronaldo', 'shortName': 'Ronaldo', 'position': 'G', 'jerseyNumber': '96', 'userCount': 1023, 'gender': 'M', 'id': 840106, 'fieldTranslations': {'nameTranslation': {'ar': 'رونالدو'}, 'shortNameTranslation': {'ar': 'رونالدو'}}}",6262258,87,,5209,"{'start': {'x': 55, 'y': 20.1}, 'block': {'x': 52.7, 'y': 11.4}, 'end': {'x': 49.7, 'y': 0}, 'goal': {'x': 49.7, 'y': 81}}",4,191,2509,shot,,13472619
"{'name': 'Luan Freitas', 'slug': 'luan-freitas', 'shortName': 'Luan Freitas', 'position': 'D', 'jerseyNumber': '4', 'userCount': 247, 'gender': 'M', 'id': 986064, 'fieldTranslations': {'nameTranslation': {'ar': 'لوان فريتاس'}, 'shortNameTranslation': {'ar': 'ل. فريتاس'}}}",True,miss,set-piece,"{'x': 12.4, 'y': 45.1, 'z': 0}",other,high,"{'x': 0, 'y': 52.9, 'z': 75}",,0.045596577227116,0.0,"{'name': 'Ronaldo', 'slug': 'ronaldo', 'shortName': 'Ronaldo', 'position': 'G', 'jerseyNumber': '96', 'userCount': 1023, 'gender': 'M', 'id': 840106, 'fieldTranslations': {'nameTranslation': {'ar': 'رونالدو'}, 'shortNameTranslation': {'ar': 'رونالدو'}}}",6262250,79,,4719,"{'start': {'x': 45.1, 'y': 12.4}, 'end': {'x': 47.1, 'y': 0}, 'goal': {'x': 47.1, 'y': 25}}",12,681,2019,shot,,13472619
"{'name': 'Gilberto', 'slug': 'gilberto', 'shortName': 'Gilberto', 'position': 'D', 'jerseyNumber': '2', 'userCount': 1498, 'gender': 'M', 'id': 261687, 'fieldTranslations': {'nameTranslation': {'ar': 'جيلبرتو', 'bn': 'গিলবার্টো', 'hi': 'गिलबर्टो'}, 'shortNameTranslation': {'ar': 'جيبيرتو', 'bn': 'গিলবার্টো', 'hi': 'गिलबर्टो'}}}",False,miss,assisted,"{'x': 12.8, 'y': 70.2, 'z': 0}",right-foot,high-right,"{'x': 0, 'y': 43.5, 'z': 62.5}",,0.050304245203733,0.0,"{'name': 'Jandrei', 'firstName': '', 'lastName': '', 'slug': 'jandrei', 'shortName': 'Jandrei', 'position': 'G', 'jerseyNumber': '93', 'userCount': 1017, 'gender': 'M', 'id': 874979, 'fieldTranslations': {'nameTranslation': {'ar': 'جاندري', 'bn': 'জান্দ্রেই', 'hi': 'जन्द्रेई'}, 'shortNameTranslation': {'ar': 'جاندري', 'bn': 'জান্দ্রেই', 'hi': 'जन्द्रेई'}}}",6262248,78,,4641,"{'start': {'x': 70.2, 'y': 12.8}, 'end': {'x': 56.5, 'y': 0}, 'goal': {'x': 56.5, 'y': 37.5}}",13,759,1941,shot,,13472619
"{'name': 'Edison Negueba', 'firstName': 'Edison Negueba', 'lastName': '', 'slug': 'edison-negueba', 'shortName': 'E. Negueba', 'position': 'M', 'jerseyNumber': '87', 'userCount': 134, 'gender': 'M', 'id': 1200594, 'fieldTranslations': {'nameTranslation': {'ar': 'إيديسون نيغويبا'}, 'shortNameTranslation': {'ar': 'إ. نيغويبا'}}}",True,save,assisted,"{'x': 5.2, 'y': 44.2, 'z': 0}",right-foot,high-left,"{'x': 0, 'y': 52.2, 'z': 20.9}","{'x': 2, 'y': 47.3, 'z': 0}",0.40684062242508,0.64218938350677,"{'name': 'Ronaldo', 'slug': 'ronaldo', 'shortName': 'Ronaldo', 'position': 'G', 'jerseyNumber': '96', 'userCount': 1023, 'gender': 'M', 'id': 840106, 'fieldTranslations': {'nameTranslation': {'ar': 'رونالدو'}, 'shortNameTranslation': {'ar': 'رونالدو'}}}",6262243,75,,4475,"{'start': {'x': 44.2, 'y': 5.2}, 'block': {'x': 47.3, 'y': 2}, 'end': {'x': 47.8, 'y': 0}, 'goal': {'x': 47.8, 'y': 79.1}}",16,925,1775,shot,,13472619
"{'name': 'Nicolás Acevedo', 'slug': 'nicolas-acevedo', 'shortName': 'N. Acevedo', 'position': 'M', 'jerseyNumber': '26', 'userCount': 1116, 'gender': 'M', 'id': 959620, 'fieldTranslations': {'nameTranslation': {'ar': 'نيكولاس أسيفيدو'}, 'shortNameTranslation': {'ar': 'ن. أسيفيدو'}}}",False,block,assisted,"{'x': 22.2, 'y': 47, 'z': 0}",left-foot,low-centre,"{'x': 0, 'y': 51.4, 'z': 19}","{'x': 18.1, 'y': 47.3, 'z': 0}",0.095842279493809,0.0,"{'name': 'Jandrei', 'firstName': '', 'lastName': '', 'slug': 'jandrei', 'shortName': 'Jandrei', 'position': 'G', 'jerseyNumber': '93', 'userCount': 1017, 'gender': 'M', 'id': 874979, 'fieldTranslations': {'nameTranslation': {'ar': 'جاندري', 'bn': 'জান্দ্রেই', 'hi': 'जन्द्रेई'}, 'shortNameTranslation': {'ar': 'جاندري', 'bn': 'জান্দ্রেই', 'hi': 'जन्द्रेई'}}}",6262202,64,,3799,"{'start': {'x': 47, 'y': 22.2}, 'block': {'x': 47.3, 'y': 18.1}, 'end': {'x': 48.6, 'y': 0}, 'goal': {'x': 48.6, 'y': 81}}",27,1601,1099,shot,,13472619
"{'name': 'Erick', 'slug': 'erick', 'shortName': 'Erick', 'position': 'M', 'jerseyNumber': '14', 'userCount': 1118, 'gender': 'M', 'id': 874063, 'fieldTranslations': {'nameTranslation': {'ar': 'إريك'}, 'shortNameTranslation': {'ar': 'إريك'}}}",False,miss,corner,"{'x': 8.5, 'y': 45.6, 'z': 0}",head,right,"{'x': 0, 'y': 28.6, 'z': 31.9}",,0.053131971508265,0.0,"{'name': 'Jandrei', 'firstName': '', 'lastName': '', 'slug': 'jandrei', 'shortName': 'Jandrei', 'position': 'G', 'jerseyNumber': '93', 'userCount': 1017, 'gender': 'M', 'id': 874979, 'fieldTranslations': {'nameTranslation': {'ar': 'جاندري', 'bn': 'জান্দ্রেই', 'hi': 'जन्द्रेई'}, 'shortNameTranslation': {'ar': 'جاندري', 'bn': 'জান্দ্রেই', 'hi': 'जन्द्रेई'}}}",6262201,62,,3702,"{'start': {'x': 45.6, 'y': 8.5}, 'end': {'x': 71.4, 'y': 0}, 'goal': {'x': 71.4, 'y': 68.1}}",29,1698,1002,shot,,13472619
"{'name': 'Erick Pulga', 'firstName': 'Erick', 'lastName': 'Pulga', 'slug': 'erick-pulga', 'shortName': 'E. Pulga', 'position': 'M', 'jerseyNumber': '16', 'userCount': 4849, 'gender': 'M', 'id': 1104070, 'fieldTranslations': {'nameTranslation': {'ar': 'إريك بولغا', 'bn': 'এরিক পুলগা', 'hi': 'एरिक पुल्गा'}, 'shortNameTranslation': {'ar': 'إ. بولغا', 'bn': 'ই. পুলগা', 'hi': 'ई. पुल्गा'}}}",False,save,assisted,"{'x': 3.6, 'y': 43.5, 'z': 0}",left-foot,low-left,"{'x': 0, 'y': 52.7, 'z': 3.8}","{'x': 2.3, 'y': 45, 'z': 0}",0.18291336297989,0.26124939322472,"{'name': 'Jandrei', 'firstName': '', 'lastName': '', 'slug': 'jandrei', 'shortName': 'Jandrei', 'position': 'G', 'jerseyNumber': '93', 'userCount': 1017, 'gender': 'M', 'id': 874979, 'fieldTranslations': {'nameTranslation': {'ar': 'جاندري', 'bn': 'জান্দ্রেই', 'hi': 'जन्द्रेई'}, 'shortNameTranslation': {'ar': 'جاندري', 'bn': 'জান্দ্রেই', 'hi': 'जन्द्रेई'}}}",6262200,62,,3660,"{'start': {'x': 43.5, 'y': 3.6}, 'block': {'x': 45, 'y': 2.3}, 'end': {'x': 47.3, 'y': 0}, 'goal': {'x': 47.3, 'y': 96.2}}",29,1740,960,shot,,13472619
"{'name': 'Erick', 'slug': 'erick', 'shortName': 'Erick', 'position': 'M', 'jerseyNumber': '14', 'userCount': 1118, 'gender': 'M', 'id': 874063, 'fieldTranslations': {'nameTranslation': {'ar': 'إريك'}, 'shortNameTranslation': {'ar': 'إريك'}}}",False,save,assisted,"{'x': 5.7, 'y': 49.7, 'z': 0}",right-foot,low-centre,"{'x': 0, 'y': 50.4, 'z': 19}","{'x': 3.2, 'y': 49.6, 'z': 0}",0.4127245247364,0.0,"{'name': 'Jandrei', 'firstName': '', 'lastName': '', 'slug': 'jandrei', 'shortName': 'Jandrei', 'position': 'G', 'jerseyNumber': '93', 'userCount': 1017, 'gender': 'M', 'id': 874979, 'fieldTranslations': {'nameTranslation': {'ar': 'جاندري', 'bn': 'জান্দ্রেই', 'hi': 'जन्द्रेई'}, 'shortNameTranslation': {'ar': 'جاندري', 'bn': 'জান্দ্রেই', 'hi': 'जन्द्रेई'}}}",6262199,61,,3654,"{'start': {'x': 49.7, 'y': 5.7}, 'block': {'x': 49.6, 'y': 3.2}, 'end': {'x': 49.6, 'y': 0}, 'goal': {'x': 49.6, 'y': 81}}",30,1746,954,shot,,13472619
"{'name': 'Ademir', 'slug': 'ademir', 'shortName': 'Ademir', 'position': 'F', 'jerseyNumber': '7', 'userCount': 1702, 'gender': 'M', 'id': 922546, 'fieldTranslations': {'nameTranslation': {'ar': 'أديمير'}, 'shortNameTranslation': {'ar': 'أديمير'}}}",False,miss,assisted,"{'x': 26.2, 'y': 63.6, 'z': 0}",left-foot,close-right,"{'x': 0, 'y': 41.5, 'z': 11.1}",,0.018697733059525,0.0,"{'name': 'Jandrei', 'firstName': '', 'lastName': '', 'slug': 'jandrei', 'shortName': 'Jandrei', 'position': 'G', 'jerseyNumber': '93', 'userCount': 1017, 'gender': 'M', 'id': 874979, 'fieldTranslations': {'nameTranslation': {'ar': 'جاندري', 'bn': 'জান্দ্রেই', 'hi': 'जन्द्रेई'}, 'shortNameTranslation': {'ar': 'جاندري', 'bn': 'জান্দ্রেই', 'hi': 'जन्द्रेई'}}}",6262191,51,,3040,"{'start': {'x': 63.6, 'y': 26.2}, 'end': {'x': 58.5, 'y': 0}, 'goal': {'x': 58.5, 'y': 88.9}}",40,2360,340,shot,,13472619
"{'name': 'Rodrigo Nestor', 'slug': 'rodrigo-nestor', 'shortName': 'R. Nestor', 'position': 'M', 'jerseyNumber': '11', 'userCount': 2062, 'gender': 'M', 'id': 905461, 'fieldTranslations': {'nameTranslation': {'ar': 'رودريغو نيستور', 'bn': 'রদ্রিগো নেস্টর', 'hi': 'रोड्रिगो नेस्टर'}, 'shortNameTranslation': {'ar': 'ر. نيستور', 'bn': 'আর. নেস্টর', 'hi': 'आर. नेस्टर'}}}",False,save,regular,"{'x': 27.7, 'y': 31.9, 'z': 0}",left-foot,low-centre,"{'x': 0, 'y': 51.6, 'z': 19.6}","{'x': 1.1, 'y': 47.7, 'z': 0}",0.017210606485605,0.027315903455019,"{'name': 'Jandrei', 'firstName': '', 'lastName': '', 'slug': 'jandrei', 'shortName': 'Jandrei', 'position': 'G', 'jerseyNumber': '93', 'userCount': 1017, 'gender': 'M', 'id': 874979, 'fieldTranslations': {'nameTranslation': {'ar': 'جاندري', 'bn': 'জান্দ্রেই', 'hi': 'जन्द्रेई'}, 'shortNameTranslation': {'ar': 'جاندري', 'bn': 'জান্দ্রেই', 'hi': 'जन्द्रेई'}}}",6262185,46,,2711,"{'start': {'x': 31.9, 'y': 27.7}, 'block': {'x': 47.7, 'y': 1.1}, 'end': {'x': 48.4, 'y': 0}, 'goal': {'x': 48.4, 'y': 80.4}}",45,2689,11,shot,,13472619
"{'name': 'Rafael Bilú', 'firstName': '', 'lastName': '', 'slug': 'rafael-bilu', 'shortName': 'Rafael Bilú', 'position': 'F', 'jerseyNumber': '99', 'userCount': 313, 'gender': 'M', 'id': 959005, 'fieldTranslations': {'nameTranslation': {'ar': 'رافائيل بيلو'}, 'shortNameTranslation': {'ar': 'ر. بيلو'}}}",True,save,assisted,"{'x': 22.2, 'y': 68.5, 'z': 0}",left-foot,low-right,"{'x': 0, 'y': 46.4, 'z': 7}","{'x': 1.2, 'y': 51.6, 'z': 0}",0.020672731101513,0.066122516989708,"{'name': 'Ronaldo', 'slug': 'ronaldo', 'shortName': 'Ronaldo', 'position': 'G', 'jerseyNumber': '96', 'userCount': 1023, 'gender': 'M', 'id': 840106, 'fieldTranslations': {'nameTranslation': {'ar': 'رونالدو'}, 'shortNameTranslation': {'ar': 'رونالدو'}}}",6262145,38,,2248,"{'start': {'x': 68.5, 'y': 22.2}, 'block': {'x': 51.6, 'y': 1.2}, 'end': {'x': 53.6, 'y': 0}, 'goal': {'x': 53.6, 'y': 93}}",8,452,2248,shot,,13472619
"{'name': 'Luciano Juba', 'slug': 'luciano-juba', 'shortName': 'L. Juba', 'position': 'D', 'jerseyNumber': '46', 'userCount': 3668, 'gender': 'M', 'id': 1017264, 'fieldTranslations': {'nameTranslation': {'ar': 'لوسيانو جوبا', 'bn': 'লুসিয়ানো জুবা', 'hi': 'लुसियानो जुबा'}, 'shortNameTranslation': {'ar': 'ل. جوبا', 'bn': 'এল. জুবা', 'hi': 'एल. जुबा'}}}",False,save,free-kick,"{'x': 5.1, 'y': 85.2, 'z': 0}",left-foot,high-centre,"{'x': 0, 'y': 48.5, 'z': 29.7}","{'x': 0.5, 'y': 53.6, 'z': 0}",0.030501458793879,0.056251227855682,"{'name': 'Jandrei', 'firstName': '', 'lastName': '', 'slug': 'jandrei', 'shortName': 'Jandrei', 'position': 'G', 'jerseyNumber': '93', 'userCount': 1017, 'gender': 'M', 'id': 874979, 'fieldTranslations': {'nameTranslation': {'ar': 'جاندري', 'bn': 'জান্দ্রেই', 'hi': 'जन्द्रेई'}, 'shortNameTranslation': {'ar': 'جاندري', 'bn': 'জান্দ্রেই', 'hi': 'जन्द्रेई'}}}",6262140,33,,1948,"{'start': {'x': 85.2, 'y': 5.1}, 'block': {'x': 53.6, 'y': 0.5}, 'end': {'x': 51.5, 'y': 0}, 'goal': {'x': 51.5, 'y': 70.3}}",13,752,1948,shot,,13472619
"{'name': 'Gabriel Taliari', 'slug': 'gabriel-taliari', 'shortName': 'G. Taliari', 'position': 'F', 'jerseyNumber': '19', 'userCount': 442, 'gender': 'M', 'id': 933955, 'fieldTranslations': {'nameTranslation': {'ar': 'غابرييل تاليارى'}, 'shortNameTranslation': {'ar': 'غ. تاليارى'}}}",True,goal,assisted,"{'x': 8.7, 'y': 43.7, 'z': 0}",right-foot,low-right,"{'x': 0, 'y': 47.7, 'z': 1.3}",,0.1152635216713,0.81158876419067,"{'name': 'Ronaldo', 'slug': 'ronaldo', 'shortName': 'Ronaldo', 'position': 'G', 'jerseyNumber': '96', 'userCount': 1023, 'gender': 'M', 'id': 840106, 'fieldTranslations': {'nameTranslation': {'ar': 'رونالدو'}, 'shortNameTranslation': {'ar': 'رونالدو'}}}",6262135,28,,1627,"{'start': {'x': 43.7, 'y': 8.7}, 'end': {'x': 52.3, 'y': 0}, 'goal': {'x': 52.3, 'y': 98.7}}",18,1073,1627,shot,regular,13472619
"{'name': 'Rodrigo Sam', 'firstName': '', 'lastName': '', 'slug': 'rodrigo-sam', 'shortName': 'R. Sam', 'position': 'D', 'jerseyNumber': '34', 'userCount': 112, 'gender': 'M', 'id': 794640, 'fieldTranslations': {'nameTranslation': {'ar': 'رودريغو سام'}, 'shortNameTranslation': {'ar': 'ر. سام'}}}",True,block,corner,"{'x': 10.4, 'y': 53.2, 'z': 0}",head,low-centre,"{'x': 0, 'y': 51.5, 'z': 19}","{'x': 8.9, 'y': 52.5, 'z': 0}",0.02884810231626,0.0,"{'name': 'Ronaldo', 'slug': 'ronaldo', 'shortName': 'Ronaldo', 'position': 'G', 'jerseyNumber': '96', 'userCount': 1023, 'gender': 'M', 'id': 840106, 'fieldTranslations': {'nameTranslation': {'ar': 'رونالدو'}, 'shortNameTranslation': {'ar': 'رونالدو'}}}",6262136,26,,1557,"{'start': {'x': 53.2, 'y': 10.4}, 'block': {'x': 52.5, 'y': 8.9}, 'end': {'x': 48.5, 'y': 0}, 'goal': {'x': 48.5, 'y': 81}}",20,1143,1557,shot,,13472619
"{'name': 'Nenê', 'firstName': '', 'lastName': '', 'slug': 'nene', 'shortName': 'Nenê', 'position': 'M', 'jerseyNumber': '10', 'userCount': 1564, 'gender': 'M', 'id': 5672, 'fieldTranslations': {'nameTranslation': {'ar': 'نيني', 'bn': 'নেনে', 'hi': 'नेने'}, 'shortNameTranslation': {'ar': 'نيني', 'bn': 'নেনে', 'hi': 'नेने'}}}",True,block,free-kick,"{'x': 20.7, 'y': 64.3, 'z': 0}",left-foot,low-centre,"{'x': 0, 'y': 51.2, 'z': 19}","{'x': 12.9, 'y': 58.5, 'z': 0}",0.065321363508701,0.0,"{'name': 'Ronaldo', 'slug': 'ronaldo', 'shortName': 'Ronaldo', 'position': 'G', 'jerseyNumber': '96', 'userCount': 1023, 'gender': 'M', 'id': 840106, 'fieldTranslations': {'nameTranslation': {'ar': 'رونالدو'}, 'shortNameTranslation': {'ar': 'رونالدو'}}}",6262134,26,,1522,"{'start': {'x': 64.3, 'y': 20.7}, 'block': {'x': 58.5, 'y': 12.9}, 'end': {'x': 48.8, 'y': 0}, 'goal': {'x': 48.8, 'y': 81}}",20,1178,1522,shot,,13472619
"{'name': 'Ademir', 'slug': 'ademir', 'shortName': 'Ademir', 'position': 'F', 'jerseyNumber': '7', 'userCount': 1702, 'gender': 'M', 'id': 922546, 'fieldTranslations': {'nameTranslation': {'ar': 'أديمير'}, 'shortNameTranslation': {'ar': 'أديمير'}}}",False,goal,fast-break,"{'x': 20.9, 'y': 63, 'z': 0}",left-foot,low-left,"{'x': 0, 'y': 54.5, 'z': 17.7}",,0.054755870252848,0.55271524190903,"{'name': 'Jandrei', 'firstName': '', 'lastName': '', 'slug': 'jandrei', 'shortName': 'Jandrei', 'position': 'G', 'jerseyNumber': '93', 'userCount': 1017, 'gender': 'M', 'id': 874979, 'fieldTranslations': {'nameTranslation': {'ar': 'جاندري', 'bn': 'জান্দ্রেই', 'hi': 'जन्द्रेई'}, 'shortNameTranslation': {'ar': 'جاندري', 'bn': 'জান্দ্রেই', 'hi': 'जन्द्रेई'}}}",6262133,21,,1219,"{'start': {'x': 63, 'y': 20.9}, 'end': {'x': 45.5, 'y': 0}, 'goal': {'x': 45.5, 'y': 82.3}}",25,1481,1219,shot,regular,13472619
"{'name': 'Luis Mandaca', 'firstName': 'Luis Mandaca', 'slug': 'luis-mandaca', 'shortName': 'L. Mandaca', 'position': 'M', 'jerseyNumber': '44', 'userCount': 391, 'gender': 'M', 'id': 1116677, 'fieldTranslations': {'nameTranslation': {'ar': 'لويس ماندكا'}, 'shortNameTranslation': {'ar': 'ل. ماندكا'}}}",True,save,assisted,"{'x': 16, 'y': 45.6, 'z': 0}",head,low-centre,"{'x': 0, 'y': 51.5, 'z': 10.1}","{'x': 0.7, 'y': 50.5, 'z': 0}",0.019158776849508,0.02784300968051,"{'name': 'Ronaldo', 'slug': 'ronaldo', 'shortName': 'Ronaldo', 'position': 'G', 'jerseyNumber': '96', 'userCount': 1023, 'gender': 'M', 'id': 840106, 'fieldTranslations': {'nameTranslation': {'ar': 'رونالدو'}, 'shortNameTranslation': {'ar': 'رونالدو'}}}",6262128,18,,1076,"{'start': {'x': 45.6, 'y': 16}, 'block': {'x': 50.5, 'y': 0.7}, 'end': {'x': 48.5, 'y': 0}, 'goal': {'x': 48.5, 'y': 89.9}}",28,1624,1076,shot,,13472619
"{'name': 'Luis Mandaca', 'firstName': 'Luis Mandaca', 'slug': 'luis-mandaca', 'shortName': 'L. Mandaca', 'position': 'M', 'jerseyNumber': '44', 'userCount': 391, 'gender': 'M', 'id': 1116677, 'fieldTranslations': {'nameTranslation': {'ar': 'لويس ماندكا'}, 'shortNameTranslation': {'ar': 'ل. ماندكا'}}}",True,block,assisted,"{'x': 11.9, 'y': 53.6, 'z': 0}",right-foot,low-right,"{'x': 0, 'y': 47.5, 'z': 19}","{'x': 8.3, 'y': 53.2, 'z': 0}",0.089945830404758,0.0,"{'name': 'Ronaldo', 'slug': 'ronaldo', 'shortName': 'Ronaldo', 'position': 'G', 'jerseyNumber': '96', 'userCount': 1023, 'gender': 'M', 'id': 840106, 'fieldTranslations': {'nameTranslation': {'ar': 'رونالدو'}, 'shortNameTranslation': {'ar': 'رونالدو'}}}",6262126,15,,871,"{'start': {'x': 53.6, 'y': 11.9}, 'block': {'x': 53.2, 'y': 8.3}, 'end': {'x': 52.5, 'y': 0}, 'goal': {'x': 52.5, 'y': 81}}",31,1829,871,shot,,13472619
"{'name': 'Luciano Juba', 'slug': 'luciano-juba', 'shortName': 'L. Juba', 'position': 'D', 'jerseyNumber': '46', 'userCount': 3668, 'gender': 'M', 'id': 1017264, 'fieldTranslations': {'nameTranslation': {'ar': 'لوسيانو جوبا', 'bn': 'লুসিয়ানো জুবা', 'hi': 'लुसियानो जुबा'}, 'shortNameTranslation': {'ar': 'ل. جوبا', 'bn': 'এল. জুবা', 'hi': 'एल. जुबा'}}}",False,block,assisted,"{'x': 11.4, 'y': 39, 'z': 0}",left-foot,low-centre,"{'x': 0, 'y': 51.2, 'z': 19}","{'x': 9.9, 'y': 40.2, 'z': 0}",0.12048517912626,0.0,"{'name': 'Jandrei', 'firstName': '', 'lastName': '', 'slug': 'jandrei', 'shortName': 'Jandrei', 'position': 'G', 'jerseyNumber': '93', 'userCount': 1017, 'gender': 'M', 'id': 874979, 'fieldTranslations': {'nameTranslation': {'ar': 'جاندري', 'bn': 'জান্দ্রেই', 'hi': 'जन्द्रेई'}, 'shortNameTranslation': {'ar': 'جاندري', 'bn': 'জান্দ্রেই', 'hi': 'जन्द्रेई'}}}",6262121,11,,617,"{'start': {'x': 39, 'y': 11.4}, 'block': {'x': 40.2, 'y': 9.9}, 'end': {'x': 48.8, 'y': 0}, 'goal': {'x': 48.8, 'y': 81}}",35,2083,617,shot,,13472619
"{'name': 'Everton Ribeiro', 'slug': 'everton-ribeiro', 'shortName': 'E. Ribeiro', 'position': 'M', 'jerseyNumber': '10', 'userCount': 5841, 'gender': 'M', 'sofascoreId': 'evertonri', 'id': 145063, 'fieldTranslations': {'nameTranslation': {'ar': 'إيفرتون ريبييرو', 'bn': 'এভারটন রিবেইরো', 'hi': 'एवर्टन रिबेरो'}, 'shortNameTranslation': {'ar': 'إيفرتون ريبييرو', 'bn': 'এভারটন রিবেইরো', 'hi': 'एवर्टन रिबेरो'}}}",False,miss,assisted,"{'x': 19.1, 'y': 65.4, 'z': 0}",left-foot,close-right,"{'x': 0, 'y': 43.9, 'z': 15.3}",,0.037370305508375,0.0,"{'name': 'Jandrei', 'firstName': '', 'lastName': '', 'slug': 'jandrei', 'shortName': 'Jandrei', 'position': 'G', 'jerseyNumber': '93', 'userCount': 1017, 'gender': 'M', 'id': 874979, 'fieldTranslations': {'nameTranslation': {'ar': 'جاندري', 'bn': 'জান্দ্রেই', 'hi': 'जन्द्रेई'}, 'shortNameTranslation': {'ar': 'جاندري', 'bn': 'জান্দ্রেই', 'hi': 'जन्द्रेई'}}}",6262112,5,,245,"{'start': {'x': 65.4, 'y': 19.1}, 'end': {'x': 56.1, 'y': 0}, 'goal': {'x': 56.1, 'y': 84.7}}",41,2455,245,shot,,13472619
"{'name': 'Jean Lucas', 'slug': 'jean-lucas', 'shortName': 'J. Lucas', 'position': 'M', 'jerseyNumber': '6', 'userCount': 3757, 'gender': 'M', 'id': 927975, 'fieldTranslations': {'nameTranslation': {'ar': 'جان لوكاس', 'bn': 'জিন লুকাস', 'hi': 'जीन लुकास'}, 'shortNameTranslation': {'ar': 'ج. لوكاس', 'bn': 'জে লুকাস', 'hi': 'जे. लुकास'}}}",False,miss,corner,"{'x': 9.1, 'y': 43.6, 'z': 0}",head,right,"{'x': 0, 'y': 23.7, 'z': 8.3}","{'x': 7.3, 'y': 52.7, 'z': 0}",0.026591891422868,0.0,"{'name': 'Jandrei', 'firstName': '', 'lastName': '', 'slug': 'jandrei', 'shortName': 'Jandrei', 'position': 'G', 'jerseyNumber': '93', 'userCount': 1017, 'gender': 'M', 'id': 874979, 'fieldTranslations': {'nameTranslation': {'ar': 'جاندري', 'bn': 'জান্দ্রেই', 'hi': 'जन्द्रेई'}, 'shortNameTranslation': {'ar': 'جاندري', 'bn': 'জান্দ্রেই', 'hi': 'जन्द्रेई'}}}",6262177,3,,167,"{'start': {'x': 43.6, 'y': 9.1}, 'block': {'x': 52.7, 'y': 7.3}, 'end': {'x': 76.3, 'y': 0}, 'goal': {'x': 76.3, 'y': 91.7}}",43,2533,167,shot,,13472619
"{'name': 'Gabriel Mercado', 'slug': 'gabriel-mercado', 'shortName': 'G. Mercado', 'position': 'D', 'jerseyNumber': '25', 'userCount': 994, 'gender': 'M', 'id': 128376, 'fieldTranslations': {'nameTranslation': {'ar': 'غابرييل ميركادو'}, 'shortNameTranslation': {'ar': 'غ. ميركادو'}}}",False,save,set-piece,"{'x': 6.9, 'y': 49.7, 'z': 0}",head,low-centre,"{'x': 0, 'y': 49.3, 'z': 16.5}","{'x': 0.90000000000001, 'y': 50.2, 'z': 0}",0.14919985830784,0.081450343132019,"{'name': 'Léo Jardim', 'slug': 'leo-jardim', 'shortName': 'L. Jardim', 'position': 'G', 'jerseyNumber': '1', 'userCount': 5913, 'gender': 'M', 'sofascoreId': 'leocjardim', 'id': 595598, 'fieldTranslations': {'nameTranslation': {'ar': 'ليو جارديم', 'bn': 'লিও জার্দিম', 'hi': 'लियो जार्डिम'}, 'shortNameTranslation': {'ar': 'ل. جارديم', 'bn': 'এল. জার্দিম', 'hi': 'एल. जार्डिम'}}}",6262512,90,4.0,5589,"{'start': {'x': 49.7, 'y': 6.9}, 'block': {'x': 50.2, 'y': 0.90000000000001}, 'end': {'x': 50.7, 'y': 0}, 'goal': {'x': 50.7, 'y': 83.5}}",1,711,189,shot,,13472606
"{'name': 'Bruno Gomes', 'slug': 'bruno-gomes', 'shortName': 'B. Gomes', 'position': 'D', 'jerseyNumber': '15', 'userCount': 903, 'gender': 'M', 'id': 995071, 'fieldTranslations': {'nameTranslation': {'ar': 'برونو غوميز'}, 'shortNameTranslation': {'ar': 'ب. غوميز'}}}",False,save,free-kick,"{'x': 30.5, 'y': 49, 'z': 0}",right-foot,low-centre,"{'x': 0, 'y': 48.2, 'z': 6.3}","{'x': 2.2, 'y': 49.5, 'z': 0}",0.033542606979609,0.040544390678406,"{'name': 'Léo Jardim', 'slug': 'leo-jardim', 'shortName': 'L. Jardim', 'position': 'G', 'jerseyNumber': '1', 'userCount': 5913, 'gender': 'M', 'sofascoreId': 'leocjardim', 'id': 595598, 'fieldTranslations': {'nameTranslation': {'ar': 'ليو جارديم', 'bn': 'লিও জার্দিম', 'hi': 'लियो जार्डिम'}, 'shortNameTranslation': {'ar': 'ل. جارديم', 'bn': 'এল. জার্দিম', 'hi': 'एल. जार्डिम'}}}",6262511,90,4.0,5580,"{'start': {'x': 49, 'y': 30.5}, 'block': {'x': 49.5, 'y': 2.2}, 'end': {'x': 51.8, 'y': 0}, 'goal': {'x': 51.8, 'y': 93.7}}",1,720,180,shot,,13472606
"{'name': 'Bruno Henrique', 'slug': 'bruno-henrique', 'shortName': 'B. Henrique', 'position': 'M', 'jerseyNumber': '8', 'userCount': 898, 'gender': 'M', 'id': 345113, 'fieldTranslations': {'nameTranslation': {'ar': 'برونو هنريكي', 'bn': 'ব্রুনো হেনরিক', 'hi': 'ब्रूनो हेनरिक'}, 'shortNameTranslation': {'ar': 'ب. هنريكي', 'bn': 'ব্রুনো হেনরিক', 'hi': 'ब्रूनो हेनरिक'}}}",False,miss,regular,"{'x': 27.9, 'y': 50.5, 'z': 0}",right-foot,high-right,"{'x': 0, 'y': 32.1, 'z': 86.1}",,0.026733960956335,0.0,"{'name': 'Léo Jardim', 'slug': 'leo-jardim', 'shortName': 'L. Jardim', 'position': 'G', 'jerseyNumber': '1', 'userCount': 5913, 'gender': 'M', 'sofascoreId': 'leocjardim', 'id': 595598, 'fieldTranslations': {'nameTranslation': {'ar': 'ليو جارديم', 'bn': 'লিও জার্দিম', 'hi': 'लियो जार्डिम'}, 'shortNameTranslation': {'ar': 'ل. جارديم', 'bn': 'এল. জার্দিম', 'hi': 'एल. जार्डिम'}}}",6262509,90,2.0,5483,"{'start': {'x': 50.5, 'y': 27.9}, 'end': {'x': 67.9, 'y': 0}, 'goal': {'x': 67.9, 'y': 13.9}}",1,817,83,shot,,13472606
"{'name': 'Bruno Gomes', 'slug': 'bruno-gomes', 'shortName': 'B. Gomes', 'position': 'D', 'jerseyNumber': '15', 'userCount': 903, 'gender': 'M', 'id': 995071, 'fieldTranslations': {'nameTranslation': {'ar': 'برونو غوميز'}, 'shortNameTranslation': {'ar': 'ب. غوميز'}}}",False,miss,assisted,"{'x': 20.7, 'y': 59.7, 'z': 0}",left-foot,high,"{'x': 0, 'y': 49.2, 'z': 63.9}",,0.07834280282259,0.0,"{'name': 'Léo Jardim', 'slug': 'leo-jardim', 'shortName': 'L. Jardim', 'position': 'G', 'jerseyNumber': '1', 'userCount': 5913, 'gender': 'M', 'sofascoreId': 'leocjardim', 'id': 595598, 'fieldTranslations': {'nameTranslation': {'ar': 'ليو جارديم', 'bn': 'লিও জার্দিম', 'hi': 'लियो जार्डिम'}, 'shortNameTranslation': {'ar': 'ل. جارديم', 'bn': 'এল. জার্দিম', 'hi': 'एल. जार्डिम'}}}",6262504,87,,5191,"{'start': {'x': 59.7, 'y': 20.7}, 'end': {'x': 50.8, 'y': 0}, 'goal': {'x': 50.8, 'y': 36.1}}",4,209,2491,shot,,13472606
"{'name': 'Bruno Henrique', 'slug': 'bruno-henrique', 'shortName': 'B. Henrique', 'position': 'M', 'jerseyNumber': '8', 'userCount': 898, 'gender': 'M', 'id': 345113, 'fieldTranslations': {'nameTranslation': {'ar': 'برونو هنريكي', 'bn': 'ব্রুনো হেনরিক', 'hi': 'ब्रूनो हेनरिक'}, 'shortNameTranslation': {'ar': 'ب. هنريكي', 'bn': 'ব্রুনো হেনরিক', 'hi': 'ब्रूनो हेनरिक'}}}",False,block,regular,"{'x': 22.9, 'y': 58.3, 'z': 0}",left-foot,low-centre,"{'x': 0, 'y': 50, 'z': 19}","{'x': 9.9, 'y': 53.6, 'z': 0}",0.023325657472014,0.0,"{'name': 'Léo Jardim', 'slug': 'leo-jardim', 'shortName': 'L. Jardim', 'position': 'G', 'jerseyNumber': '1', 'userCount': 5913, 'gender': 'M', 'sofascoreId': 'leocjardim', 'id': 595598, 'fieldTranslations': {'nameTranslation': {'ar': 'ليو جارديم', 'bn': 'লিও জার্দিম', 'hi': 'लियो जार्डिम'}, 'shortNameTranslation': {'ar': 'ل. جارديم', 'bn': 'এল. জার্দিম', 'hi': 'एल. जार्डिम'}}}",6262497,82,,4869,"{'start': {'x': 58.3, 'y': 22.9}, 'block': {'x': 53.6, 'y': 9.9}, 'end': {'x': 50, 'y': 0}, 'goal': {'x': 50, 'y': 81}}",9,531,2169,shot,,13472606
"{'name': 'Alexandro Bernabei', 'slug': 'alexandro-bernabei', 'shortName': 'A. Bernabei', 'position': 'D', 'jerseyNumber': '26', 'userCount': 2145, 'gender': 'M', 'id': 989200, 'fieldTranslations': {'nameTranslation': {'ar': 'ألكسندرو بيرنابيي', 'bn': 'আলেকজান্দ্রো বার্নাবেই', 'hi': 'एलेक्ज़ेंड्रो बर्नबेई'}, 'shortNameTranslation': {'ar': 'أ. بيرنابيي', 'bn': 'এ. বার্নাবাই', 'hi': 'ए. बर्नबेई'}}}",False,block,corner,"{'x': 26.2, 'y': 56.4, 'z': 0}",left-foot,low-left,"{'x': 0, 'y': 52.4, 'z': 19}","{'x': 20.6, 'y': 54.5, 'z': 0}",0.029694326221943,0.0,"{'name': 'Léo Jardim', 'slug': 'leo-jardim', 'shortName': 'L. Jardim', 'position': 'G', 'jerseyNumber': '1', 'userCount': 5913, 'gender': 'M', 'sofascoreId': 'leocjardim', 'id': 595598, 'fieldTranslations': {'nameTranslation': {'ar': 'ليو جارديم', 'bn': 'লিও জার্দিম', 'hi': 'लियो जार्डिम'}, 'shortNameTranslation': {'ar': 'ل. جارديم', 'bn': 'এল. জার্দিম', 'hi': 'एल. जार्डिम'}}}",6262486,74,,4393,"{'start': {'x': 56.4, 'y': 26.2}, 'block': {'x': 54.5, 'y': 20.6}, 'end': {'x': 47.6, 'y': 0}, 'goal': {'x': 47.6, 'y': 81}}",17,1007,1693,shot,,13472606
"{'name': 'Bruno Gomes', 'slug': 'bruno-gomes', 'shortName': 'B. Gomes', 'position': 'D', 'jerseyNumber': '15', 'userCount': 903, 'gender': 'M', 'id': 995071, 'fieldTranslations': {'nameTranslation': {'ar': 'برونو غوميز'}, 'shortNameTranslation': {'ar': 'ب. غوميز'}}}",False,save,regular,"{'x': 29.9, 'y': 63.6, 'z': 0}",right-foot,high-left,"{'x': 0, 'y': 53.9, 'z': 32.9}","{'x': 2.3, 'y': 51.6, 'z': 0}",0.016145758330822,0.28330746293068,"{'name': 'Léo Jardim', 'slug': 'leo-jardim', 'shortName': 'L. Jardim', 'position': 'G', 'jerseyNumber': '1', 'userCount': 5913, 'gender': 'M', 'sofascoreId': 'leocjardim', 'id': 595598, 'fieldTranslations': {'nameTranslation': {'ar': 'ليو جارديم', 'bn': 'লিও জার্দিম', 'hi': 'लियो जार्डिम'}, 'shortNameTranslation': {'ar': 'ل. جارديم', 'bn': 'এল. জার্দিম', 'hi': 'एल. जार्डिम'}}}",6262483,73,,4358,"{'start': {'x': 63.6, 'y': 29.9}, 'block': {'x': 51.6, 'y': 2.3}, 'end': {'x': 46.1, 'y': 0}, 'goal': {'x': 46.1, 'y': 67.1}}",18,1042,1658,shot,,13472606
"{'name': 'Nuno Moreira', 'slug': 'nuno-moreira', 'shortName': 'N. Moreira', 'position': 'M', 'jerseyNumber': '17', 'userCount': 4340, 'gender': 'M', 'id': 851285, 'fieldTranslations': {'nameTranslation': {'ar': 'نونو موريرا', 'bn': 'নুনো মোরেরা', 'hi': 'नूनो मोरेरा'}, 'shortNameTranslation': {'ar': 'ن. موريرا', 'bn': 'এন. মোরেরা', 'hi': 'एन. मोरेरा'}}}",True,goal,assisted,"{'x': 4.8, 'y': 70.3, 'z': 0}",right-foot,low-right,"{'x': 0, 'y': 45.6, 'z': 13.3}",,0.050668973475695,0.083121106028557,"{'name': 'Sergio Rochet', 'slug': 'sergio-rochet', 'shortName': 'S. Rochet', 'position': 'G', 'jerseyNumber': '1', 'userCount': 2616, 'gender': 'M', 'id': 581060, 'fieldTranslations': {'nameTranslation': {'ar': 'سيرجيو روشيت', 'bn': 'সার্জিও রোচেট', 'hi': 'सर्जियो रोशेट'}, 'shortNameTranslation': {'ar': 'س. روشيت', 'bn': 'সার্জিও রোচেট', 'hi': 'सर्जियो रोशेट'}}}",6262452,66,,3910,"{'start': {'x': 70.3, 'y': 4.8}, 'end': {'x': 54.4, 'y': 0}, 'goal': {'x': 54.4, 'y': 86.7}}",25,1490,1210,shot,regular,13472606
"{'name': 'Philippe Coutinho', 'slug': 'philippe-coutinho', 'shortName': 'P. Coutinho', 'position': 'M', 'userCount': 68505, 'gender': 'M', 'sofascoreId': 'Coutinho', 'id': 119159, 'fieldTranslations': {'nameTranslation': {'ar': 'فيليب كوتينيو', 'bn': 'ফিলিপে কৌতিনহো', 'hi': 'फिलिप कूटिन्हो'}, 'shortNameTranslation': {'ar': 'ف. كوتينيو', 'bn': 'পি. কৌতিনহো', 'hi': 'पी. कूटिन्हो'}}}",True,block,fast-break,"{'x': 11.2, 'y': 38.9, 'z': 0}",right-foot,low-centre,"{'x': 0, 'y': 50, 'z': 19}","{'x': 10.2, 'y': 39.9, 'z': 0}",0.10804315656424,0.0,"{'name': 'Sergio Rochet', 'slug': 'sergio-rochet', 'shortName': 'S. Rochet', 'position': 'G', 'jerseyNumber': '1', 'userCount': 2616, 'gender': 'M', 'id': 581060, 'fieldTranslations': {'nameTranslation': {'ar': 'سيرجيو روشيت', 'bn': 'সার্জিও রোচেট', 'hi': 'सर्जियो रोशेट'}, 'shortNameTranslation': {'ar': 'س. روشيت', 'bn': 'সার্জিও রোচেট', 'hi': 'सर्जियो रोशेट'}}}",6262453,66,,3902,"{'start': {'x': 38.9, 'y': 11.2}, 'block': {'x': 39.9, 'y': 10.2}, 'end': {'x': 50, 'y': 0}, 'goal': {'x': 50, 'y': 81}}",25,1498,1202,shot,,13472606
"{'name': 'Rayan', 'firstName': 'Rayan', 'slug': 'rayan', 'shortName': 'Rayan', 'position': 'M', 'jerseyNumber': '37', 'userCount': 32026, 'gender': 'M', 'id': 1464966, 'fieldTranslations': {'nameTranslation': {'ar': 'ريان', 'bn': 'রায়ান', 'hi': 'रायन'}, 'shortNameTranslation': {'ar': 'ريان', 'bn': 'রায়ান', 'hi': 'रायन'}}}",True,save,throw-in-set-piece,"{'x': 19.5, 'y': 61.5, 'z': 0}",left-foot,low-right,"{'x': 0, 'y': 46.2, 'z': 2.5}","{'x': 4.7, 'y': 53.2, 'z': 0}",0.07702174782753,0.31493324041367,"{'name': 'Sergio Rochet', 'slug': 'sergio-rochet', 'shortName': 'S. Rochet', 'position': 'G', 'jerseyNumber': '1', 'userCount': 2616, 'gender': 'M', 'id': 581060, 'fieldTranslations': {'nameTranslation': {'ar': 'سيرجيو روشيت', 'bn': 'সার্জিও রোচেট', 'hi': 'सर्जियो रोशेट'}, 'shortNameTranslation': {'ar': 'س. روشيت', 'bn': 'সার্জিও রোচেট', 'hi': 'सर्जियो रोशेट'}}}",6262430,63,,3747,"{'start': {'x': 61.5, 'y': 19.5}, 'block': {'x': 53.2, 'y': 4.7}, 'end': {'x': 53.8, 'y': 0}, 'goal': {'x': 53.8, 'y': 97.5}}",28,1653,1047,shot,,13472606
"{'name': 'Johan Carbonero', 'slug': 'carbonero-johan', 'shortName': 'J. Carbonero', 'position': 'F', 'jerseyNumber': '7', 'userCount': 2399, 'gender': 'M', 'id': 925125, 'fieldTranslations': {'nameTranslation': {'ar': 'يوهان كاربونيرو'}, 'shortNameTranslation': {'ar': 'ي. كاربونيرو'}}}",False,miss,assisted,"{'x': 7.3, 'y': 43.4, 'z': 0}",head,close-high,"{'x': 0, 'y': 51.6, 'z': 56.9}",,0.18149104714394,0.0,"{'name': 'Léo Jardim', 'slug': 'leo-jardim', 'shortName': 'L. Jardim', 'position': 'G', 'jerseyNumber': '1', 'userCount': 5913, 'gender': 'M', 'sofascoreId': 'leocjardim', 'id': 595598, 'fieldTranslations': {'nameTranslation': {'ar': 'ليو جارديم', 'bn': 'লিও জার্দিম', 'hi': 'लियो जार्डिम'}, 'shortNameTranslation': {'ar': 'ل. جارديم', 'bn': 'এল. জার্দিম', 'hi': 'एल. जार्डिम'}}}",6262427,61,,3645,"{'start': {'x': 43.4, 'y': 7.3}, 'end': {'x': 48.4, 'y': 0}, 'goal': {'x': 48.4, 'y': 43.1}}",30,1755,945,shot,,13472606
"{'name': 'Andrés Gómez', 'slug': 'andres-gomez', 'shortName': 'A. Gómez', 'position': 'M', 'jerseyNumber': '11', 'userCount': 4215, 'gender': 'M', 'id': 1160386, 'fieldTranslations': {'nameTranslation': {'ar': 'أندريس غوميز', 'bn': 'আন্দ্রেস গোমেজ', 'hi': 'एन्ड्रेस गोमेज़'}, 'shortNameTranslation': {'ar': 'أ. غوميز', 'bn': 'এ. গোমেজ', 'hi': 'ए. गोमेज़'}}}",True,miss,assisted,"{'x': 18.7, 'y': 50.5, 'z': 0}",left-foot,high-left,"{'x': 0, 'y': 60.8, 'z': 40.3}",,0.045894369482994,0.0,"{'name': 'Sergio Rochet', 'slug': 'sergio-rochet', 'shortName': 'S. Rochet', 'position': 'G', 'jerseyNumber': '1', 'userCount': 2616, 'gender': 'M', 'id': 581060, 'fieldTranslations': {'nameTranslation': {'ar': 'سيرجيو روشيت', 'bn': 'সার্জিও রোচেট', 'hi': 'सर्जियो रोशेट'}, 'shortNameTranslation': {'ar': 'س. روشيت', 'bn': 'সার্জিও রোচেট', 'hi': 'सर्जियो रोशेट'}}}",6262426,60,,3592,"{'start': {'x': 50.5, 'y': 18.7}, 'end': {'x': 39.2, 'y': 0}, 'goal': {'x': 39.2, 'y': 59.7}}",31,1808,892,shot,,13472606
"{'name': 'Cauan Barros', 'firstName': '', 'lastName': '', 'slug': 'barros-cauan', 'shortName': 'C. Barros', 'position': 'M', 'jerseyNumber': '88', 'userCount': 2269, 'gender': 'M', 'id': 1444694, 'fieldTranslations': {'nameTranslation': {'ar': 'باروس، كوان'}, 'shortNameTranslation': {'ar': 'ك. باروس'}}}",True,goal,corner,"{'x': 3.3, 'y': 50.9, 'z': 0}",right-foot,high-centre,"{'x': 0, 'y': 51.5, 'z': 21.5}",,0.81973874568939,0.86391723155975,"{'name': 'Sergio Rochet', 'slug': 'sergio-rochet', 'shortName': 'S. Rochet', 'position': 'G', 'jerseyNumber': '1', 'userCount': 2616, 'gender': 'M', 'id': 581060, 'fieldTranslations': {'nameTranslation': {'ar': 'سيرجيو روشيت', 'bn': 'সার্জিও রোচেট', 'hi': 'सर्जियो रोशेट'}, 'shortNameTranslation': {'ar': 'س. روشيت', 'bn': 'সার্জিও রোচেট', 'hi': 'सर्जियो रोशेट'}}}",6262423,58,,3436,"{'start': {'x': 50.9, 'y': 3.3}, 'end': {'x': 48.5, 'y': 0}, 'goal': {'x': 48.5, 'y': 78.5}}",33,1964,736,shot,regular,13472606
"{'name': 'Cauan Barros', 'firstName': '', 'lastName': '', 'slug': 'barros-cauan', 'shortName': 'C. Barros', 'position': 'M', 'jerseyNumber': '88', 'userCount': 2269, 'gender': 'M', 'id': 1444694, 'fieldTranslations': {'nameTranslation': {'ar': 'باروس، كوان'}, 'shortNameTranslation': {'ar': 'ك. باروس'}}}",True,save,corner,"{'x': 6.7, 'y': 51.9, 'z': 0}",head,low-centre,"{'x': 0, 'y': 49.2, 'z': 19}","{'x': 0.7, 'y': 51.4, 'z': 0}",0.23365961015224,0.12245184928179,"{'name': 'Sergio Rochet', 'slug': 'sergio-rochet', 'shortName': 'S. Rochet', 'position': 'G', 'jerseyNumber': '1', 'userCount': 2616, 'gender': 'M', 'id': 581060, 'fieldTranslations': {'nameTranslation': {'ar': 'سيرجيو روشيت', 'bn': 'সার্জিও রোচেট', 'hi': 'सर्जियो रोशेट'}, 'shortNameTranslation': {'ar': 'س. روشيت', 'bn': 'সার্জিও রোচেট', 'hi': 'सर्जियो रोशेट'}}}",6262424,58,,3434,"{'start': {'x': 51.9, 'y': 6.7}, 'block': {'x': 51.4, 'y': 0.7}, 'end': {'x': 50.8, 'y': 0}, 'goal': {'x': 50.8, 'y': 81}}",33,1966,734,shot,,13472606
"{'name': 'Carlos Cuesta', 'slug': 'carlos-cuesta', 'shortName': 'C. Cuesta', 'position': 'D', 'jerseyNumber': '46', 'userCount': 4426, 'gender': 'M', 'id': 839095, 'fieldTranslations': {'nameTranslation': {'ar': 'كارلوس كوستا', 'bn': 'কার্লোস কুয়েস্তা', 'hi': 'कार्लोस क्यूस्टा'}, 'shortNameTranslation': {'ar': 'ك. كوستا', 'bn': 'সি. কুয়েস্তা', 'hi': 'सी. क्यूस्टा'}}}",True,block,set-piece,"{'x': 4.2, 'y': 62.6, 'z': 0}",right-foot,low-right,"{'x': 0, 'y': 48.2, 'z': 19}","{'x': 3.6, 'y': 61, 'z': 0}",0.066528461873531,0.0,"{'name': 'Sergio Rochet', 'slug': 'sergio-rochet', 'shortName': 'S. Rochet', 'position': 'G', 'jerseyNumber': '1', 'userCount': 2616, 'gender': 'M', 'id': 581060, 'fieldTranslations': {'nameTranslation': {'ar': 'سيرجيو روشيت', 'bn': 'সার্জিও রোচেট', 'hi': 'सर्जियो रोशेट'}, 'shortNameTranslation': {'ar': 'س. روشيت', 'bn': 'সার্জিও রোচেট', 'hi': 'सर्जियो रोशेट'}}}",6262420,57,,3404,"{'start': {'x': 62.6, 'y': 4.2}, 'block': {'x': 61, 'y': 3.6}, 'end': {'x': 51.8, 'y': 0}, 'goal': {'x': 51.8, 'y': 81}}",34,1996,704,shot,,13472606
"{'name': 'Andrés Gómez', 'slug': 'andres-gomez', 'shortName': 'A. Gómez', 'position': 'M', 'jerseyNumber': '11', 'userCount': 4215, 'gender': 'M', 'id': 1160386, 'fieldTranslations': {'nameTranslation': {'ar': 'أندريس غوميز', 'bn': 'আন্দ্রেস গোমেজ', 'hi': 'एन्ड्रेस गोमेज़'}, 'shortNameTranslation': {'ar': 'أ. غوميز', 'bn': 'এ. গোমেজ', 'hi': 'ए. गोमेज़'}}}",True,block,set-piece,"{'x': 14.2, 'y': 74, 'z': 0}",right-foot,low-left,"{'x': 0, 'y': 53.8, 'z': 19}","{'x': 6.2, 'y': 58.3, 'z': 0}",0.03129667788744,0.0,"{'name': 'Sergio Rochet', 'slug': 'sergio-rochet', 'shortName': 'S. Rochet', 'position': 'G', 'jerseyNumber': '1', 'userCount': 2616, 'gender': 'M', 'id': 581060, 'fieldTranslations': {'nameTranslation': {'ar': 'سيرجيو روشيت', 'bn': 'সার্জিও রোচেট', 'hi': 'सर्जियो रोशेट'}, 'shortNameTranslation': {'ar': 'س. روشيت', 'bn': 'সার্জিও রোচেট', 'hi': 'सर्जियो रोशेट'}}}",6262422,57,,3399,"{'start': {'x': 74, 'y': 14.2}, 'block': {'x': 58.3, 'y': 6.2}, 'end': {'x': 46.2, 'y': 0}, 'goal': {'x': 46.2, 'y': 81}}",34,2001,699,shot,,13472606
"{'name': 'Rayan', 'firstName': 'Rayan', 'slug': 'rayan', 'shortName': 'Rayan', 'position': 'M', 'jerseyNumber': '37', 'userCount': 32026, 'gender': 'M', 'id': 1464966, 'fieldTranslations': {'nameTranslation': {'ar': 'ريان', 'bn': 'রায়ান', 'hi': 'रायन'}, 'shortNameTranslation': {'ar': 'ريان', 'bn': 'রায়ান', 'hi': 'रायन'}}}",True,miss,assisted,"{'x': 25.1, 'y': 52.6, 'z': 0}",left-foot,left,"{'x': 0, 'y': 60.3, 'z': 4.2}",,0.018832288682461,0.0,"{'name': 'Sergio Rochet', 'slug': 'sergio-rochet', 'shortName': 'S. Rochet', 'position': 'G', 'jerseyNumber': '1', 'userCount': 2616, 'gender': 'M', 'id': 581060, 'fieldTranslations': {'nameTranslation': {'ar': 'سيرجيو روشيت', 'bn': 'সার্জিও রোচেট', 'hi': 'सर्जियो रोशेट'}, 'shortNameTranslation': {'ar': 'س. روشيت', 'bn': 'সার্জিও রোচেট', 'hi': 'सर्जियो रोशेट'}}}",6262416,54,,3235,"{'start': {'x': 52.6, 'y': 25.1}, 'end': {'x': 39.7, 'y': 0}, 'goal': {'x': 39.7, 'y': 95.8}}",37,2165,535,shot,,13472606
"{'name': 'Rayan', 'firstName': 'Rayan', 'slug': 'rayan', 'shortName': 'Rayan', 'position': 'M', 'jerseyNumber': '37', 'userCount': 32026, 'gender': 'M', 'id': 1464966, 'fieldTranslations': {'nameTranslation': {'ar': 'ريان', 'bn': 'রায়ান', 'hi': 'रायन'}, 'shortNameTranslation': {'ar': 'ريان', 'bn': 'রায়ান', 'hi': 'रायन'}}}",True,goal,fast-break,"{'x': 6.5, 'y': 51.7, 'z': 0}",left-foot,low-centre,"{'x': 0, 'y': 50.1, 'z': 1.9}",,0.66364330053329,0.37470099329948,"{'name': 'Sergio Rochet', 'slug': 'sergio-rochet', 'shortName': 'S. Rochet', 'position': 'G', 'jerseyNumber': '1', 'userCount': 2616, 'gender': 'M', 'id': 581060, 'fieldTranslations': {'nameTranslation': {'ar': 'سيرجيو روشيت', 'bn': 'সার্জিও রোচেট', 'hi': 'सर्जियो रोशेट'}, 'shortNameTranslation': {'ar': 'س. روشيت', 'bn': 'সার্জিও রোচেট', 'hi': 'सर्जियो रोशेट'}}}",6262360,47,,2784,"{'start': {'x': 51.7, 'y': 6.5}, 'end': {'x': 49.9, 'y': 0}, 'goal': {'x': 49.9, 'y': 98.1}}",44,2616,84,shot,regular,13472606
"{'name': 'Ricardo Mathias', 'firstName': 'Ricardo Mathias', 'slug': 'ricardo-mathias', 'shortName': 'R. Mathias', 'position': 'F', 'jerseyNumber': '77', 'userCount': 1828, 'gender': 'M', 'id': 1483340, 'fieldTranslations': {'nameTranslation': {'ar': 'ريكاردو ماثياس'}, 'shortNameTranslation': {'ar': 'ر. ماثياس'}}}",False,goal,corner,"{'x': 4.5, 'y': 51.5, 'z': 0}",right-foot,low-left,"{'x': 0, 'y': 54.2, 'z': 3.2}",,0.43437898159027,0.98224800825119,"{'name': 'Léo Jardim', 'slug': 'leo-jardim', 'shortName': 'L. Jardim', 'position': 'G', 'jerseyNumber': '1', 'userCount': 5913, 'gender': 'M', 'sofascoreId': 'leocjardim', 'id': 595598, 'fieldTranslations': {'nameTranslation': {'ar': 'ليو جارديم', 'bn': 'লিও জার্দিম', 'hi': 'लियो जार्डिम'}, 'shortNameTranslation': {'ar': 'ل. جارديم', 'bn': 'এল. জার্দিম', 'hi': 'एल. जार्डिम'}}}",6262197,45,2.0,2787,"{'start': {'x': 51.5, 'y': 4.5}, 'end': {'x': 45.8, 'y': 0}, 'goal': {'x': 45.8, 'y': 96.8}}",1,2613,87,shot,regular,13472606
"{'name': 'Alexandro Bernabei', 'slug': 'alexandro-bernabei', 'shortName': 'A. Bernabei', 'position': 'D', 'jerseyNumber': '26', 'userCount': 2145, 'gender': 'M', 'id': 989200, 'fieldTranslations': {'nameTranslation': {'ar': 'ألكسندرو بيرنابيي', 'bn': 'আলেকজান্দ্রো বার্নাবেই', 'hi': 'एलेक्ज़ेंड्रो बर्नबेई'}, 'shortNameTranslation': {'ar': 'أ. بيرنابيي', 'bn': 'এ. বার্নাবাই', 'hi': 'ए. बर्नबेई'}}}",False,miss,regular,"{'x': 22.2, 'y': 31.7, 'z': 0}",left-foot,right,"{'x': 0, 'y': 17.1, 'z': 4.2}","{'x': 6.7, 'y': 60.5, 'z': 0}",0.021316349506378,0.0,"{'name': 'Léo Jardim', 'slug': 'leo-jardim', 'shortName': 'L. Jardim', 'position': 'G', 'jerseyNumber': '1', 'userCount': 5913, 'gender': 'M', 'sofascoreId': 'leocjardim', 'id': 595598, 'fieldTranslations': {'nameTranslation': {'ar': 'ليو جارديم', 'bn': 'লিও জার্দিম', 'hi': 'लियो जार्डिम'}, 'shortNameTranslation': {'ar': 'ل. جارديم', 'bn': 'এল. জার্দিম', 'hi': 'एल. जार्डिम'}}}",6262239,44,,2637,"{'start': {'x': 31.7, 'y': 22.2}, 'block': {'x': 60.5, 'y': 6.7}, 'end': {'x': 82.9, 'y': 0}, 'goal': {'x': 82.9, 'y': 95.8}}",2,63,2637,shot,,13472606
"{'name': 'Johan Carbonero', 'slug': 'carbonero-johan', 'shortName': 'J. Carbonero', 'position': 'F', 'jerseyNumber': '7', 'userCount': 2399, 'gender': 'M', 'id': 925125, 'fieldTranslations': {'nameTranslation': {'ar': 'يوهان كاربونيرو'}, 'shortNameTranslation': {'ar': 'ي. كاربونيرو'}}}",False,block,assisted,"{'x': 18.7, 'y': 46.7, 'z': 0}",right-foot,low-centre,"{'x': 0, 'y': 48.9, 'z': 19}","{'x': 17, 'y': 47.1, 'z': 0}",0.035551197826862,0.0,"{'name': 'Léo Jardim', 'slug': 'leo-jardim', 'shortName': 'L. Jardim', 'position': 'G', 'jerseyNumber': '1', 'userCount': 5913, 'gender': 'M', 'sofascoreId': 'leocjardim', 'id': 595598, 'fieldTranslations': {'nameTranslation': {'ar': 'ليو جارديم', 'bn': 'লিও জার্দিম', 'hi': 'लियो जार्डिम'}, 'shortNameTranslation': {'ar': 'ل. جارديم', 'bn': 'এল. জার্দিম', 'hi': 'एल. जार्डिम'}}}",6262193,42,,2473,"{'start': {'x': 46.7, 'y': 18.7}, 'block': {'x': 47.1, 'y': 17}, 'end': {'x': 51.1, 'y': 0}, 'goal': {'x': 51.1, 'y': 81}}",4,227,2473,shot,,13472606
"{'name': 'Alexandro Bernabei', 'slug': 'alexandro-bernabei', 'shortName': 'A. Bernabei', 'position': 'D', 'jerseyNumber': '26', 'userCount': 2145, 'gender': 'M', 'id': 989200, 'fieldTranslations': {'nameTranslation': {'ar': 'ألكسندرو بيرنابيي', 'bn': 'আলেকজান্দ্রো বার্নাবেই', 'hi': 'एलेक्ज़ेंड्रो बर्नबेई'}, 'shortNameTranslation': {'ar': 'أ. بيرنابيي', 'bn': 'এ. বার্নাবাই', 'hi': 'ए. बर्नबेई'}}}",False,miss,regular,"{'x': 21.4, 'y': 29.8, 'z': 0}",left-foot,high-right,"{'x': 0, 'y': 36, 'z': 76.4}",,0.020267592743039,0.0,"{'name': 'Léo Jardim', 'slug': 'leo-jardim', 'shortName': 'L. Jardim', 'position': 'G', 'jerseyNumber': '1', 'userCount': 5913, 'gender': 'M', 'sofascoreId': 'leocjardim', 'id': 595598, 'fieldTranslations': {'nameTranslation': {'ar': 'ليو جارديم', 'bn': 'লিও জার্দিম', 'hi': 'लियो जार्डिम'}, 'shortNameTranslation': {'ar': 'ل. جارديم', 'bn': 'এল. জার্দিম', 'hi': 'एल. जार्डिम'}}}",6262184,33,,1977,"{'start': {'x': 29.8, 'y': 21.4}, 'end': {'x': 64, 'y': 0}, 'goal': {'x': 64, 'y': 23.6}}",13,723,1977,shot,,13472606
"{'name': 'Philippe Coutinho', 'slug': 'philippe-coutinho', 'shortName': 'P. Coutinho', 'position': 'M', 'userCount': 68505, 'gender': 'M', 'sofascoreId': 'Coutinho', 'id': 119159, 'fieldTranslations': {'nameTranslation': {'ar': 'فيليب كوتينيو', 'bn': 'ফিলিপে কৌতিনহো', 'hi': 'फिलिप कूटिन्हो'}, 'shortNameTranslation': {'ar': 'ف. كوتينيو', 'bn': 'পি. কৌতিনহো', 'hi': 'पी. कूटिन्हो'}}}",True,post,assisted,"{'x': 26.8, 'y': 43.4, 'z': 0}",right-foot,high,"{'x': 0, 'y': 55.2, 'z': 40.5}",,0.019257197156549,0.0,"{'name': 'Sergio Rochet', 'slug': 'sergio-rochet', 'shortName': 'S. Rochet', 'position': 'G', 'jerseyNumber': '1', 'userCount': 2616, 'gender': 'M', 'id': 581060, 'fieldTranslations': {'nameTranslation': {'ar': 'سيرجيو روشيت', 'bn': 'সার্জিও রোচেট', 'hi': 'सर्जियो रोशेट'}, 'shortNameTranslation': {'ar': 'س. روشيت', 'bn': 'সার্জিও রোচেট', 'hi': 'सर्जियो रोशेट'}}}",6262181,28,,1637,"{'start': {'x': 43.4, 'y': 26.8}, 'end': {'x': 44.8, 'y': 0}, 'goal': {'x': 44.8, 'y': 59.5}}",18,1063,1637,shot,,13472606
"{'name': 'Andrés Gómez', 'slug': 'andres-gomez', 'shortName': 'A. Gómez', 'position': 'M', 'jerseyNumber': '11', 'userCount': 4215, 'gender': 'M', 'id': 1160386, 'fieldTranslations': {'nameTranslation': {'ar': 'أندريس غوميز', 'bn': 'আন্দ্রেস গোমেজ', 'hi': 'एन्ड्रेस गोमेज़'}, 'shortNameTranslation': {'ar': 'أ. غوميز', 'bn': 'এ. গোমেজ', 'hi': 'ए. गोमेज़'}}}",True,miss,corner,"{'x': 27.1, 'y': 70.1, 'z': 0}",right-foot,high-right,"{'x': 0, 'y': 30.8, 'z': 80.6}",,0.0078048510476947,0.0,"{'name': 'Sergio Rochet', 'slug': 'sergio-rochet', 'shortName': 'S. Rochet', 'position': 'G', 'jerseyNumber': '1', 'userCount': 2616, 'gender': 'M', 'id': 581060, 'fieldTranslations': {'nameTranslation': {'ar': 'سيرجيو روشيت', 'bn': 'সার্জিও রোচেট', 'hi': 'सर्जियो रोशेट'}, 'shortNameTranslation': {'ar': 'س. روشيت', 'bn': 'সার্জিও রোচেট', 'hi': 'सर्जियो रोशेट'}}}",6262179,26,,1517,"{'start': {'x': 70.1, 'y': 27.1}, 'end': {'x': 69.2, 'y': 0}, 'goal': {'x': 69.2, 'y': 19.4}}",20,1183,1517,shot,,13472606
"{'name': 'Andrés Gómez', 'slug': 'andres-gomez', 'shortName': 'A. Gómez', 'position': 'M', 'jerseyNumber': '11', 'userCount': 4215, 'gender': 'M', 'id': 1160386, 'fieldTranslations': {'nameTranslation': {'ar': 'أندريس غوميز', 'bn': 'আন্দ্রেস গোমেজ', 'hi': 'एन्ड्रेस गोमेज़'}, 'shortNameTranslation': {'ar': 'أ. غوميز', 'bn': 'এ. গোমেজ', 'hi': 'ए. गोमेज़'}}}",True,miss,assisted,"{'x': 5.5, 'y': 56.4, 'z': 0}",right-foot,close-right,"{'x': 0, 'y': 43.4, 'z': 8.3}","{'x': 2.9, 'y': 57.4, 'z': 0}",0.251011967659,0.0,"{'name': 'Sergio Rochet', 'slug': 'sergio-rochet', 'shortName': 'S. Rochet', 'position': 'G', 'jerseyNumber': '1', 'userCount': 2616, 'gender': 'M', 'id': 581060, 'fieldTranslations': {'nameTranslation': {'ar': 'سيرجيو روشيت', 'bn': 'সার্জিও রোচেট', 'hi': 'सर्जियो रोशेट'}, 'shortNameTranslation': {'ar': 'س. روشيت', 'bn': 'সার্জিও রোচেট', 'hi': 'सर्जियो रोशेट'}}}",6262182,22,,1293,"{'start': {'x': 56.4, 'y': 5.5}, 'block': {'x': 57.4, 'y': 2.9}, 'end': {'x': 56.6, 'y': 0}, 'goal': {'x': 56.6, 'y': 91.7}}",24,1407,1293,shot,,13472606
"{'name': 'Philippe Coutinho', 'slug': 'philippe-coutinho', 'shortName': 'P. Coutinho', 'position': 'M', 'userCount': 68505, 'gender': 'M', 'sofascoreId': 'Coutinho', 'id': 119159, 'fieldTranslations': {'nameTranslation': {'ar': 'فيليب كوتينيو', 'bn': 'ফিলিপে কৌতিনহো', 'hi': 'फिलिप कूटिन्हो'}, 'shortNameTranslation': {'ar': 'ف. كوتينيو', 'bn': 'পি. কৌতিনহো', 'hi': 'पी. कूटिन्हो'}}}",True,save,assisted,"{'x': 24.4, 'y': 24.4, 'z': 0}",right-foot,high-right,"{'x': 0, 'y': 47, 'z': 24.7}","{'x': 1.6, 'y': 47.1, 'z': 0}",0.018792843446136,0.16009360551834,"{'name': 'Sergio Rochet', 'slug': 'sergio-rochet', 'shortName': 'S. Rochet', 'position': 'G', 'jerseyNumber': '1', 'userCount': 2616, 'gender': 'M', 'id': 581060, 'fieldTranslations': {'nameTranslation': {'ar': 'سيرجيو روشيت', 'bn': 'সার্জিও রোচেট', 'hi': 'सर्जियो रोशेट'}, 'shortNameTranslation': {'ar': 'س. روشيت', 'bn': 'সার্জিও রোচেট', 'hi': 'सर्जियो रोशेट'}}}",6262150,14,,826,"{'start': {'x': 24.4, 'y': 24.4}, 'block': {'x': 47.1, 'y': 1.6}, 'end': {'x': 53, 'y': 0}, 'goal': {'x': 53, 'y': 75.3}}",32,1874,826,shot,,13472606
"{'name': 'Gabriel Mercado', 'slug': 'gabriel-mercado', 'shortName': 'G. Mercado', 'position': 'D', 'jerseyNumber': '25', 'userCount': 994, 'gender': 'M', 'id': 128376, 'fieldTranslations': {'nameTranslation': {'ar': 'غابرييل ميركادو'}, 'shortNameTranslation': {'ar': 'غ. ميركادو'}}}",False,miss,set-piece,"{'x': 12.5, 'y': 55.8, 'z': 0}",head,high-left,"{'x': 0, 'y': 58.2, 'z': 91.7}",,0.04172981902957,0.0,"{'name': 'Léo Jardim', 'slug': 'leo-jardim', 'shortName': 'L. Jardim', 'position': 'G', 'jerseyNumber': '1', 'userCount': 5913, 'gender': 'M', 'sofascoreId': 'leocjardim', 'id': 595598, 'fieldTranslations': {'nameTranslation': {'ar': 'ليو جارديم', 'bn': 'লিও জার্দিম', 'hi': 'लियो जार्डिम'}, 'shortNameTranslation': {'ar': 'ل. جارديم', 'bn': 'এল. জার্দিম', 'hi': 'एल. जार्डिम'}}}",6262149,13,,778,"{'start': {'x': 55.8, 'y': 12.5}, 'end': {'x': 41.8, 'y': 0}, 'goal': {'x': 41.8, 'y': 8.3}}",33,1922,778,shot,,13472606
"{'name': 'Rayan', 'firstName': 'Rayan', 'slug': 'rayan', 'shortName': 'Rayan', 'position': 'M', 'jerseyNumber': '37', 'userCount': 32026, 'gender': 'M', 'id': 1464966, 'fieldTranslations': {'nameTranslation': {'ar': 'ريان', 'bn': 'রায়ান', 'hi': 'रायन'}, 'shortNameTranslation': {'ar': 'ريان', 'bn': 'রায়ান', 'hi': 'रायन'}}}",True,goal,assisted,"{'x': 22.1, 'y': 62.4, 'z': 0}",left-foot,low-right,"{'x': 0, 'y': 46.3, 'z': 3.8}",,0.034442611038685,0.20583060383797,"{'name': 'Sergio Rochet', 'slug': 'sergio-rochet', 'shortName': 'S. Rochet', 'position': 'G', 'jerseyNumber': '1', 'userCount': 2616, 'gender': 'M', 'id': 581060, 'fieldTranslations': {'nameTranslation': {'ar': 'سيرجيو روشيت', 'bn': 'সার্জিও রোচেট', 'hi': 'सर्जियो रोशेट'}, 'shortNameTranslation': {'ar': 'س. روشيت', 'bn': 'সার্জিও রোচেট', 'hi': 'सर्जियो रोशेट'}}}",6262146,9,,517,"{'start': {'x': 62.4, 'y': 22.1}, 'end': {'x': 53.7, 'y': 0}, 'goal': {'x': 53.7, 'y': 96.2}}",37,2183,517,shot,regular,13472606
"{'name': 'Johan Carbonero', 'slug': 'carbonero-johan', 'shortName': 'J. Carbonero', 'position': 'F', 'jerseyNumber': '7', 'userCount': 2399, 'gender': 'M', 'id': 925125, 'fieldTranslations': {'nameTranslation': {'ar': 'يوهان كاربونيرو'}, 'shortNameTranslation': {'ar': 'ي. كاربونيرو'}}}",False,save,assisted,"{'x': 5.4, 'y': 28.3, 'z': 0}",left-foot,low-left,"{'x': 0, 'y': 52.6, 'z': 11.4}","{'x': 1.2, 'y': 44.9, 'z': 0}",0.031875338405371,0.2301249653101,"{'name': 'Léo Jardim', 'slug': 'leo-jardim', 'shortName': 'L. Jardim', 'position': 'G', 'jerseyNumber': '1', 'userCount': 5913, 'gender': 'M', 'sofascoreId': 'leocjardim', 'id': 595598, 'fieldTranslations': {'nameTranslation': {'ar': 'ليو جارديم', 'bn': 'লিও জার্দিম', 'hi': 'लियो जार्डिम'}, 'shortNameTranslation': {'ar': 'ل. جارديم', 'bn': 'এল. জার্দিম', 'hi': 'एल. जार्डिम'}}}",6262144,8,,424,"{'start': {'x': 28.3, 'y': 5.4}, 'block': {'x': 44.9, 'y': 1.2}, 'end': {'x': 47.4, 'y': 0}, 'goal': {'x': 47.4, 'y': 88.6}}",38,2276,424,shot,,13472606
"{'name': 'Andrés Gómez', 'slug': 'andres-gomez', 'shortName': 'A. Gómez', 'position': 'M', 'jerseyNumber': '11', 'userCount': 4215, 'gender': 'M', 'id': 1160386, 'fieldTranslations': {'nameTranslation': {'ar': 'أندريس غوميز', 'bn': 'আন্দ্রেস গোমেজ', 'hi': 'एन्ड्रेस गोमेज़'}, 'shortNameTranslation': {'ar': 'أ. غوميز', 'bn': 'এ. গোমেজ', 'hi': 'ए. गोमेज़'}}}",True,goal,regular,"{'x': 11.6, 'y': 32.5, 'z': 0}",right-foot,high-right,"{'x': 0, 'y': 46.1, 'z': 23.4}",,0.059212055057287,0.79821395874023,"{'name': 'Sergio Rochet', 'slug': 'sergio-rochet', 'shortName': 'S. Rochet', 'position': 'G', 'jerseyNumber': '1', 'userCount': 2616, 'gender': 'M', 'id': 581060, 'fieldTranslations': {'nameTranslation': {'ar': 'سيرجيو روشيت', 'bn': 'সার্জিও রোচেট', 'hi': 'सर्जियो रोशेट'}, 'shortNameTranslation': {'ar': 'س. روشيت', 'bn': 'সার্জিও রোচেট', 'hi': 'सर्जियो रोशेट'}}}",6262139,2,,89,"{'start': {'x': 32.5, 'y': 11.6}, 'end': {'x': 53.9, 'y': 0}, 'goal': {'x': 53.9, 'y': 76.6}}",44,2611,89,shot,regular,13472606
"{'name': 'Robinho Júnior', 'slug': 'robson-junior', 'shortName': 'Robinho Jr', 'position': 'M', 'jerseyNumber': '7', 'userCount': 10534, 'gender': 'M', 'id': 2191860, 'fieldTranslations': {'nameTranslation': {'ar': 'روبنيو جونيور'}, 'shortNameTranslation': {'ar': 'ر. جونيور'}}}",True,save,assisted,"{'x': 12.4, 'y': 61.1, 'z': 0}",left-foot,low-right,"{'x': 0, 'y': 46.6, 'z': 8.2}","{'x': 2, 'y': 51.6, 'z': 0}",0.15289482474327,0.59447836875916,"{'name': 'Gabriel Vasconcelos', 'slug': 'gabriel-vasconcelos', 'shortName': 'G. Vasconcelos', 'position': 'G', 'jerseyNumber': '1', 'userCount': 497, 'gender': 'M', 'id': 147467, 'fieldTranslations': {'nameTranslation': {'ar': 'غابرييل فاسكونسيلوس', 'bn': 'গ্যাব্রিয়েল ভাসকনসেলোস', 'hi': 'गेब्रियल वास्कोनसेलोस'}, 'shortNameTranslation': {'ar': 'غابرييل فاسكونسيلوس', 'bn': 'গ্যাব্রিয়েল ভাসকনসেলোস', 'hi': 'गेब्रियल वास्कोनसेलोस'}}}",6262584,90,5.0,5668,"{'start': {'x': 61.1, 'y': 12.4}, 'block': {'x': 51.6, 'y': 2}, 'end': {'x': 53.4, 'y': 0}, 'goal': {'x': 53.4, 'y': 91.8}}",1,632,268,shot,,13472613
"{'name': 'Igor Cariús', 'slug': 'igor-carius', 'shortName': 'I. Cariús', 'position': 'D', 'jerseyNumber': '16', 'userCount': 303, 'gender': 'M', 'id': 874195, 'fieldTranslations': {'nameTranslation': {'ar': 'إيغور كاريش'}, 'shortNameTranslation': {'ar': 'إ. كاريش'}}}",False,block,set-piece,"{'x': 4.9, 'y': 64.6, 'z': 0}",head,low-right,"{'x': 0, 'y': 46.7, 'z': 19}","{'x': 4, 'y': 62.5, 'z': 0}",0.022332411259413,0.0,"{'name': 'Gabriel Brazão', 'firstName': '', 'lastName': '', 'slug': 'gabriel-brazao', 'shortName': 'G. Brazão', 'position': 'G', 'jerseyNumber': '77', 'userCount': 3103, 'gender': 'M', 'id': 905448, 'fieldTranslations': {'nameTranslation': {'ar': 'غابرييل برازاو', 'bn': 'গ্যাব্রিয়েল ব্রাজাও', 'hi': 'गेब्रियल ब्राज़ाओ'}, 'shortNameTranslation': {'ar': 'غ. برازاو', 'bn': 'জি. ব্রাজাও', 'hi': 'जी. ब्राज़ाओ'}}}",6262583,90,2.0,5517,"{'start': {'x': 64.6, 'y': 4.9}, 'block': {'x': 62.5, 'y': 4}, 'end': {'x': 53.3, 'y': 0}, 'goal': {'x': 53.3, 'y': 81}}",1,783,117,shot,,13472613
"{'name': 'Neymar', 'slug': 'neymar', 'shortName': 'Neymar', 'position': 'F', 'jerseyNumber': '10', 'userCount': 1013524, 'gender': 'M', 'sofascoreId': 'Neymar', 'id': 124712, 'fieldTranslations': {'nameTranslation': {'ar': 'نيمار', 'bn': 'নেইমার', 'hi': 'नेमार'}, 'shortNameTranslation': {'ar': 'نيمار', 'bn': 'নেইমার', 'hi': 'नेमार'}}}",True,miss,assisted,"{'x': 13.6, 'y': 54.8, 'z': 0}",right-foot,left,"{'x': 0, 'y': 59.8, 'z': 16.7}",,0.14142493903637,0.0,"{'name': 'Gabriel Vasconcelos', 'slug': 'gabriel-vasconcelos', 'shortName': 'G. Vasconcelos', 'position': 'G', 'jerseyNumber': '1', 'userCount': 497, 'gender': 'M', 'id': 147467, 'fieldTranslations': {'nameTranslation': {'ar': 'غابرييل فاسكونسيلوس', 'bn': 'গ্যাব্রিয়েল ভাসকনসেলোস', 'hi': 'गेब्रियल वास्कोनसेलोस'}, 'shortNameTranslation': {'ar': 'غابرييل فاسكونسيلوس', 'bn': 'গ্যাব্রিয়েল ভাসকনসেলোস', 'hi': 'गेब्रियल वास्कोनसेलोस'}}}",6262582,88,,5261,"{'start': {'x': 54.8, 'y': 13.6}, 'end': {'x': 40.2, 'y': 0}, 'goal': {'x': 40.2, 'y': 83.3}}",3,139,2561,shot,,13472613
"{'name': 'Neymar', 'slug': 'neymar', 'shortName': 'Neymar', 'position': 'F', 'jerseyNumber': '10', 'userCount': 1013524, 'gender': 'M', 'sofascoreId': 'Neymar', 'id': 124712, 'fieldTranslations': {'nameTranslation': {'ar': 'نيمار', 'bn': 'নেইমার', 'hi': 'नेमार'}, 'shortNameTranslation': {'ar': 'نيمار', 'bn': 'নেইমার', 'hi': 'नेमार'}}}",True,save,free-kick,"{'x': 19.5, 'y': 31.3, 'z': 0}",right-foot,low-right,"{'x': 0, 'y': 46.3, 'z': 7.6}","{'x': 1.1, 'y': 49.1, 'z': 0}",0.055292829871178,0.20459288358688,"{'name': 'Gabriel Vasconcelos', 'slug': 'gabriel-vasconcelos', 'shortName': 'G. Vasconcelos', 'position': 'G', 'jerseyNumber': '1', 'userCount': 497, 'gender': 'M', 'id': 147467, 'fieldTranslations': {'nameTranslation': {'ar': 'غابرييل فاسكونسيلوس', 'bn': 'গ্যাব্রিয়েল ভাসকনসেলোস', 'hi': 'गेब्रियल वास्कोनसेलोस'}, 'shortNameTranslation': {'ar': 'غابرييل فاسكونسيلوس', 'bn': 'গ্যাব্রিয়েল ভাসকনসেলোস', 'hi': 'गेब्रियल वास्कोनसेलोस'}}}",6262565,87,,5186,"{'start': {'x': 31.3, 'y': 19.5}, 'block': {'x': 49.1, 'y': 1.1}, 'end': {'x': 53.7, 'y': 0}, 'goal': {'x': 53.7, 'y': 92.4}}",4,214,2486,shot,,13472613
"{'name': 'Léo Pereira', 'slug': 'leo-pereira', 'shortName': 'L. Pereira', 'position': 'M', 'jerseyNumber': '38', 'userCount': 373, 'gender': 'M', 'id': 1008491, 'fieldTranslations': {'nameTranslation': {'ar': 'ليو بيريرا'}, 'shortNameTranslation': {'ar': 'ل. بيريرا'}}}",False,save,corner,"{'x': 24.9, 'y': 27, 'z': 0}",right-foot,low-centre,"{'x': 0, 'y': 50.8, 'z': 11.4}","{'x': 2, 'y': 47.7, 'z': 0}",0.012517359107733,0.0096924621611834,"{'name': 'Gabriel Brazão', 'firstName': '', 'lastName': '', 'slug': 'gabriel-brazao', 'shortName': 'G. Brazão', 'position': 'G', 'jerseyNumber': '77', 'userCount': 3103, 'gender': 'M', 'id': 905448, 'fieldTranslations': {'nameTranslation': {'ar': 'غابرييل برازاو', 'bn': 'গ্যাব্রিয়েল ব্রাজাও', 'hi': 'गेब्रियल ब्राज़ाओ'}, 'shortNameTranslation': {'ar': 'غ. برازاو', 'bn': 'জি. ব্রাজাও', 'hi': 'जी. ब्राज़ाओ'}}}",6262564,83,,4931,"{'start': {'x': 27, 'y': 24.9}, 'block': {'x': 47.7, 'y': 2}, 'end': {'x': 49.2, 'y': 0}, 'goal': {'x': 49.2, 'y': 88.6}}",8,469,2231,shot,,13472613
"{'name': 'Adriel', 'firstName': 'Adriel', 'lastName': 'Gomes do Nascimento', 'slug': 'adriel-gomes-do-nascimento', 'shortName': 'Adriel', 'position': 'M', 'jerseyNumber': '54', 'userCount': 68, 'gender': 'M', 'id': 2035989, 'fieldTranslations': {'nameTranslation': {'ar': 'أدرييل'}, 'shortNameTranslation': {'ar': 'أدرييل'}}}",False,block,assisted,"{'x': 15.4, 'y': 51.1, 'z': 0}",right-foot,low-centre,"{'x': 0, 'y': 49.8, 'z': 19}","{'x': 12, 'y': 50.9, 'z': 0}",0.088850572705269,0.0,"{'name': 'Gabriel Brazão', 'firstName': '', 'lastName': '', 'slug': 'gabriel-brazao', 'shortName': 'G. Brazão', 'position': 'G', 'jerseyNumber': '77', 'userCount': 3103, 'gender': 'M', 'id': 905448, 'fieldTranslations': {'nameTranslation': {'ar': 'غابرييل برازاو', 'bn': 'গ্যাব্রিয়েল ব্রাজাও', 'hi': 'गेब्रियल ब्राज़ाओ'}, 'shortNameTranslation': {'ar': 'غ. برازاو', 'bn': 'জি. ব্রাজাও', 'hi': 'जी. ब्राज़ाओ'}}}",6262563,82,,4906,"{'start': {'x': 51.1, 'y': 15.4}, 'block': {'x': 50.9, 'y': 12}, 'end': {'x': 50.2, 'y': 0}, 'goal': {'x': 50.2, 'y': 81}}",9,494,2206,shot,,13472613
"{'name': 'Hyoran', 'slug': 'hyoran', 'shortName': 'Hyoran', 'position': 'M', 'jerseyNumber': '19', 'userCount': 485, 'gender': 'M', 'id': 551348, 'fieldTranslations': {'nameTranslation': {'ar': 'هيوران'}, 'shortNameTranslation': {'ar': 'هيوران'}}}",False,miss,free-kick,"{'x': 30.1, 'y': 47.4, 'z': 0}",right-foot,high,"{'x': 0, 'y': 54.6, 'z': 81.9}",,0.033667862415314,0.0,"{'name': 'Gabriel Brazão', 'firstName': '', 'lastName': '', 'slug': 'gabriel-brazao', 'shortName': 'G. Brazão', 'position': 'G', 'jerseyNumber': '77', 'userCount': 3103, 'gender': 'M', 'id': 905448, 'fieldTranslations': {'nameTranslation': {'ar': 'غابرييل برازاو', 'bn': 'গ্যাব্রিয়েল ব্রাজাও', 'hi': 'गेब्रियल ब्राज़ाओ'}, 'shortNameTranslation': {'ar': 'غ. برازاو', 'bn': 'জি. ব্রাজাও', 'hi': 'जी. ब्राज़ाओ'}}}",6262562,78,,4656,"{'start': {'x': 47.4, 'y': 30.1}, 'end': {'x': 45.4, 'y': 0}, 'goal': {'x': 45.4, 'y': 18.1}}",13,744,1956,shot,,13472613
"{'name': 'João Schmidt', 'slug': 'joao-schmidt', 'shortName': 'J. Schmidt', 'position': 'M', 'jerseyNumber': '5', 'userCount': 1086, 'gender': 'M', 'id': 244591, 'fieldTranslations': {'nameTranslation': {'ar': 'جواو شميت'}, 'shortNameTranslation': {'ar': 'ج. شميت'}}}",True,goal,corner,"{'x': 6.8, 'y': 45.7, 'z': 0}",head,low-right,"{'x': 0, 'y': 47.6, 'z': 7}",,0.098342977464199,0.63488912582397,"{'name': 'Gabriel Vasconcelos', 'slug': 'gabriel-vasconcelos', 'shortName': 'G. Vasconcelos', 'position': 'G', 'jerseyNumber': '1', 'userCount': 497, 'gender': 'M', 'id': 147467, 'fieldTranslations': {'nameTranslation': {'ar': 'غابرييل فاسكونسيلوس', 'bn': 'গ্যাব্রিয়েল ভাসকনসেলোস', 'hi': 'गेब्रियल वास्कोनसेलोस'}, 'shortNameTranslation': {'ar': 'غابرييل فاسكونسيلوس', 'bn': 'গ্যাব্রিয়েল ভাসকনসেলোস', 'hi': 'गेब्रियल वास्कोनसेलोस'}}}",6262560,67,,4019,"{'start': {'x': 45.7, 'y': 6.8}, 'end': {'x': 52.4, 'y': 0}, 'goal': {'x': 52.4, 'y': 93}}",24,1381,1319,shot,regular,13472613
"{'name': 'Neymar', 'slug': 'neymar', 'shortName': 'Neymar', 'position': 'F', 'jerseyNumber': '10', 'userCount': 1013524, 'gender': 'M', 'sofascoreId': 'Neymar', 'id': 124712, 'fieldTranslations': {'nameTranslation': {'ar': 'نيمار', 'bn': 'নেইমার', 'hi': 'नेमार'}, 'shortNameTranslation': {'ar': 'نيمار', 'bn': 'নেইমার', 'hi': 'नेमार'}}}",True,block,free-kick,"{'x': 25.2, 'y': 33.1, 'z': 0}",right-foot,low-centre,"{'x': 0, 'y': 49.8, 'z': 19}","{'x': 17.9, 'y': 38.1, 'z': 0}",0.036722358316183,0.0,"{'name': 'Gabriel Vasconcelos', 'slug': 'gabriel-vasconcelos', 'shortName': 'G. Vasconcelos', 'position': 'G', 'jerseyNumber': '1', 'userCount': 497, 'gender': 'M', 'id': 147467, 'fieldTranslations': {'nameTranslation': {'ar': 'غابرييل فاسكونسيلوس', 'bn': 'গ্যাব্রিয়েল ভাসকনসেলোস', 'hi': 'गेब्रियल वास्कोनसेलोस'}, 'shortNameTranslation': {'ar': 'غابرييل فاسكونسيلوس', 'bn': 'গ্যাব্রিয়েল ভাসকনসেলোস', 'hi': 'गेब्रियल वास्कोनसेलोस'}}}",6262518,67,,3982,"{'start': {'x': 33.1, 'y': 25.2}, 'block': {'x': 38.1, 'y': 17.9}, 'end': {'x': 50.2, 'y': 0}, 'goal': {'x': 50.2, 'y': 81}}",24,1418,1282,shot,,13472613
"{'name': 'Zé Rafael', 'slug': 'ze-rafael', 'shortName': 'Z. Rafael', 'position': 'M', 'jerseyNumber': '6', 'userCount': 2607, 'gender': 'M', 'id': 329069, 'fieldTranslations': {'nameTranslation': {'ar': 'زيه رافاييل', 'bn': 'জে রাফায়েল', 'hi': 'ज़े राफेल'}, 'shortNameTranslation': {'ar': 'ز. رافاييل', 'bn': 'জেড. রাফায়েল', 'hi': 'ज़ी. राफेल'}}}",True,miss,assisted,"{'x': 18.4, 'y': 45.1, 'z': 0}",right-foot,close-right,"{'x': 0, 'y': 42, 'z': 23.6}",,0.073276177048683,0.0,"{'name': 'Gabriel Vasconcelos', 'slug': 'gabriel-vasconcelos', 'shortName': 'G. Vasconcelos', 'position': 'G', 'jerseyNumber': '1', 'userCount': 497, 'gender': 'M', 'id': 147467, 'fieldTranslations': {'nameTranslation': {'ar': 'غابرييل فاسكونسيلوس', 'bn': 'গ্যাব্রিয়েল ভাসকনসেলোস', 'hi': 'गेब्रियल वास्कोनसेलोस'}, 'shortNameTranslation': {'ar': 'غابرييل فاسكونسيلوس', 'bn': 'গ্যাব্রিয়েল ভাসকনসেলোস', 'hi': 'गेब्रियल वास्कोनसेलोस'}}}",6262516,64,,3804,"{'start': {'x': 45.1, 'y': 18.4}, 'end': {'x': 58, 'y': 0}, 'goal': {'x': 58, 'y': 76.4}}",27,1596,1104,shot,,13472613
"{'name': 'Álvaro Barreal', 'slug': 'alvaro-barreal', 'shortName': 'Á. Barreal', 'position': 'M', 'jerseyNumber': '22', 'userCount': 2824, 'gender': 'M', 'id': 949687, 'fieldTranslations': {'nameTranslation': {'ar': 'ألفارو باريال', 'bn': 'আলভারো ব্যারিয়াল', 'hi': 'अल्वारो बरियल'}, 'shortNameTranslation': {'ar': 'أ. باريال', 'bn': 'এ. ব্যারিয়াল', 'hi': 'आ. बरियल'}}}",True,miss,assisted,"{'x': 4.9, 'y': 29.4, 'z': 0}",left-foot,right,"{'x': 0, 'y': 35.8, 'z': 2.8}",,0.025830773636699,0.0,"{'name': 'Gabriel Vasconcelos', 'slug': 'gabriel-vasconcelos', 'shortName': 'G. Vasconcelos', 'position': 'G', 'jerseyNumber': '1', 'userCount': 497, 'gender': 'M', 'id': 147467, 'fieldTranslations': {'nameTranslation': {'ar': 'غابرييل فاسكونسيلوس', 'bn': 'গ্যাব্রিয়েল ভাসকনসেলোস', 'hi': 'गेब्रियल वास्कोनसेलोस'}, 'shortNameTranslation': {'ar': 'غابرييل فاسكونسيلوس', 'bn': 'গ্যাব্রিয়েল ভাসকনসেলোস', 'hi': 'गेब्रियल वास्कोनसेलोस'}}}",6262515,63,,3763,"{'start': {'x': 29.4, 'y': 4.9}, 'end': {'x': 64.2, 'y': 0}, 'goal': {'x': 64.2, 'y': 97.2}}",28,1637,1063,shot,,13472613
"{'name': 'Léo Pereira', 'slug': 'leo-pereira', 'shortName': 'L. Pereira', 'position': 'M', 'jerseyNumber': '38', 'userCount': 373, 'gender': 'M', 'id': 1008491, 'fieldTranslations': {'nameTranslation': {'ar': 'ليو بيريرا'}, 'shortNameTranslation': {'ar': 'ل. بيريرا'}}}",False,save,fast-break,"{'x': 12.2, 'y': 34.4, 'z': 0}",left-foot,low-left,"{'x': 0, 'y': 54.1, 'z': 1.3}","{'x': 1.9, 'y': 46.9, 'z': 0}",0.057405207306147,0.44840547442436,"{'name': 'Gabriel Brazão', 'firstName': '', 'lastName': '', 'slug': 'gabriel-brazao', 'shortName': 'G. Brazão', 'position': 'G', 'jerseyNumber': '77', 'userCount': 3103, 'gender': 'M', 'id': 905448, 'fieldTranslations': {'nameTranslation': {'ar': 'غابرييل برازاو', 'bn': 'গ্যাব্রিয়েল ব্রাজাও', 'hi': 'गेब्रियल ब्राज़ाओ'}, 'shortNameTranslation': {'ar': 'غ. برازاو', 'bn': 'জি. ব্রাজাও', 'hi': 'जी. ब्राज़ाओ'}}}",6262510,58,,3459,"{'start': {'x': 34.4, 'y': 12.2}, 'block': {'x': 46.9, 'y': 1.9}, 'end': {'x': 45.9, 'y': 0}, 'goal': {'x': 45.9, 'y': 98.7}}",33,1941,759,shot,,13472613
"{'name': 'Luan Cândido', 'slug': 'luan-candido', 'shortName': 'L. Cândido', 'position': 'D', 'jerseyNumber': '36', 'userCount': 715, 'gender': 'M', 'id': 905459, 'fieldTranslations': {'nameTranslation': {'ar': 'كانديدو, لوان'}, 'shortNameTranslation': {'ar': 'ل. كانديدو'}}}",False,miss,corner,"{'x': 8.4, 'y': 52.6, 'z': 0}",head,high,"{'x': 0, 'y': 52.9, 'z': 81.9}",,0.065703369677067,0.0,"{'name': 'Gabriel Brazão', 'firstName': '', 'lastName': '', 'slug': 'gabriel-brazao', 'shortName': 'G. Brazão', 'position': 'G', 'jerseyNumber': '77', 'userCount': 3103, 'gender': 'M', 'id': 905448, 'fieldTranslations': {'nameTranslation': {'ar': 'غابرييل برازاو', 'bn': 'গ্যাব্রিয়েল ব্রাজাও', 'hi': 'गेब्रियल ब्राज़ाओ'}, 'shortNameTranslation': {'ar': 'غ. برازاو', 'bn': 'জি. ব্রাজাও', 'hi': 'जी. ब्राज़ाओ'}}}",6262496,47,,2791,"{'start': {'x': 52.6, 'y': 8.4}, 'end': {'x': 47.1, 'y': 0}, 'goal': {'x': 47.1, 'y': 18.1}}",44,2609,91,shot,,13472613
"{'name': 'Léo Pereira', 'slug': 'leo-pereira', 'shortName': 'L. Pereira', 'position': 'M', 'jerseyNumber': '38', 'userCount': 373, 'gender': 'M', 'id': 1008491, 'fieldTranslations': {'nameTranslation': {'ar': 'ليو بيريرا'}, 'shortNameTranslation': {'ar': 'ل. بيريرا'}}}",False,block,fast-break,"{'x': 10.4, 'y': 25.3, 'z': 0}",left-foot,low-centre,"{'x': 0, 'y': 51.3, 'z': 19}","{'x': 9.3, 'y': 27.8, 'z': 0}",0.017187127843499,0.0,"{'name': 'Gabriel Brazão', 'firstName': '', 'lastName': '', 'slug': 'gabriel-brazao', 'shortName': 'G. Brazão', 'position': 'G', 'jerseyNumber': '77', 'userCount': 3103, 'gender': 'M', 'id': 905448, 'fieldTranslations': {'nameTranslation': {'ar': 'غابرييل برازاو', 'bn': 'গ্যাব্রিয়েল ব্রাজাও', 'hi': 'गेब्रियल ब्राज़ाओ'}, 'shortNameTranslation': {'ar': 'غ. برازاو', 'bn': 'জি. ব্রাজাও', 'hi': 'जी. ब्राज़ाओ'}}}",6262495,46,,2753,"{'start': {'x': 25.3, 'y': 10.4}, 'block': {'x': 27.8, 'y': 9.3}, 'end': {'x': 48.7, 'y': 0}, 'goal': {'x': 48.7, 'y': 81}}",45,2647,53,shot,,13472613
"{'name': 'Igor Vinícius', 'firstName': '', 'lastName': '', 'slug': 'igor-vinicius', 'shortName': 'I. Vinícius', 'position': 'D', 'jerseyNumber': '18', 'userCount': 1632, 'gender': 'M', 'id': 840119, 'fieldTranslations': {'nameTranslation': {'ar': 'إيغور فينيسيوس', 'bn': 'ইগর ভিনিসিয়াস', 'hi': 'इगोर विनीसियस'}, 'shortNameTranslation': {'ar': 'إ. فينيسيوس', 'bn': 'আই. ভিনিসিয়াস', 'hi': 'आई. विनीसियस'}}}",True,miss,assisted,"{'x': 2.5, 'y': 67.8, 'z': 0}",right-foot,left,"{'x': 0, 'y': 96.1, 'z': 16.7}","{'x': 6.4, 'y': 1.6, 'z': 0}",0.038021180778742,0.0,"{'name': 'Gabriel Vasconcelos', 'slug': 'gabriel-vasconcelos', 'shortName': 'G. Vasconcelos', 'position': 'G', 'jerseyNumber': '1', 'userCount': 497, 'gender': 'M', 'id': 147467, 'fieldTranslations': {'nameTranslation': {'ar': 'غابرييل فاسكونسيلوس', 'bn': 'গ্যাব্রিয়েল ভাসকনসেলোস', 'hi': 'गेब्रियल वास्कोनसेलोस'}, 'shortNameTranslation': {'ar': 'غابرييل فاسكونسيلوس', 'bn': 'গ্যাব্রিয়েল ভাসকনসেলোস', 'hi': 'गेब्रियल वास्कोनसेलोस'}}}",6262429,45,3.0,2825,"{'start': {'x': 67.8, 'y': 2.5}, 'block': {'x': 1.6, 'y': 6.4}, 'end': {'x': 3.9, 'y': 0}, 'goal': {'x': 3.9, 'y': 83.3}}",1,2575,125,shot,,13472613
"{'name': 'Guilherme', 'slug': 'guilherme', 'shortName': 'Guilherme', 'position': 'M', 'jerseyNumber': '20', 'userCount': 3597, 'gender': 'M', 'id': 844605, 'fieldTranslations': {'nameTranslation': {'ar': 'غيليرمي أوغوستو', 'bn': 'গুইলহার্ম অগোস্তু', 'hi': 'गिल्हर्मे ऑगस्टो'}, 'shortNameTranslation': {'ar': 'غ. أوغوستو', 'bn': 'উইলিয়াম অগোস্তু', 'hi': 'गिल्हर्मे ऑगस्टो'}}}",True,save,assisted,"{'x': 20.2, 'y': 33, 'z': 0}",right-foot,low-centre,"{'x': 0, 'y': 48.4, 'z': 3.8}","{'x': 4.1, 'y': 47.8, 'z': 0}",0.059539373964071,0.03205544129014,"{'name': 'Gabriel Vasconcelos', 'slug': 'gabriel-vasconcelos', 'shortName': 'G. Vasconcelos', 'position': 'G', 'jerseyNumber': '1', 'userCount': 497, 'gender': 'M', 'id': 147467, 'fieldTranslations': {'nameTranslation': {'ar': 'غابرييل فاسكونسيلوس', 'bn': 'গ্যাব্রিয়েল ভাসকনসেলোস', 'hi': 'गेब्रियल वास्कोनसेलोस'}, 'shortNameTranslation': {'ar': 'غابرييل فاسكونسيلوس', 'bn': 'গ্যাব্রিয়েল ভাসকনসেলোস', 'hi': 'गेब्रियल वास्कोनसेलोस'}}}",6262425,45,,2672,"{'start': {'x': 33, 'y': 20.2}, 'block': {'x': 47.8, 'y': 4.1}, 'end': {'x': 51.6, 'y': 0}, 'goal': {'x': 51.6, 'y': 96.2}}",1,28,2672,shot,,13472613
"{'name': 'Lucas Kal', 'firstName': '', 'lastName': '', 'slug': 'lucas-kal', 'shortName': 'Lucas Kal', 'position': 'M', 'jerseyNumber': '21', 'userCount': 179, 'gender': 'M', 'id': 840118, 'fieldTranslations': {'nameTranslation': {'ar': 'لوكاس كال'}, 'shortNameTranslation': {'ar': 'ل. كال'}}}",False,miss,assisted,"{'x': 13.7, 'y': 66.8, 'z': 0}",right-foot,left,"{'x': 0, 'y': 65.9, 'z': 2.8}",,0.073452405631542,0.0,"{'name': 'Gabriel Brazão', 'firstName': '', 'lastName': '', 'slug': 'gabriel-brazao', 'shortName': 'G. Brazão', 'position': 'G', 'jerseyNumber': '77', 'userCount': 3103, 'gender': 'M', 'id': 905448, 'fieldTranslations': {'nameTranslation': {'ar': 'غابرييل برازاو', 'bn': 'গ্যাব্রিয়েল ব্রাজাও', 'hi': 'गेब्रियल ब्राज़ाओ'}, 'shortNameTranslation': {'ar': 'غ. برازاو', 'bn': 'জি. ব্রাজাও', 'hi': 'जी. ब्राज़ाओ'}}}",6262421,42,,2511,"{'start': {'x': 66.8, 'y': 13.7}, 'end': {'x': 34.1, 'y': 0}, 'goal': {'x': 34.1, 'y': 97.2}}",4,189,2511,shot,,13472613
"{'name': 'Lucas Kal', 'firstName': '', 'lastName': '', 'slug': 'lucas-kal', 'shortName': 'Lucas Kal', 'position': 'M', 'jerseyNumber': '21', 'userCount': 179, 'gender': 'M', 'id': 840118, 'fieldTranslations': {'nameTranslation': {'ar': 'لوكاس كال'}, 'shortNameTranslation': {'ar': 'ل. كال'}}}",True,goal,corner,"{'x': 4.3, 'y': 50, 'z': 0}",left-foot,high-centre,"{'x': 0, 'y': 49.7, 'z': 31.6}",,,,"{'name': 'Gabriel Vasconcelos', 'slug': 'gabriel-vasconcelos', 'shortName': 'G. Vasconcelos', 'position': 'G', 'jerseyNumber': '1', 'userCount': 497, 'gender': 'M', 'id': 147467, 'fieldTranslations': {'nameTranslation': {'ar': 'غابرييل فاسكونسيلوس', 'bn': 'গ্যাব্রিয়েল ভাসকনসেলোস', 'hi': 'गेब्रियल वास्कोनसेलोस'}, 'shortNameTranslation': {'ar': 'غابرييل فاسكونسيلوس', 'bn': 'গ্যাব্রিয়েল ভাসকনসেলোস', 'hi': 'गेब्रियल वास्कोनसेलोस'}}}",6262365,36,,2128,"{'start': {'x': 50, 'y': 4.3}, 'end': {'x': 50.3, 'y': 0}, 'goal': {'x': 50.3, 'y': 68.4}}",10,572,2128,shot,own,13472613
"{'name': 'Willian Arão', 'firstName': '', 'lastName': '', 'slug': 'willian-arao', 'shortName': 'Willian Arão', 'position': 'M', 'jerseyNumber': '15', 'userCount': 1906, 'gender': 'M', 'id': 242213, 'fieldTranslations': {'nameTranslation': {'ar': 'ويليان أراو', 'bn': 'উইলিয়ান আরাও', 'hi': 'विलीयन अराओ'}, 'shortNameTranslation': {'ar': 'و. أراو', 'bn': 'উইলিয়ান. আরাও', 'hi': 'विलीयन अराओ'}}}",True,block,corner,"{'x': 5.4, 'y': 55.8, 'z': 0}",head,low-centre,"{'x': 0, 'y': 51.8, 'z': 19}","{'x': 3.8, 'y': 53.6, 'z': 0}",0.1107465326786,0.0,"{'name': 'Gabriel Vasconcelos', 'slug': 'gabriel-vasconcelos', 'shortName': 'G. Vasconcelos', 'position': 'G', 'jerseyNumber': '1', 'userCount': 497, 'gender': 'M', 'id': 147467, 'fieldTranslations': {'nameTranslation': {'ar': 'غابرييل فاسكونسيلوس', 'bn': 'গ্যাব্রিয়েল ভাসকনসেলোস', 'hi': 'गेब्रियल वास्कोनसेलोस'}, 'shortNameTranslation': {'ar': 'غابرييل فاسكونسيلوس', 'bn': 'গ্যাব্রিয়েল ভাসকনসেলোস', 'hi': 'गेब्रियल वास्कोनसेलोस'}}}",6262454,36,,2126,"{'start': {'x': 55.8, 'y': 5.4}, 'block': {'x': 53.6, 'y': 3.8}, 'end': {'x': 48.2, 'y': 0}, 'goal': {'x': 48.2, 'y': 81}}",10,574,2126,shot,,13472613
"{'name': 'Neymar', 'slug': 'neymar', 'shortName': 'Neymar', 'position': 'F', 'jerseyNumber': '10', 'userCount': 1013524, 'gender': 'M', 'sofascoreId': 'Neymar', 'id': 124712, 'fieldTranslations': {'nameTranslation': {'ar': 'نيمار', 'bn': 'নেইমার', 'hi': 'नेमार'}, 'shortNameTranslation': {'ar': 'نيمار', 'bn': 'নেইমার', 'hi': 'नेमार'}}}",True,save,assisted,"{'x': 22.4, 'y': 24.9, 'z': 0}",right-foot,low-right,"{'x': 0, 'y': 47, 'z': 15.8}","{'x': 1.6, 'y': 48.7, 'z': 0}",0.015514036640525,0.056259673088789,"{'name': 'Gabriel Vasconcelos', 'slug': 'gabriel-vasconcelos', 'shortName': 'G. Vasconcelos', 'position': 'G', 'jerseyNumber': '1', 'userCount': 497, 'gender': 'M', 'id': 147467, 'fieldTranslations': {'nameTranslation': {'ar': 'غابرييل فاسكونسيلوس', 'bn': 'গ্যাব্রিয়েল ভাসকনসেলোস', 'hi': 'गेब्रियल वास्कोनसेलोस'}, 'shortNameTranslation': {'ar': 'غابرييل فاسكونسيلوس', 'bn': 'গ্যাব্রিয়েল ভাসকনসেলোস', 'hi': 'गेब्रियल वास्कोनसेलोस'}}}",6262362,34,,2002,"{'start': {'x': 24.9, 'y': 22.4}, 'block': {'x': 48.7, 'y': 1.6}, 'end': {'x': 53, 'y': 0}, 'goal': {'x': 53, 'y': 84.2}}",12,698,2002,shot,,13472613
"{'name': 'Lucas Kal', 'firstName': '', 'lastName': '', 'slug': 'lucas-kal', 'shortName': 'Lucas Kal', 'position': 'M', 'jerseyNumber': '21', 'userCount': 179, 'gender': 'M', 'id': 840118, 'fieldTranslations': {'nameTranslation': {'ar': 'لوكاس كال'}, 'shortNameTranslation': {'ar': 'ل. كال'}}}",False,block,assisted,"{'x': 29.1, 'y': 64.3, 'z': 0}",right-foot,low-centre,"{'x': 0, 'y': 49, 'z': 19}","{'x': 17.2, 'y': 58.8, 'z': 0}",0.013994326815009,0.0,"{'name': 'Gabriel Brazão', 'firstName': '', 'lastName': '', 'slug': 'gabriel-brazao', 'shortName': 'G. Brazão', 'position': 'G', 'jerseyNumber': '77', 'userCount': 3103, 'gender': 'M', 'id': 905448, 'fieldTranslations': {'nameTranslation': {'ar': 'غابرييل برازاو', 'bn': 'গ্যাব্রিয়েল ব্রাজাও', 'hi': 'गेब्रियल ब्राज़ाओ'}, 'shortNameTranslation': {'ar': 'غ. برازاو', 'bn': 'জি. ব্রাজাও', 'hi': 'जी. ब्राज़ाओ'}}}",6262359,31,,1819,"{'start': {'x': 64.3, 'y': 29.1}, 'block': {'x': 58.8, 'y': 17.2}, 'end': {'x': 51, 'y': 0}, 'goal': {'x': 51, 'y': 81}}",15,881,1819,shot,,13472613
"{'name': 'Neymar', 'slug': 'neymar', 'shortName': 'Neymar', 'position': 'F', 'jerseyNumber': '10', 'userCount': 1013524, 'gender': 'M', 'sofascoreId': 'Neymar', 'id': 124712, 'fieldTranslations': {'nameTranslation': {'ar': 'نيمار', 'bn': 'নেইমার', 'hi': 'नेमार'}, 'shortNameTranslation': {'ar': 'نيمار', 'bn': 'নেইমার', 'hi': 'नेमार'}}}",True,goal,fast-break,"{'x': 9.8, 'y': 39.9, 'z': 0}",right-foot,low-left,"{'x': 0, 'y': 53.9, 'z': 3.2}",,0.12612700462341,0.7113448381424,"{'name': 'Gabriel Vasconcelos', 'slug': 'gabriel-vasconcelos', 'shortName': 'G. Vasconcelos', 'position': 'G', 'jerseyNumber': '1', 'userCount': 497, 'gender': 'M', 'id': 147467, 'fieldTranslations': {'nameTranslation': {'ar': 'غابرييل فاسكونسيلوس', 'bn': 'গ্যাব্রিয়েল ভাসকনসেলোস', 'hi': 'गेब्रियल वास्कोनसेलोस'}, 'shortNameTranslation': {'ar': 'غابرييل فاسكونسيلوس', 'bn': 'গ্যাব্রিয়েল ভাসকনসেলোস', 'hi': 'गेब्रियल वास्कोनसेलोस'}}}",6262358,25,,1499,"{'start': {'x': 39.9, 'y': 9.8}, 'end': {'x': 46.1, 'y': 0}, 'goal': {'x': 46.1, 'y': 96.8}}",21,1201,1499,shot,regular,13472613
"{'name': 'Matheusinho', 'firstName': '', 'lastName': '', 'slug': 'matheusinho', 'shortName': 'Matheusinho', 'position': 'M', 'jerseyNumber': '98', 'userCount': 482, 'gender': 'M', 'id': 822523, 'fieldTranslations': {'nameTranslation': {'ar': 'Sales Cordoso, Matheus Leonardo'}, 'shortNameTranslation': {'ar': 'M. L. S. Cordoso'}}}",False,block,assisted,"{'x': 26.5, 'y': 61.5, 'z': 0}",right-foot,low-centre,"{'x': 0, 'y': 50.9, 'z': 19}","{'x': 19.3, 'y': 58.1, 'z': 0}",0.027323307469487,0.0,"{'name': 'Gabriel Brazão', 'firstName': '', 'lastName': '', 'slug': 'gabriel-brazao', 'shortName': 'G. Brazão', 'position': 'G', 'jerseyNumber': '77', 'userCount': 3103, 'gender': 'M', 'id': 905448, 'fieldTranslations': {'nameTranslation': {'ar': 'غابرييل برازاو', 'bn': 'গ্যাব্রিয়েল ব্রাজাও', 'hi': 'गेब्रियल ब्राज़ाओ'}, 'shortNameTranslation': {'ar': 'غ. برازاو', 'bn': 'জি. ব্রাজাও', 'hi': 'जी. ब्राज़ाओ'}}}",6262353,20,,1169,"{'start': {'x': 61.5, 'y': 26.5}, 'block': {'x': 58.1, 'y': 19.3}, 'end': {'x': 49.1, 'y': 0}, 'goal': {'x': 49.1, 'y': 81}}",26,1531,1169,shot,,13472613
"{'name': 'Souza', 'firstName': 'Souza', 'lastName': '', 'slug': 'souza', 'shortName': 'Souza', 'position': 'D', 'jerseyNumber': '38', 'userCount': 2933, 'gender': 'M', 'id': 1482340, 'fieldTranslations': {'nameTranslation': {'ar': 'سوزا'}, 'shortNameTranslation': {'ar': 'سوزا'}}}",True,save,corner,"{'x': 19.2, 'y': 43.2, 'z': 0}",left-foot,low-right,"{'x': 0, 'y': 47.4, 'z': 3.2}","{'x': 1.9, 'y': 49.8, 'z': 0}",0.019156191498041,0.055961631238461,"{'name': 'Gabriel Vasconcelos', 'slug': 'gabriel-vasconcelos', 'shortName': 'G. Vasconcelos', 'position': 'G', 'jerseyNumber': '1', 'userCount': 497, 'gender': 'M', 'id': 147467, 'fieldTranslations': {'nameTranslation': {'ar': 'غابرييل فاسكونسيلوس', 'bn': 'গ্যাব্রিয়েল ভাসকনসেলোস', 'hi': 'गेब्रियल वास्कोनसेलोस'}, 'shortNameTranslation': {'ar': 'غابرييل فاسكونسيلوس', 'bn': 'গ্যাব্রিয়েল ভাসকনসেলোস', 'hi': 'गेब्रियल वास्कोनसेलोस'}}}",6262351,17,,996,"{'start': {'x': 43.2, 'y': 19.2}, 'block': {'x': 49.8, 'y': 1.9}, 'end': {'x': 52.6, 'y': 0}, 'goal': {'x': 52.6, 'y': 96.8}}",29,1704,996,shot,,13472613
"{'name': 'João Schmidt', 'slug': 'joao-schmidt', 'shortName': 'J. Schmidt', 'position': 'M', 'jerseyNumber': '5', 'userCount': 1086, 'gender': 'M', 'id': 244591, 'fieldTranslations': {'nameTranslation': {'ar': 'جواو شميت'}, 'shortNameTranslation': {'ar': 'ج. شميت'}}}",True,miss,corner,"{'x': 7.3, 'y': 53.8, 'z': 0}",head,left,"{'x': 0, 'y': 68.4, 'z': 20.8}","{'x': 5.4, 'y': 44.8, 'z': 0}",0.094254344701767,0.0,"{'name': 'Gabriel Vasconcelos', 'slug': 'gabriel-vasconcelos', 'shortName': 'G. Vasconcelos', 'position': 'G', 'jerseyNumber': '1', 'userCount': 497, 'gender': 'M', 'id': 147467, 'fieldTranslations': {'nameTranslation': {'ar': 'غابرييل فاسكونسيلوس', 'bn': 'গ্যাব্রিয়েল ভাসকনসেলোস', 'hi': 'गेब्रियल वास्कोनसेलोस'}, 'shortNameTranslation': {'ar': 'غابرييل فاسكونسيلوس', 'bn': 'গ্যাব্রিয়েল ভাসকনসেলোস', 'hi': 'गेब्रियल वास्कोनसेलोस'}}}",6262354,17,,992,"{'start': {'x': 53.8, 'y': 7.3}, 'block': {'x': 44.8, 'y': 5.4}, 'end': {'x': 31.6, 'y': 0}, 'goal': {'x': 31.6, 'y': 79.2}}",29,1708,992,shot,,13472613
"{'name': 'Neymar', 'slug': 'neymar', 'shortName': 'Neymar', 'position': 'F', 'jerseyNumber': '10', 'userCount': 1013524, 'gender': 'M', 'sofascoreId': 'Neymar', 'id': 124712, 'fieldTranslations': {'nameTranslation': {'ar': 'نيمار', 'bn': 'নেইমার', 'hi': 'नेमार'}, 'shortNameTranslation': {'ar': 'نيمار', 'bn': 'নেইমার', 'hi': 'नेमार'}}}",True,block,corner,"{'x': 13.8, 'y': 31.5, 'z': 0}",left-foot,low-left,"{'x': 0, 'y': 51.9, 'z': 19}","{'x': 11.6, 'y': 34.1, 'z': 0}",0.014366169460118,0.0,"{'name': 'Gabriel Vasconcelos', 'slug': 'gabriel-vasconcelos', 'shortName': 'G. Vasconcelos', 'position': 'G', 'jerseyNumber': '1', 'userCount': 497, 'gender': 'M', 'id': 147467, 'fieldTranslations': {'nameTranslation': {'ar': 'غابرييل فاسكونسيلوس', 'bn': 'গ্যাব্রিয়েল ভাসকনসেলোস', 'hi': 'गेब्रियल वास्कोनसेलोस'}, 'shortNameTranslation': {'ar': 'غابرييل فاسكونسيلوس', 'bn': 'গ্যাব্রিয়েল ভাসকনসেলোস', 'hi': 'गेब्रियल वास्कोनसेलोस'}}}",6262348,16,,941,"{'start': {'x': 31.5, 'y': 13.8}, 'block': {'x': 34.1, 'y': 11.6}, 'end': {'x': 48.1, 'y': 0}, 'goal': {'x': 48.1, 'y': 81}}",30,1759,941,shot,,13472613
"{'name': 'Neymar', 'slug': 'neymar', 'shortName': 'Neymar', 'position': 'F', 'jerseyNumber': '10', 'userCount': 1013524, 'gender': 'M', 'sofascoreId': 'Neymar', 'id': 124712, 'fieldTranslations': {'nameTranslation': {'ar': 'نيمار', 'bn': 'নেইমার', 'hi': 'नेमार'}, 'shortNameTranslation': {'ar': 'نيمار', 'bn': 'নেইমার', 'hi': 'नेमार'}}}",True,block,assisted,"{'x': 10.3, 'y': 38.2, 'z': 0}",right-foot,high-left,"{'x': 0, 'y': 52.4, 'z': 29.2}","{'x': 5.8, 'y': 43.5, 'z': 0}",0.12631332874298,0.0,"{'name': 'Gabriel Vasconcelos', 'slug': 'gabriel-vasconcelos', 'shortName': 'G. Vasconcelos', 'position': 'G', 'jerseyNumber': '1', 'userCount': 497, 'gender': 'M', 'id': 147467, 'fieldTranslations': {'nameTranslation': {'ar': 'غابرييل فاسكونسيلوس', 'bn': 'গ্যাব্রিয়েল ভাসকনসেলোস', 'hi': 'गेब्रियल वास्कोनसेलोस'}, 'shortNameTranslation': {'ar': 'غابرييل فاسكونسيلوس', 'bn': 'গ্যাব্রিয়েল ভাসকনসেলোস', 'hi': 'गेब्रियल वास्कोनसेलोस'}}}",6262347,15,,881,"{'start': {'x': 38.2, 'y': 10.3}, 'block': {'x': 43.5, 'y': 5.8}, 'end': {'x': 47.6, 'y': 0}, 'goal': {'x': 47.6, 'y': 70.8}}",31,1819,881,shot,,13472613
"{'name': 'Tiquinho Soares', 'slug': 'tiquinho-soares', 'shortName': 'Tiquinho', 'position': 'F', 'jerseyNumber': '9', 'userCount': 4688, 'gender': 'M', 'sofascoreId': 'tiquinho_soares_29', 'id': 789100, 'fieldTranslations': {'nameTranslation': {'ar': 'تيكينيو سواريس', 'bn': 'টিকুইনহো সোয়ারেস', 'hi': 'टिक्विन्हो सोरेस'}, 'shortNameTranslation': {'ar': 'ت. سواريس', 'bn': 'টি. সোয়ারেস', 'hi': 'टी. सोरेस'}}}",True,miss,fast-break,"{'x': 16, 'y': 40.6, 'z': 0}",right-foot,high-right,"{'x': 0, 'y': 40.2, 'z': 44.4}",,0.080689579248428,0.0,"{'name': 'Gabriel Vasconcelos', 'slug': 'gabriel-vasconcelos', 'shortName': 'G. Vasconcelos', 'position': 'G', 'jerseyNumber': '1', 'userCount': 497, 'gender': 'M', 'id': 147467, 'fieldTranslations': {'nameTranslation': {'ar': 'غابرييل فاسكونسيلوس', 'bn': 'গ্যাব্রিয়েল ভাসকনসেলোস', 'hi': 'गेब्रियल वास्कोनसेलोस'}, 'shortNameTranslation': {'ar': 'غابرييل فاسكونسيلوس', 'bn': 'গ্যাব্রিয়েল ভাসকনসেলোস', 'hi': 'गेब्रियल वास्कोनसेलोस'}}}",6262345,12,,705,"{'start': {'x': 40.6, 'y': 16}, 'end': {'x': 59.8, 'y': 0}, 'goal': {'x': 59.8, 'y': 55.6}}",34,1995,705,shot,,13472613
"{'name': 'Léo Pereira', 'slug': 'leo-pereira', 'shortName': 'L. Pereira', 'position': 'M', 'jerseyNumber': '38', 'userCount': 373, 'gender': 'M', 'id': 1008491, 'fieldTranslations': {'nameTranslation': {'ar': 'ليو بيريرا'}, 'shortNameTranslation': {'ar': 'ل. بيريرا'}}}",False,miss,fast-break,"{'x': 9, 'y': 27.4, 'z': 0}",left-foot,left,"{'x': 0, 'y': 62.5, 'z': 29.2}",,0.018388740718365,0.0,"{'name': 'Gabriel Brazão', 'firstName': '', 'lastName': '', 'slug': 'gabriel-brazao', 'shortName': 'G. Brazão', 'position': 'G', 'jerseyNumber': '77', 'userCount': 3103, 'gender': 'M', 'id': 905448, 'fieldTranslations': {'nameTranslation': {'ar': 'غابرييل برازاو', 'bn': 'গ্যাব্রিয়েল ব্রাজাও', 'hi': 'गेब्रियल ब्राज़ाओ'}, 'shortNameTranslation': {'ar': 'غ. برازاو', 'bn': 'জি. ব্রাজাও', 'hi': 'जी. ब्राज़ाओ'}}}",6262332,4,,203,"{'start': {'x': 27.4, 'y': 9}, 'end': {'x': 37.5, 'y': 0}, 'goal': {'x': 37.5, 'y': 70.8}}",42,2497,203,shot,,13472613
"{'name': 'Cristian Renato', 'firstName': '', 'lastName': '', 'slug': 'cristian-renato', 'shortName': 'C. Renato', 'position': 'F', 'jerseyNumber': '17', 'userCount': 258, 'gender': 'M', 'id': 1148306, 'fieldTranslations': {'nameTranslation': {'ar': 'كريستيان ريناتو'}, 'shortNameTranslation': {'ar': 'ك. ريناتو'}}}",False,miss,corner,"{'x': 2.9, 'y': 63.2, 'z': 0}",head,close-high,"{'x': 0, 'y': 48.4, 'z': 59.7}",,0.032282333821058,0.0,"{'name': 'Thiago Couto', 'slug': 'thiago-couto', 'shortName': 'T. Couto', 'position': 'G', 'jerseyNumber': '12', 'userCount': 419, 'gender': 'M', 'id': 871291, 'fieldTranslations': {'nameTranslation': {'ar': 'تياغو كوتو'}, 'shortNameTranslation': {'ar': 'ت. كوتو'}}}",6268326,90,6.0,5709,"{'start': {'x': 63.2, 'y': 2.9}, 'end': {'x': 51.6, 'y': 0}, 'goal': {'x': 51.6, 'y': 40.3}}",1,591,309,shot,,13472617
"{'name': 'Lucas Ramon', 'slug': 'lucas-ramon', 'shortName': 'L. Ramon', 'position': 'D', 'jerseyNumber': '19', 'userCount': 643, 'gender': 'M', 'id': 797225, 'fieldTranslations': {'nameTranslation': {'ar': 'لوكاس رامون'}, 'shortNameTranslation': {'ar': 'ل. رامون'}}}",False,miss,regular,"{'x': 15.3, 'y': 75.6, 'z': 0}",right-foot,close-high-right,"{'x': 0, 'y': 41.8, 'z': 41.7}",,0.01583407074213,0.0,"{'name': 'Thiago Couto', 'slug': 'thiago-couto', 'shortName': 'T. Couto', 'position': 'G', 'jerseyNumber': '12', 'userCount': 419, 'gender': 'M', 'id': 871291, 'fieldTranslations': {'nameTranslation': {'ar': 'تياغو كوتو'}, 'shortNameTranslation': {'ar': 'ت. كوتو'}}}",6268318,90,4.0,5610,"{'start': {'x': 75.6, 'y': 15.3}, 'end': {'x': 58.2, 'y': 0}, 'goal': {'x': 58.2, 'y': 58.3}}",1,690,210,shot,,13472617
"{'name': 'Renato Marques', 'firstName': 'Renato Marques', 'lastName': '', 'slug': 'marques-renato', 'shortName': 'Renato Marques', 'position': 'F', 'jerseyNumber': '78', 'userCount': 301, 'gender': 'M', 'id': 1194689, 'fieldTranslations': {'nameTranslation': {'ar': 'Marques de Oliveira Junior, Renato'}, 'shortNameTranslation': {'ar': 'R. M. d. O. Junior'}}}",False,miss,throw-in-set-piece,"{'x': 7.6, 'y': 56.8, 'z': 0}",head,right,"{'x': 0, 'y': 38.3, 'z': 15.3}",,0.05698873847723,0.0,"{'name': 'Thiago Couto', 'slug': 'thiago-couto', 'shortName': 'T. Couto', 'position': 'G', 'jerseyNumber': '12', 'userCount': 419, 'gender': 'M', 'id': 871291, 'fieldTranslations': {'nameTranslation': {'ar': 'تياغو كوتو'}, 'shortNameTranslation': {'ar': 'ت. كوتو'}}}",6268311,90,2.0,5517,"{'start': {'x': 56.8, 'y': 7.6}, 'end': {'x': 61.7, 'y': 0}, 'goal': {'x': 61.7, 'y': 84.7}}",1,783,117,shot,,13472617
"{'name': 'Matheuzinho', 'slug': 'matheuzinho', 'shortName': 'Matheuzinho', 'position': 'M', 'jerseyNumber': '10', 'userCount': 1519, 'gender': 'M', 'id': 795266, 'fieldTranslations': {'nameTranslation': {'ar': 'ماثيوزينيو', 'bn': 'ম্যাথেউজিনহো', 'hi': 'मैथ्यूज़िन्हो'}, 'shortNameTranslation': {'ar': 'ماثيوزينيو', 'bn': 'ম্যাথেউজিনহো', 'hi': 'मैथ्यूज़िन्हो'}}}",True,goal,penalty,"{'x': 11.5, 'y': 50, 'z': 0}",left-foot,low-right,"{'x': 0, 'y': 46.1, 'z': 17.1}",,0.7884,0.85352444648743,"{'name': 'Walter', 'slug': 'walter', 'shortName': 'Walter', 'position': 'G', 'jerseyNumber': '22', 'userCount': 771, 'gender': 'M', 'id': 329055, 'fieldTranslations': {'nameTranslation': {'ar': 'والتر'}, 'shortNameTranslation': {'ar': 'والتر'}}}",6268297,90,,5365,"{'start': {'x': 50, 'y': 11.5}, 'end': {'x': 53.9, 'y': 0}, 'goal': {'x': 53.9, 'y': 82.9}}",1,35,2665,shot,penalty,13472617
"{'name': 'Dudu', 'slug': 'dudu', 'shortName': 'D. Rodrigues', 'position': 'M', 'jerseyNumber': '21', 'userCount': 536, 'gender': 'M', 'id': 1124220, 'fieldTranslations': {'nameTranslation': {'ar': 'دودو'}, 'shortNameTranslation': {'ar': 'دودو'}}}",True,miss,fast-break,"{'x': 14.5, 'y': 46.4, 'z': 0}",left-foot,close-left,"{'x': 0, 'y': 59.2, 'z': 5.6}","{'x': 7.9, 'y': 44.2, 'z': 0}",0.19950380921364,0.0,"{'name': 'Walter', 'slug': 'walter', 'shortName': 'Walter', 'position': 'G', 'jerseyNumber': '22', 'userCount': 771, 'gender': 'M', 'id': 329055, 'fieldTranslations': {'nameTranslation': {'ar': 'والتر'}, 'shortNameTranslation': {'ar': 'والتر'}}}",6268306,86,,5105,"{'start': {'x': 46.4, 'y': 14.5}, 'block': {'x': 44.2, 'y': 7.9}, 'end': {'x': 40.8, 'y': 0}, 'goal': {'x': 40.8, 'y': 94.4}}",5,295,2405,shot,,13472617
"{'name': 'Felipe Jonatan', 'firstName': '', 'lastName': '', 'slug': 'felipe-jonatan', 'shortName': 'F. Jonatan', 'position': 'D', 'jerseyNumber': '16', 'userCount': 466, 'gender': 'M', 'id': 931574, 'fieldTranslations': {'nameTranslation': {'ar': 'فيليبي جوناتان'}, 'shortNameTranslation': {'ar': 'ف. جوناتان'}}}",False,block,assisted,"{'x': 3, 'y': 36.2, 'z': 0}",left-foot,low-left,"{'x': 0, 'y': 53.3, 'z': 19}","{'x': 2.2, 'y': 39.2, 'z': 0}",0.041408598423004,0.0,"{'name': 'Thiago Couto', 'slug': 'thiago-couto', 'shortName': 'T. Couto', 'position': 'G', 'jerseyNumber': '12', 'userCount': 419, 'gender': 'M', 'id': 871291, 'fieldTranslations': {'nameTranslation': {'ar': 'تياغو كوتو'}, 'shortNameTranslation': {'ar': 'ت. كوتو'}}}",6268283,85,,5074,"{'start': {'x': 36.2, 'y': 3}, 'block': {'x': 39.2, 'y': 2.2}, 'end': {'x': 46.7, 'y': 0}, 'goal': {'x': 46.7, 'y': 81}}",6,326,2374,shot,,13472617
"{'name': 'Luiz Otávio', 'slug': 'luiz-otavio', 'shortName': 'L. Otávio', 'position': 'D', 'jerseyNumber': '4', 'userCount': 172, 'gender': 'M', 'id': 874778, 'fieldTranslations': {'nameTranslation': {'ar': 'لويس أوتافيو'}, 'shortNameTranslation': {'ar': 'ل. أوتافيو'}}}",False,block,corner,"{'x': 12.7, 'y': 54.3, 'z': 0}",head,low-centre,"{'x': 0, 'y': 50.8, 'z': 19}","{'x': 10.1, 'y': 53.2, 'z': 0}",0.014891450293362,0.0,"{'name': 'Thiago Couto', 'slug': 'thiago-couto', 'shortName': 'T. Couto', 'position': 'G', 'jerseyNumber': '12', 'userCount': 419, 'gender': 'M', 'id': 871291, 'fieldTranslations': {'nameTranslation': {'ar': 'تياغو كوتو'}, 'shortNameTranslation': {'ar': 'ت. كوتو'}}}",6268320,81,,4840,"{'start': {'x': 54.3, 'y': 12.7}, 'block': {'x': 53.2, 'y': 10.1}, 'end': {'x': 49.2, 'y': 0}, 'goal': {'x': 49.2, 'y': 81}}",10,560,2140,shot,,13472617
"{'name': 'Luiz Otávio', 'slug': 'luiz-otavio', 'shortName': 'L. Otávio', 'position': 'D', 'jerseyNumber': '4', 'userCount': 172, 'gender': 'M', 'id': 874778, 'fieldTranslations': {'nameTranslation': {'ar': 'لويس أوتافيو'}, 'shortNameTranslation': {'ar': 'ل. أوتافيو'}}}",False,block,corner,"{'x': 10.7, 'y': 55.6, 'z': 0}",head,low-centre,"{'x': 0, 'y': 48.4, 'z': 19}","{'x': 7.1, 'y': 53.4, 'z': 0}",0.021427590399981,0.0,"{'name': 'Thiago Couto', 'slug': 'thiago-couto', 'shortName': 'T. Couto', 'position': 'G', 'jerseyNumber': '12', 'userCount': 419, 'gender': 'M', 'id': 871291, 'fieldTranslations': {'nameTranslation': {'ar': 'تياغو كوتو'}, 'shortNameTranslation': {'ar': 'ت. كوتو'}}}",6268281,78,,4641,"{'start': {'x': 55.6, 'y': 10.7}, 'block': {'x': 53.4, 'y': 7.1}, 'end': {'x': 51.6, 'y': 0}, 'goal': {'x': 51.6, 'y': 81}}",13,759,1941,shot,,13472617
"{'name': 'Negueba', 'firstName': '', 'lastName': '', 'slug': 'negueba', 'shortName': 'Negueba', 'position': 'M', 'jerseyNumber': '11', 'userCount': 668, 'gender': 'M', 'id': 872007, 'fieldTranslations': {'nameTranslation': {'ar': 'نيغويبا'}, 'shortNameTranslation': {'ar': 'نيغويبا'}}}",False,save,assisted,"{'x': 4.4, 'y': 32.2, 'z': 0}",left-foot,low-right,"{'x': 0, 'y': 45.7, 'z': 5.1}","{'x': 0.59999999999999, 'y': 46.4, 'z': 0}",0.045418102294207,0.28691974282265,"{'name': 'Thiago Couto', 'slug': 'thiago-couto', 'shortName': 'T. Couto', 'position': 'G', 'jerseyNumber': '12', 'userCount': 419, 'gender': 'M', 'id': 871291, 'fieldTranslations': {'nameTranslation': {'ar': 'تياغو كوتو'}, 'shortNameTranslation': {'ar': 'ت. كوتو'}}}",6268243,77,,4585,"{'start': {'x': 32.2, 'y': 4.4}, 'block': {'x': 46.4, 'y': 0.59999999999999}, 'end': {'x': 54.3, 'y': 0}, 'goal': {'x': 54.3, 'y': 94.9}}",14,815,1885,shot,,13472617
"{'name': 'Renato Marques', 'firstName': 'Renato Marques', 'lastName': '', 'slug': 'marques-renato', 'shortName': 'Renato Marques', 'position': 'F', 'jerseyNumber': '78', 'userCount': 301, 'gender': 'M', 'id': 1194689, 'fieldTranslations': {'nameTranslation': {'ar': 'Marques de Oliveira Junior, Renato'}, 'shortNameTranslation': {'ar': 'R. M. d. O. Junior'}}}",False,save,assisted,"{'x': 12.9, 'y': 29.2, 'z': 0}",right-foot,high-centre,"{'x': 0, 'y': 48.5, 'z': 22.2}","{'x': 1.8, 'y': 46.2, 'z': 0}",0.037010721862316,0.10458627343178,"{'name': 'Thiago Couto', 'slug': 'thiago-couto', 'shortName': 'T. Couto', 'position': 'G', 'jerseyNumber': '12', 'userCount': 419, 'gender': 'M', 'id': 871291, 'fieldTranslations': {'nameTranslation': {'ar': 'تياغو كوتو'}, 'shortNameTranslation': {'ar': 'ت. كوتو'}}}",6268174,71,,4247,"{'start': {'x': 29.2, 'y': 12.9}, 'block': {'x': 46.2, 'y': 1.8}, 'end': {'x': 51.5, 'y': 0}, 'goal': {'x': 51.5, 'y': 77.8}}",20,1153,1547,shot,,13472617
"{'name': 'Chico da Costa', 'slug': 'francisco-da-costa', 'shortName': 'Chico da Costa', 'position': 'F', 'jerseyNumber': '19', 'userCount': 2262, 'gender': 'M', 'id': 866847, 'fieldTranslations': {'nameTranslation': {'ar': 'شيكو دا كوستا'}, 'shortNameTranslation': {'ar': 'ش. دا كوستا'}}}",False,save,assisted,"{'x': 8.5, 'y': 59.1, 'z': 0}",right-foot,low-centre,"{'x': 0, 'y': 50.3, 'z': 5.7}","{'x': 3.3, 'y': 53.4, 'z': 0}",0.33144828677177,0.20385201275349,"{'name': 'Thiago Couto', 'slug': 'thiago-couto', 'shortName': 'T. Couto', 'position': 'G', 'jerseyNumber': '12', 'userCount': 419, 'gender': 'M', 'id': 871291, 'fieldTranslations': {'nameTranslation': {'ar': 'تياغو كوتو'}, 'shortNameTranslation': {'ar': 'ت. كوتو'}}}",6268205,70,,4176,"{'start': {'x': 59.1, 'y': 8.5}, 'block': {'x': 53.4, 'y': 3.3}, 'end': {'x': 49.7, 'y': 0}, 'goal': {'x': 49.7, 'y': 94.3}}",21,1224,1476,shot,,13472617
"{'name': 'Chico da Costa', 'slug': 'francisco-da-costa', 'shortName': 'Chico da Costa', 'position': 'F', 'jerseyNumber': '19', 'userCount': 2262, 'gender': 'M', 'id': 866847, 'fieldTranslations': {'nameTranslation': {'ar': 'شيكو دا كوستا'}, 'shortNameTranslation': {'ar': 'ش. دا كوستا'}}}",False,miss,fast-break,"{'x': 6.2, 'y': 30.6, 'z': 0}",left-foot,close-left,"{'x': 0, 'y': 57.6, 'z': 26.4}",,0.03199603036046,0.0,"{'name': 'Thiago Couto', 'slug': 'thiago-couto', 'shortName': 'T. Couto', 'position': 'G', 'jerseyNumber': '12', 'userCount': 419, 'gender': 'M', 'id': 871291, 'fieldTranslations': {'nameTranslation': {'ar': 'تياغو كوتو'}, 'shortNameTranslation': {'ar': 'ت. كوتو'}}}",6268166,68,,4040,"{'start': {'x': 30.6, 'y': 6.2}, 'end': {'x': 42.4, 'y': 0}, 'goal': {'x': 42.4, 'y': 73.6}}",23,1360,1340,shot,,13472617
"{'name': 'Chico da Costa', 'slug': 'francisco-da-costa', 'shortName': 'Chico da Costa', 'position': 'F', 'jerseyNumber': '19', 'userCount': 2262, 'gender': 'M', 'id': 866847, 'fieldTranslations': {'nameTranslation': {'ar': 'شيكو دا كوستا'}, 'shortNameTranslation': {'ar': 'ش. دا كوستا'}}}",False,block,assisted,"{'x': 24.3, 'y': 45.4, 'z': 0}",right-foot,low-left,"{'x': 0, 'y': 52.7, 'z': 19}","{'x': 20.9, 'y': 45.7, 'z': 0}",0.020451180636883,0.0,"{'name': 'Thiago Couto', 'slug': 'thiago-couto', 'shortName': 'T. Couto', 'position': 'G', 'jerseyNumber': '12', 'userCount': 419, 'gender': 'M', 'id': 871291, 'fieldTranslations': {'nameTranslation': {'ar': 'تياغو كوتو'}, 'shortNameTranslation': {'ar': 'ت. كوتو'}}}",6268159,63,,3741,"{'start': {'x': 45.4, 'y': 24.3}, 'block': {'x': 45.7, 'y': 20.9}, 'end': {'x': 47.3, 'y': 0}, 'goal': {'x': 47.3, 'y': 81}}",28,1659,1041,shot,,13472617
"{'name': 'Aitor Cantalapiedra', 'slug': 'aitor-cantalapiedra', 'shortName': 'A. Cantalapiedra', 'position': 'F', 'jerseyNumber': '17', 'userCount': 883, 'gender': 'M', 'id': 823831, 'fieldTranslations': {'nameTranslation': {'ar': 'أيتور كانتالابييدرا', 'bn': 'অ্যাটিটর ক্যান্টালাপিয়েড্রা', 'hi': 'एटोर कैंटालैपीड्रा'}, 'shortNameTranslation': {'ar': 'أ. كانتالابييدرا', 'bn': 'এ. ক্যান্টালাপিয়েড্রা', 'hi': 'ए. कैंटालैपीड्रा'}}}",True,miss,assisted,"{'x': 6.3, 'y': 31.2, 'z': 0}",left-foot,close-left,"{'x': 0, 'y': 58.2, 'z': 19.4}",,0.033294677734375,0.0,"{'name': 'Walter', 'slug': 'walter', 'shortName': 'Walter', 'position': 'G', 'jerseyNumber': '22', 'userCount': 771, 'gender': 'M', 'id': 329055, 'fieldTranslations': {'nameTranslation': {'ar': 'والتر'}, 'shortNameTranslation': {'ar': 'والتر'}}}",6268138,62,,3704,"{'start': {'x': 31.2, 'y': 6.3}, 'end': {'x': 41.8, 'y': 0}, 'goal': {'x': 41.8, 'y': 80.6}}",29,1696,1004,shot,,13472617
"{'name': 'Reinaldo', 'firstName': '', 'lastName': '', 'slug': 'reinaldo', 'shortName': 'Reinaldo', 'position': 'D', 'jerseyNumber': '6', 'userCount': 2565, 'gender': 'M', 'id': 243109, 'fieldTranslations': {'nameTranslation': {'ar': 'رينالدو'}, 'shortNameTranslation': {'ar': 'رينالدو'}}}",False,save,assisted,"{'x': 29.9, 'y': 41.1, 'z': 0}",left-foot,low-left,"{'x': 0, 'y': 54.2, 'z': 15.2}","{'x': 2.2, 'y': 49.8, 'z': 0}",0.018335323780775,0.187529489398,"{'name': 'Thiago Couto', 'slug': 'thiago-couto', 'shortName': 'T. Couto', 'position': 'G', 'jerseyNumber': '12', 'userCount': 419, 'gender': 'M', 'id': 871291, 'fieldTranslations': {'nameTranslation': {'ar': 'تياغو كوتو'}, 'shortNameTranslation': {'ar': 'ت. كوتو'}}}",6268096,58,,3473,"{'start': {'x': 41.1, 'y': 29.9}, 'block': {'x': 49.8, 'y': 2.2}, 'end': {'x': 45.8, 'y': 0}, 'goal': {'x': 45.8, 'y': 84.8}}",33,1927,773,shot,,13472617
"{'name': 'Reinaldo', 'firstName': '', 'lastName': '', 'slug': 'reinaldo', 'shortName': 'Reinaldo', 'position': 'D', 'jerseyNumber': '6', 'userCount': 2565, 'gender': 'M', 'id': 243109, 'fieldTranslations': {'nameTranslation': {'ar': 'رينالدو'}, 'shortNameTranslation': {'ar': 'رينالدو'}}}",False,save,corner,"{'x': 10.1, 'y': 27.3, 'z': 0}",left-foot,low-left,"{'x': 0, 'y': 54.4, 'z': 9.5}","{'x': 1, 'y': 45.7, 'z': 0}",0.027473824098706,0.10726112872362,"{'name': 'Thiago Couto', 'slug': 'thiago-couto', 'shortName': 'T. Couto', 'position': 'G', 'jerseyNumber': '12', 'userCount': 419, 'gender': 'M', 'id': 871291, 'fieldTranslations': {'nameTranslation': {'ar': 'تياغو كوتو'}, 'shortNameTranslation': {'ar': 'ت. كوتو'}}}",6268095,57,,3372,"{'start': {'x': 27.3, 'y': 10.1}, 'block': {'x': 45.7, 'y': 1}, 'end': {'x': 45.6, 'y': 0}, 'goal': {'x': 45.6, 'y': 90.5}}",34,2028,672,shot,,13472617
"{'name': 'Lucas Ramon', 'slug': 'lucas-ramon', 'shortName': 'L. Ramon', 'position': 'D', 'jerseyNumber': '19', 'userCount': 643, 'gender': 'M', 'id': 797225, 'fieldTranslations': {'nameTranslation': {'ar': 'لوكاس رامون'}, 'shortNameTranslation': {'ar': 'ل. رامون'}}}",False,save,assisted,"{'x': 22.8, 'y': 73.4, 'z': 0}",right-foot,low-right,"{'x': 0, 'y': 46.1, 'z': 15.8}","{'x': 1.8, 'y': 53.8, 'z': 0}",0.016543561592698,0.067497693002224,"{'name': 'Thiago Couto', 'slug': 'thiago-couto', 'shortName': 'T. Couto', 'position': 'G', 'jerseyNumber': '12', 'userCount': 419, 'gender': 'M', 'id': 871291, 'fieldTranslations': {'nameTranslation': {'ar': 'تياغو كوتو'}, 'shortNameTranslation': {'ar': 'ت. كوتو'}}}",6268088,56,,3337,"{'start': {'x': 73.4, 'y': 22.8}, 'block': {'x': 53.8, 'y': 1.8}, 'end': {'x': 53.9, 'y': 0}, 'goal': {'x': 53.9, 'y': 84.2}}",35,2063,637,shot,,13472617
"{'name': 'Gabriel Baralhas', 'slug': 'gabriel-baralhas', 'shortName': 'G. Baralhas', 'position': 'M', 'jerseyNumber': '44', 'userCount': 850, 'gender': 'M', 'id': 922575, 'fieldTranslations': {'nameTranslation': {'ar': 'غابرييل بارالهاس'}, 'shortNameTranslation': {'ar': 'غ. بارالهاس'}}}",True,miss,assisted,"{'x': 9.8, 'y': 50.7, 'z': 0}",head,close-left,"{'x': 0, 'y': 57.6, 'z': 12.5}",,0.11984350532293,0.0,"{'name': 'Walter', 'slug': 'walter', 'shortName': 'Walter', 'position': 'G', 'jerseyNumber': '22', 'userCount': 771, 'gender': 'M', 'id': 329055, 'fieldTranslations': {'nameTranslation': {'ar': 'والتر'}, 'shortNameTranslation': {'ar': 'والتر'}}}",6268073,52,,3076,"{'start': {'x': 50.7, 'y': 9.8}, 'end': {'x': 42.4, 'y': 0}, 'goal': {'x': 42.4, 'y': 87.5}}",39,2324,376,shot,,13472617
"{'name': 'Gabriel Baralhas', 'slug': 'gabriel-baralhas', 'shortName': 'G. Baralhas', 'position': 'M', 'jerseyNumber': '44', 'userCount': 850, 'gender': 'M', 'id': 922575, 'fieldTranslations': {'nameTranslation': {'ar': 'غابرييل بارالهاس'}, 'shortNameTranslation': {'ar': 'غ. بارالهاس'}}}",True,miss,corner,"{'x': 19.5, 'y': 42.7, 'z': 0}",left-foot,high-left,"{'x': 0, 'y': 73.8, 'z': 72.2}",,0.057135697454214,0.0,"{'name': 'Walter', 'slug': 'walter', 'shortName': 'Walter', 'position': 'G', 'jerseyNumber': '22', 'userCount': 771, 'gender': 'M', 'id': 329055, 'fieldTranslations': {'nameTranslation': {'ar': 'والتر'}, 'shortNameTranslation': {'ar': 'والتر'}}}",6268035,49,,2922,"{'start': {'x': 42.7, 'y': 19.5}, 'end': {'x': 26.2, 'y': 0}, 'goal': {'x': 26.2, 'y': 27.8}}",42,2478,222,shot,,13472617
"{'name': 'Ramon', 'firstName': '', 'lastName': '', 'slug': 'ramon', 'shortName': 'Ramon', 'position': 'D', 'jerseyNumber': '13', 'userCount': 859, 'gender': 'M', 'id': 980761, 'fieldTranslations': {'nameTranslation': {'ar': 'رامون', 'bn': 'রমন', 'hi': 'रेमन'}, 'shortNameTranslation': {'ar': 'رامون', 'bn': 'রমন', 'hi': 'रेमन'}}}",True,block,assisted,"{'x': 6.9, 'y': 32.7, 'z': 0}",left-foot,low-left,"{'x': 0, 'y': 53, 'z': 19}","{'x': 4.6, 'y': 36.8, 'z': 0}",0.032629523426294,0.0,"{'name': 'Walter', 'slug': 'walter', 'shortName': 'Walter', 'position': 'G', 'jerseyNumber': '22', 'userCount': 771, 'gender': 'M', 'id': 329055, 'fieldTranslations': {'nameTranslation': {'ar': 'والتر'}, 'shortNameTranslation': {'ar': 'والتر'}}}",6268032,49,,2885,"{'start': {'x': 32.7, 'y': 6.9}, 'block': {'x': 36.8, 'y': 4.6}, 'end': {'x': 47, 'y': 0}, 'goal': {'x': 47, 'y': 81}}",42,2515,185,shot,,13472617
"{'name': 'Renato Kayzer', 'slug': 'renato-kayzer', 'shortName': 'R. Kayzer', 'position': 'F', 'jerseyNumber': '79', 'userCount': 1334, 'gender': 'M', 'id': 814723, 'fieldTranslations': {'nameTranslation': {'ar': 'ريناتو كايزر'}, 'shortNameTranslation': {'ar': 'ر. كايزر'}}}",True,block,assisted,"{'x': 28.1, 'y': 46.2, 'z': 0}",right-foot,low-centre,"{'x': 0, 'y': 50.2, 'z': 19}","{'x': 21.2, 'y': 47, 'z': 0}",0.018363539129496,0.0,"{'name': 'Walter', 'slug': 'walter', 'shortName': 'Walter', 'position': 'G', 'jerseyNumber': '22', 'userCount': 771, 'gender': 'M', 'id': 329055, 'fieldTranslations': {'nameTranslation': {'ar': 'والتر'}, 'shortNameTranslation': {'ar': 'والتر'}}}",6268031,48,,2860,"{'start': {'x': 46.2, 'y': 28.1}, 'block': {'x': 47, 'y': 21.2}, 'end': {'x': 49.8, 'y': 0}, 'goal': {'x': 49.8, 'y': 81}}",43,2540,160,shot,,13472617
"{'name': 'Reinaldo', 'firstName': '', 'lastName': '', 'slug': 'reinaldo', 'shortName': 'Reinaldo', 'position': 'D', 'jerseyNumber': '6', 'userCount': 2565, 'gender': 'M', 'id': 243109, 'fieldTranslations': {'nameTranslation': {'ar': 'رينالدو'}, 'shortNameTranslation': {'ar': 'رينالدو'}}}",False,block,regular,"{'x': 15.1, 'y': 33.1, 'z': 0}",left-foot,low-centre,"{'x': 0, 'y': 50.5, 'z': 19}","{'x': 10.9, 'y': 37.7, 'z': 0}",0.063693858683109,0.0,"{'name': 'Thiago Couto', 'slug': 'thiago-couto', 'shortName': 'T. Couto', 'position': 'G', 'jerseyNumber': '12', 'userCount': 419, 'gender': 'M', 'id': 871291, 'fieldTranslations': {'nameTranslation': {'ar': 'تياغو كوتو'}, 'shortNameTranslation': {'ar': 'ت. كوتو'}}}",6267913,45,2.0,2799,"{'start': {'x': 33.1, 'y': 15.1}, 'block': {'x': 37.7, 'y': 10.9}, 'end': {'x': 49.5, 'y': 0}, 'goal': {'x': 49.5, 'y': 81}}",1,2601,99,shot,,13472617
"{'name': 'Carlos Eduardo', 'firstName': '', 'lastName': '', 'slug': 'carlos-eduardo', 'shortName': 'Carlos Eduardo', 'position': 'F', 'jerseyNumber': '96', 'userCount': 357, 'gender': 'M', 'id': 795295, 'fieldTranslations': {'nameTranslation': {'ar': 'كارلوس إدواردو'}, 'shortNameTranslation': {'ar': 'ك. إدواردو'}}}",False,block,regular,"{'x': 4.5, 'y': 40.9, 'z': 0}",left-foot,low-left,"{'x': 0, 'y': 52.4, 'z': 19}","{'x': 2.4, 'y': 44.1, 'z': 0}",0.10073704272509,0.0,"{'name': 'Thiago Couto', 'slug': 'thiago-couto', 'shortName': 'T. Couto', 'position': 'G', 'jerseyNumber': '12', 'userCount': 419, 'gender': 'M', 'id': 871291, 'fieldTranslations': {'nameTranslation': {'ar': 'تياغو كوتو'}, 'shortNameTranslation': {'ar': 'ت. كوتو'}}}",6267914,45,2.0,2794,"{'start': {'x': 40.9, 'y': 4.5}, 'block': {'x': 44.1, 'y': 2.4}, 'end': {'x': 47.6, 'y': 0}, 'goal': {'x': 47.6, 'y': 81}}",1,2606,94,shot,,13472617
"{'name': 'Alesson', 'firstName': '', 'lastName': '', 'slug': 'alesson', 'shortName': 'Alesson', 'position': 'F', 'jerseyNumber': '77', 'userCount': 441, 'gender': 'M', 'id': 871015, 'fieldTranslations': {'nameTranslation': {'ar': 'أليسون'}, 'shortNameTranslation': {'ar': 'أليسون'}}}",False,post,assisted,"{'x': 11.6, 'y': 24.6, 'z': 0}",right-foot,high,"{'x': 0, 'y': 53.7, 'z': 39.2}",,0.030357683077455,0.0,"{'name': 'Thiago Couto', 'slug': 'thiago-couto', 'shortName': 'T. Couto', 'position': 'G', 'jerseyNumber': '12', 'userCount': 419, 'gender': 'M', 'id': 871291, 'fieldTranslations': {'nameTranslation': {'ar': 'تياغو كوتو'}, 'shortNameTranslation': {'ar': 'ت. كوتو'}}}",6267893,42,,2463,"{'start': {'x': 24.6, 'y': 11.6}, 'end': {'x': 46.3, 'y': 0}, 'goal': {'x': 46.3, 'y': 60.8}}",4,237,2463,shot,,13472617
"{'name': 'Renato Kayzer', 'slug': 'renato-kayzer', 'shortName': 'R. Kayzer', 'position': 'F', 'jerseyNumber': '79', 'userCount': 1334, 'gender': 'M', 'id': 814723, 'fieldTranslations': {'nameTranslation': {'ar': 'ريناتو كايزر'}, 'shortNameTranslation': {'ar': 'ر. كايزر'}}}",True,miss,fast-break,"{'x': 10.2, 'y': 61.7, 'z': 0}",right-foot,close-right,"{'x': 0, 'y': 41.7, 'z': 8.3}",,0.096488974988461,0.0,"{'name': 'Walter', 'slug': 'walter', 'shortName': 'Walter', 'position': 'G', 'jerseyNumber': '22', 'userCount': 771, 'gender': 'M', 'id': 329055, 'fieldTranslations': {'nameTranslation': {'ar': 'والتر'}, 'shortNameTranslation': {'ar': 'والتر'}}}",6267881,40,,2366,"{'start': {'x': 61.7, 'y': 10.2}, 'end': {'x': 58.3, 'y': 0}, 'goal': {'x': 58.3, 'y': 91.7}}",6,334,2366,shot,,13472617
"{'name': 'Negueba', 'firstName': '', 'lastName': '', 'slug': 'negueba', 'shortName': 'Negueba', 'position': 'M', 'jerseyNumber': '11', 'userCount': 668, 'gender': 'M', 'id': 872007, 'fieldTranslations': {'nameTranslation': {'ar': 'نيغويبا'}, 'shortNameTranslation': {'ar': 'نيغويبا'}}}",False,save,assisted,"{'x': 6.3, 'y': 56.4, 'z': 0}",left-foot,high-right,"{'x': 0, 'y': 47.8, 'z': 20.9}","{'x': 0.7, 'y': 52.7, 'z': 0}",0.52150410413742,0.2108352035284,"{'name': 'Thiago Couto', 'slug': 'thiago-couto', 'shortName': 'T. Couto', 'position': 'G', 'jerseyNumber': '12', 'userCount': 419, 'gender': 'M', 'id': 871291, 'fieldTranslations': {'nameTranslation': {'ar': 'تياغو كوتو'}, 'shortNameTranslation': {'ar': 'ت. كوتو'}}}",6267855,33,,1970,"{'start': {'x': 56.4, 'y': 6.3}, 'block': {'x': 52.7, 'y': 0.7}, 'end': {'x': 52.2, 'y': 0}, 'goal': {'x': 52.2, 'y': 79.1}}",13,730,1970,shot,,13472617
"{'name': 'Negueba', 'firstName': '', 'lastName': '', 'slug': 'negueba', 'shortName': 'Negueba', 'position': 'M', 'jerseyNumber': '11', 'userCount': 668, 'gender': 'M', 'id': 872007, 'fieldTranslations': {'nameTranslation': {'ar': 'نيغويبا'}, 'shortNameTranslation': {'ar': 'نيغويبا'}}}",False,miss,regular,"{'x': 20.2, 'y': 64.6, 'z': 0}",right-foot,close-right,"{'x': 0, 'y': 42.9, 'z': 37.5}",,0.022428253665566,0.0,"{'name': 'Thiago Couto', 'slug': 'thiago-couto', 'shortName': 'T. Couto', 'position': 'G', 'jerseyNumber': '12', 'userCount': 419, 'gender': 'M', 'id': 871291, 'fieldTranslations': {'nameTranslation': {'ar': 'تياغو كوتو'}, 'shortNameTranslation': {'ar': 'ت. كوتو'}}}",6267841,32,,1886,"{'start': {'x': 64.6, 'y': 20.2}, 'end': {'x': 57.1, 'y': 0}, 'goal': {'x': 57.1, 'y': 62.5}}",14,814,1886,shot,,13472617
"{'name': 'Aitor Cantalapiedra', 'slug': 'aitor-cantalapiedra', 'shortName': 'A. Cantalapiedra', 'position': 'F', 'jerseyNumber': '17', 'userCount': 883, 'gender': 'M', 'id': 823831, 'fieldTranslations': {'nameTranslation': {'ar': 'أيتور كانتالابييدرا', 'bn': 'অ্যাটিটর ক্যান্টালাপিয়েড্রা', 'hi': 'एटोर कैंटालैपीड्रा'}, 'shortNameTranslation': {'ar': 'أ. كانتالابييدرا', 'bn': 'এ. ক্যান্টালাপিয়েড্রা', 'hi': 'ए. कैंटालैपीड्रा'}}}",True,block,fast-break,"{'x': 8.5, 'y': 32.7, 'z': 0}",left-foot,low-centre,"{'x': 0, 'y': 48.9, 'z': 19}","{'x': 7.3, 'y': 35.2, 'z': 0}",0.058658324182034,0.0,"{'name': 'Walter', 'slug': 'walter', 'shortName': 'Walter', 'position': 'G', 'jerseyNumber': '22', 'userCount': 771, 'gender': 'M', 'id': 329055, 'fieldTranslations': {'nameTranslation': {'ar': 'والتر'}, 'shortNameTranslation': {'ar': 'والتر'}}}",6267883,28,,1660,"{'start': {'x': 32.7, 'y': 8.5}, 'block': {'x': 35.2, 'y': 7.3}, 'end': {'x': 51.1, 'y': 0}, 'goal': {'x': 51.1, 'y': 81}}",18,1040,1660,shot,,13472617
"{'name': 'Lucas Halter', 'slug': 'lucas-halter', 'shortName': 'L. Halter', 'position': 'D', 'jerseyNumber': '5', 'userCount': 769, 'gender': 'M', 'id': 905450, 'fieldTranslations': {'nameTranslation': {'ar': 'لوكاس هالتر'}, 'shortNameTranslation': {'ar': 'ل. هالتر'}}}",True,goal,corner,"{'x': 3.2, 'y': 50.8, 'z': 0}",right-foot,low-centre,"{'x': 0, 'y': 50.3, 'z': 3.2}",,0.62290447950363,0.68553203344345,"{'name': 'Walter', 'slug': 'walter', 'shortName': 'Walter', 'position': 'G', 'jerseyNumber': '22', 'userCount': 771, 'gender': 'M', 'id': 329055, 'fieldTranslations': {'nameTranslation': {'ar': 'والتر'}, 'shortNameTranslation': {'ar': 'والتر'}}}",6267811,25,,1443,"{'start': {'x': 50.8, 'y': 3.2}, 'end': {'x': 49.7, 'y': 0}, 'goal': {'x': 49.7, 'y': 96.8}}",21,1257,1443,shot,regular,13472617
"{'name': 'Lucas Halter', 'slug': 'lucas-halter', 'shortName': 'L. Halter', 'position': 'D', 'jerseyNumber': '5', 'userCount': 769, 'gender': 'M', 'id': 905450, 'fieldTranslations': {'nameTranslation': {'ar': 'لوكاس هالتر'}, 'shortNameTranslation': {'ar': 'ل. هالتر'}}}",True,save,corner,"{'x': 5.5, 'y': 44.8, 'z': 0}",head,low-centre,"{'x': 0, 'y': 50.3, 'z': 16.5}","{'x': 2.2, 'y': 48.4, 'z': 0}",0.22326946258545,0.17423383891582,"{'name': 'Walter', 'slug': 'walter', 'shortName': 'Walter', 'position': 'G', 'jerseyNumber': '22', 'userCount': 771, 'gender': 'M', 'id': 329055, 'fieldTranslations': {'nameTranslation': {'ar': 'والتر'}, 'shortNameTranslation': {'ar': 'والتر'}}}",6267814,25,,1441,"{'start': {'x': 44.8, 'y': 5.5}, 'block': {'x': 48.4, 'y': 2.2}, 'end': {'x': 49.7, 'y': 0}, 'goal': {'x': 49.7, 'y': 83.5}}",21,1259,1441,shot,,13472617
"{'name': 'Renato Kayzer', 'slug': 'renato-kayzer', 'shortName': 'R. Kayzer', 'position': 'F', 'jerseyNumber': '79', 'userCount': 1334, 'gender': 'M', 'id': 814723, 'fieldTranslations': {'nameTranslation': {'ar': 'ريناتو كايزر'}, 'shortNameTranslation': {'ar': 'ر. كايزر'}}}",True,block,set-piece,"{'x': 26.3, 'y': 54.6, 'z': 0}",left-foot,low-centre,"{'x': 0, 'y': 51.2, 'z': 19}","{'x': 20.2, 'y': 53.2, 'z': 0}",0.012040929868817,0.0,"{'name': 'Walter', 'slug': 'walter', 'shortName': 'Walter', 'position': 'G', 'jerseyNumber': '22', 'userCount': 771, 'gender': 'M', 'id': 329055, 'fieldTranslations': {'nameTranslation': {'ar': 'والتر'}, 'shortNameTranslation': {'ar': 'والتر'}}}",6267805,24,,1414,"{'start': {'x': 54.6, 'y': 26.3}, 'block': {'x': 53.2, 'y': 20.2}, 'end': {'x': 48.8, 'y': 0}, 'goal': {'x': 48.8, 'y': 81}}",22,1286,1414,shot,,13472617
"{'name': 'Renato Kayzer', 'slug': 'renato-kayzer', 'shortName': 'R. Kayzer', 'position': 'F', 'jerseyNumber': '79', 'userCount': 1334, 'gender': 'M', 'id': 814723, 'fieldTranslations': {'nameTranslation': {'ar': 'ريناتو كايزر'}, 'shortNameTranslation': {'ar': 'ر. كايزر'}}}",True,block,free-kick,"{'x': 27.1, 'y': 55.6, 'z': 0}",right-foot,low-centre,"{'x': 0, 'y': 49.2, 'z': 19}","{'x': 18, 'y': 54, 'z': 0}",0.039314154535532,0.0,"{'name': 'Walter', 'slug': 'walter', 'shortName': 'Walter', 'position': 'G', 'jerseyNumber': '22', 'userCount': 771, 'gender': 'M', 'id': 329055, 'fieldTranslations': {'nameTranslation': {'ar': 'والتر'}, 'shortNameTranslation': {'ar': 'والتر'}}}",6267806,24,,1412,"{'start': {'x': 55.6, 'y': 27.1}, 'block': {'x': 54, 'y': 18}, 'end': {'x': 50.8, 'y': 0}, 'goal': {'x': 50.8, 'y': 81}}",22,1288,1412,shot,,13472617
"{'name': 'Alesson', 'firstName': '', 'lastName': '', 'slug': 'alesson', 'shortName': 'Alesson', 'position': 'F', 'jerseyNumber': '77', 'userCount': 441, 'gender': 'M', 'id': 871015, 'fieldTranslations': {'nameTranslation': {'ar': 'أليسون'}, 'shortNameTranslation': {'ar': 'أليسون'}}}",False,save,assisted,"{'x': 25.2, 'y': 34.8, 'z': 0}",right-foot,low-left,"{'x': 0, 'y': 54.2, 'z': 2.5}","{'x': 1.4, 'y': 50, 'z': 0}",0.018083795905113,0.22080314159393,"{'name': 'Thiago Couto', 'slug': 'thiago-couto', 'shortName': 'T. Couto', 'position': 'G', 'jerseyNumber': '12', 'userCount': 419, 'gender': 'M', 'id': 871291, 'fieldTranslations': {'nameTranslation': {'ar': 'تياغو كوتو'}, 'shortNameTranslation': {'ar': 'ت. كوتو'}}}",6267771,19,,1122,"{'start': {'x': 34.8, 'y': 25.2}, 'block': {'x': 50, 'y': 1.4}, 'end': {'x': 45.8, 'y': 0}, 'goal': {'x': 45.8, 'y': 97.5}}",27,1578,1122,shot,,13472617
"{'name': 'Negueba', 'firstName': '', 'lastName': '', 'slug': 'negueba', 'shortName': 'Negueba', 'position': 'M', 'jerseyNumber': '11', 'userCount': 668, 'gender': 'M', 'id': 872007, 'fieldTranslations': {'nameTranslation': {'ar': 'نيغويبا'}, 'shortNameTranslation': {'ar': 'نيغويبا'}}}",False,block,assisted,"{'x': 13.1, 'y': 39.5, 'z': 0}",right-foot,low-centre,"{'x': 0, 'y': 50.7, 'z': 19}","{'x': 8.3, 'y': 43.1, 'z': 0}",0.053310867398977,0.0,"{'name': 'Thiago Couto', 'slug': 'thiago-couto', 'shortName': 'T. Couto', 'position': 'G', 'jerseyNumber': '12', 'userCount': 419, 'gender': 'M', 'id': 871291, 'fieldTranslations': {'nameTranslation': {'ar': 'تياغو كوتو'}, 'shortNameTranslation': {'ar': 'ت. كوتو'}}}",6267758,15,,883,"{'start': {'x': 39.5, 'y': 13.1}, 'block': {'x': 43.1, 'y': 8.3}, 'end': {'x': 49.3, 'y': 0}, 'goal': {'x': 49.3, 'y': 81}}",31,1817,883,shot,,13472617
"{'name': 'Erick', 'firstName': '', 'lastName': '', 'slug': 'erick', 'shortName': 'Erick', 'position': 'F', 'jerseyNumber': '33', 'userCount': 1393, 'gender': 'M', 'id': 895650, 'fieldTranslations': {'nameTranslation': {'ar': 'إريك', 'bn': 'এরিক', 'hi': 'एरिक'}, 'shortNameTranslation': {'ar': 'إريك', 'bn': 'এরিক', 'hi': 'एरिक'}}}",True,miss,assisted,"{'x': 23.3, 'y': 72.9, 'z': 0}",left-foot,close-high-left,"{'x': 0, 'y': 58.2, 'z': 44.4}",,0.016064209863544,0.0,"{'name': 'Walter', 'slug': 'walter', 'shortName': 'Walter', 'position': 'G', 'jerseyNumber': '22', 'userCount': 771, 'gender': 'M', 'id': 329055, 'fieldTranslations': {'nameTranslation': {'ar': 'والتر'}, 'shortNameTranslation': {'ar': 'والتر'}}}",6267734,13,,755,"{'start': {'x': 72.9, 'y': 23.3}, 'end': {'x': 41.8, 'y': 0}, 'goal': {'x': 41.8, 'y': 55.6}}",33,1945,755,shot,,13472617
"{'name': 'Negueba', 'firstName': '', 'lastName': '', 'slug': 'negueba', 'shortName': 'Negueba', 'position': 'M', 'jerseyNumber': '11', 'userCount': 668, 'gender': 'M', 'id': 872007, 'fieldTranslations': {'nameTranslation': {'ar': 'نيغويبا'}, 'shortNameTranslation': {'ar': 'نيغويبا'}}}",False,miss,assisted,"{'x': 31.3, 'y': 49.4, 'z': 0}",right-foot,left,"{'x': 0, 'y': 61, 'z': 2.8}","{'x': 18, 'y': 45.8, 'z': 0}",0.0097012268379331,0.0,"{'name': 'Thiago Couto', 'slug': 'thiago-couto', 'shortName': 'T. Couto', 'position': 'G', 'jerseyNumber': '12', 'userCount': 419, 'gender': 'M', 'id': 871291, 'fieldTranslations': {'nameTranslation': {'ar': 'تياغو كوتو'}, 'shortNameTranslation': {'ar': 'ت. كوتو'}}}",6267773,12,,681,"{'start': {'x': 49.4, 'y': 31.3}, 'block': {'x': 45.8, 'y': 18}, 'end': {'x': 39, 'y': 0}, 'goal': {'x': 39, 'y': 97.2}}",34,2019,681,shot,,13472617
"{'name': 'Renato Kayzer', 'slug': 'renato-kayzer', 'shortName': 'R. Kayzer', 'position': 'F', 'jerseyNumber': '79', 'userCount': 1334, 'gender': 'M', 'id': 814723, 'fieldTranslations': {'nameTranslation': {'ar': 'ريناتو كايزر'}, 'shortNameTranslation': {'ar': 'ر. كايزر'}}}",True,miss,corner,"{'x': 9.6, 'y': 53.9, 'z': 0}",left-foot,close-high,"{'x': 0, 'y': 51.1, 'z': 56.9}",,0.12144330888987,0.0,"{'name': 'Walter', 'slug': 'walter', 'shortName': 'Walter', 'position': 'G', 'jerseyNumber': '22', 'userCount': 771, 'gender': 'M', 'id': 329055, 'fieldTranslations': {'nameTranslation': {'ar': 'والتر'}, 'shortNameTranslation': {'ar': 'والتر'}}}",6267722,11,,604,"{'start': {'x': 53.9, 'y': 9.6}, 'end': {'x': 48.9, 'y': 0}, 'goal': {'x': 48.9, 'y': 43.1}}",35,2096,604,shot,,13472617
"{'name': 'Lucas Ramon', 'slug': 'lucas-ramon', 'shortName': 'L. Ramon', 'position': 'D', 'jerseyNumber': '19', 'userCount': 643, 'gender': 'M', 'id': 797225, 'fieldTranslations': {'nameTranslation': {'ar': 'لوكاس رامون'}, 'shortNameTranslation': {'ar': 'ل. رامون'}}}",False,miss,set-piece,"{'x': 2.2, 'y': 44.3, 'z': 0}",left-foot,close-left,"{'x': 0, 'y': 56.5, 'z': 26.4}",,0.48150345683098,0.0,"{'name': 'Thiago Couto', 'slug': 'thiago-couto', 'shortName': 'T. Couto', 'position': 'G', 'jerseyNumber': '12', 'userCount': 419, 'gender': 'M', 'id': 871291, 'fieldTranslations': {'nameTranslation': {'ar': 'تياغو كوتو'}, 'shortNameTranslation': {'ar': 'ت. كوتو'}}}",6267733,9,,483,"{'start': {'x': 44.3, 'y': 2.2}, 'end': {'x': 43.5, 'y': 0}, 'goal': {'x': 43.5, 'y': 73.6}}",37,2217,483,shot,,13472617
"{'name': 'Lucas Ramon', 'slug': 'lucas-ramon', 'shortName': 'L. Ramon', 'position': 'D', 'jerseyNumber': '19', 'userCount': 643, 'gender': 'M', 'id': 797225, 'fieldTranslations': {'nameTranslation': {'ar': 'لوكاس رامون'}, 'shortNameTranslation': {'ar': 'ل. رامون'}}}",False,save,set-piece,"{'x': 5.3, 'y': 44.5, 'z': 0}",right-foot,low-centre,"{'x': 0, 'y': 51.6, 'z': 6.3}","{'x': 1, 'y': 49.6, 'z': 0}",0.29245564341545,0.4867342710495,"{'name': 'Thiago Couto', 'slug': 'thiago-couto', 'shortName': 'T. Couto', 'position': 'G', 'jerseyNumber': '12', 'userCount': 419, 'gender': 'M', 'id': 871291, 'fieldTranslations': {'nameTranslation': {'ar': 'تياغو كوتو'}, 'shortNameTranslation': {'ar': 'ت. كوتو'}}}",6267720,9,,482,"{'start': {'x': 44.5, 'y': 5.3}, 'block': {'x': 49.6, 'y': 1}, 'end': {'x': 48.4, 'y': 0}, 'goal': {'x': 48.4, 'y': 93.7}}",37,2218,482,shot,,13472617
"{'name': 'Renato Kayzer', 'slug': 'renato-kayzer', 'shortName': 'R. Kayzer', 'position': 'F', 'jerseyNumber': '79', 'userCount': 1334, 'gender': 'M', 'id': 814723, 'fieldTranslations': {'nameTranslation': {'ar': 'ريناتو كايزر'}, 'shortNameTranslation': {'ar': 'ر. كايزر'}}}",True,miss,assisted,"{'x': 11.6, 'y': 49.2, 'z': 0}",head,high,"{'x': 0, 'y': 47.4, 'z': 69.4}",,0.039034444838762,0.0,"{'name': 'Walter', 'slug': 'walter', 'shortName': 'Walter', 'position': 'G', 'jerseyNumber': '22', 'userCount': 771, 'gender': 'M', 'id': 329055, 'fieldTranslations': {'nameTranslation': {'ar': 'والتر'}, 'shortNameTranslation': {'ar': 'والتر'}}}",6267693,5,,291,"{'start': {'x': 49.2, 'y': 11.6}, 'end': {'x': 52.6, 'y': 0}, 'goal': {'x': 52.6, 'y': 30.6}}",41,2409,291,shot,,13472617
"{'name': 'José Aldo', 'slug': 'jose-aldo', 'shortName': 'J. Aldo', 'position': 'M', 'jerseyNumber': '21', 'userCount': 318, 'gender': 'M', 'id': 988851, 'fieldTranslations': {'nameTranslation': {'ar': 'خوسيه ألدو'}, 'shortNameTranslation': {'ar': 'خ. ألدو'}}}",False,block,regular,"{'x': 30.7, 'y': 29.7, 'z': 0}",right-foot,low-centre,"{'x': 0, 'y': 50, 'z': 19}","{'x': 20.5, 'y': 36.5, 'z': 0}",0.015353715978563,0.0,"{'name': 'Thiago Couto', 'slug': 'thiago-couto', 'shortName': 'T. Couto', 'position': 'G', 'jerseyNumber': '12', 'userCount': 419, 'gender': 'M', 'id': 871291, 'fieldTranslations': {'nameTranslation': {'ar': 'تياغو كوتو'}, 'shortNameTranslation': {'ar': 'ت. كوتو'}}}",6267674,2,,98,"{'start': {'x': 29.7, 'y': 30.7}, 'block': {'x': 36.5, 'y': 20.5}, 'end': {'x': 50, 'y': 0}, 'goal': {'x': 50, 'y': 81}}",44,2602,98,shot,,13472617
"{'name': 'Fernando Sobral', 'slug': 'fernando-sobral', 'shortName': 'F. Sobral', 'position': 'M', 'jerseyNumber': '88', 'userCount': 657, 'gender': 'M', 'id': 931479, 'fieldTranslations': {'nameTranslation': {'ar': 'فرناندو سوبرا'}, 'shortNameTranslation': {'ar': 'ف. سوبرا'}}}",True,miss,set-piece,"{'x': 14.9, 'y': 50.5, 'z': 0}",right-foot,high,"{'x': 0, 'y': 49.6, 'z': 94.4}",,0.063983462750912,0.0,"{'name': 'Cássio', 'slug': 'cassio', 'shortName': 'Cássio', 'position': 'G', 'jerseyNumber': '1', 'userCount': 4585, 'gender': 'M', 'sofascoreId': 'rcassio12', 'id': 27756, 'fieldTranslations': {'nameTranslation': {'ar': 'كاسيو', 'bn': 'ক্যাসিও', 'hi': 'कैसियो'}, 'shortNameTranslation': {'ar': 'كاسيو', 'bn': 'ক্যাসিও', 'hi': 'कैसियो'}}}",6269126,90,4.0,5592,"{'start': {'x': 50.5, 'y': 14.9}, 'end': {'x': 50.4, 'y': 0}, 'goal': {'x': 50.4, 'y': 5.6}}",1,708,192,shot,,13472618
"{'name': 'Antonio Galeano', 'slug': 'antonio-galeano', 'shortName': 'Galeano', 'position': 'M', 'jerseyNumber': '27', 'userCount': 1101, 'gender': 'M', 'id': 883207, 'fieldTranslations': {'nameTranslation': {'ar': 'أنطونيو جاليانو'}, 'shortNameTranslation': {'ar': 'أ. جاليانو'}}}",True,miss,regular,"{'x': 9.8, 'y': 54.2, 'z': 0}",right-foot,right,"{'x': 0, 'y': 38.7, 'z': 11.1}",,0.17035417258739,0.0,"{'name': 'Cássio', 'slug': 'cassio', 'shortName': 'Cássio', 'position': 'G', 'jerseyNumber': '1', 'userCount': 4585, 'gender': 'M', 'sofascoreId': 'rcassio12', 'id': 27756, 'fieldTranslations': {'nameTranslation': {'ar': 'كاسيو', 'bn': 'ক্যাসিও', 'hi': 'कैसियो'}, 'shortNameTranslation': {'ar': 'كاسيو', 'bn': 'ক্যাসিও', 'hi': 'कैसियो'}}}",6269120,90,,5362,"{'start': {'x': 54.2, 'y': 9.8}, 'end': {'x': 61.3, 'y': 0}, 'goal': {'x': 61.3, 'y': 88.9}}",1,38,2662,shot,,13472618
"{'name': 'Antonio Galeano', 'slug': 'antonio-galeano', 'shortName': 'Galeano', 'position': 'M', 'jerseyNumber': '27', 'userCount': 1101, 'gender': 'M', 'id': 883207, 'fieldTranslations': {'nameTranslation': {'ar': 'أنطونيو جاليانو'}, 'shortNameTranslation': {'ar': 'أ. جاليانو'}}}",True,block,set-piece,"{'x': 14.1, 'y': 49.1, 'z': 0}",left-foot,low-left,"{'x': 0, 'y': 52.9, 'z': 19}","{'x': 10.3, 'y': 48.6, 'z': 0}",0.10068323463202,0.0,"{'name': 'Cássio', 'slug': 'cassio', 'shortName': 'Cássio', 'position': 'G', 'jerseyNumber': '1', 'userCount': 4585, 'gender': 'M', 'sofascoreId': 'rcassio12', 'id': 27756, 'fieldTranslations': {'nameTranslation': {'ar': 'كاسيو', 'bn': 'ক্যাসিও', 'hi': 'कैसियो'}, 'shortNameTranslation': {'ar': 'كاسيو', 'bn': 'ক্যাসিও', 'hi': 'कैसियो'}}}",6269114,87,,5169,"{'start': {'x': 49.1, 'y': 14.1}, 'block': {'x': 48.6, 'y': 10.3}, 'end': {'x': 47.1, 'y': 0}, 'goal': {'x': 47.1, 'y': 81}}",4,231,2469,shot,,13472618
"{'name': 'Japa', 'slug': 'joao-wellington-japa', 'shortName': 'Japa', 'position': 'M', 'jerseyNumber': '77', 'userCount': 1251, 'gender': 'M', 'id': 1459623, 'fieldTranslations': {'nameTranslation': {'ar': 'جابا'}, 'shortNameTranslation': {'ar': 'جابا'}}}",False,block,assisted,"{'x': 17.6, 'y': 62.8, 'z': 0}",left-foot,low-centre,"{'x': 0, 'y': 51.1, 'z': 19}","{'x': 11.2, 'y': 57.8, 'z': 0}",0.093471571803093,0.0,"{'name': 'Bruno Ferreira', 'firstName': 'Bruno Ferreira', 'lastName': 'Ventura Diniz', 'slug': 'bruno-ferreira', 'shortName': 'B. Ferreira', 'position': 'G', 'jerseyNumber': '94', 'userCount': 352, 'gender': 'M', 'id': 1066241, 'fieldTranslations': {'nameTranslation': {'ar': 'برونو فيريرا'}, 'shortNameTranslation': {'ar': 'ب. فيريرا'}}}",6269110,83,,4933,"{'start': {'x': 62.8, 'y': 17.6}, 'block': {'x': 57.8, 'y': 11.2}, 'end': {'x': 48.9, 'y': 0}, 'goal': {'x': 48.9, 'y': 81}}",8,467,2233,shot,,13472618
"{'name': 'Eduardo', 'slug': 'eduardo', 'shortName': 'Eduardo', 'position': 'M', 'jerseyNumber': '21', 'userCount': 1732, 'gender': 'M', 'id': 76507, 'fieldTranslations': {'nameTranslation': {'ar': 'إدواردو', 'bn': 'এডুয়ার্ডো', 'hi': 'एडुआर्डो'}, 'shortNameTranslation': {'ar': 'إدواردو', 'bn': 'এডুয়ার্ডো', 'hi': 'एडुआर्डो'}}}",False,miss,free-kick,"{'x': 25.3, 'y': 38.8, 'z': 0}",right-foot,high-left,"{'x': 0, 'y': 56.8, 'z': 93.1}",,0.053608808666468,0.0,"{'name': 'Bruno Ferreira', 'firstName': 'Bruno Ferreira', 'lastName': 'Ventura Diniz', 'slug': 'bruno-ferreira', 'shortName': 'B. Ferreira', 'position': 'G', 'jerseyNumber': '94', 'userCount': 352, 'gender': 'M', 'id': 1066241, 'fieldTranslations': {'nameTranslation': {'ar': 'برونو فيريرا'}, 'shortNameTranslation': {'ar': 'ب. فيريرا'}}}",6269106,81,,4859,"{'start': {'x': 38.8, 'y': 25.3}, 'end': {'x': 43.2, 'y': 0}, 'goal': {'x': 43.2, 'y': 6.9}}",10,541,2159,shot,,13472618
"{'name': 'Pedro Raul', 'slug': 'pedro-raul', 'shortName': 'P. Raul', 'position': 'F', 'jerseyNumber': '18', 'userCount': 7093, 'gender': 'M', 'id': 866911, 'fieldTranslations': {'nameTranslation': {'ar': 'بيدرو راوول', 'bn': 'পেদ্রো রাউল', 'hi': 'पेड्रो राउल'}, 'shortNameTranslation': {'ar': 'ب. راوول', 'bn': 'পি. রাউল', 'hi': 'पी. राउल'}}}",True,miss,regular,"{'x': 24.4, 'y': 61.3, 'z': 0}",head,right,"{'x': 0, 'y': 35.5, 'z': 9.7}",,0.018722666427493,0.0,"{'name': 'Cássio', 'slug': 'cassio', 'shortName': 'Cássio', 'position': 'G', 'jerseyNumber': '1', 'userCount': 4585, 'gender': 'M', 'sofascoreId': 'rcassio12', 'id': 27756, 'fieldTranslations': {'nameTranslation': {'ar': 'كاسيو', 'bn': 'ক্যাসিও', 'hi': 'कैसियो'}, 'shortNameTranslation': {'ar': 'كاسيو', 'bn': 'ক্যাসিও', 'hi': 'कैसियो'}}}",6269117,79,,4709,"{'start': {'x': 61.3, 'y': 24.4}, 'end': {'x': 64.5, 'y': 0}, 'goal': {'x': 64.5, 'y': 90.3}}",12,691,2009,shot,,13472618
"{'name': 'Gabriel Barbosa', 'slug': 'gabriel-barbosa', 'shortName': 'G. Barbosa', 'position': 'F', 'jerseyNumber': '9', 'userCount': 37025, 'gender': 'M', 'sofascoreId': 'Gabigol', 'id': 358554, 'fieldTranslations': {'nameTranslation': {'ar': 'غابرييل باربوسا', 'bn': 'গ্যাব্রিয়েল বারবোসা', 'hi': 'गेब्रियल बारबोसा'}, 'shortNameTranslation': {'ar': 'غ. باربوسا', 'bn': 'জি. বারবোসা', 'hi': 'जी. बारबोसा'}}}",False,block,assisted,"{'x': 10.6, 'y': 39.1, 'z': 0}",left-foot,low-centre,"{'x': 0, 'y': 49.7, 'z': 19}","{'x': 9.2, 'y': 40.6, 'z': 0}",0.1541763395071,0.0,"{'name': 'Bruno Ferreira', 'firstName': 'Bruno Ferreira', 'lastName': 'Ventura Diniz', 'slug': 'bruno-ferreira', 'shortName': 'B. Ferreira', 'position': 'G', 'jerseyNumber': '94', 'userCount': 352, 'gender': 'M', 'id': 1066241, 'fieldTranslations': {'nameTranslation': {'ar': 'برونو فيريرا'}, 'shortNameTranslation': {'ar': 'ب. فيريرا'}}}",6269095,77,,4588,"{'start': {'x': 39.1, 'y': 10.6}, 'block': {'x': 40.6, 'y': 9.2}, 'end': {'x': 50.3, 'y': 0}, 'goal': {'x': 50.3, 'y': 81}}",14,812,1888,shot,,13472618
"{'name': 'Willian Machado', 'slug': 'willian-machado', 'shortName': 'W. Machado', 'position': 'D', 'jerseyNumber': '23', 'userCount': 454, 'gender': 'M', 'id': 925871, 'fieldTranslations': {'nameTranslation': {'ar': 'ويليان ماتشادو'}, 'shortNameTranslation': {'ar': 'و. ماتشادو'}}}",False,goal,regular,"{'x': 1.8, 'y': 49.1, 'z': 0}",right-foot,low-left,"{'x': 0, 'y': 53.7, 'z': 6.3}",,,,"{'name': 'Bruno Ferreira', 'firstName': 'Bruno Ferreira', 'lastName': 'Ventura Diniz', 'slug': 'bruno-ferreira', 'shortName': 'B. Ferreira', 'position': 'G', 'jerseyNumber': '94', 'userCount': 352, 'gender': 'M', 'id': 1066241, 'fieldTranslations': {'nameTranslation': {'ar': 'برونو فيريرا'}, 'shortNameTranslation': {'ar': 'ب. فيريرا'}}}",6269072,71,,4212,"{'start': {'x': 49.1, 'y': 1.8}, 'end': {'x': 46.3, 'y': 0}, 'goal': {'x': 46.3, 'y': 93.7}}",20,1188,1512,shot,own,13472618
"{'name': 'Matheus Pereira', 'slug': 'matheus-pereira', 'shortName': 'M. Pereira', 'position': 'M', 'jerseyNumber': '10', 'userCount': 14142, 'gender': 'M', 'sofascoreId': 'matheus_pereira', 'id': 377238, 'fieldTranslations': {'nameTranslation': {'ar': 'ماثيوس بيريرا', 'bn': 'ম্যাথিউস পেরেইরা', 'hi': 'मैथियस परेरा'}, 'shortNameTranslation': {'ar': 'م. بيريرا', 'bn': 'এম. পেরেইরা', 'hi': 'एम. परेरा'}}}",False,block,free-kick,"{'x': 19.1, 'y': 75.1, 'z': 0}",left-foot,low-centre,"{'x': 0, 'y': 50.6, 'z': 19}","{'x': 12.9, 'y': 66.8, 'z': 0}",0.043808158487082,0.0,"{'name': 'Bruno Ferreira', 'firstName': 'Bruno Ferreira', 'lastName': 'Ventura Diniz', 'slug': 'bruno-ferreira', 'shortName': 'B. Ferreira', 'position': 'G', 'jerseyNumber': '94', 'userCount': 352, 'gender': 'M', 'id': 1066241, 'fieldTranslations': {'nameTranslation': {'ar': 'برونو فيريرا'}, 'shortNameTranslation': {'ar': 'ب. فيريرا'}}}",6269065,64,,3836,"{'start': {'x': 75.1, 'y': 19.1}, 'block': {'x': 66.8, 'y': 12.9}, 'end': {'x': 49.4, 'y': 0}, 'goal': {'x': 49.4, 'y': 81}}",27,1564,1136,shot,,13472618
"{'name': 'Gabriel Barbosa', 'slug': 'gabriel-barbosa', 'shortName': 'G. Barbosa', 'position': 'F', 'jerseyNumber': '9', 'userCount': 37025, 'gender': 'M', 'sofascoreId': 'Gabigol', 'id': 358554, 'fieldTranslations': {'nameTranslation': {'ar': 'غابرييل باربوسا', 'bn': 'গ্যাব্রিয়েল বারবোসা', 'hi': 'गेब्रियल बारबोसा'}, 'shortNameTranslation': {'ar': 'غ. باربوسا', 'bn': 'জি. বারবোসা', 'hi': 'जी. बारबोसा'}}}",False,block,fast-break,"{'x': 15.7, 'y': 31.5, 'z': 0}",left-foot,low-right,"{'x': 0, 'y': 46.4, 'z': 19}","{'x': 14.4, 'y': 33.4, 'z': 0}",0.037593457847834,0.0,"{'name': 'Bruno Ferreira', 'firstName': 'Bruno Ferreira', 'lastName': 'Ventura Diniz', 'slug': 'bruno-ferreira', 'shortName': 'B. Ferreira', 'position': 'G', 'jerseyNumber': '94', 'userCount': 352, 'gender': 'M', 'id': 1066241, 'fieldTranslations': {'nameTranslation': {'ar': 'برونو فيريرا'}, 'shortNameTranslation': {'ar': 'ب. فيريرا'}}}",6269034,59,,3520,"{'start': {'x': 31.5, 'y': 15.7}, 'block': {'x': 33.4, 'y': 14.4}, 'end': {'x': 53.6, 'y': 0}, 'goal': {'x': 53.6, 'y': 81}}",32,1880,820,shot,,13472618
"{'name': 'Vinicius Zanocelo', 'slug': 'vinicius-zanocelo', 'shortName': 'Vinicius Zanocelo', 'position': 'M', 'jerseyNumber': '25', 'userCount': 589, 'gender': 'M', 'id': 973841, 'fieldTranslations': {'nameTranslation': {'ar': 'فينيسيوس زانوكولو'}, 'shortNameTranslation': {'ar': 'ف. زانوكولو'}}}",True,goal,fast-break,"{'x': 21.8, 'y': 45.4, 'z': 0}",right-foot,low-left,"{'x': 0, 'y': 53.9, 'z': 19.6}",,0.081621639430523,0.18005894124508,"{'name': 'Cássio', 'slug': 'cassio', 'shortName': 'Cássio', 'position': 'G', 'jerseyNumber': '1', 'userCount': 4585, 'gender': 'M', 'sofascoreId': 'rcassio12', 'id': 27756, 'fieldTranslations': {'nameTranslation': {'ar': 'كاسيو', 'bn': 'ক্যাসিও', 'hi': 'कैसियो'}, 'shortNameTranslation': {'ar': 'كاسيو', 'bn': 'ক্যাসিও', 'hi': 'कैसियो'}}}",6269030,56,,3340,"{'start': {'x': 45.4, 'y': 21.8}, 'end': {'x': 46.1, 'y': 0}, 'goal': {'x': 46.1, 'y': 80.4}}",35,2060,640,shot,regular,13472618
"{'name': 'Luis Sinisterra', 'slug': 'luis-sinisterra', 'shortName': 'L. Sinisterra', 'position': 'F', 'jerseyNumber': '17', 'userCount': 6568, 'gender': 'M', 'sofascoreId': 'Sinisterra29', 'id': 836070, 'fieldTranslations': {'nameTranslation': {'ar': 'لويس سينيستيرا', 'bn': 'লুইস সিনিস্টেরা', 'hi': 'लुइस सिनिस्टर्रा'}, 'shortNameTranslation': {'ar': 'ل. سينيستيرا', 'bn': 'এল. সিনিস্টেরা', 'hi': 'एल. सिनिस्टर्रा'}}}",False,save,assisted,"{'x': 14.1, 'y': 41.1, 'z': 0}",right-foot,high-left,"{'x': 0, 'y': 52.6, 'z': 23.4}","{'x': 1.8, 'y': 48.7, 'z': 0}",0.052518021315336,0.33041217923164,"{'name': 'Bruno Ferreira', 'firstName': 'Bruno Ferreira', 'lastName': 'Ventura Diniz', 'slug': 'bruno-ferreira', 'shortName': 'B. Ferreira', 'position': 'G', 'jerseyNumber': '94', 'userCount': 352, 'gender': 'M', 'id': 1066241, 'fieldTranslations': {'nameTranslation': {'ar': 'برونو فيريرا'}, 'shortNameTranslation': {'ar': 'ب. فيريرا'}}}",6268990,48,,2841,"{'start': {'x': 41.1, 'y': 14.1}, 'block': {'x': 48.7, 'y': 1.8}, 'end': {'x': 47.4, 'y': 0}, 'goal': {'x': 47.4, 'y': 76.6}}",43,2559,141,shot,,13472618
"{'name': 'Vinicius Zanocelo', 'slug': 'vinicius-zanocelo', 'shortName': 'Vinicius Zanocelo', 'position': 'M', 'jerseyNumber': '25', 'userCount': 589, 'gender': 'M', 'id': 973841, 'fieldTranslations': {'nameTranslation': {'ar': 'فينيسيوس زانوكولو'}, 'shortNameTranslation': {'ar': 'ف. زانوكولو'}}}",True,block,set-piece,"{'x': 25.9, 'y': 44, 'z': 0}",right-foot,low-centre,"{'x': 0, 'y': 50.2, 'z': 19}","{'x': 12.3, 'y': 47.3, 'z': 0}",0.024215213954449,0.0,"{'name': 'Cássio', 'slug': 'cassio', 'shortName': 'Cássio', 'position': 'G', 'jerseyNumber': '1', 'userCount': 4585, 'gender': 'M', 'sofascoreId': 'rcassio12', 'id': 27756, 'fieldTranslations': {'nameTranslation': {'ar': 'كاسيو', 'bn': 'ক্যাসিও', 'hi': 'कैसियो'}, 'shortNameTranslation': {'ar': 'كاسيو', 'bn': 'ক্যাসিও', 'hi': 'कैसियो'}}}",6268939,45,3.0,2864,"{'start': {'x': 44, 'y': 25.9}, 'block': {'x': 47.3, 'y': 12.3}, 'end': {'x': 49.8, 'y': 0}, 'goal': {'x': 49.8, 'y': 81}}",1,2536,164,shot,,13472618
"{'name': 'Willian Machado', 'slug': 'willian-machado', 'shortName': 'W. Machado', 'position': 'D', 'jerseyNumber': '23', 'userCount': 454, 'gender': 'M', 'id': 925871, 'fieldTranslations': {'nameTranslation': {'ar': 'ويليان ماتشادو'}, 'shortNameTranslation': {'ar': 'و. ماتشادو'}}}",True,save,corner,"{'x': 11.4, 'y': 53.4, 'z': 0}",head,low-right,"{'x': 0, 'y': 46.6, 'z': 8.9}","{'x': 0.59999999999999, 'y': 50.7, 'z': 0}",0.01852417550981,0.14621268212795,"{'name': 'Cássio', 'slug': 'cassio', 'shortName': 'Cássio', 'position': 'G', 'jerseyNumber': '1', 'userCount': 4585, 'gender': 'M', 'sofascoreId': 'rcassio12', 'id': 27756, 'fieldTranslations': {'nameTranslation': {'ar': 'كاسيو', 'bn': 'ক্যাসিও', 'hi': 'कैसियो'}, 'shortNameTranslation': {'ar': 'كاسيو', 'bn': 'ক্যাসিও', 'hi': 'कैसियो'}}}",6268877,42,,2507,"{'start': {'x': 53.4, 'y': 11.4}, 'block': {'x': 50.7, 'y': 0.59999999999999}, 'end': {'x': 53.4, 'y': 0}, 'goal': {'x': 53.4, 'y': 91.1}}",4,193,2507,shot,,13472618
"{'name': 'Fernandinho', 'firstName': '', 'lastName': '', 'slug': 'fernandinho', 'shortName': 'Fernandinho', 'position': 'M', 'jerseyNumber': '11', 'userCount': 371, 'gender': 'M', 'id': 871219, 'fieldTranslations': {'nameTranslation': {'ar': 'فيرناندينيو'}, 'shortNameTranslation': {'ar': 'فيرناندينيو'}}}",True,block,assisted,"{'x': 12, 'y': 27.4, 'z': 0}",right-foot,low-centre,"{'x': 0, 'y': 49.1, 'z': 19}","{'x': 9.7, 'y': 31.9, 'z': 0}",0.02913373708725,0.0,"{'name': 'Cássio', 'slug': 'cassio', 'shortName': 'Cássio', 'position': 'G', 'jerseyNumber': '1', 'userCount': 4585, 'gender': 'M', 'sofascoreId': 'rcassio12', 'id': 27756, 'fieldTranslations': {'nameTranslation': {'ar': 'كاسيو', 'bn': 'ক্যাসিও', 'hi': 'कैसियो'}, 'shortNameTranslation': {'ar': 'كاسيو', 'bn': 'ক্যাসিও', 'hi': 'कैसियो'}}}",6268870,40,,2397,"{'start': {'x': 27.4, 'y': 12}, 'block': {'x': 31.9, 'y': 9.7}, 'end': {'x': 50.9, 'y': 0}, 'goal': {'x': 50.9, 'y': 81}}",6,303,2397,shot,,13472618
"{'name': 'Pedro Raul', 'slug': 'pedro-raul', 'shortName': 'P. Raul', 'position': 'F', 'jerseyNumber': '18', 'userCount': 7093, 'gender': 'M', 'id': 866911, 'fieldTranslations': {'nameTranslation': {'ar': 'بيدرو راوول', 'bn': 'পেদ্রো রাউল', 'hi': 'पेड्रो राउल'}, 'shortNameTranslation': {'ar': 'ب. راوول', 'bn': 'পি. রাউল', 'hi': 'पी. राउल'}}}",True,miss,assisted,"{'x': 17.5, 'y': 67.3, 'z': 0}",right-foot,left,"{'x': 0, 'y': 69.9, 'z': 5.6}",,0.040161155164242,0.0,"{'name': 'Cássio', 'slug': 'cassio', 'shortName': 'Cássio', 'position': 'G', 'jerseyNumber': '1', 'userCount': 4585, 'gender': 'M', 'sofascoreId': 'rcassio12', 'id': 27756, 'fieldTranslations': {'nameTranslation': {'ar': 'كاسيو', 'bn': 'ক্যাসিও', 'hi': 'कैसियो'}, 'shortNameTranslation': {'ar': 'كاسيو', 'bn': 'ক্যাসিও', 'hi': 'कैसियो'}}}",6268869,37,,2209,"{'start': {'x': 67.3, 'y': 17.5}, 'end': {'x': 30.1, 'y': 0}, 'goal': {'x': 30.1, 'y': 94.4}}",9,491,2209,shot,,13472618
"{'name': 'Walace', 'slug': 'walace', 'shortName': 'Walace', 'position': 'M', 'jerseyNumber': '5', 'userCount': 1456, 'gender': 'M', 'id': 553686, 'fieldTranslations': {'nameTranslation': {'ar': 'والاس', 'bn': 'ওয়ালেস', 'hi': 'वालेस'}, 'shortNameTranslation': {'ar': 'والاس', 'bn': 'ওয়ালেস', 'hi': 'वालेस'}}}",False,block,assisted,"{'x': 26.6, 'y': 46.2, 'z': 0}",right-foot,low-centre,"{'x': 0, 'y': 50.2, 'z': 19}","{'x': 16.3, 'y': 47.1, 'z': 0}",0.026199707761407,0.0,"{'name': 'Bruno Ferreira', 'firstName': 'Bruno Ferreira', 'lastName': 'Ventura Diniz', 'slug': 'bruno-ferreira', 'shortName': 'B. Ferreira', 'position': 'G', 'jerseyNumber': '94', 'userCount': 352, 'gender': 'M', 'id': 1066241, 'fieldTranslations': {'nameTranslation': {'ar': 'برونو فيريرا'}, 'shortNameTranslation': {'ar': 'ب. فيريرا'}}}",6268814,33,,1964,"{'start': {'x': 46.2, 'y': 26.6}, 'block': {'x': 47.1, 'y': 16.3}, 'end': {'x': 49.8, 'y': 0}, 'goal': {'x': 49.8, 'y': 81}}",13,736,1964,shot,,13472618
"{'name': 'Walace', 'slug': 'walace', 'shortName': 'Walace', 'position': 'M', 'jerseyNumber': '5', 'userCount': 1456, 'gender': 'M', 'id': 553686, 'fieldTranslations': {'nameTranslation': {'ar': 'والاس', 'bn': 'ওয়ালেস', 'hi': 'वालेस'}, 'shortNameTranslation': {'ar': 'والاس', 'bn': 'ওয়ালেস', 'hi': 'वालेस'}}}",False,miss,assisted,"{'x': 29.4, 'y': 48.5, 'z': 0}",right-foot,close-right,"{'x': 0, 'y': 40.8, 'z': 12.5}","{'x': 14.9, 'y': 54.7, 'z': 0}",0.020529504865408,0.0,"{'name': 'Bruno Ferreira', 'firstName': 'Bruno Ferreira', 'lastName': 'Ventura Diniz', 'slug': 'bruno-ferreira', 'shortName': 'B. Ferreira', 'position': 'G', 'jerseyNumber': '94', 'userCount': 352, 'gender': 'M', 'id': 1066241, 'fieldTranslations': {'nameTranslation': {'ar': 'برونو فيريرا'}, 'shortNameTranslation': {'ar': 'ب. فيريرا'}}}",6268811,31,,1856,"{'start': {'x': 48.5, 'y': 29.4}, 'block': {'x': 54.7, 'y': 14.9}, 'end': {'x': 59.2, 'y': 0}, 'goal': {'x': 59.2, 'y': 87.5}}",15,844,1856,shot,,13472618
"{'name': 'Gabriel Barbosa', 'slug': 'gabriel-barbosa', 'shortName': 'G. Barbosa', 'position': 'F', 'jerseyNumber': '9', 'userCount': 37025, 'gender': 'M', 'sofascoreId': 'Gabigol', 'id': 358554, 'fieldTranslations': {'nameTranslation': {'ar': 'غابرييل باربوسا', 'bn': 'গ্যাব্রিয়েল বারবোসা', 'hi': 'गेब्रियल बारबोसा'}, 'shortNameTranslation': {'ar': 'غ. باربوسا', 'bn': 'জি. বারবোসা', 'hi': 'जी. बारबोसा'}}}",False,miss,assisted,"{'x': 22.7, 'y': 36, 'z': 0}",left-foot,close-high-left,"{'x': 0, 'y': 57.5, 'z': 56.9}",,0.024554692208767,0.0,"{'name': 'Bruno Ferreira', 'firstName': 'Bruno Ferreira', 'lastName': 'Ventura Diniz', 'slug': 'bruno-ferreira', 'shortName': 'B. Ferreira', 'position': 'G', 'jerseyNumber': '94', 'userCount': 352, 'gender': 'M', 'id': 1066241, 'fieldTranslations': {'nameTranslation': {'ar': 'برونو فيريرا'}, 'shortNameTranslation': {'ar': 'ب. فيريرا'}}}",6268781,23,,1376,"{'start': {'x': 36, 'y': 22.7}, 'end': {'x': 42.5, 'y': 0}, 'goal': {'x': 42.5, 'y': 43.1}}",23,1324,1376,shot,,13472618
"{'name': 'Lucas Mugni', 'firstName': '', 'lastName': '', 'slug': 'lucas-mugni', 'shortName': 'L. Mugni', 'position': 'M', 'jerseyNumber': '10', 'userCount': 607, 'gender': 'M', 'id': 249881, 'fieldTranslations': {'nameTranslation': {'ar': 'لوكاس موغني'}, 'shortNameTranslation': {'ar': 'ل. موغني'}}}",True,block,assisted,"{'x': 25.4, 'y': 51.5, 'z': 0}",left-foot,low-left,"{'x': 0, 'y': 54.2, 'z': 19}","{'x': 14.7, 'y': 49.1, 'z': 0}",0.025021832436323,0.0,"{'name': 'Cássio', 'slug': 'cassio', 'shortName': 'Cássio', 'position': 'G', 'jerseyNumber': '1', 'userCount': 4585, 'gender': 'M', 'sofascoreId': 'rcassio12', 'id': 27756, 'fieldTranslations': {'nameTranslation': {'ar': 'كاسيو', 'bn': 'ক্যাসিও', 'hi': 'कैसियो'}, 'shortNameTranslation': {'ar': 'كاسيو', 'bn': 'ক্যাসিও', 'hi': 'कैसियो'}}}",6268807,23,,1338,"{'start': {'x': 51.5, 'y': 25.4}, 'block': {'x': 49.1, 'y': 14.7}, 'end': {'x': 45.8, 'y': 0}, 'goal': {'x': 45.8, 'y': 81}}",23,1362,1338,shot,,13472618
"{'name': 'Christian', 'slug': 'christian', 'shortName': 'Christian', 'position': 'M', 'jerseyNumber': '88', 'userCount': 1765, 'gender': 'M', 'id': 981733, 'fieldTranslations': {'nameTranslation': {'ar': 'كريستيان'}, 'shortNameTranslation': {'ar': 'كريستيان'}}}",False,miss,assisted,"{'x': 20.9, 'y': 59.5, 'z': 0}",right-foot,high,"{'x': 0, 'y': 44.9, 'z': 72.2}",,0.085980407893658,0.0,"{'name': 'Bruno Ferreira', 'firstName': 'Bruno Ferreira', 'lastName': 'Ventura Diniz', 'slug': 'bruno-ferreira', 'shortName': 'B. Ferreira', 'position': 'G', 'jerseyNumber': '94', 'userCount': 352, 'gender': 'M', 'id': 1066241, 'fieldTranslations': {'nameTranslation': {'ar': 'برونو فيريرا'}, 'shortNameTranslation': {'ar': 'ب. فيريرا'}}}",6268780,21,,1244,"{'start': {'x': 59.5, 'y': 20.9}, 'end': {'x': 55.1, 'y': 0}, 'goal': {'x': 55.1, 'y': 27.8}}",25,1456,1244,shot,,13472618
"{'name': 'Gabriel Barbosa', 'slug': 'gabriel-barbosa', 'shortName': 'G. Barbosa', 'position': 'F', 'jerseyNumber': '9', 'userCount': 37025, 'gender': 'M', 'sofascoreId': 'Gabigol', 'id': 358554, 'fieldTranslations': {'nameTranslation': {'ar': 'غابرييل باربوسا', 'bn': 'গ্যাব্রিয়েল বারবোসা', 'hi': 'गेब्रियल बारबोसा'}, 'shortNameTranslation': {'ar': 'غ. باربوسا', 'bn': 'জি. বারবোসা', 'hi': 'जी. बारबोसा'}}}",False,save,set-piece,"{'x': 18.1, 'y': 49.6, 'z': 0}",left-foot,low-centre,"{'x': 0, 'y': 50.3, 'z': 18.4}","{'x': 2.3, 'y': 48.4, 'z': 0}",0.047376837581396,0.035929579287767,"{'name': 'Bruno Ferreira', 'firstName': 'Bruno Ferreira', 'lastName': 'Ventura Diniz', 'slug': 'bruno-ferreira', 'shortName': 'B. Ferreira', 'position': 'G', 'jerseyNumber': '94', 'userCount': 352, 'gender': 'M', 'id': 1066241, 'fieldTranslations': {'nameTranslation': {'ar': 'برونو فيريرا'}, 'shortNameTranslation': {'ar': 'ب. فيريرا'}}}",6268777,18,,1029,"{'start': {'x': 49.6, 'y': 18.1}, 'block': {'x': 48.4, 'y': 2.3}, 'end': {'x': 49.7, 'y': 0}, 'goal': {'x': 49.7, 'y': 81.6}}",28,1671,1029,shot,,13472618
"{'name': 'Fernandinho', 'firstName': '', 'lastName': '', 'slug': 'fernandinho', 'shortName': 'Fernandinho', 'position': 'M', 'jerseyNumber': '11', 'userCount': 371, 'gender': 'M', 'id': 871219, 'fieldTranslations': {'nameTranslation': {'ar': 'فيرناندينيو'}, 'shortNameTranslation': {'ar': 'فيرناندينيو'}}}",True,save,assisted,"{'x': 11.6, 'y': 61.3, 'z': 0}",right-foot,low-centre,"{'x': 0, 'y': 51.1, 'z': 18.4}","{'x': 1.2, 'y': 52.5, 'z': 0}",0.17811225354671,0.47004124522209,"{'name': 'Cássio', 'slug': 'cassio', 'shortName': 'Cássio', 'position': 'G', 'jerseyNumber': '1', 'userCount': 4585, 'gender': 'M', 'sofascoreId': 'rcassio12', 'id': 27756, 'fieldTranslations': {'nameTranslation': {'ar': 'كاسيو', 'bn': 'ক্যাসিও', 'hi': 'कैसियो'}, 'shortNameTranslation': {'ar': 'كاسيو', 'bn': 'ক্যাসিও', 'hi': 'कैसियो'}}}",6268776,16,,923,"{'start': {'x': 61.3, 'y': 11.6}, 'block': {'x': 52.5, 'y': 1.2}, 'end': {'x': 48.9, 'y': 0}, 'goal': {'x': 48.9, 'y': 81.6}}",30,1777,923,shot,,13472618
"{'name': 'Matheus Pereira', 'slug': 'matheus-pereira', 'shortName': 'M. Pereira', 'position': 'M', 'jerseyNumber': '10', 'userCount': 14142, 'gender': 'M', 'sofascoreId': 'matheus_pereira', 'id': 377238, 'fieldTranslations': {'nameTranslation': {'ar': 'ماثيوس بيريرا', 'bn': 'ম্যাথিউস পেরেইরা', 'hi': 'मैथियस परेरा'}, 'shortNameTranslation': {'ar': 'م. بيريرا', 'bn': 'এম. পেরেইরা', 'hi': 'एम. परेरा'}}}",False,miss,assisted,"{'x': 26.1, 'y': 43.9, 'z': 0}",left-foot,close-right,"{'x': 0, 'y': 40.8, 'z': 4.2}",,0.061414547264576,0.0,"{'name': 'Bruno Ferreira', 'firstName': 'Bruno Ferreira', 'lastName': 'Ventura Diniz', 'slug': 'bruno-ferreira', 'shortName': 'B. Ferreira', 'position': 'G', 'jerseyNumber': '94', 'userCount': 352, 'gender': 'M', 'id': 1066241, 'fieldTranslations': {'nameTranslation': {'ar': 'برونو فيريرا'}, 'shortNameTranslation': {'ar': 'ب. فيريرا'}}}",6268770,10,,565,"{'start': {'x': 43.9, 'y': 26.1}, 'end': {'x': 59.2, 'y': 0}, 'goal': {'x': 59.2, 'y': 95.8}}",36,2135,565,shot,,13472618
"{'name': 'Matheus Pereira', 'slug': 'matheus-pereira', 'shortName': 'M. Pereira', 'position': 'M', 'jerseyNumber': '10', 'userCount': 14142, 'gender': 'M', 'sofascoreId': 'matheus_pereira', 'id': 377238, 'fieldTranslations': {'nameTranslation': {'ar': 'ماثيوس بيريرا', 'bn': 'ম্যাথিউস পেরেইরা', 'hi': 'मैथियस परेरा'}, 'shortNameTranslation': {'ar': 'م. بيريرا', 'bn': 'এম. পেরেইরা', 'hi': 'एम. परेरा'}}}",False,save,assisted,"{'x': 13.5, 'y': 45.1, 'z': 0}",left-foot,low-centre,"{'x': 0, 'y': 50.2, 'z': 3.2}","{'x': 1, 'y': 47.8, 'z': 0}",0.18278536200523,0.18327099084854,"{'name': 'Bruno Ferreira', 'firstName': 'Bruno Ferreira', 'lastName': 'Ventura Diniz', 'slug': 'bruno-ferreira', 'shortName': 'B. Ferreira', 'position': 'G', 'jerseyNumber': '94', 'userCount': 352, 'gender': 'M', 'id': 1066241, 'fieldTranslations': {'nameTranslation': {'ar': 'برونو فيريرا'}, 'shortNameTranslation': {'ar': 'ب. فيريرا'}}}",6268769,9,,507,"{'start': {'x': 45.1, 'y': 13.5}, 'block': {'x': 47.8, 'y': 1}, 'end': {'x': 49.8, 'y': 0}, 'goal': {'x': 49.8, 'y': 96.8}}",37,2193,507,shot,,13472618
"{'name': 'Jordan Barrera', 'firstName': 'Jordan Andres', 'lastName': 'Barrera Herrera', 'slug': 'jordan-andres-barrera-herrera', 'shortName': 'J. Barrera', 'position': 'M', 'jerseyNumber': '14', 'userCount': 2295, 'gender': 'M', 'id': 1899902, 'fieldTranslations': {'nameTranslation': {'ar': 'جوردان باريرا'}, 'shortNameTranslation': {'ar': 'ج. باريرا'}}}",False,miss,throw-in-set-piece,"{'x': 11.4, 'y': 55.8, 'z': 0}",right-foot,close-right,"{'x': 0, 'y': 43, 'z': 22.2}",,0.07212982326746,0.0,"{'name': 'Hugo Souza', 'slug': 'hugo-souza', 'shortName': 'H. Souza', 'position': 'G', 'jerseyNumber': '1', 'userCount': 25726, 'gender': 'M', 'sofascoreId': 'hugosouza', 'id': 950454, 'fieldTranslations': {'nameTranslation': {'ar': 'هوغو سوزا', 'bn': 'হুগো সুজা', 'hi': 'ह्यूगो सूज़ा'}, 'shortNameTranslation': {'ar': 'ه. سوزا', 'bn': 'এইচ. সুজা', 'hi': 'एच. सूज़ा'}}}",6276215,90,6.0,5736,"{'start': {'x': 55.8, 'y': 11.4}, 'end': {'x': 57, 'y': 0}, 'goal': {'x': 57, 'y': 77.8}}",1,564,336,shot,,13472611
"{'name': 'Gustavo Henrique', 'slug': 'gustavo-henrique', 'shortName': 'G. Henrique', 'position': 'D', 'jerseyNumber': '13', 'userCount': 5461, 'gender': 'M', 'id': 243181, 'fieldTranslations': {'nameTranslation': {'ar': 'غوستافو هنريك', 'bn': 'গুস্তাভো হেনরিক', 'hi': 'गुस्तावो हेनरिक'}, 'shortNameTranslation': {'ar': 'غ. هنريك', 'bn': 'গুস্তাভো হেনরিক', 'hi': 'गुस्तावो हेनरिक'}}}",True,goal,assisted,"{'x': 6.7, 'y': 50, 'z': 0}",right-foot,low-right,"{'x': 0, 'y': 47.3, 'z': 6.3}",,0.69055908918381,0.83046293258667,"{'name': 'Léo Linck', 'slug': 'leo-linck', 'shortName': 'L. Linck', 'position': 'G', 'jerseyNumber': '24', 'userCount': 1042, 'gender': 'M', 'id': 1119887, 'fieldTranslations': {'nameTranslation': {'ar': 'ليو لينك'}, 'shortNameTranslation': {'ar': 'ل. لينك'}}}",6276132,82,,4877,"{'start': {'x': 50, 'y': 6.7}, 'end': {'x': 52.7, 'y': 0}, 'goal': {'x': 52.7, 'y': 93.7}}",9,523,2177,shot,regular,13472611
"{'name': 'André Luiz', 'firstName': 'André Luiz', 'slug': 'andre-luiz', 'shortName': 'A. Luiz', 'position': 'M', 'jerseyNumber': '49', 'userCount': 2401, 'gender': 'M', 'id': 1647612, 'fieldTranslations': {'nameTranslation': {'ar': 'أندريه لويز'}, 'shortNameTranslation': {'ar': 'أ. لويز'}}}",True,block,corner,"{'x': 15.4, 'y': 44.1, 'z': 0}",right-foot,low-centre,"{'x': 0, 'y': 50.2, 'z': 19}","{'x': 12.1, 'y': 45.3, 'z': 0}",0.03088597021997,0.0,"{'name': 'Léo Linck', 'slug': 'leo-linck', 'shortName': 'L. Linck', 'position': 'G', 'jerseyNumber': '24', 'userCount': 1042, 'gender': 'M', 'id': 1119887, 'fieldTranslations': {'nameTranslation': {'ar': 'ليو لينك'}, 'shortNameTranslation': {'ar': 'ل. لينك'}}}",6276127,81,,4817,"{'start': {'x': 44.1, 'y': 15.4}, 'block': {'x': 45.3, 'y': 12.1}, 'end': {'x': 49.8, 'y': 0}, 'goal': {'x': 49.8, 'y': 81}}",10,583,2117,shot,,13472611
"{'name': 'João Pedro Tchoca', 'slug': 'joao-pedro', 'shortName': 'J. Pedro', 'position': 'D', 'jerseyNumber': '4', 'userCount': 3436, 'gender': 'M', 'id': 1411150, 'fieldTranslations': {'nameTranslation': {'ar': 'جواو بيدرو تشوكا', 'bn': 'জোয়াও পেদ্রো চোকা', 'hi': 'जोआओ पेड्रो चोका'}, 'shortNameTranslation': {'ar': 'ج. بيدرو', 'bn': 'জে. পেড্রো', 'hi': 'जे. पेड्रो'}}}",True,miss,corner,"{'x': 11.2, 'y': 47.7, 'z': 0}",head,right,"{'x': 0, 'y': 38.7, 'z': 15.3}","{'x': 7, 'y': 51.8, 'z': 0}",0.026510549709201,0.0,"{'name': 'Léo Linck', 'slug': 'leo-linck', 'shortName': 'L. Linck', 'position': 'G', 'jerseyNumber': '24', 'userCount': 1042, 'gender': 'M', 'id': 1119887, 'fieldTranslations': {'nameTranslation': {'ar': 'ليو لينك'}, 'shortNameTranslation': {'ar': 'ل. لينك'}}}",6276125,81,,4815,"{'start': {'x': 47.7, 'y': 11.2}, 'block': {'x': 51.8, 'y': 7}, 'end': {'x': 61.3, 'y': 0}, 'goal': {'x': 61.3, 'y': 84.7}}",10,585,2115,shot,,13472611
"{'name': 'João Pedro Tchoca', 'slug': 'joao-pedro', 'shortName': 'J. Pedro', 'position': 'D', 'jerseyNumber': '4', 'userCount': 3436, 'gender': 'M', 'id': 1411150, 'fieldTranslations': {'nameTranslation': {'ar': 'جواو بيدرو تشوكا', 'bn': 'জোয়াও পেদ্রো চোকা', 'hi': 'जोआओ पेड्रो चोका'}, 'shortNameTranslation': {'ar': 'ج. بيدرو', 'bn': 'জে. পেড্রো', 'hi': 'जे. पेड्रो'}}}",True,miss,corner,"{'x': 9.2, 'y': 40.1, 'z': 0}",head,right,"{'x': 0, 'y': 32.9, 'z': 12.5}","{'x': 5.1, 'y': 54.3, 'z': 0}",0.013970384374261,0.0,"{'name': 'Léo Linck', 'slug': 'leo-linck', 'shortName': 'L. Linck', 'position': 'G', 'jerseyNumber': '24', 'userCount': 1042, 'gender': 'M', 'id': 1119887, 'fieldTranslations': {'nameTranslation': {'ar': 'ليو لينك'}, 'shortNameTranslation': {'ar': 'ل. لينك'}}}",6276124,80,,4789,"{'start': {'x': 40.1, 'y': 9.2}, 'block': {'x': 54.3, 'y': 5.1}, 'end': {'x': 67.1, 'y': 0}, 'goal': {'x': 67.1, 'y': 87.5}}",11,611,2089,shot,,13472611
"{'name': 'Arthur Cabral', 'slug': 'arthur-cabral', 'shortName': 'A. Cabral', 'position': 'F', 'jerseyNumber': '19', 'userCount': 4955, 'gender': 'M', 'sofascoreId': 'arthurcabral9', 'id': 870762, 'fieldTranslations': {'nameTranslation': {'ar': 'أرثر كابرال', 'bn': 'আর্থার ক্যাব্রাল', 'hi': 'आर्थर कैब्राल'}, 'shortNameTranslation': {'ar': 'أ. كابرال', 'bn': 'এ. ক্যাব্রাল', 'hi': 'ए. कैब्राल'}}}",False,miss,fast-break,"{'x': 11.7, 'y': 30.9, 'z': 0}",left-foot,close-high-left,"{'x': 0, 'y': 59.2, 'z': 50}",,0.073725126683712,0.0,"{'name': 'Hugo Souza', 'slug': 'hugo-souza', 'shortName': 'H. Souza', 'position': 'G', 'jerseyNumber': '1', 'userCount': 25726, 'gender': 'M', 'sofascoreId': 'hugosouza', 'id': 950454, 'fieldTranslations': {'nameTranslation': {'ar': 'هوغو سوزا', 'bn': 'হুগো সুজা', 'hi': 'ह्यूगो सूज़ा'}, 'shortNameTranslation': {'ar': 'ه. سوزا', 'bn': 'এইচ. সুজা', 'hi': 'एच. सूज़ा'}}}",6276097,77,,4583,"{'start': {'x': 30.9, 'y': 11.7}, 'end': {'x': 40.8, 'y': 0}, 'goal': {'x': 40.8, 'y': 50}}",14,817,1883,shot,,13472611
"{'name': 'João Pedro Tchoca', 'slug': 'joao-pedro', 'shortName': 'J. Pedro', 'position': 'D', 'jerseyNumber': '4', 'userCount': 3436, 'gender': 'M', 'id': 1411150, 'fieldTranslations': {'nameTranslation': {'ar': 'جواو بيدرو تشوكا', 'bn': 'জোয়াও পেদ্রো চোকা', 'hi': 'जोआओ पेड्रो चोका'}, 'shortNameTranslation': {'ar': 'ج. بيدرو', 'bn': 'জে. পেড্রো', 'hi': 'जे. पेड्रो'}}}",True,save,corner,"{'x': 7.2, 'y': 50, 'z': 0}",right-foot,low-centre,"{'x': 0, 'y': 50.6, 'z': 9.7}","{'x': 1.2, 'y': 49.6, 'z': 0}",0.26718103885651,0.0,"{'name': 'Léo Linck', 'slug': 'leo-linck', 'shortName': 'L. Linck', 'position': 'G', 'jerseyNumber': '24', 'userCount': 1042, 'gender': 'M', 'id': 1119887, 'fieldTranslations': {'nameTranslation': {'ar': 'ليو لينك'}, 'shortNameTranslation': {'ar': 'ل. لينك'}}}",6276086,72,,4309,"{'start': {'x': 50, 'y': 7.2}, 'block': {'x': 49.6, 'y': 1.2}, 'end': {'x': 49.4, 'y': 0}, 'goal': {'x': 49.4, 'y': 90.3}}",19,1091,1609,shot,,13472611
"{'name': 'Arthur Cabral', 'slug': 'arthur-cabral', 'shortName': 'A. Cabral', 'position': 'F', 'jerseyNumber': '19', 'userCount': 4955, 'gender': 'M', 'sofascoreId': 'arthurcabral9', 'id': 870762, 'fieldTranslations': {'nameTranslation': {'ar': 'أرثر كابرال', 'bn': 'আর্থার ক্যাব্রাল', 'hi': 'आर्थर कैब्राल'}, 'shortNameTranslation': {'ar': 'أ. كابرال', 'bn': 'এ. ক্যাব্রাল', 'hi': 'ए. कैब्राल'}}}",False,miss,assisted,"{'x': 9.5, 'y': 51.2, 'z': 0}",head,right,"{'x': 0, 'y': 38.7, 'z': 27.8}",,0.063152469694614,0.0,"{'name': 'Hugo Souza', 'slug': 'hugo-souza', 'shortName': 'H. Souza', 'position': 'G', 'jerseyNumber': '1', 'userCount': 25726, 'gender': 'M', 'sofascoreId': 'hugosouza', 'id': 950454, 'fieldTranslations': {'nameTranslation': {'ar': 'هوغو سوزا', 'bn': 'হুগো সুজা', 'hi': 'ह्यूगो सूज़ा'}, 'shortNameTranslation': {'ar': 'ه. سوزا', 'bn': 'এইচ. সুজা', 'hi': 'एच. सूज़ा'}}}",6276081,71,,4213,"{'start': {'x': 51.2, 'y': 9.5}, 'end': {'x': 61.3, 'y': 0}, 'goal': {'x': 61.3, 'y': 72.2}}",20,1187,1513,shot,,13472611
"{'name': 'Jordan Barrera', 'firstName': 'Jordan Andres', 'lastName': 'Barrera Herrera', 'slug': 'jordan-andres-barrera-herrera', 'shortName': 'J. Barrera', 'position': 'M', 'jerseyNumber': '14', 'userCount': 2295, 'gender': 'M', 'id': 1899902, 'fieldTranslations': {'nameTranslation': {'ar': 'جوردان باريرا'}, 'shortNameTranslation': {'ar': 'ج. باريرا'}}}",False,goal,corner,"{'x': 9.6, 'y': 46, 'z': 0}",right-foot,low-right,"{'x': 0, 'y': 46.2, 'z': 7}",,0.055566441267729,0.57177495956421,"{'name': 'Hugo Souza', 'slug': 'hugo-souza', 'shortName': 'H. Souza', 'position': 'G', 'jerseyNumber': '1', 'userCount': 25726, 'gender': 'M', 'sofascoreId': 'hugosouza', 'id': 950454, 'fieldTranslations': {'nameTranslation': {'ar': 'هوغو سوزا', 'bn': 'হুগো সুজা', 'hi': 'ह्यूगो सूज़ा'}, 'shortNameTranslation': {'ar': 'ه. سوزا', 'bn': 'এইচ. সুজা', 'hi': 'एच. सूज़ा'}}}",6275924,66,,3948,"{'start': {'x': 46, 'y': 9.6}, 'end': {'x': 53.8, 'y': 0}, 'goal': {'x': 53.8, 'y': 93}}",25,1452,1248,shot,regular,13472611
"{'name': 'Marçal', 'slug': 'marcal', 'shortName': 'Marçal', 'position': 'D', 'jerseyNumber': '21', 'userCount': 1065, 'gender': 'M', 'id': 143593, 'fieldTranslations': {'nameTranslation': {'ar': 'مارسال', 'bn': 'মার্চাল', 'hi': 'मार्शल'}, 'shortNameTranslation': {'ar': 'مارسال', 'bn': 'মার্চাল', 'hi': 'मार्शल'}}}",False,block,corner,"{'x': 8.3, 'y': 50.9, 'z': 0}",head,low-centre,"{'x': 0, 'y': 50.1, 'z': 19}","{'x': 6.8, 'y': 50.7, 'z': 0}",0.072347886860371,0.0,"{'name': 'Hugo Souza', 'slug': 'hugo-souza', 'shortName': 'H. Souza', 'position': 'G', 'jerseyNumber': '1', 'userCount': 25726, 'gender': 'M', 'sofascoreId': 'hugosouza', 'id': 950454, 'fieldTranslations': {'nameTranslation': {'ar': 'هوغو سوزا', 'bn': 'হুগো সুজা', 'hi': 'ह्यूगो सूज़ा'}, 'shortNameTranslation': {'ar': 'ه. سوزا', 'bn': 'এইচ. সুজা', 'hi': 'एच. सूज़ा'}}}",6275927,66,,3944,"{'start': {'x': 50.9, 'y': 8.3}, 'block': {'x': 50.7, 'y': 6.8}, 'end': {'x': 49.9, 'y': 0}, 'goal': {'x': 49.9, 'y': 81}}",25,1456,1244,shot,,13472611
"{'name': 'Cuiabano', 'firstName': 'Cuiabano', 'lastName': '', 'slug': 'cuiabano', 'shortName': 'Cuiabano', 'position': 'D', 'jerseyNumber': '6', 'userCount': 2707, 'gender': 'M', 'id': 1160554, 'fieldTranslations': {'nameTranslation': {'ar': 'كويابانو', 'bn': 'কুইয়াবানো', 'hi': 'क्युइबानो'}, 'shortNameTranslation': {'ar': 'كويابانو', 'bn': 'কুইয়াবানো', 'hi': 'क्युइबानो'}}}",False,goal,assisted,"{'x': 11.1, 'y': 38.5, 'z': 0}",left-foot,low-left,"{'x': 0, 'y': 53.7, 'z': 14.6}",,0.080011546611786,0.5839855670929,"{'name': 'Hugo Souza', 'slug': 'hugo-souza', 'shortName': 'H. Souza', 'position': 'G', 'jerseyNumber': '1', 'userCount': 25726, 'gender': 'M', 'sofascoreId': 'hugosouza', 'id': 950454, 'fieldTranslations': {'nameTranslation': {'ar': 'هوغو سوزا', 'bn': 'হুগো সুজা', 'hi': 'ह्यूगो सूज़ा'}, 'shortNameTranslation': {'ar': 'ه. سوزا', 'bn': 'এইচ. সুজা', 'hi': 'एच. सूज़ा'}}}",6275874,60,,3573,"{'start': {'x': 38.5, 'y': 11.1}, 'end': {'x': 46.3, 'y': 0}, 'goal': {'x': 46.3, 'y': 85.4}}",31,1827,873,shot,regular,13472611
"{'name': 'Artur', 'slug': 'artur', 'shortName': 'Artur', 'position': 'M', 'jerseyNumber': '7', 'userCount': 3071, 'gender': 'M', 'id': 841128, 'fieldTranslations': {'nameTranslation': {'ar': 'أرثور'}, 'shortNameTranslation': {'ar': 'أرثور'}}}",False,miss,free-kick,"{'x': 24.8, 'y': 30.6, 'z': 0}",left-foot,high-left,"{'x': 0, 'y': 59.3, 'z': 95.8}",,0.035784356296062,0.0,"{'name': 'Hugo Souza', 'slug': 'hugo-souza', 'shortName': 'H. Souza', 'position': 'G', 'jerseyNumber': '1', 'userCount': 25726, 'gender': 'M', 'sofascoreId': 'hugosouza', 'id': 950454, 'fieldTranslations': {'nameTranslation': {'ar': 'هوغو سوزا', 'bn': 'হুগো সুজা', 'hi': 'ह्यूगो सूज़ा'}, 'shortNameTranslation': {'ar': 'ه. سوزا', 'bn': 'এইচ. সুজা', 'hi': 'एच. सूज़ा'}}}",6275733,57,,3410,"{'start': {'x': 30.6, 'y': 24.8}, 'end': {'x': 40.7, 'y': 0}, 'goal': {'x': 40.7, 'y': 4.2}}",34,1990,710,shot,,13472611
"{'name': 'Raniele', 'firstName': '', 'lastName': '', 'slug': 'raniele', 'shortName': 'Raniele', 'position': 'M', 'jerseyNumber': '14', 'userCount': 6199, 'gender': 'M', 'sofascoreId': 'R14niele', 'id': 866392, 'fieldTranslations': {'nameTranslation': {'ar': 'رانيل', 'bn': 'রানিয়েল', 'hi': 'रानीले'}, 'shortNameTranslation': {'ar': 'رانيل', 'bn': 'রানিয়েল', 'hi': 'रानीले'}}}",True,miss,assisted,"{'x': 25.6, 'y': 55, 'z': 0}",right-foot,high,"{'x': 0, 'y': 52.1, 'z': 61.1}",,0.028173059225082,0.0,"{'name': 'Léo Linck', 'slug': 'leo-linck', 'shortName': 'L. Linck', 'position': 'G', 'jerseyNumber': '24', 'userCount': 1042, 'gender': 'M', 'id': 1119887, 'fieldTranslations': {'nameTranslation': {'ar': 'ليو لينك'}, 'shortNameTranslation': {'ar': 'ل. لينك'}}}",6275720,51,,3021,"{'start': {'x': 55, 'y': 25.6}, 'end': {'x': 47.9, 'y': 0}, 'goal': {'x': 47.9, 'y': 38.9}}",40,2379,321,shot,,13472611
"{'name': 'Joaquín Correa', 'slug': 'joaquin-correa', 'shortName': 'J. Correa', 'position': 'F', 'jerseyNumber': '30', 'userCount': 5660, 'gender': 'M', 'sofascoreId': 'tucocorrea', 'id': 249929, 'fieldTranslations': {'nameTranslation': {'ar': 'خواكين كوريا', 'bn': 'জোয়াকুইন কোরেয়া', 'hi': 'जोआक्विन कोरिया'}, 'shortNameTranslation': {'ar': 'خ. كوريا', 'bn': 'জে. কোরেয়া', 'hi': 'जे. कोरिया'}}}",False,miss,corner,"{'x': 2.9, 'y': 55.4, 'z': 0}",head,high,"{'x': 0, 'y': 44.9, 'z': 70.8}",,0.18481686711311,0.0,"{'name': 'Hugo Souza', 'slug': 'hugo-souza', 'shortName': 'H. Souza', 'position': 'G', 'jerseyNumber': '1', 'userCount': 25726, 'gender': 'M', 'sofascoreId': 'hugosouza', 'id': 950454, 'fieldTranslations': {'nameTranslation': {'ar': 'هوغو سوزا', 'bn': 'হুগো সুজা', 'hi': 'ह्यूगो सूज़ा'}, 'shortNameTranslation': {'ar': 'ه. سوزا', 'bn': 'এইচ. সুজা', 'hi': 'एच. सूज़ा'}}}",6275595,39,,2302,"{'start': {'x': 55.4, 'y': 2.9}, 'end': {'x': 55.1, 'y': 0}, 'goal': {'x': 55.1, 'y': 29.2}}",7,398,2302,shot,,13472611
"{'name': 'João Pedro Tchoca', 'slug': 'joao-pedro', 'shortName': 'J. Pedro', 'position': 'D', 'jerseyNumber': '4', 'userCount': 3436, 'gender': 'M', 'id': 1411150, 'fieldTranslations': {'nameTranslation': {'ar': 'جواو بيدرو تشوكا', 'bn': 'জোয়াও পেদ্রো চোকা', 'hi': 'जोआओ पेड्रो चोका'}, 'shortNameTranslation': {'ar': 'ج. بيدرو', 'bn': 'জে. পেড্রো', 'hi': 'जे. पेड्रो'}}}",True,block,set-piece,"{'x': 7.7, 'y': 47, 'z': 0}",left-foot,low-centre,"{'x': 0, 'y': 50.2, 'z': 19}","{'x': 5.9, 'y': 47.7, 'z': 0}",0.1191489174962,0.0,"{'name': 'Léo Linck', 'slug': 'leo-linck', 'shortName': 'L. Linck', 'position': 'G', 'jerseyNumber': '24', 'userCount': 1042, 'gender': 'M', 'id': 1119887, 'fieldTranslations': {'nameTranslation': {'ar': 'ليو لينك'}, 'shortNameTranslation': {'ar': 'ل. لينك'}}}",6275568,34,,2009,"{'start': {'x': 47, 'y': 7.7}, 'block': {'x': 47.7, 'y': 5.9}, 'end': {'x': 49.8, 'y': 0}, 'goal': {'x': 49.8, 'y': 81}}",12,691,2009,shot,,13472611
"{'name': 'Yuri Alberto', 'slug': 'yuri-alberto', 'shortName': 'Y. Alberto', 'position': 'F', 'jerseyNumber': '9', 'userCount': 45117, 'gender': 'M', 'sofascoreId': 'yurialberto', 'id': 905463, 'fieldTranslations': {'nameTranslation': {'ar': 'يوري ألبيرتو', 'bn': 'ইউরি আলবার্তো', 'hi': 'यूरी अल्बर्टो'}, 'shortNameTranslation': {'ar': 'يوري ألبرتو', 'bn': 'ইউরি আলবার্তো', 'hi': 'यूरी अल्बर्टो'}}}",True,miss,set-piece,"{'x': 4.2, 'y': 47.1, 'z': 0}",left-foot,right,"{'x': 0, 'y': 38.8, 'z': 5.6}","{'x': 3.2, 'y': 49.8, 'z': 0}",0.41780745983124,0.0,"{'name': 'Léo Linck', 'slug': 'leo-linck', 'shortName': 'L. Linck', 'position': 'G', 'jerseyNumber': '24', 'userCount': 1042, 'gender': 'M', 'id': 1119887, 'fieldTranslations': {'nameTranslation': {'ar': 'ليو لينك'}, 'shortNameTranslation': {'ar': 'ل. لينك'}}}",6275679,34,,2007,"{'start': {'x': 47.1, 'y': 4.2}, 'block': {'x': 49.8, 'y': 3.2}, 'end': {'x': 61.2, 'y': 0}, 'goal': {'x': 61.2, 'y': 94.4}}",12,693,2007,shot,,13472611
"{'name': 'Matheuzinho', 'slug': 'matheuzinho', 'shortName': 'Matheuzinho', 'position': 'D', 'jerseyNumber': '2', 'userCount': 7300, 'gender': 'M', 'sofascoreId': 'mateuzinhoo', 'id': 931540, 'fieldTranslations': {'nameTranslation': {'ar': 'ماثيوزينهو'}, 'shortNameTranslation': {'ar': 'ماثيوزينهو'}}}",True,save,set-piece,"{'x': 21.1, 'y': 25.4, 'z': 0}",right-foot,low-left,"{'x': 0, 'y': 53.5, 'z': 1.9}","{'x': 1.1, 'y': 48.9, 'z': 0}",0.012867617420852,0.058832388371229,"{'name': 'Léo Linck', 'slug': 'leo-linck', 'shortName': 'L. Linck', 'position': 'G', 'jerseyNumber': '24', 'userCount': 1042, 'gender': 'M', 'id': 1119887, 'fieldTranslations': {'nameTranslation': {'ar': 'ليو لينك'}, 'shortNameTranslation': {'ar': 'ل. لينك'}}}",6275584,34,,2003,"{'start': {'x': 25.4, 'y': 21.1}, 'block': {'x': 48.9, 'y': 1.1}, 'end': {'x': 46.5, 'y': 0}, 'goal': {'x': 46.5, 'y': 98.1}}",12,697,2003,shot,,13472611
"{'name': 'Raniele', 'firstName': '', 'lastName': '', 'slug': 'raniele', 'shortName': 'Raniele', 'position': 'M', 'jerseyNumber': '14', 'userCount': 6199, 'gender': 'M', 'sofascoreId': 'R14niele', 'id': 866392, 'fieldTranslations': {'nameTranslation': {'ar': 'رانيل', 'bn': 'রানিয়েল', 'hi': 'रानीले'}, 'shortNameTranslation': {'ar': 'رانيل', 'bn': 'রানিয়েল', 'hi': 'रानीले'}}}",True,block,corner,"{'x': 2.8, 'y': 39.2, 'z': 0}",head,low-left,"{'x': 0, 'y': 52.4, 'z': 19}","{'x': 1.4, 'y': 43.5, 'z': 0}",0.053713999688625,0.0,"{'name': 'Léo Linck', 'slug': 'leo-linck', 'shortName': 'L. Linck', 'position': 'G', 'jerseyNumber': '24', 'userCount': 1042, 'gender': 'M', 'id': 1119887, 'fieldTranslations': {'nameTranslation': {'ar': 'ليو لينك'}, 'shortNameTranslation': {'ar': 'ل. لينك'}}}",6275521,17,,1010,"{'start': {'x': 39.2, 'y': 2.8}, 'block': {'x': 43.5, 'y': 1.4}, 'end': {'x': 47.6, 'y': 0}, 'goal': {'x': 47.6, 'y': 81}}",29,1690,1010,shot,,13472611
"{'name': 'Matheuzinho', 'slug': 'matheuzinho', 'shortName': 'Matheuzinho', 'position': 'D', 'jerseyNumber': '2', 'userCount': 7300, 'gender': 'M', 'sofascoreId': 'mateuzinhoo', 'id': 931540, 'fieldTranslations': {'nameTranslation': {'ar': 'ماثيوزينهو'}, 'shortNameTranslation': {'ar': 'ماثيوزينهو'}}}",True,save,assisted,"{'x': 19.2, 'y': 71.6, 'z': 0}",right-foot,high-right,"{'x': 0, 'y': 47.2, 'z': 27.8}","{'x': 1.1, 'y': 52.5, 'z': 0}",0.033540744334459,0.11370947211981,"{'name': 'Léo Linck', 'slug': 'leo-linck', 'shortName': 'L. Linck', 'position': 'G', 'jerseyNumber': '24', 'userCount': 1042, 'gender': 'M', 'id': 1119887, 'fieldTranslations': {'nameTranslation': {'ar': 'ليو لينك'}, 'shortNameTranslation': {'ar': 'ل. لينك'}}}",6275514,17,,964,"{'start': {'x': 71.6, 'y': 19.2}, 'block': {'x': 52.5, 'y': 1.1}, 'end': {'x': 52.8, 'y': 0}, 'goal': {'x': 52.8, 'y': 72.2}}",29,1736,964,shot,,13472611
"{'name': 'Breno Bidon', 'slug': 'breno-bidon', 'shortName': 'B. Bidon', 'position': 'M', 'jerseyNumber': '7', 'userCount': 10006, 'gender': 'M', 'sofascoreId': 'BrenoBidon', 'id': 1199261, 'fieldTranslations': {'nameTranslation': {'ar': 'برينو بيدون', 'bn': 'ব্রেনো বিডন', 'hi': 'ब्रेनो बिडॉन'}, 'shortNameTranslation': {'ar': 'ب. بيدون', 'bn': 'বি. বিডন', 'hi': 'बी. बिडॉन'}}}",True,save,assisted,"{'x': 14.7, 'y': 67, 'z': 0}",left-foot,low-left,"{'x': 0, 'y': 51.9, 'z': 15.2}","{'x': 2.3, 'y': 52.5, 'z': 0}",0.040193412452936,0.18313339352608,"{'name': 'Léo Linck', 'slug': 'leo-linck', 'shortName': 'L. Linck', 'position': 'G', 'jerseyNumber': '24', 'userCount': 1042, 'gender': 'M', 'id': 1119887, 'fieldTranslations': {'nameTranslation': {'ar': 'ليو لينك'}, 'shortNameTranslation': {'ar': 'ل. لينك'}}}",6275508,16,,919,"{'start': {'x': 67, 'y': 14.7}, 'block': {'x': 52.5, 'y': 2.3}, 'end': {'x': 48.1, 'y': 0}, 'goal': {'x': 48.1, 'y': 84.8}}",30,1781,919,shot,,13472611
"{'name': 'Raniele', 'firstName': '', 'lastName': '', 'slug': 'raniele', 'shortName': 'Raniele', 'position': 'M', 'jerseyNumber': '14', 'userCount': 6199, 'gender': 'M', 'sofascoreId': 'R14niele', 'id': 866392, 'fieldTranslations': {'nameTranslation': {'ar': 'رانيل', 'bn': 'রানিয়েল', 'hi': 'रानीले'}, 'shortNameTranslation': {'ar': 'رانيل', 'bn': 'রানিয়েল', 'hi': 'रानीले'}}}",True,goal,assisted,"{'x': 7.9, 'y': 41.3, 'z': 0}",right-foot,low-left,"{'x': 0, 'y': 52.9, 'z': 1.3}",,0.25157079100609,0.92468219995499,"{'name': 'Léo Linck', 'slug': 'leo-linck', 'shortName': 'L. Linck', 'position': 'G', 'jerseyNumber': '24', 'userCount': 1042, 'gender': 'M', 'id': 1119887, 'fieldTranslations': {'nameTranslation': {'ar': 'ليو لينك'}, 'shortNameTranslation': {'ar': 'ل. لينك'}}}",6275449,7,,397,"{'start': {'x': 41.3, 'y': 7.9}, 'end': {'x': 47.1, 'y': 0}, 'goal': {'x': 47.1, 'y': 98.7}}",39,2303,397,shot,regular,13472611
"{'name': 'Gustavo Henrique', 'slug': 'gustavo-henrique', 'shortName': 'G. Henrique', 'position': 'D', 'jerseyNumber': '13', 'userCount': 5461, 'gender': 'M', 'id': 243181, 'fieldTranslations': {'nameTranslation': {'ar': 'غوستافو هنريك', 'bn': 'গুস্তাভো হেনরিক', 'hi': 'गुस्तावो हेनरिक'}, 'shortNameTranslation': {'ar': 'غ. هنريك', 'bn': 'গুস্তাভো হেনরিক', 'hi': 'गुस्तावो हेनरिक'}}}",True,miss,corner,"{'x': 7.4, 'y': 40.5, 'z': 0}",head,close-high,"{'x': 0, 'y': 50.6, 'z': 59.7}",,0.031544826924801,0.0,"{'name': 'Léo Linck', 'slug': 'leo-linck', 'shortName': 'L. Linck', 'position': 'G', 'jerseyNumber': '24', 'userCount': 1042, 'gender': 'M', 'id': 1119887, 'fieldTranslations': {'nameTranslation': {'ar': 'ليو لينك'}, 'shortNameTranslation': {'ar': 'ل. لينك'}}}",6275427,1,,53,"{'start': {'x': 40.5, 'y': 7.4}, 'end': {'x': 49.4, 'y': 0}, 'goal': {'x': 49.4, 'y': 40.3}}",45,2647,53,shot,,13472611
"{'name': 'Cadu', 'slug': 'cadu', 'shortName': 'Cadu', 'position': 'F', 'jerseyNumber': '42', 'userCount': 659, 'gender': 'M', 'id': 1199473, 'fieldTranslations': {'nameTranslation': {'ar': 'كادو'}, 'shortNameTranslation': {'ar': 'كادو'}}}",False,miss,corner,"{'x': 8, 'y': 57.9, 'z': 0}",head,left,"{'x': 0, 'y': 64.7, 'z': 22.2}",,0.056048557162285,0.0,"{'name': 'Brenno', 'slug': 'brenno', 'shortName': 'Brenno', 'position': 'G', 'jerseyNumber': '12', 'userCount': 502, 'gender': 'M', 'id': 914481, 'fieldTranslations': {'nameTranslation': {'ar': 'برينو', 'bn': 'ব্রেনো', 'hi': 'ब्रेनो'}, 'shortNameTranslation': {'ar': 'ب. برينو', 'bn': 'ব্রেনো', 'hi': 'ब्रेनो'}}}",6277714,90,,5374,"{'start': {'x': 57.9, 'y': 8}, 'end': {'x': 35.3, 'y': 0}, 'goal': {'x': 35.3, 'y': 77.8}}",1,26,2674,shot,,13472608
"{'name': 'Cadu', 'slug': 'cadu', 'shortName': 'Cadu', 'position': 'F', 'jerseyNumber': '42', 'userCount': 659, 'gender': 'M', 'id': 1199473, 'fieldTranslations': {'nameTranslation': {'ar': 'كادو'}, 'shortNameTranslation': {'ar': 'كادو'}}}",False,miss,regular,"{'x': 3.8, 'y': 66, 'z': 0}",right-foot,left,"{'x': 0, 'y': 97.3, 'z': 5.6}","{'x': 6.7, 'y': 21.5, 'z': 0}",0.17896424233913,0.0,"{'name': 'Brenno', 'slug': 'brenno', 'shortName': 'Brenno', 'position': 'G', 'jerseyNumber': '12', 'userCount': 502, 'gender': 'M', 'id': 914481, 'fieldTranslations': {'nameTranslation': {'ar': 'برينو', 'bn': 'ব্রেনো', 'hi': 'ब्रेनो'}, 'shortNameTranslation': {'ar': 'ب. برينو', 'bn': 'ব্রেনো', 'hi': 'ब्रेनो'}}}",6277632,86,,5124,"{'start': {'x': 66, 'y': 3.8}, 'block': {'x': 21.5, 'y': 6.7}, 'end': {'x': 2.7, 'y': 0}, 'goal': {'x': 2.7, 'y': 94.4}}",5,276,2424,shot,,13472608
"{'name': 'Matheus Pereira', 'firstName': '', 'lastName': '', 'slug': 'pereira-matheus', 'shortName': 'M. Pereira', 'position': 'M', 'jerseyNumber': '23', 'userCount': 3475, 'gender': 'M', 'id': 795268, 'fieldTranslations': {'nameTranslation': {'ar': 'بيريرا، ماثيو', 'bn': 'পেরেরা, ম্যাথিউস', 'hi': 'परेरा, मैथियस'}, 'shortNameTranslation': {'ar': 'م. بيريرا', 'bn': 'এম. পেরেরা', 'hi': 'एम. परेरा'}}}",True,block,free-kick,"{'x': 18.8, 'y': 54.6, 'z': 0}",left-foot,low-centre,"{'x': 0, 'y': 48.9, 'z': 19}","{'x': 11.6, 'y': 53.2, 'z': 0}",0.14959892630577,0.0,"{'name': 'Everson', 'slug': 'everson', 'shortName': 'Everson', 'position': 'G', 'jerseyNumber': '22', 'userCount': 2199, 'gender': 'M', 'id': 870748, 'fieldTranslations': {'nameTranslation': {'ar': 'إيفرسون', 'bn': 'এভারসন', 'hi': 'एवरसन'}, 'shortNameTranslation': {'ar': 'إيفرسون', 'bn': 'এভারসন', 'hi': 'एवरसन'}}}",6277626,83,,4940,"{'start': {'x': 54.6, 'y': 18.8}, 'block': {'x': 53.2, 'y': 11.6}, 'end': {'x': 51.1, 'y': 0}, 'goal': {'x': 51.1, 'y': 81}}",8,460,2240,shot,,13472608
"{'name': 'Moisés', 'firstName': 'Moisés', 'slug': 'moises', 'shortName': 'Moisés', 'position': 'M', 'jerseyNumber': '21', 'userCount': 1137, 'gender': 'M', 'id': 1046501, 'fieldTranslations': {'nameTranslation': {'ar': 'مويزس'}, 'shortNameTranslation': {'ar': 'مويزس'}}}",True,block,assisted,"{'x': 8, 'y': 45, 'z': 0}",right-foot,low-left,"{'x': 0, 'y': 54.4, 'z': 19}","{'x': 6.4, 'y': 45.1, 'z': 0}",0.13486310839653,0.0,"{'name': 'Everson', 'slug': 'everson', 'shortName': 'Everson', 'position': 'G', 'jerseyNumber': '22', 'userCount': 2199, 'gender': 'M', 'id': 870748, 'fieldTranslations': {'nameTranslation': {'ar': 'إيفرسون', 'bn': 'এভারসন', 'hi': 'एवरसन'}, 'shortNameTranslation': {'ar': 'إيفرسون', 'bn': 'এভারসন', 'hi': 'एवरसन'}}}",6277621,79,,4701,"{'start': {'x': 45, 'y': 8}, 'block': {'x': 45.1, 'y': 6.4}, 'end': {'x': 45.6, 'y': 0}, 'goal': {'x': 45.6, 'y': 81}}",12,699,2001,shot,,13472608
"{'name': 'Gustavo Scarpa', 'slug': 'gustavo-scarpa', 'shortName': 'G. Scarpa', 'position': 'M', 'jerseyNumber': '10', 'userCount': 5526, 'gender': 'M', 'sofascoreId': 'gustavoscarpa10', 'id': 559036, 'fieldTranslations': {'nameTranslation': {'ar': 'غوستافو سكاربا', 'bn': 'গুস্তাভো স্কারপা', 'hi': 'गुस्तावो स्कार्पा'}, 'shortNameTranslation': {'ar': 'غوستافو سكاربا', 'bn': 'গুস্তাভো স্কারপা', 'hi': 'गुस्तावो स्कार्पा'}}}",False,save,assisted,"{'x': 30.2, 'y': 38.4, 'z': 0}",left-foot,low-right,"{'x': 0, 'y': 48, 'z': 1.9}","{'x': 1.1, 'y': 47.8, 'z': 0}",0.017213754355907,0.050475534051657,"{'name': 'Brenno', 'slug': 'brenno', 'shortName': 'Brenno', 'position': 'G', 'jerseyNumber': '12', 'userCount': 502, 'gender': 'M', 'id': 914481, 'fieldTranslations': {'nameTranslation': {'ar': 'برينو', 'bn': 'ব্রেনো', 'hi': 'ब्रेनो'}, 'shortNameTranslation': {'ar': 'ب. برينو', 'bn': 'ব্রেনো', 'hi': 'ब्रेनो'}}}",6277541,74,,4394,"{'start': {'x': 38.4, 'y': 30.2}, 'block': {'x': 47.8, 'y': 1.1}, 'end': {'x': 52, 'y': 0}, 'goal': {'x': 52, 'y': 98.1}}",17,1006,1694,shot,,13472608
"{'name': 'Alexsander', 'firstName': 'Alexsander', 'slug': 'alexsander', 'shortName': 'Alexsander', 'position': 'M', 'jerseyNumber': '5', 'userCount': 1979, 'gender': 'M', 'id': 1185617, 'fieldTranslations': {'nameTranslation': {'ar': 'Gomes da Costa, Alexsander Cristhian'}, 'shortNameTranslation': {'ar': 'A. C. G. d. Costa'}}}",False,block,assisted,"{'x': 23.2, 'y': 45, 'z': 0}",left-foot,low-left,"{'x': 0, 'y': 52.6, 'z': 19}","{'x': 18.5, 'y': 45.5, 'z': 0}",0.027615875005722,0.0,"{'name': 'Brenno', 'slug': 'brenno', 'shortName': 'Brenno', 'position': 'G', 'jerseyNumber': '12', 'userCount': 502, 'gender': 'M', 'id': 914481, 'fieldTranslations': {'nameTranslation': {'ar': 'برينو', 'bn': 'ব্রেনো', 'hi': 'ब्रेनो'}, 'shortNameTranslation': {'ar': 'ب. برينو', 'bn': 'ব্রেনো', 'hi': 'ब्रेनो'}}}",6277535,69,,4136,"{'start': {'x': 45, 'y': 23.2}, 'block': {'x': 45.5, 'y': 18.5}, 'end': {'x': 47.4, 'y': 0}, 'goal': {'x': 47.4, 'y': 81}}",22,1264,1436,shot,,13472608
"{'name': 'Bernard', 'slug': 'bernard', 'shortName': 'Bernard', 'position': 'M', 'jerseyNumber': '11', 'userCount': 2377, 'gender': 'M', 'id': 241488, 'fieldTranslations': {'nameTranslation': {'ar': 'برنارد', 'bn': 'বার্নার্ড', 'hi': 'बर्नार्ड'}, 'shortNameTranslation': {'ar': 'برنارد', 'bn': 'বার্নার্ড', 'hi': 'बर्नार्ड'}}}",False,save,assisted,"{'x': 18.2, 'y': 55.8, 'z': 0}",left-foot,low-left,"{'x': 0, 'y': 53.8, 'z': 8.9}","{'x': 1.6, 'y': 51.4, 'z': 0}",0.040101259946823,0.49711748957634,"{'name': 'Brenno', 'slug': 'brenno', 'shortName': 'Brenno', 'position': 'G', 'jerseyNumber': '12', 'userCount': 502, 'gender': 'M', 'id': 914481, 'fieldTranslations': {'nameTranslation': {'ar': 'برينو', 'bn': 'ব্রেনো', 'hi': 'ब्रेनो'}, 'shortNameTranslation': {'ar': 'ب. برينو', 'bn': 'ব্রেনো', 'hi': 'ब्रेनो'}}}",6277527,63,,3721,"{'start': {'x': 55.8, 'y': 18.2}, 'block': {'x': 51.4, 'y': 1.6}, 'end': {'x': 46.2, 'y': 0}, 'goal': {'x': 46.2, 'y': 91.1}}",28,1679,1021,shot,,13472608
"{'name': 'José Herrera', 'firstName': 'José Herrera', 'slug': 'jose-herrera', 'shortName': 'J. Herrera', 'position': 'F', 'jerseyNumber': '32', 'userCount': 473, 'gender': 'M', 'id': 1179171, 'fieldTranslations': {'nameTranslation': {'ar': 'خوسيه هيريرا'}, 'shortNameTranslation': {'ar': 'خ. هيريرا'}}}",True,save,fast-break,"{'x': 28.5, 'y': 53.6, 'z': 0}",left-foot,high-centre,"{'x': 0, 'y': 49, 'z': 23.4}","{'x': 2, 'y': 50.7, 'z': 0}",0.026326190680265,0.020935583859682,"{'name': 'Everson', 'slug': 'everson', 'shortName': 'Everson', 'position': 'G', 'jerseyNumber': '22', 'userCount': 2199, 'gender': 'M', 'id': 870748, 'fieldTranslations': {'nameTranslation': {'ar': 'إيفرسون', 'bn': 'এভারসন', 'hi': 'एवरसन'}, 'shortNameTranslation': {'ar': 'إيفرسون', 'bn': 'এভারসন', 'hi': 'एवरसन'}}}",6277523,61,,3653,"{'start': {'x': 53.6, 'y': 28.5}, 'block': {'x': 50.7, 'y': 2}, 'end': {'x': 51, 'y': 0}, 'goal': {'x': 51, 'y': 76.6}}",30,1747,953,shot,,13472608
"{'name': 'Tomás Pochettino', 'firstName': '', 'lastName': '', 'slug': 'tomas-pochettino', 'shortName': 'T. Pochettino', 'position': 'M', 'jerseyNumber': '7', 'userCount': 989, 'gender': 'M', 'id': 824626, 'fieldTranslations': {'nameTranslation': {'ar': 'توماس بوتشيتينو', 'bn': 'টমাস পোচেত্তিনো', 'hi': 'टॉमस पोचेतीनो'}, 'shortNameTranslation': {'ar': 'ت. بوتشيتينو', 'bn': 'টি. পোচেত্তিনো', 'hi': 'टी. पोचेतीनो'}}}",True,miss,assisted,"{'x': 27.9, 'y': 44.8, 'z': 0}",right-foot,high,"{'x': 0, 'y': 50.1, 'z': 90.3}",,0.026752360165119,0.0,"{'name': 'Everson', 'slug': 'everson', 'shortName': 'Everson', 'position': 'G', 'jerseyNumber': '22', 'userCount': 2199, 'gender': 'M', 'id': 870748, 'fieldTranslations': {'nameTranslation': {'ar': 'إيفرسون', 'bn': 'এভারসন', 'hi': 'एवरसन'}, 'shortNameTranslation': {'ar': 'إيفرسون', 'bn': 'এভারসন', 'hi': 'एवरसन'}}}",6277522,61,,3602,"{'start': {'x': 44.8, 'y': 27.9}, 'end': {'x': 49.9, 'y': 0}, 'goal': {'x': 49.9, 'y': 9.7}}",30,1798,902,shot,,13472608
"{'name': 'Gastón Ávila', 'slug': 'gaston-avila', 'shortName': 'G. Ávila', 'position': 'D', 'jerseyNumber': '13', 'userCount': 1200, 'gender': 'M', 'id': 975526, 'fieldTranslations': {'nameTranslation': {'ar': 'غاستون أفيلّا', 'bn': 'গ্যাস্টন আভিলা', 'hi': 'गैस्टन एविला'}, 'shortNameTranslation': {'ar': 'غ. أفيلّا', 'bn': 'জি. আভিলা', 'hi': 'जी. एविला'}}}",True,miss,corner,"{'x': 11.1, 'y': 74.4, 'z': 0}",left-foot,left,"{'x': 0, 'y': 67.4, 'z': 31.9}",,0.020815260708332,0.0,"{'name': 'Everson', 'slug': 'everson', 'shortName': 'Everson', 'position': 'G', 'jerseyNumber': '22', 'userCount': 2199, 'gender': 'M', 'id': 870748, 'fieldTranslations': {'nameTranslation': {'ar': 'إيفرسون', 'bn': 'এভারসন', 'hi': 'एवरसन'}, 'shortNameTranslation': {'ar': 'إيفرسون', 'bn': 'এভারসন', 'hi': 'एवरसन'}}}",6277421,49,,2897,"{'start': {'x': 74.4, 'y': 11.1}, 'end': {'x': 32.6, 'y': 0}, 'goal': {'x': 32.6, 'y': 68.1}}",42,2503,197,shot,,13472608
"{'name': 'José Herrera', 'firstName': 'José Herrera', 'slug': 'jose-herrera', 'shortName': 'J. Herrera', 'position': 'F', 'jerseyNumber': '32', 'userCount': 473, 'gender': 'M', 'id': 1179171, 'fieldTranslations': {'nameTranslation': {'ar': 'خوسيه هيريرا'}, 'shortNameTranslation': {'ar': 'خ. هيريرا'}}}",True,block,assisted,"{'x': 14.8, 'y': 70.9, 'z': 0}",left-foot,low-right,"{'x': 0, 'y': 46.9, 'z': 19}","{'x': 12.3, 'y': 67.9, 'z': 0}",0.033364593982697,0.0,"{'name': 'Everson', 'slug': 'everson', 'shortName': 'Everson', 'position': 'G', 'jerseyNumber': '22', 'userCount': 2199, 'gender': 'M', 'id': 870748, 'fieldTranslations': {'nameTranslation': {'ar': 'إيفرسون', 'bn': 'এভারসন', 'hi': 'एवरसन'}, 'shortNameTranslation': {'ar': 'إيفرسون', 'bn': 'এভারসন', 'hi': 'एवरसन'}}}",6277376,48,,2847,"{'start': {'x': 70.9, 'y': 14.8}, 'block': {'x': 67.9, 'y': 12.3}, 'end': {'x': 53.1, 'y': 0}, 'goal': {'x': 53.1, 'y': 81}}",43,2553,147,shot,,13472608
"{'name': 'Bernard', 'slug': 'bernard', 'shortName': 'Bernard', 'position': 'M', 'jerseyNumber': '11', 'userCount': 2377, 'gender': 'M', 'id': 241488, 'fieldTranslations': {'nameTranslation': {'ar': 'برنارد', 'bn': 'বার্নার্ড', 'hi': 'बर्नार्ड'}, 'shortNameTranslation': {'ar': 'برنارد', 'bn': 'বার্নার্ড', 'hi': 'बर्नार्ड'}}}",False,block,assisted,"{'x': 16.4, 'y': 71.1, 'z': 0}",right-foot,low-right,"{'x': 0, 'y': 48, 'z': 19}","{'x': 11.8, 'y': 65.7, 'z': 0}",0.049095693975687,0.0,"{'name': 'Brenno', 'slug': 'brenno', 'shortName': 'Brenno', 'position': 'G', 'jerseyNumber': '12', 'userCount': 502, 'gender': 'M', 'id': 914481, 'fieldTranslations': {'nameTranslation': {'ar': 'برينو', 'bn': 'ব্রেনো', 'hi': 'ब्रेनो'}, 'shortNameTranslation': {'ar': 'ب. برينو', 'bn': 'ব্রেনো', 'hi': 'ब्रेनो'}}}",6277313,45,3.0,2852,"{'start': {'x': 71.1, 'y': 16.4}, 'block': {'x': 65.7, 'y': 11.8}, 'end': {'x': 52, 'y': 0}, 'goal': {'x': 52, 'y': 81}}",1,2548,152,shot,,13472608
"{'name': 'Breno Lopes', 'slug': 'breno-lopes', 'shortName': 'B. Lopes', 'position': 'M', 'jerseyNumber': '26', 'userCount': 1396, 'gender': 'M', 'id': 937552, 'fieldTranslations': {'nameTranslation': {'ar': 'برينو لوبيس'}, 'shortNameTranslation': {'ar': 'ب. لوبيس'}}}",True,miss,assisted,"{'x': 11.6, 'y': 72.2, 'z': 0}",left-foot,high,"{'x': 0, 'y': 50.1, 'z': 77.8}",,0.017969122156501,0.0,"{'name': 'Everson', 'slug': 'everson', 'shortName': 'Everson', 'position': 'G', 'jerseyNumber': '22', 'userCount': 2199, 'gender': 'M', 'id': 870748, 'fieldTranslations': {'nameTranslation': {'ar': 'إيفرسون', 'bn': 'এভারসন', 'hi': 'एवरसन'}, 'shortNameTranslation': {'ar': 'إيفرسون', 'bn': 'এভারসন', 'hi': 'एवरसन'}}}",6277310,45,2.0,2811,"{'start': {'x': 72.2, 'y': 11.6}, 'end': {'x': 49.9, 'y': 0}, 'goal': {'x': 49.9, 'y': 22.2}}",1,2589,111,shot,,13472608
"{'name': 'Tomás Pochettino', 'firstName': '', 'lastName': '', 'slug': 'tomas-pochettino', 'shortName': 'T. Pochettino', 'position': 'M', 'jerseyNumber': '7', 'userCount': 989, 'gender': 'M', 'id': 824626, 'fieldTranslations': {'nameTranslation': {'ar': 'توماس بوتشيتينو', 'bn': 'টমাস পোচেত্তিনো', 'hi': 'टॉमस पोचेतीनो'}, 'shortNameTranslation': {'ar': 'ت. بوتشيتينو', 'bn': 'টি. পোচেত্তিনো', 'hi': 'टी. पोचेतीनो'}}}",True,block,regular,"{'x': 26.6, 'y': 38, 'z': 0}",right-foot,low-left,"{'x': 0, 'y': 52.9, 'z': 19}","{'x': 22.1, 'y': 39.5, 'z': 0}",0.027102023363113,0.0,"{'name': 'Everson', 'slug': 'everson', 'shortName': 'Everson', 'position': 'G', 'jerseyNumber': '22', 'userCount': 2199, 'gender': 'M', 'id': 870748, 'fieldTranslations': {'nameTranslation': {'ar': 'إيفرسون', 'bn': 'এভারসন', 'hi': 'एवरसन'}, 'shortNameTranslation': {'ar': 'إيفرسون', 'bn': 'এভারসন', 'hi': 'एवरसन'}}}",6277311,45,2.0,2801,"{'start': {'x': 38, 'y': 26.6}, 'block': {'x': 39.5, 'y': 22.1}, 'end': {'x': 47.1, 'y': 0}, 'goal': {'x': 47.1, 'y': 81}}",1,2599,101,shot,,13472608
"{'name': 'Ruan', 'slug': 'ruan', 'shortName': 'Ruan', 'position': 'D', 'jerseyNumber': '4', 'userCount': 1233, 'gender': 'M', 'id': 914487, 'fieldTranslations': {'nameTranslation': {'ar': 'روان', 'bn': 'রুয়ান', 'hi': 'रुआन'}, 'shortNameTranslation': {'ar': 'روان', 'bn': 'রুয়ান', 'hi': 'रुआन'}}}",False,save,assisted,"{'x': 10.1, 'y': 60.9, 'z': 0}",right-foot,low-centre,"{'x': 0, 'y': 48.8, 'z': 17.1}","{'x': 3.8, 'y': 53.6, 'z': 0}",0.078969553112984,0.13700354099274,"{'name': 'Brenno', 'slug': 'brenno', 'shortName': 'Brenno', 'position': 'G', 'jerseyNumber': '12', 'userCount': 502, 'gender': 'M', 'id': 914481, 'fieldTranslations': {'nameTranslation': {'ar': 'برينو', 'bn': 'ব্রেনো', 'hi': 'ब्रेनो'}, 'shortNameTranslation': {'ar': 'ب. برينو', 'bn': 'ব্রেনো', 'hi': 'ब्रेनो'}}}",6277298,44,,2610,"{'start': {'x': 60.9, 'y': 10.1}, 'block': {'x': 53.6, 'y': 3.8}, 'end': {'x': 51.2, 'y': 0}, 'goal': {'x': 51.2, 'y': 82.9}}",2,90,2610,shot,,13472608
"{'name': 'Tomás Pochettino', 'firstName': '', 'lastName': '', 'slug': 'tomas-pochettino', 'shortName': 'T. Pochettino', 'position': 'M', 'jerseyNumber': '7', 'userCount': 989, 'gender': 'M', 'id': 824626, 'fieldTranslations': {'nameTranslation': {'ar': 'توماس بوتشيتينو', 'bn': 'টমাস পোচেত্তিনো', 'hi': 'टॉमस पोचेतीनो'}, 'shortNameTranslation': {'ar': 'ت. بوتشيتينو', 'bn': 'টি. পোচেত্তিনো', 'hi': 'टी. पोचेतीनो'}}}",True,goal,assisted,"{'x': 9.7, 'y': 45.8, 'z': 0}",right-foot,low-left,"{'x': 0, 'y': 53.2, 'z': 1.3}",,0.23835948109627,0.70434576272964,"{'name': 'Everson', 'slug': 'everson', 'shortName': 'Everson', 'position': 'G', 'jerseyNumber': '22', 'userCount': 2199, 'gender': 'M', 'id': 870748, 'fieldTranslations': {'nameTranslation': {'ar': 'إيفرسون', 'bn': 'এভারসন', 'hi': 'एवरसन'}, 'shortNameTranslation': {'ar': 'إيفرسون', 'bn': 'এভারসন', 'hi': 'एवरसन'}}}",6277292,41,,2427,"{'start': {'x': 45.8, 'y': 9.7}, 'end': {'x': 46.8, 'y': 0}, 'goal': {'x': 46.8, 'y': 98.7}}",5,273,2427,shot,regular,13472608
"{'name': 'Diogo Barbosa', 'slug': 'diogo-barbosa', 'shortName': 'D. Barbosa', 'position': 'D', 'jerseyNumber': '16', 'userCount': 554, 'gender': 'M', 'id': 243107, 'fieldTranslations': {'nameTranslation': {'ar': 'دييغو باربوسا'}, 'shortNameTranslation': {'ar': 'د. باربوسا'}}}",True,miss,regular,"{'x': 23.1, 'y': 59.9, 'z': 0}",left-foot,left,"{'x': 0, 'y': 66.1, 'z': 37.5}",,0.040427692234516,0.0,"{'name': 'Everson', 'slug': 'everson', 'shortName': 'Everson', 'position': 'G', 'jerseyNumber': '22', 'userCount': 2199, 'gender': 'M', 'id': 870748, 'fieldTranslations': {'nameTranslation': {'ar': 'إيفرسون', 'bn': 'এভারসন', 'hi': 'एवरसन'}, 'shortNameTranslation': {'ar': 'إيفرسون', 'bn': 'এভারসন', 'hi': 'एवरसन'}}}",6277206,38,,2242,"{'start': {'x': 59.9, 'y': 23.1}, 'end': {'x': 33.9, 'y': 0}, 'goal': {'x': 33.9, 'y': 62.5}}",8,458,2242,shot,,13472608
"{'name': 'Adam Bareiro', 'slug': 'adam-bareiro', 'shortName': 'A. Bareiro', 'position': 'F', 'jerseyNumber': '9', 'userCount': 1294, 'gender': 'M', 'id': 871580, 'fieldTranslations': {'nameTranslation': {'ar': 'آدم باريرو', 'bn': 'অ্যাডাম বেরেইরো', 'hi': 'एडम बरेरो'}, 'shortNameTranslation': {'ar': 'آ. باريرو', 'bn': 'এ. বারেইরো', 'hi': 'ए. बरेरो'}}}",True,save,assisted,"{'x': 12.8, 'y': 59.3, 'z': 0}",right-foot,high-centre,"{'x': 0, 'y': 51.6, 'z': 29.7}","{'x': 1.1, 'y': 51.8, 'z': 0}",0.136170566082,0.43757569789886,"{'name': 'Everson', 'slug': 'everson', 'shortName': 'Everson', 'position': 'G', 'jerseyNumber': '22', 'userCount': 2199, 'gender': 'M', 'id': 870748, 'fieldTranslations': {'nameTranslation': {'ar': 'إيفرسون', 'bn': 'এভারসন', 'hi': 'एवरसन'}, 'shortNameTranslation': {'ar': 'إيفرسون', 'bn': 'এভারসন', 'hi': 'एवरसन'}}}",6277197,35,,2074,"{'start': {'x': 59.3, 'y': 12.8}, 'block': {'x': 51.8, 'y': 1.1}, 'end': {'x': 48.4, 'y': 0}, 'goal': {'x': 48.4, 'y': 70.3}}",11,626,2074,shot,,13472608
"{'name': 'Guilherme Arana', 'slug': 'guilherme-arana', 'shortName': 'G. Arana', 'position': 'D', 'jerseyNumber': '13', 'userCount': 4924, 'gender': 'M', 'sofascoreId': 'guiarana', 'id': 1127439, 'fieldTranslations': {'nameTranslation': {'ar': 'غيليرمي أرنا', 'bn': 'গুইলহার্ম আরনা', 'hi': 'गिल्हर्मे अराना'}, 'shortNameTranslation': {'ar': 'غ. أرنا', 'bn': 'জি. আরানা', 'hi': 'जी. अराना'}}}",False,block,assisted,"{'x': 10.5, 'y': 35.8, 'z': 0}",left-foot,low-left,"{'x': 0, 'y': 54, 'z': 19}","{'x': 7.6, 'y': 38.6, 'z': 0}",0.11948071420193,0.0,"{'name': 'Brenno', 'slug': 'brenno', 'shortName': 'Brenno', 'position': 'G', 'jerseyNumber': '12', 'userCount': 502, 'gender': 'M', 'id': 914481, 'fieldTranslations': {'nameTranslation': {'ar': 'برينو', 'bn': 'ব্রেনো', 'hi': 'ब्रेनो'}, 'shortNameTranslation': {'ar': 'ب. برينو', 'bn': 'ব্রেনো', 'hi': 'ब्रेनो'}}}",6277195,32,,1906,"{'start': {'x': 35.8, 'y': 10.5}, 'block': {'x': 38.6, 'y': 7.6}, 'end': {'x': 46, 'y': 0}, 'goal': {'x': 46, 'y': 81}}",14,794,1906,shot,,13472608
"{'name': 'José Herrera', 'firstName': 'José Herrera', 'slug': 'jose-herrera', 'shortName': 'J. Herrera', 'position': 'F', 'jerseyNumber': '32', 'userCount': 473, 'gender': 'M', 'id': 1179171, 'fieldTranslations': {'nameTranslation': {'ar': 'خوسيه هيريرا'}, 'shortNameTranslation': {'ar': 'خ. هيريرا'}}}",True,miss,assisted,"{'x': 23.2, 'y': 72.2, 'z': 0}",left-foot,left,"{'x': 0, 'y': 75.1, 'z': 26.4}","{'x': 21.1, 'y': 62.1, 'z': 0}",0.011397978290915,0.0,"{'name': 'Everson', 'slug': 'everson', 'shortName': 'Everson', 'position': 'G', 'jerseyNumber': '22', 'userCount': 2199, 'gender': 'M', 'id': 870748, 'fieldTranslations': {'nameTranslation': {'ar': 'إيفرسون', 'bn': 'এভারসন', 'hi': 'एवरसन'}, 'shortNameTranslation': {'ar': 'إيفرسون', 'bn': 'এভারসন', 'hi': 'एवरसन'}}}",6276960,29,,1717,"{'start': {'x': 72.2, 'y': 23.2}, 'block': {'x': 62.1, 'y': 21.1}, 'end': {'x': 24.9, 'y': 0}, 'goal': {'x': 24.9, 'y': 73.6}}",17,983,1717,shot,,13472608
"{'name': 'Guilherme Arana', 'slug': 'guilherme-arana', 'shortName': 'G. Arana', 'position': 'D', 'jerseyNumber': '13', 'userCount': 4924, 'gender': 'M', 'sofascoreId': 'guiarana', 'id': 1127439, 'fieldTranslations': {'nameTranslation': {'ar': 'غيليرمي أرنا', 'bn': 'গুইলহার্ম আরনা', 'hi': 'गिल्हर्मे अराना'}, 'shortNameTranslation': {'ar': 'غ. أرنا', 'bn': 'জি. আরানা', 'hi': 'जी. अराना'}}}",False,save,assisted,"{'x': 21, 'y': 28.4, 'z': 0}",left-foot,high-centre,"{'x': 0, 'y': 50.6, 'z': 27.8}","{'x': 0.90000000000001, 'y': 46, 'z': 0}",0.052364856004715,0.068334832787514,"{'name': 'Brenno', 'slug': 'brenno', 'shortName': 'Brenno', 'position': 'G', 'jerseyNumber': '12', 'userCount': 502, 'gender': 'M', 'id': 914481, 'fieldTranslations': {'nameTranslation': {'ar': 'برينو', 'bn': 'ব্রেনো', 'hi': 'ब्रेनो'}, 'shortNameTranslation': {'ar': 'ب. برينو', 'bn': 'ব্রেনো', 'hi': 'ब्रेनो'}}}",6276768,22,,1317,"{'start': {'x': 28.4, 'y': 21}, 'block': {'x': 46, 'y': 0.90000000000001}, 'end': {'x': 49.4, 'y': 0}, 'goal': {'x': 49.4, 'y': 72.2}}",24,1383,1317,shot,,13472608
"{'name': 'Gastón Ávila', 'slug': 'gaston-avila', 'shortName': 'G. Ávila', 'position': 'D', 'jerseyNumber': '13', 'userCount': 1200, 'gender': 'M', 'id': 975526, 'fieldTranslations': {'nameTranslation': {'ar': 'غاستون أفيلّا', 'bn': 'গ্যাস্টন আভিলা', 'hi': 'गैस्टन एविला'}, 'shortNameTranslation': {'ar': 'غ. أفيلّا', 'bn': 'জি. আভিলা', 'hi': 'जी. एविला'}}}",True,miss,corner,"{'x': 4.7, 'y': 51.4, 'z': 0}",head,left,"{'x': 0, 'y': 79.2, 'z': 8.3}","{'x': 4.1, 'y': 49.1, 'z': 0}",0.2019744515419,0.0,"{'name': 'Everson', 'slug': 'everson', 'shortName': 'Everson', 'position': 'G', 'jerseyNumber': '22', 'userCount': 2199, 'gender': 'M', 'id': 870748, 'fieldTranslations': {'nameTranslation': {'ar': 'إيفرسون', 'bn': 'এভারসন', 'hi': 'एवरसन'}, 'shortNameTranslation': {'ar': 'إيفرسون', 'bn': 'এভারসন', 'hi': 'एवरसन'}}}",6276699,8,,438,"{'start': {'x': 51.4, 'y': 4.7}, 'block': {'x': 49.1, 'y': 4.1}, 'end': {'x': 20.8, 'y': 0}, 'goal': {'x': 20.8, 'y': 91.7}}",38,2262,438,shot,,13472608
"{'name': 'Breno Lopes', 'slug': 'breno-lopes', 'shortName': 'B. Lopes', 'position': 'M', 'jerseyNumber': '26', 'userCount': 1396, 'gender': 'M', 'id': 937552, 'fieldTranslations': {'nameTranslation': {'ar': 'برينو لوبيس'}, 'shortNameTranslation': {'ar': 'ب. لوبيس'}}}",True,post,regular,"{'x': 1.6, 'y': 57.6, 'z': 0}",left-foot,right,"{'x': 0, 'y': 44.4, 'z': 6.3}",,0.14097921550274,0.0,"{'name': 'Everson', 'slug': 'everson', 'shortName': 'Everson', 'position': 'G', 'jerseyNumber': '22', 'userCount': 2199, 'gender': 'M', 'id': 870748, 'fieldTranslations': {'nameTranslation': {'ar': 'إيفرسون', 'bn': 'এভারসন', 'hi': 'एवरसन'}, 'shortNameTranslation': {'ar': 'إيفرسون', 'bn': 'এভারসন', 'hi': 'एवरसन'}}}",6276693,7,,403,"{'start': {'x': 57.6, 'y': 1.6}, 'end': {'x': 55.6, 'y': 0}, 'goal': {'x': 55.6, 'y': 93.7}}",39,2297,403,shot,,13472608
"{'name': 'Breno Lopes', 'slug': 'breno-lopes', 'shortName': 'B. Lopes', 'position': 'M', 'jerseyNumber': '26', 'userCount': 1396, 'gender': 'M', 'id': 937552, 'fieldTranslations': {'nameTranslation': {'ar': 'برينو لوبيس'}, 'shortNameTranslation': {'ar': 'ب. لوبيس'}}}",True,save,assisted,"{'x': 4.5, 'y': 58.1, 'z': 0}",right-foot,low-right,"{'x': 0, 'y': 46.9, 'z': 6.3}","{'x': 3.1, 'y': 56.5, 'z': 0}",0.15652960538864,0.26484593749046,"{'name': 'Everson', 'slug': 'everson', 'shortName': 'Everson', 'position': 'G', 'jerseyNumber': '22', 'userCount': 2199, 'gender': 'M', 'id': 870748, 'fieldTranslations': {'nameTranslation': {'ar': 'إيفرسون', 'bn': 'এভারসন', 'hi': 'एवरसन'}, 'shortNameTranslation': {'ar': 'إيفرسون', 'bn': 'এভারসন', 'hi': 'एवरसन'}}}",6276508,7,,401,"{'start': {'x': 58.1, 'y': 4.5}, 'block': {'x': 56.5, 'y': 3.1}, 'end': {'x': 53.1, 'y': 0}, 'goal': {'x': 53.1, 'y': 93.7}}",39,2299,401,shot,,13472608
"{'name': 'Tchê Tchê', 'slug': 'tche-tche', 'shortName': 'Tchê Tchê', 'position': 'M', 'jerseyNumber': '3', 'userCount': 2493, 'gender': 'M', 'id': 840398, 'fieldTranslations': {'nameTranslation': {'ar': 'تشي تشي', 'bn': 'ছে ছে', 'hi': 'त्चे त्चे'}, 'shortNameTranslation': {'ar': 'تشي تشي', 'bn': 'ছে ছে', 'hi': 'त्चे त्चे'}}}",True,miss,assisted,"{'x': 20, 'y': 30.4, 'z': 0}",right-foot,close-high,"{'x': 0, 'y': 50.8, 'z': 54.2}",,0.02449294552207,0.0,"{'name': 'Walter', 'slug': 'walter', 'shortName': 'Walter', 'position': 'G', 'jerseyNumber': '22', 'userCount': 771, 'gender': 'M', 'id': 329055, 'fieldTranslations': {'nameTranslation': {'ar': 'والتر'}, 'shortNameTranslation': {'ar': 'والتر'}}}",6288355,90,6.0,5713,"{'start': {'x': 30.4, 'y': 20}, 'end': {'x': 49.2, 'y': 0}, 'goal': {'x': 49.2, 'y': 45.8}}",1,587,313,shot,,13472621
"{'name': 'Carlos Cuesta', 'slug': 'carlos-cuesta', 'shortName': 'C. Cuesta', 'position': 'D', 'jerseyNumber': '46', 'userCount': 4426, 'gender': 'M', 'id': 839095, 'fieldTranslations': {'nameTranslation': {'ar': 'كارلوس كوستا', 'bn': 'কার্লোস কুয়েস্তা', 'hi': 'कार्लोस क्यूस्टा'}, 'shortNameTranslation': {'ar': 'ك. كوستا', 'bn': 'সি. কুয়েস্তা', 'hi': 'सी. क्यूस्टा'}}}",True,block,set-piece,"{'x': 7.3, 'y': 47, 'z': 0}",head,low-centre,"{'x': 0, 'y': 50.5, 'z': 19}","{'x': 5.9, 'y': 47.5, 'z': 0}",0.11050414294004,0.0,"{'name': 'Walter', 'slug': 'walter', 'shortName': 'Walter', 'position': 'G', 'jerseyNumber': '22', 'userCount': 771, 'gender': 'M', 'id': 329055, 'fieldTranslations': {'nameTranslation': {'ar': 'والتر'}, 'shortNameTranslation': {'ar': 'والتر'}}}",6288358,90,5.0,5649,"{'start': {'x': 47, 'y': 7.3}, 'block': {'x': 47.5, 'y': 5.9}, 'end': {'x': 49.5, 'y': 0}, 'goal': {'x': 49.5, 'y': 81}}",1,651,249,shot,,13472621
"{'name': 'Carlos Eduardo', 'firstName': '', 'lastName': '', 'slug': 'carlos-eduardo', 'shortName': 'Carlos Eduardo', 'position': 'F', 'jerseyNumber': '96', 'userCount': 357, 'gender': 'M', 'id': 795295, 'fieldTranslations': {'nameTranslation': {'ar': 'كارلوس إدواردو'}, 'shortNameTranslation': {'ar': 'ك. إدواردو'}}}",False,goal,fast-break,"{'x': 12.4, 'y': 51.9, 'z': 0}",left-foot,low-centre,"{'x': 0, 'y': 48.6, 'z': 2.5}",,0.72015631198883,0.99161046743393,"{'name': 'Léo Jardim', 'slug': 'leo-jardim', 'shortName': 'L. Jardim', 'position': 'G', 'jerseyNumber': '1', 'userCount': 5913, 'gender': 'M', 'sofascoreId': 'leocjardim', 'id': 595598, 'fieldTranslations': {'nameTranslation': {'ar': 'ليو جارديم', 'bn': 'লিও জার্দিম', 'hi': 'लियो जार्डिम'}, 'shortNameTranslation': {'ar': 'ل. جارديم', 'bn': 'এল. জার্দিম', 'hi': 'एल. जार्डिम'}}}",6288353,90,2.0,5517,"{'start': {'x': 51.9, 'y': 12.4}, 'end': {'x': 51.4, 'y': 0}, 'goal': {'x': 51.4, 'y': 97.5}}",1,783,117,shot,regular,13472621
"{'name': 'David', 'firstName': '', 'lastName': '', 'slug': 'david', 'shortName': 'David', 'position': 'M', 'jerseyNumber': '7', 'userCount': 2166, 'gender': 'M', 'id': 840291, 'fieldTranslations': {'nameTranslation': {'ar': 'دافيد'}, 'shortNameTranslation': {'ar': 'دافيد'}}}",True,miss,assisted,"{'x': 8.8, 'y': 46.2, 'z': 0}",head,close-right,"{'x': 0, 'y': 43.9, 'z': 12.5}",,0.1267314851284,0.0,"{'name': 'Walter', 'slug': 'walter', 'shortName': 'Walter', 'position': 'G', 'jerseyNumber': '22', 'userCount': 771, 'gender': 'M', 'id': 329055, 'fieldTranslations': {'nameTranslation': {'ar': 'والتر'}, 'shortNameTranslation': {'ar': 'والتر'}}}",6288351,88,,5242,"{'start': {'x': 46.2, 'y': 8.8}, 'end': {'x': 56.1, 'y': 0}, 'goal': {'x': 56.1, 'y': 87.5}}",3,158,2542,shot,,13472621
"{'name': 'Philippe Coutinho', 'slug': 'philippe-coutinho', 'shortName': 'P. Coutinho', 'position': 'M', 'userCount': 68505, 'gender': 'M', 'sofascoreId': 'Coutinho', 'id': 119159, 'fieldTranslations': {'nameTranslation': {'ar': 'فيليب كوتينيو', 'bn': 'ফিলিপে কৌতিনহো', 'hi': 'फिलिप कूटिन्हो'}, 'shortNameTranslation': {'ar': 'ف. كوتينيو', 'bn': 'পি. কৌতিনহো', 'hi': 'पी. कूटिन्हो'}}}",True,block,regular,"{'x': 15.6, 'y': 54.6, 'z': 0}",right-foot,low-left,"{'x': 0, 'y': 52.1, 'z': 19}","{'x': 13.7, 'y': 53.8, 'z': 0}",0.05487622320652,0.0,"{'name': 'Walter', 'slug': 'walter', 'shortName': 'Walter', 'position': 'G', 'jerseyNumber': '22', 'userCount': 771, 'gender': 'M', 'id': 329055, 'fieldTranslations': {'nameTranslation': {'ar': 'والتر'}, 'shortNameTranslation': {'ar': 'والتر'}}}",6288329,73,,4355,"{'start': {'x': 54.6, 'y': 15.6}, 'block': {'x': 53.8, 'y': 13.7}, 'end': {'x': 47.9, 'y': 0}, 'goal': {'x': 47.9, 'y': 81}}",18,1045,1655,shot,,13472621
"{'name': 'Philippe Coutinho', 'slug': 'philippe-coutinho', 'shortName': 'P. Coutinho', 'position': 'M', 'userCount': 68505, 'gender': 'M', 'sofascoreId': 'Coutinho', 'id': 119159, 'fieldTranslations': {'nameTranslation': {'ar': 'فيليب كوتينيو', 'bn': 'ফিলিপে কৌতিনহো', 'hi': 'फिलिप कूटिन्हो'}, 'shortNameTranslation': {'ar': 'ف. كوتينيو', 'bn': 'পি. কৌতিনহো', 'hi': 'पी. कूटिन्हो'}}}",True,block,assisted,"{'x': 18.1, 'y': 45.7, 'z': 0}",right-foot,low-left,"{'x': 0, 'y': 53.5, 'z': 19}","{'x': 14.9, 'y': 45.8, 'z': 0}",0.079918473958969,0.0,"{'name': 'Walter', 'slug': 'walter', 'shortName': 'Walter', 'position': 'G', 'jerseyNumber': '22', 'userCount': 771, 'gender': 'M', 'id': 329055, 'fieldTranslations': {'nameTranslation': {'ar': 'والتر'}, 'shortNameTranslation': {'ar': 'والتر'}}}",6288330,73,,4352,"{'start': {'x': 45.7, 'y': 18.1}, 'block': {'x': 45.8, 'y': 14.9}, 'end': {'x': 46.5, 'y': 0}, 'goal': {'x': 46.5, 'y': 81}}",18,1048,1652,shot,,13472621
"{'name': 'Renato Marques', 'firstName': 'Renato Marques', 'lastName': '', 'slug': 'marques-renato', 'shortName': 'Renato Marques', 'position': 'F', 'jerseyNumber': '78', 'userCount': 301, 'gender': 'M', 'id': 1194689, 'fieldTranslations': {'nameTranslation': {'ar': 'Marques de Oliveira Junior, Renato'}, 'shortNameTranslation': {'ar': 'R. M. d. O. Junior'}}}",False,goal,assisted,"{'x': 12.6, 'y': 44.9, 'z': 0}",left-foot,low-right,"{'x': 0, 'y': 46, 'z': 3.2}",,0.24263052642345,0.85267055034637,"{'name': 'Léo Jardim', 'slug': 'leo-jardim', 'shortName': 'L. Jardim', 'position': 'G', 'jerseyNumber': '1', 'userCount': 5913, 'gender': 'M', 'sofascoreId': 'leocjardim', 'id': 595598, 'fieldTranslations': {'nameTranslation': {'ar': 'ليو جارديم', 'bn': 'লিও জার্দিম', 'hi': 'लियो जार्डिम'}, 'shortNameTranslation': {'ar': 'ل. جارديم', 'bn': 'এল. জার্দিম', 'hi': 'एल. जार्डिम'}}}",6288328,70,,4179,"{'start': {'x': 44.9, 'y': 12.6}, 'end': {'x': 54, 'y': 0}, 'goal': {'x': 54, 'y': 96.8}}",21,1221,1479,shot,regular,13472621
"{'name': 'Cauan Barros', 'firstName': '', 'lastName': '', 'slug': 'barros-cauan', 'shortName': 'C. Barros', 'position': 'M', 'jerseyNumber': '88', 'userCount': 2269, 'gender': 'M', 'id': 1444694, 'fieldTranslations': {'nameTranslation': {'ar': 'باروس، كوان'}, 'shortNameTranslation': {'ar': 'ك. باروس'}}}",True,miss,set-piece,"{'x': 9.1, 'y': 47, 'z': 0}",head,high,"{'x': 0, 'y': 50.6, 'z': 86.1}",,0.062967345118523,0.0,"{'name': 'Walter', 'slug': 'walter', 'shortName': 'Walter', 'position': 'G', 'jerseyNumber': '22', 'userCount': 771, 'gender': 'M', 'id': 329055, 'fieldTranslations': {'nameTranslation': {'ar': 'والتر'}, 'shortNameTranslation': {'ar': 'والتر'}}}",6288325,61,,3634,"{'start': {'x': 47, 'y': 9.1}, 'end': {'x': 49.4, 'y': 0}, 'goal': {'x': 49.4, 'y': 13.9}}",30,1766,934,shot,,13472621
"{'name': 'Cauan Barros', 'firstName': '', 'lastName': '', 'slug': 'barros-cauan', 'shortName': 'C. Barros', 'position': 'M', 'jerseyNumber': '88', 'userCount': 2269, 'gender': 'M', 'id': 1444694, 'fieldTranslations': {'nameTranslation': {'ar': 'باروس، كوان'}, 'shortNameTranslation': {'ar': 'ك. باروس'}}}",True,save,corner,"{'x': 7.7, 'y': 67, 'z': 0}",head,low-right,"{'x': 0, 'y': 47.6, 'z': 9.5}","{'x': 1.4, 'y': 53.1, 'z': 0}",0.0079045947641134,0.037229266017675,"{'name': 'Walter', 'slug': 'walter', 'shortName': 'Walter', 'position': 'G', 'jerseyNumber': '22', 'userCount': 771, 'gender': 'M', 'id': 329055, 'fieldTranslations': {'nameTranslation': {'ar': 'والتر'}, 'shortNameTranslation': {'ar': 'والتر'}}}",6288321,56,,3313,"{'start': {'x': 67, 'y': 7.7}, 'block': {'x': 53.1, 'y': 1.4}, 'end': {'x': 52.4, 'y': 0}, 'goal': {'x': 52.4, 'y': 90.5}}",35,2087,613,shot,,13472621
"{'name': 'Paulo Henrique', 'slug': 'paulo-henrique', 'shortName': 'P. Henrique', 'position': 'D', 'jerseyNumber': '96', 'userCount': 6654, 'gender': 'M', 'id': 1021721, 'fieldTranslations': {'nameTranslation': {'ar': 'باولو هنريك', 'bn': 'পাওলো হেনরিক', 'hi': 'पाउलो हेनरिक'}, 'shortNameTranslation': {'ar': 'ب. هنريك', 'bn': 'পি. হেনরিক', 'hi': 'पी. हेनरिक'}}}",True,save,assisted,"{'x': 14.1, 'y': 73, 'z': 0}",right-foot,high-centre,"{'x': 0, 'y': 48.5, 'z': 31.6}","{'x': 2.4, 'y': 54.9, 'z': 0}",0.046104226261377,0.079595498740673,"{'name': 'Walter', 'slug': 'walter', 'shortName': 'Walter', 'position': 'G', 'jerseyNumber': '22', 'userCount': 771, 'gender': 'M', 'id': 329055, 'fieldTranslations': {'nameTranslation': {'ar': 'والتر'}, 'shortNameTranslation': {'ar': 'والتر'}}}",6288320,55,,3262,"{'start': {'x': 73, 'y': 14.1}, 'block': {'x': 54.9, 'y': 2.4}, 'end': {'x': 51.5, 'y': 0}, 'goal': {'x': 51.5, 'y': 68.4}}",36,2138,562,shot,,13472621
"{'name': 'Philippe Coutinho', 'slug': 'philippe-coutinho', 'shortName': 'P. Coutinho', 'position': 'M', 'userCount': 68505, 'gender': 'M', 'sofascoreId': 'Coutinho', 'id': 119159, 'fieldTranslations': {'nameTranslation': {'ar': 'فيليب كوتينيو', 'bn': 'ফিলিপে কৌতিনহো', 'hi': 'फिलिप कूटिन्हो'}, 'shortNameTranslation': {'ar': 'ف. كوتينيو', 'bn': 'পি. কৌতিনহো', 'hi': 'पी. कूटिन्हो'}}}",True,save,assisted,"{'x': 24.4, 'y': 30.7, 'z': 0}",right-foot,high-centre,"{'x': 0, 'y': 49.7, 'z': 31}","{'x': 1.2, 'y': 48.4, 'z': 0}",0.024257242679596,0.035821080207825,"{'name': 'Walter', 'slug': 'walter', 'shortName': 'Walter', 'position': 'G', 'jerseyNumber': '22', 'userCount': 771, 'gender': 'M', 'id': 329055, 'fieldTranslations': {'nameTranslation': {'ar': 'والتر'}, 'shortNameTranslation': {'ar': 'والتر'}}}",6288319,51,,3030,"{'start': {'x': 30.7, 'y': 24.4}, 'block': {'x': 48.4, 'y': 1.2}, 'end': {'x': 50.3, 'y': 0}, 'goal': {'x': 50.3, 'y': 69}}",40,2370,330,shot,,13472621
"{'name': 'Andrés Gómez', 'slug': 'andres-gomez', 'shortName': 'A. Gómez', 'position': 'M', 'jerseyNumber': '11', 'userCount': 4215, 'gender': 'M', 'id': 1160386, 'fieldTranslations': {'nameTranslation': {'ar': 'أندريس غوميز', 'bn': 'আন্দ্রেস গোমেজ', 'hi': 'एन्ड्रेस गोमेज़'}, 'shortNameTranslation': {'ar': 'أ. غوميز', 'bn': 'এ. গোমেজ', 'hi': 'ए. गोमेज़'}}}",True,save,assisted,"{'x': 15.3, 'y': 26.8, 'z': 0}",right-foot,low-centre,"{'x': 0, 'y': 50.6, 'z': 2.5}","{'x': 0.3, 'y': 48.4, 'z': 0}",0.026661401614547,0.015083802863955,"{'name': 'Walter', 'slug': 'walter', 'shortName': 'Walter', 'position': 'G', 'jerseyNumber': '22', 'userCount': 771, 'gender': 'M', 'id': 329055, 'fieldTranslations': {'nameTranslation': {'ar': 'والتر'}, 'shortNameTranslation': {'ar': 'والتر'}}}",6288315,47,,2761,"{'start': {'x': 26.8, 'y': 15.3}, 'block': {'x': 48.4, 'y': 0.3}, 'end': {'x': 49.4, 'y': 0}, 'goal': {'x': 49.4, 'y': 97.5}}",44,2639,61,shot,,13472621
"{'name': 'Renato Marques', 'firstName': 'Renato Marques', 'lastName': '', 'slug': 'marques-renato', 'shortName': 'Renato Marques', 'position': 'F', 'jerseyNumber': '78', 'userCount': 301, 'gender': 'M', 'id': 1194689, 'fieldTranslations': {'nameTranslation': {'ar': 'Marques de Oliveira Junior, Renato'}, 'shortNameTranslation': {'ar': 'R. M. d. O. Junior'}}}",False,miss,regular,"{'x': 28.2, 'y': 54.4, 'z': 0}",right-foot,left,"{'x': 0, 'y': 64.5, 'z': 12.5}",,0.025440433993936,0.0,"{'name': 'Léo Jardim', 'slug': 'leo-jardim', 'shortName': 'L. Jardim', 'position': 'G', 'jerseyNumber': '1', 'userCount': 5913, 'gender': 'M', 'sofascoreId': 'leocjardim', 'id': 595598, 'fieldTranslations': {'nameTranslation': {'ar': 'ليو جارديم', 'bn': 'লিও জার্দিম', 'hi': 'लियो जार्डिम'}, 'shortNameTranslation': {'ar': 'ل. جارديم', 'bn': 'এল. জার্দিম', 'hi': 'एल. जार्डिम'}}}",6288298,45,5.0,2975,"{'start': {'x': 54.4, 'y': 28.2}, 'end': {'x': 35.5, 'y': 0}, 'goal': {'x': 35.5, 'y': 87.5}}",1,2425,275,shot,,13472621
"{'name': 'Philippe Coutinho', 'slug': 'philippe-coutinho', 'shortName': 'P. Coutinho', 'position': 'M', 'userCount': 68505, 'gender': 'M', 'sofascoreId': 'Coutinho', 'id': 119159, 'fieldTranslations': {'nameTranslation': {'ar': 'فيليب كوتينيو', 'bn': 'ফিলিপে কৌতিনহো', 'hi': 'फिलिप कूटिन्हो'}, 'shortNameTranslation': {'ar': 'ف. كوتينيو', 'bn': 'পি. কৌতিনহো', 'hi': 'पी. कूटिन्हो'}}}",True,block,assisted,"{'x': 20.1, 'y': 45.5, 'z': 0}",right-foot,low-centre,"{'x': 0, 'y': 50.7, 'z': 19}","{'x': 17.3, 'y': 46, 'z': 0}",0.035011015832424,0.0,"{'name': 'Walter', 'slug': 'walter', 'shortName': 'Walter', 'position': 'G', 'jerseyNumber': '22', 'userCount': 771, 'gender': 'M', 'id': 329055, 'fieldTranslations': {'nameTranslation': {'ar': 'والتر'}, 'shortNameTranslation': {'ar': 'والتر'}}}",6288270,45,1.0,2737,"{'start': {'x': 45.5, 'y': 20.1}, 'block': {'x': 46, 'y': 17.3}, 'end': {'x': 49.3, 'y': 0}, 'goal': {'x': 49.3, 'y': 81}}",1,2663,37,shot,,13472621
"{'name': 'Renato Marques', 'firstName': 'Renato Marques', 'lastName': '', 'slug': 'marques-renato', 'shortName': 'Renato Marques', 'position': 'F', 'jerseyNumber': '78', 'userCount': 301, 'gender': 'M', 'id': 1194689, 'fieldTranslations': {'nameTranslation': {'ar': 'Marques de Oliveira Junior, Renato'}, 'shortNameTranslation': {'ar': 'R. M. d. O. Junior'}}}",False,save,assisted,"{'x': 24.1, 'y': 42.7, 'z': 0}",right-foot,low-centre,"{'x': 0, 'y': 50.5, 'z': 5.7}","{'x': 1.4, 'y': 50, 'z': 0}",0.027268461883068,0.012408437207341,"{'name': 'Léo Jardim', 'slug': 'leo-jardim', 'shortName': 'L. Jardim', 'position': 'G', 'jerseyNumber': '1', 'userCount': 5913, 'gender': 'M', 'sofascoreId': 'leocjardim', 'id': 595598, 'fieldTranslations': {'nameTranslation': {'ar': 'ليو جارديم', 'bn': 'লিও জার্দিম', 'hi': 'लियो जार्डिम'}, 'shortNameTranslation': {'ar': 'ل. جارديم', 'bn': 'এল. জার্দিম', 'hi': 'एल. जार्डिम'}}}",6288269,41,,2447,"{'start': {'x': 42.7, 'y': 24.1}, 'block': {'x': 50, 'y': 1.4}, 'end': {'x': 49.5, 'y': 0}, 'goal': {'x': 49.5, 'y': 94.3}}",5,253,2447,shot,,13472621
"{'name': 'Danielzinho', 'slug': 'danielzinho', 'shortName': 'Danielzinho', 'position': 'M', 'jerseyNumber': '94', 'userCount': 1194, 'gender': 'M', 'id': 356514, 'fieldTranslations': {'nameTranslation': {'ar': 'دانييلزينيو'}, 'shortNameTranslation': {'ar': 'دانييلزينيو'}}}",False,block,regular,"{'x': 25.6, 'y': 43.2, 'z': 0}",right-foot,low-centre,"{'x': 0, 'y': 50.6, 'z': 19}","{'x': 23.7, 'y': 43.7, 'z': 0}",0.015690617263317,0.0,"{'name': 'Léo Jardim', 'slug': 'leo-jardim', 'shortName': 'L. Jardim', 'position': 'G', 'jerseyNumber': '1', 'userCount': 5913, 'gender': 'M', 'sofascoreId': 'leocjardim', 'id': 595598, 'fieldTranslations': {'nameTranslation': {'ar': 'ليو جارديم', 'bn': 'লিও জার্দিম', 'hi': 'लियो जार्डिम'}, 'shortNameTranslation': {'ar': 'ل. جارديم', 'bn': 'এল. জার্দিম', 'hi': 'एल. जार्डिम'}}}",6288265,36,,2158,"{'start': {'x': 43.2, 'y': 25.6}, 'block': {'x': 43.7, 'y': 23.7}, 'end': {'x': 49.4, 'y': 0}, 'goal': {'x': 49.4, 'y': 81}}",10,542,2158,shot,,13472621
"{'name': 'Renato Marques', 'firstName': 'Renato Marques', 'lastName': '', 'slug': 'marques-renato', 'shortName': 'Renato Marques', 'position': 'F', 'jerseyNumber': '78', 'userCount': 301, 'gender': 'M', 'id': 1194689, 'fieldTranslations': {'nameTranslation': {'ar': 'Marques de Oliveira Junior, Renato'}, 'shortNameTranslation': {'ar': 'R. M. d. O. Junior'}}}",False,save,regular,"{'x': 14.5, 'y': 56.4, 'z': 0}",right-foot,high-right,"{'x': 0, 'y': 46, 'z': 29.7}","{'x': 1.2, 'y': 50.5, 'z': 0}",0.075015060603619,0.68043422698975,"{'name': 'Léo Jardim', 'slug': 'leo-jardim', 'shortName': 'L. Jardim', 'position': 'G', 'jerseyNumber': '1', 'userCount': 5913, 'gender': 'M', 'sofascoreId': 'leocjardim', 'id': 595598, 'fieldTranslations': {'nameTranslation': {'ar': 'ليو جارديم', 'bn': 'লিও জার্দিম', 'hi': 'लियो जार्डिम'}, 'shortNameTranslation': {'ar': 'ل. جارديم', 'bn': 'এল. জার্দিম', 'hi': 'एल. जार्डिम'}}}",6288262,33,,1955,"{'start': {'x': 56.4, 'y': 14.5}, 'block': {'x': 50.5, 'y': 1.2}, 'end': {'x': 54, 'y': 0}, 'goal': {'x': 54, 'y': 70.3}}",13,745,1955,shot,,13472621
"{'name': 'Alesson', 'firstName': '', 'lastName': '', 'slug': 'alesson', 'shortName': 'Alesson', 'position': 'F', 'jerseyNumber': '77', 'userCount': 441, 'gender': 'M', 'id': 871015, 'fieldTranslations': {'nameTranslation': {'ar': 'أليسون'}, 'shortNameTranslation': {'ar': 'أليسون'}}}",False,block,assisted,"{'x': 18.9, 'y': 36, 'z': 0}",right-foot,low-centre,"{'x': 0, 'y': 49.7, 'z': 19}","{'x': 9.9, 'y': 42.8, 'z': 0}",0.049771722406149,0.0,"{'name': 'Léo Jardim', 'slug': 'leo-jardim', 'shortName': 'L. Jardim', 'position': 'G', 'jerseyNumber': '1', 'userCount': 5913, 'gender': 'M', 'sofascoreId': 'leocjardim', 'id': 595598, 'fieldTranslations': {'nameTranslation': {'ar': 'ليو جارديم', 'bn': 'লিও জার্দিম', 'hi': 'लियो जार्डिम'}, 'shortNameTranslation': {'ar': 'ل. جارديم', 'bn': 'এল. জার্দিম', 'hi': 'एल. जार्डिम'}}}",6288263,33,,1943,"{'start': {'x': 36, 'y': 18.9}, 'block': {'x': 42.8, 'y': 9.9}, 'end': {'x': 50.3, 'y': 0}, 'goal': {'x': 50.3, 'y': 81}}",13,757,1943,shot,,13472621
"{'name': 'Andrés Gómez', 'slug': 'andres-gomez', 'shortName': 'A. Gómez', 'position': 'M', 'jerseyNumber': '11', 'userCount': 4215, 'gender': 'M', 'id': 1160386, 'fieldTranslations': {'nameTranslation': {'ar': 'أندريس غوميز', 'bn': 'আন্দ্রেস গোমেজ', 'hi': 'एन्ड्रेस गोमेज़'}, 'shortNameTranslation': {'ar': 'أ. غوميز', 'bn': 'এ. গোমেজ', 'hi': 'ए. गोमेज़'}}}",True,miss,corner,"{'x': 26.8, 'y': 47.6, 'z': 0}",left-foot,right,"{'x': 0, 'y': 35.6, 'z': 6.9}","{'x': 19, 'y': 52, 'z': 0}",0.016746925190091,0.0,"{'name': 'Walter', 'slug': 'walter', 'shortName': 'Walter', 'position': 'G', 'jerseyNumber': '22', 'userCount': 771, 'gender': 'M', 'id': 329055, 'fieldTranslations': {'nameTranslation': {'ar': 'والتر'}, 'shortNameTranslation': {'ar': 'والتر'}}}",6288253,23,,1353,"{'start': {'x': 47.6, 'y': 26.8}, 'block': {'x': 52, 'y': 19}, 'end': {'x': 64.4, 'y': 0}, 'goal': {'x': 64.4, 'y': 93.1}}",23,1347,1353,shot,,13472621
"{'name': 'Robert Renan', 'firstName': 'Robert Renan', 'slug': 'robert-renan', 'shortName': 'R. Renan', 'position': 'D', 'jerseyNumber': '30', 'userCount': 3215, 'gender': 'M', 'id': 1191278, 'fieldTranslations': {'nameTranslation': {'ar': 'روبرت رينان', 'bn': 'রবার্ট রেনান', 'hi': 'रॉबर्ट रेनन'}, 'shortNameTranslation': {'ar': 'ر. رينان', 'bn': 'রবার্ট রেনান', 'hi': 'रॉबर्ट रेनन'}}}",True,block,assisted,"{'x': 25.6, 'y': 46.4, 'z': 0}",left-foot,low-centre,"{'x': 0, 'y': 49.3, 'z': 19}","{'x': 12.8, 'y': 48.6, 'z': 0}",0.027328073978424,0.0,"{'name': 'Walter', 'slug': 'walter', 'shortName': 'Walter', 'position': 'G', 'jerseyNumber': '22', 'userCount': 771, 'gender': 'M', 'id': 329055, 'fieldTranslations': {'nameTranslation': {'ar': 'والتر'}, 'shortNameTranslation': {'ar': 'والتر'}}}",6288252,22,,1286,"{'start': {'x': 46.4, 'y': 25.6}, 'block': {'x': 48.6, 'y': 12.8}, 'end': {'x': 50.7, 'y': 0}, 'goal': {'x': 50.7, 'y': 81}}",24,1414,1286,shot,,13472621
"{'name': 'Rayan', 'firstName': 'Rayan', 'slug': 'rayan', 'shortName': 'Rayan', 'position': 'M', 'jerseyNumber': '37', 'userCount': 32026, 'gender': 'M', 'id': 1464966, 'fieldTranslations': {'nameTranslation': {'ar': 'ريان', 'bn': 'রায়ান', 'hi': 'रायन'}, 'shortNameTranslation': {'ar': 'ريان', 'bn': 'রায়ান', 'hi': 'रायन'}}}",True,save,regular,"{'x': 24.3, 'y': 59.9, 'z': 0}",left-foot,low-right,"{'x': 0, 'y': 46, 'z': 4.4}","{'x': 1.8, 'y': 51.6, 'z': 0}",0.018940268084407,0.10075800120831,"{'name': 'Walter', 'slug': 'walter', 'shortName': 'Walter', 'position': 'G', 'jerseyNumber': '22', 'userCount': 771, 'gender': 'M', 'id': 329055, 'fieldTranslations': {'nameTranslation': {'ar': 'والتر'}, 'shortNameTranslation': {'ar': 'والتر'}}}",6288217,16,,930,"{'start': {'x': 59.9, 'y': 24.3}, 'block': {'x': 51.6, 'y': 1.8}, 'end': {'x': 54, 'y': 0}, 'goal': {'x': 54, 'y': 95.6}}",30,1770,930,shot,,13472621
"{'name': 'Renato Marques', 'firstName': 'Renato Marques', 'lastName': '', 'slug': 'marques-renato', 'shortName': 'Renato Marques', 'position': 'F', 'jerseyNumber': '78', 'userCount': 301, 'gender': 'M', 'id': 1194689, 'fieldTranslations': {'nameTranslation': {'ar': 'Marques de Oliveira Junior, Renato'}, 'shortNameTranslation': {'ar': 'R. M. d. O. Junior'}}}",False,block,assisted,"{'x': 18.9, 'y': 49.7, 'z': 0}",right-foot,low-left,"{'x': 0, 'y': 52.6, 'z': 19}","{'x': 17, 'y': 49.5, 'z': 0}",0.086289674043655,0.0,"{'name': 'Léo Jardim', 'slug': 'leo-jardim', 'shortName': 'L. Jardim', 'position': 'G', 'jerseyNumber': '1', 'userCount': 5913, 'gender': 'M', 'sofascoreId': 'leocjardim', 'id': 595598, 'fieldTranslations': {'nameTranslation': {'ar': 'ليو جارديم', 'bn': 'লিও জার্দিম', 'hi': 'लियो जार्डिम'}, 'shortNameTranslation': {'ar': 'ل. جارديم', 'bn': 'এল. জার্দিম', 'hi': 'एल. जार्डिम'}}}",6288216,15,,858,"{'start': {'x': 49.7, 'y': 18.9}, 'block': {'x': 49.5, 'y': 17}, 'end': {'x': 47.4, 'y': 0}, 'goal': {'x': 47.4, 'y': 81}}",31,1842,858,shot,,13472621
"{'name': 'Gustavo Cuéllar', 'slug': 'gustavo-cuellar', 'shortName': 'G. Cuéllar', 'position': 'M', 'jerseyNumber': '6', 'userCount': 1946, 'gender': 'M', 'id': 180059, 'fieldTranslations': {'nameTranslation': {'ar': 'غوستافو كوييار', 'bn': 'গুস্তাভো কুয়েলার', 'hi': 'गुस्तावो क्यूएलर'}, 'shortNameTranslation': {'ar': 'غ. كوييار', 'bn': 'জি. কুয়েলার', 'hi': 'जी. क्यूएलर'}}}",True,block,corner,"{'x': 27.4, 'y': 72.8, 'z': 0}",right-foot,low-left,"{'x': 0, 'y': 52.6, 'z': 4.2}","{'x': 12.4, 'y': 60.1, 'z': 0}",0.0046888026408851,0.0,"{'name': 'Fábio', 'firstName': '', 'lastName': '', 'slug': 'fabio', 'shortName': 'Fábio', 'position': 'G', 'jerseyNumber': '1', 'userCount': 4343, 'gender': 'M', 'id': 17785, 'fieldTranslations': {'nameTranslation': {'ar': 'فابيو', 'bn': 'ফ্যাবিও', 'hi': 'फैबियो'}, 'shortNameTranslation': {'ar': 'فابيو', 'bn': 'ফ্যাবিও', 'hi': 'फैबियो'}}}",6288686,90,7.0,5786,"{'start': {'x': 72.8, 'y': 27.4}, 'block': {'x': 60.1, 'y': 12.4}, 'end': {'x': 47.4, 'y': 0}, 'goal': {'x': 47.4, 'y': 95.8}}",1,514,386,shot,,13472604
"{'name': 'Marcos Rocha', 'slug': 'marcos-rocha', 'shortName': 'M. Rocha', 'position': 'D', 'jerseyNumber': '14', 'userCount': 2458, 'gender': 'M', 'id': 82576, 'fieldTranslations': {'nameTranslation': {'ar': 'ماركوس روشا', 'bn': 'মার্কোস রোচা', 'hi': 'मार्कोस रोचा'}, 'shortNameTranslation': {'ar': 'م. روشا', 'bn': 'এম. রোচা', 'hi': 'एम. रोचा'}}}",True,block,fast-break,"{'x': 26.6, 'y': 59.7, 'z': 0}",right-foot,low-left,"{'x': 0, 'y': 52.8, 'z': 8.3}","{'x': 9.9, 'y': 54.3, 'z': 0}",0.047607909888029,0.0,"{'name': 'Fábio', 'firstName': '', 'lastName': '', 'slug': 'fabio', 'shortName': 'Fábio', 'position': 'G', 'jerseyNumber': '1', 'userCount': 4343, 'gender': 'M', 'id': 17785, 'fieldTranslations': {'nameTranslation': {'ar': 'فابيو', 'bn': 'ফ্যাবিও', 'hi': 'फैबियो'}, 'shortNameTranslation': {'ar': 'فابيو', 'bn': 'ফ্যাবিও', 'hi': 'फैबियो'}}}",6288685,90,6.0,5701,"{'start': {'x': 59.7, 'y': 26.6}, 'block': {'x': 54.3, 'y': 9.9}, 'end': {'x': 47.2, 'y': 0}, 'goal': {'x': 47.2, 'y': 91.7}}",1,599,301,shot,,13472604
"{'name': 'Gustavo Martins', 'firstName': 'Gustavo Martins', 'lastName': '', 'slug': 'gustavo-martins', 'shortName': 'G. Martins', 'position': 'D', 'jerseyNumber': '53', 'userCount': 1213, 'gender': 'M', 'id': 1105796, 'fieldTranslations': {'nameTranslation': {'ar': 'غوستافو مارتينز'}, 'shortNameTranslation': {'ar': 'غ. مارتينز'}}}",True,save,assisted,"{'x': 9.8, 'y': 40.3, 'z': 0}",head,high-centre,"{'x': 0, 'y': 50.4, 'z': 31.6}","{'x': 1.1, 'y': 49.5, 'z': 0}",0.02501367405057,0.041508376598358,"{'name': 'Fábio', 'firstName': '', 'lastName': '', 'slug': 'fabio', 'shortName': 'Fábio', 'position': 'G', 'jerseyNumber': '1', 'userCount': 4343, 'gender': 'M', 'id': 17785, 'fieldTranslations': {'nameTranslation': {'ar': 'فابيو', 'bn': 'ফ্যাবিও', 'hi': 'फैबियो'}, 'shortNameTranslation': {'ar': 'فابيو', 'bn': 'ফ্যাবিও', 'hi': 'फैबियो'}}}",6288682,90,4.0,5606,"{'start': {'x': 40.3, 'y': 9.8}, 'block': {'x': 49.5, 'y': 1.1}, 'end': {'x': 49.6, 'y': 0}, 'goal': {'x': 49.6, 'y': 68.4}}",1,694,206,shot,,13472604
"{'name': 'Wagner Leonardo', 'slug': 'wagner-leonardo', 'shortName': 'W. Leonardo', 'position': 'D', 'jerseyNumber': '3', 'userCount': 1495, 'gender': 'M', 'id': 976235, 'fieldTranslations': {'nameTranslation': {'ar': 'واغنر ليوناردو'}, 'shortNameTranslation': {'ar': 'و. ليوناردو'}}}",True,save,set-piece,"{'x': 12.7, 'y': 63.7, 'z': 0}",head,low-right,"{'x': 0, 'y': 45.8, 'z': 15.2}","{'x': 1.4, 'y': 52.5, 'z': 0}",0.0077887936495245,0.149807035923,"{'name': 'Fábio', 'firstName': '', 'lastName': '', 'slug': 'fabio', 'shortName': 'Fábio', 'position': 'G', 'jerseyNumber': '1', 'userCount': 4343, 'gender': 'M', 'id': 17785, 'fieldTranslations': {'nameTranslation': {'ar': 'فابيو', 'bn': 'ফ্যাবিও', 'hi': 'फैबियो'}, 'shortNameTranslation': {'ar': 'فابيو', 'bn': 'ফ্যাবিও', 'hi': 'फैबियो'}}}",6288680,90,2.0,5498,"{'start': {'x': 63.7, 'y': 12.7}, 'block': {'x': 52.5, 'y': 1.4}, 'end': {'x': 54.2, 'y': 0}, 'goal': {'x': 54.2, 'y': 84.8}}",1,802,98,shot,,13472604
"{'name': 'Franco Cristaldo', 'slug': 'franco-cristaldo', 'shortName': 'F. Cristaldo', 'position': 'M', 'jerseyNumber': '10', 'userCount': 2298, 'gender': 'M', 'id': 558820, 'fieldTranslations': {'nameTranslation': {'ar': 'فرانكو كريستالدو', 'bn': 'ফ্রাঙ্কো ক্রিস্টালদো', 'hi': 'फ्रेंको क्रिस्टाल्डो'}, 'shortNameTranslation': {'ar': 'ف. كريستالدو', 'bn': 'এফ ক্রিস্টালডো', 'hi': 'एफ. क्रिस्टाल्डो'}}}",True,save,regular,"{'x': 19.4, 'y': 49.1, 'z': 0}",right-foot,low-right,"{'x': 0, 'y': 45.9, 'z': 4.4}","{'x': 0.90000000000001, 'y': 52.3, 'z': 0}",0.039231602102518,0.10877220332623,"{'name': 'Fábio', 'firstName': '', 'lastName': '', 'slug': 'fabio', 'shortName': 'Fábio', 'position': 'G', 'jerseyNumber': '1', 'userCount': 4343, 'gender': 'M', 'id': 17785, 'fieldTranslations': {'nameTranslation': {'ar': 'فابيو', 'bn': 'ফ্যাবিও', 'hi': 'फैबियो'}, 'shortNameTranslation': {'ar': 'فابيو', 'bn': 'ফ্যাবিও', 'hi': 'फैबियो'}}}",6288678,90,1.0,5417,"{'start': {'x': 49.1, 'y': 19.4}, 'block': {'x': 52.3, 'y': 0.90000000000001}, 'end': {'x': 54.1, 'y': 0}, 'goal': {'x': 54.1, 'y': 95.6}}",1,883,17,shot,,13472604
"{'name': 'Jardiel', 'firstName': 'Jardiel', 'slug': 'jardiel', 'shortName': 'Jardiel', 'position': 'F', 'jerseyNumber': '40', 'userCount': 438, 'gender': 'M', 'id': 1631875, 'fieldTranslations': {'nameTranslation': {'ar': 'جارديل'}, 'shortNameTranslation': {'ar': 'جارديل'}}}",True,block,assisted,"{'x': 15.4, 'y': 49.5, 'z': 0}",right-foot,low-left,"{'x': 0, 'y': 53.4, 'z': 15.3}","{'x': 12.1, 'y': 50, 'z': 0}",0.10846998542547,0.0,"{'name': 'Fábio', 'firstName': '', 'lastName': '', 'slug': 'fabio', 'shortName': 'Fábio', 'position': 'G', 'jerseyNumber': '1', 'userCount': 4343, 'gender': 'M', 'id': 17785, 'fieldTranslations': {'nameTranslation': {'ar': 'فابيو', 'bn': 'ফ্যাবিও', 'hi': 'फैबियो'}, 'shortNameTranslation': {'ar': 'فابيو', 'bn': 'ফ্যাবিও', 'hi': 'फैबियो'}}}",6288679,90,1.0,5404,"{'start': {'x': 49.5, 'y': 15.4}, 'block': {'x': 50, 'y': 12.1}, 'end': {'x': 46.6, 'y': 0}, 'goal': {'x': 46.6, 'y': 84.7}}",1,896,4,shot,,13472604
"{'name': 'Alexander Aravena', 'firstName': '', 'lastName': '', 'slug': 'alexander-aravena', 'shortName': 'A. Aravena', 'position': 'M', 'jerseyNumber': '16', 'userCount': 2838, 'gender': 'M', 'id': 1000502, 'fieldTranslations': {'nameTranslation': {'ar': 'ألكسندر أرافينا', 'bn': 'আলেকজান্ডার অ্যারাভেনা', 'hi': 'अलेक्जेंडर अरवेना'}, 'shortNameTranslation': {'ar': 'أ. أرافينا', 'bn': 'এ. আরবেনা', 'hi': 'ए. अरवेना'}}}",True,miss,fast-break,"{'x': 28.2, 'y': 52.3, 'z': 0}",right-foot,high,"{'x': 0, 'y': 46.1, 'z': 66.7}",,0.037357956171036,0.0,"{'name': 'Fábio', 'firstName': '', 'lastName': '', 'slug': 'fabio', 'shortName': 'Fábio', 'position': 'G', 'jerseyNumber': '1', 'userCount': 4343, 'gender': 'M', 'id': 17785, 'fieldTranslations': {'nameTranslation': {'ar': 'فابيو', 'bn': 'ফ্যাবিও', 'hi': 'फैबियो'}, 'shortNameTranslation': {'ar': 'فابيو', 'bn': 'ফ্যাবিও', 'hi': 'फैबियो'}}}",6288674,84,,5007,"{'start': {'x': 52.3, 'y': 28.2}, 'end': {'x': 53.9, 'y': 0}, 'goal': {'x': 53.9, 'y': 33.3}}",7,393,2307,shot,,13472604
"{'name': 'Jardiel', 'firstName': 'Jardiel', 'slug': 'jardiel', 'shortName': 'Jardiel', 'position': 'F', 'jerseyNumber': '40', 'userCount': 438, 'gender': 'M', 'id': 1631875, 'fieldTranslations': {'nameTranslation': {'ar': 'جارديل'}, 'shortNameTranslation': {'ar': 'جارديل'}}}",True,post,assisted,"{'x': 10.7, 'y': 61.5, 'z': 0}",right-foot,high,"{'x': 0, 'y': 47.5, 'z': 39.2}",,0.2199447453022,0.0,"{'name': 'Fábio', 'firstName': '', 'lastName': '', 'slug': 'fabio', 'shortName': 'Fábio', 'position': 'G', 'jerseyNumber': '1', 'userCount': 4343, 'gender': 'M', 'id': 17785, 'fieldTranslations': {'nameTranslation': {'ar': 'فابيو', 'bn': 'ফ্যাবিও', 'hi': 'फैबियो'}, 'shortNameTranslation': {'ar': 'فابيو', 'bn': 'ফ্যাবিও', 'hi': 'फैबियो'}}}",6288657,77,,4617,"{'start': {'x': 61.5, 'y': 10.7}, 'end': {'x': 52.5, 'y': 0}, 'goal': {'x': 52.5, 'y': 60.8}}",14,783,1917,shot,,13472604
"{'name': 'Edenilson', 'slug': 'edenilson', 'shortName': 'Edenilson', 'position': 'M', 'jerseyNumber': '88', 'userCount': 1398, 'gender': 'M', 'id': 221636, 'fieldTranslations': {'nameTranslation': {'ar': 'إدنيلسون'}, 'shortNameTranslation': {'ar': 'إدنيلسون'}}}",True,save,assisted,"{'x': 30.7, 'y': 61.1, 'z': 0}",right-foot,low-right,"{'x': 0, 'y': 47.4, 'z': 6.3}","{'x': 1.1, 'y': 52.2, 'z': 0}",0.017213754355907,0.056372385472059,"{'name': 'Fábio', 'firstName': '', 'lastName': '', 'slug': 'fabio', 'shortName': 'Fábio', 'position': 'G', 'jerseyNumber': '1', 'userCount': 4343, 'gender': 'M', 'id': 17785, 'fieldTranslations': {'nameTranslation': {'ar': 'فابيو', 'bn': 'ফ্যাবিও', 'hi': 'फैबियो'}, 'shortNameTranslation': {'ar': 'فابيو', 'bn': 'ফ্যাবিও', 'hi': 'फैबियो'}}}",6288655,77,,4580,"{'start': {'x': 61.1, 'y': 30.7}, 'block': {'x': 52.2, 'y': 1.1}, 'end': {'x': 52.6, 'y': 0}, 'goal': {'x': 52.6, 'y': 93.7}}",14,820,1880,shot,,13472604
"{'name': 'Willian', 'firstName': '', 'lastName': '', 'slug': 'willian', 'shortName': 'Willian', 'position': 'F', 'jerseyNumber': '88', 'userCount': 9646, 'gender': 'M', 'sofascoreId': 'willianborges88', 'id': 31417, 'fieldTranslations': {'nameTranslation': {'ar': 'ويليان', 'bn': 'উইলিয়ান', 'hi': 'विलियन'}, 'shortNameTranslation': {'ar': 'ويليان', 'bn': 'উইলিয়ান', 'hi': 'विलियन'}}}",True,miss,free-kick,"{'x': 27.7, 'y': 54.4, 'z': 0}",right-foot,close-right,"{'x': 0, 'y': 42.5, 'z': 5.6}",,0.038817927241325,0.0,"{'name': 'Fábio', 'firstName': '', 'lastName': '', 'slug': 'fabio', 'shortName': 'Fábio', 'position': 'G', 'jerseyNumber': '1', 'userCount': 4343, 'gender': 'M', 'id': 17785, 'fieldTranslations': {'nameTranslation': {'ar': 'فابيو', 'bn': 'ফ্যাবিও', 'hi': 'फैबियो'}, 'shortNameTranslation': {'ar': 'فابيو', 'bn': 'ফ্যাবিও', 'hi': 'फैबियो'}}}",6288653,65,,3843,"{'start': {'x': 54.4, 'y': 27.7}, 'end': {'x': 57.5, 'y': 0}, 'goal': {'x': 57.5, 'y': 94.4}}",26,1557,1143,shot,,13472604
"{'name': 'Everaldo', 'firstName': '', 'lastName': '', 'slug': 'everaldo', 'shortName': 'Everaldo', 'position': 'F', 'jerseyNumber': '27', 'userCount': 2419, 'gender': 'M', 'id': 386212, 'fieldTranslations': {'nameTranslation': {'ar': 'إيفيرالدو', 'bn': 'এভারালডো', 'hi': 'एवराल्डो'}, 'shortNameTranslation': {'ar': 'إيفيرالدو', 'bn': 'এভারালডো', 'hi': 'एवराल्डो'}}}",False,block,assisted,"{'x': 9.7, 'y': 42.1, 'z': 0}",head,low-right,"{'x': 0, 'y': 47.4, 'z': 9.7}","{'x': 8, 'y': 43.5, 'z': 0}",0.029803149402142,0.0,"{'name': 'Tiago Volpi', 'slug': 'tiago-volpi', 'shortName': 'T. Volpi', 'position': 'G', 'jerseyNumber': '18', 'userCount': 1692, 'gender': 'M', 'id': 243509, 'fieldTranslations': {'nameTranslation': {'ar': 'تياغو فوليبي'}, 'shortNameTranslation': {'ar': 'ت. فوليبي'}}}",6288652,62,,3684,"{'start': {'x': 42.1, 'y': 9.7}, 'block': {'x': 43.5, 'y': 8}, 'end': {'x': 52.6, 'y': 0}, 'goal': {'x': 52.6, 'y': 90.3}}",29,1716,984,shot,,13472604
"{'name': 'André Henrique', 'firstName': '', 'lastName': '', 'slug': 'andre-henrique', 'shortName': 'A. Henrique', 'position': 'F', 'jerseyNumber': '77', 'userCount': 1037, 'gender': 'M', 'id': 1463912, 'fieldTranslations': {'nameTranslation': {'ar': 'أندريه هنريكي'}, 'shortNameTranslation': {'ar': 'أ. هنريكي'}}}",True,goal,corner,"{'x': 8.3, 'y': 57.9, 'z': 0}",head,high-right,"{'x': 0, 'y': 47.3, 'z': 24.1}",,0.035514257848263,0.087163306772709,"{'name': 'Fábio', 'firstName': '', 'lastName': '', 'slug': 'fabio', 'shortName': 'Fábio', 'position': 'G', 'jerseyNumber': '1', 'userCount': 4343, 'gender': 'M', 'id': 17785, 'fieldTranslations': {'nameTranslation': {'ar': 'فابيو', 'bn': 'ফ্যাবিও', 'hi': 'फैबियो'}, 'shortNameTranslation': {'ar': 'فابيو', 'bn': 'ফ্যাবিও', 'hi': 'फैबियो'}}}",6288556,54,,3183,"{'start': {'x': 57.9, 'y': 8.3}, 'end': {'x': 52.7, 'y': 0}, 'goal': {'x': 52.7, 'y': 75.9}}",37,2217,483,shot,regular,13472604
"{'name': 'Yeferson Soteldo', 'slug': 'yeferson-soteldo', 'shortName': 'Y. Soteldo', 'position': 'M', 'jerseyNumber': '7', 'userCount': 11177, 'gender': 'M', 'sofascoreId': 'yefersonsoteldo1006', 'id': 789960, 'fieldTranslations': {'nameTranslation': {'ar': 'يفرسون سوتيلدو', 'bn': 'ইয়েফারসন সোটেলডো', 'hi': 'येफरसन सोतेल्डो'}, 'shortNameTranslation': {'ar': 'ي. سوتيلدو', 'bn': 'ওয়াই. সোটেলডো', 'hi': 'वाई. सोतेल्डो'}}}",False,goal,assisted,"{'x': 9.7, 'y': 60.1, 'z': 0}",left-foot,low-centre,"{'x': 0, 'y': 50.6, 'z': 3.8}",,0.26301896572113,0.16134838759899,"{'name': 'Tiago Volpi', 'slug': 'tiago-volpi', 'shortName': 'T. Volpi', 'position': 'G', 'jerseyNumber': '18', 'userCount': 1692, 'gender': 'M', 'id': 243509, 'fieldTranslations': {'nameTranslation': {'ar': 'تياغو فوليبي'}, 'shortNameTranslation': {'ar': 'ت. فوليبي'}}}",6288555,52,,3078,"{'start': {'x': 60.1, 'y': 9.7}, 'end': {'x': 49.4, 'y': 0}, 'goal': {'x': 49.4, 'y': 96.2}}",39,2322,378,shot,regular,13472604
"{'name': 'André Henrique', 'firstName': '', 'lastName': '', 'slug': 'andre-henrique', 'shortName': 'A. Henrique', 'position': 'F', 'jerseyNumber': '77', 'userCount': 1037, 'gender': 'M', 'id': 1463912, 'fieldTranslations': {'nameTranslation': {'ar': 'أندريه هنريكي'}, 'shortNameTranslation': {'ar': 'أ. هنريكي'}}}",True,miss,assisted,"{'x': 12.6, 'y': 65.2, 'z': 0}",right-foot,right,"{'x': 0, 'y': 38.8, 'z': 20.8}",,0.034173745661974,0.0,"{'name': 'Fábio', 'firstName': '', 'lastName': '', 'slug': 'fabio', 'shortName': 'Fábio', 'position': 'G', 'jerseyNumber': '1', 'userCount': 4343, 'gender': 'M', 'id': 17785, 'fieldTranslations': {'nameTranslation': {'ar': 'فابيو', 'bn': 'ফ্যাবিও', 'hi': 'फैबियो'}, 'shortNameTranslation': {'ar': 'فابيو', 'bn': 'ফ্যাবিও', 'hi': 'फैबियो'}}}",6288505,46,,2747,"{'start': {'x': 65.2, 'y': 12.6}, 'end': {'x': 61.2, 'y': 0}, 'goal': {'x': 61.2, 'y': 79.2}}",45,2653,47,shot,,13472604
"{'name': 'Everaldo', 'firstName': '', 'lastName': '', 'slug': 'everaldo', 'shortName': 'Everaldo', 'position': 'F', 'jerseyNumber': '27', 'userCount': 2419, 'gender': 'M', 'id': 386212, 'fieldTranslations': {'nameTranslation': {'ar': 'إيفيرالدو', 'bn': 'এভারালডো', 'hi': 'एवराल्डो'}, 'shortNameTranslation': {'ar': 'إيفيرالدو', 'bn': 'এভারালডো', 'hi': 'एवराल्डो'}}}",False,miss,assisted,"{'x': 8.9, 'y': 43.6, 'z': 0}",left-foot,high,"{'x': 0, 'y': 52.6, 'z': 84.7}",,0.20943380892277,0.0,"{'name': 'Tiago Volpi', 'slug': 'tiago-volpi', 'shortName': 'T. Volpi', 'position': 'G', 'jerseyNumber': '18', 'userCount': 1692, 'gender': 'M', 'id': 243509, 'fieldTranslations': {'nameTranslation': {'ar': 'تياغو فوليبي'}, 'shortNameTranslation': {'ar': 'ت. فوليبي'}}}",6288452,45,3.0,2857,"{'start': {'x': 43.6, 'y': 8.9}, 'end': {'x': 47.4, 'y': 0}, 'goal': {'x': 47.4, 'y': 15.3}}",1,2543,157,shot,,13472604
"{'name': 'Cristian Pavón', 'firstName': '', 'lastName': '', 'slug': 'cristian-pavon', 'shortName': 'C. Pavón', 'position': 'M', 'jerseyNumber': '7', 'userCount': 2411, 'gender': 'M', 'id': 358956, 'fieldTranslations': {'nameTranslation': {'ar': 'كريستيان بافون', 'bn': 'ক্রিশ্চিয়ান পাভন', 'hi': 'क्रिस्टियन पावोन'}, 'shortNameTranslation': {'ar': 'ك. بافون', 'bn': 'সি. পাভন', 'hi': 'सी. पावोन'}}}",True,miss,corner,"{'x': 18.2, 'y': 35.6, 'z': 0}",right-foot,right,"{'x': 0, 'y': 38.3, 'z': 18.1}",,0.031712107360363,0.0,"{'name': 'Fábio', 'firstName': '', 'lastName': '', 'slug': 'fabio', 'shortName': 'Fábio', 'position': 'G', 'jerseyNumber': '1', 'userCount': 4343, 'gender': 'M', 'id': 17785, 'fieldTranslations': {'nameTranslation': {'ar': 'فابيو', 'bn': 'ফ্যাবিও', 'hi': 'फैबियो'}, 'shortNameTranslation': {'ar': 'فابيو', 'bn': 'ফ্যাবিও', 'hi': 'फैबियो'}}}",6288449,45,,2653,"{'start': {'x': 35.6, 'y': 18.2}, 'end': {'x': 61.7, 'y': 0}, 'goal': {'x': 61.7, 'y': 81.9}}",1,47,2653,shot,,13472604
"{'name': 'Juan Freytes', 'firstName': '', 'lastName': '', 'slug': 'juan-freytes', 'shortName': 'J. Freytes', 'position': 'D', 'jerseyNumber': '22', 'userCount': 1342, 'gender': 'M', 'id': 962187, 'fieldTranslations': {'nameTranslation': {'ar': 'خوان فريتس'}, 'shortNameTranslation': {'ar': 'خ. فريتس'}}}",False,block,assisted,"{'x': 18.1, 'y': 39.9, 'z': 0}",right-foot,low-centre,"{'x': 0, 'y': 51.7, 'z': 19}","{'x': 16.6, 'y': 40.6, 'z': 0}",0.032957784831524,0.0,"{'name': 'Tiago Volpi', 'slug': 'tiago-volpi', 'shortName': 'T. Volpi', 'position': 'G', 'jerseyNumber': '18', 'userCount': 1692, 'gender': 'M', 'id': 243509, 'fieldTranslations': {'nameTranslation': {'ar': 'تياغو فوليبي'}, 'shortNameTranslation': {'ar': 'ت. فوليبي'}}}",6288453,33,,1955,"{'start': {'x': 39.9, 'y': 18.1}, 'block': {'x': 40.6, 'y': 16.6}, 'end': {'x': 48.3, 'y': 0}, 'goal': {'x': 48.3, 'y': 81}}",13,745,1955,shot,,13472604
"{'name': 'Cristian Pavón', 'firstName': '', 'lastName': '', 'slug': 'cristian-pavon', 'shortName': 'C. Pavón', 'position': 'M', 'jerseyNumber': '7', 'userCount': 2411, 'gender': 'M', 'id': 358956, 'fieldTranslations': {'nameTranslation': {'ar': 'كريستيان بافون', 'bn': 'ক্রিশ্চিয়ান পাভন', 'hi': 'क्रिस्टियन पावोन'}, 'shortNameTranslation': {'ar': 'ك. بافون', 'bn': 'সি. পাভন', 'hi': 'सी. पावोन'}}}",True,save,fast-break,"{'x': 20.9, 'y': 29.7, 'z': 0}",right-foot,low-right,"{'x': 0, 'y': 46.8, 'z': 9.5}","{'x': 1.5, 'y': 50.4, 'z': 0}",0.03090164065361,0.070778906345367,"{'name': 'Fábio', 'firstName': '', 'lastName': '', 'slug': 'fabio', 'shortName': 'Fábio', 'position': 'G', 'jerseyNumber': '1', 'userCount': 4343, 'gender': 'M', 'id': 17785, 'fieldTranslations': {'nameTranslation': {'ar': 'فابيو', 'bn': 'ফ্যাবিও', 'hi': 'फैबियो'}, 'shortNameTranslation': {'ar': 'فابيو', 'bn': 'ফ্যাবিও', 'hi': 'फैबियो'}}}",6288441,28,,1652,"{'start': {'x': 29.7, 'y': 20.9}, 'block': {'x': 50.4, 'y': 1.5}, 'end': {'x': 53.2, 'y': 0}, 'goal': {'x': 53.2, 'y': 90.5}}",18,1048,1652,shot,,13472604
"{'name': 'Yeferson Soteldo', 'slug': 'yeferson-soteldo', 'shortName': 'Y. Soteldo', 'position': 'M', 'jerseyNumber': '7', 'userCount': 11177, 'gender': 'M', 'sofascoreId': 'yefersonsoteldo1006', 'id': 789960, 'fieldTranslations': {'nameTranslation': {'ar': 'يفرسون سوتيلدو', 'bn': 'ইয়েফারসন সোটেলডো', 'hi': 'येफरसन सोतेल्डो'}, 'shortNameTranslation': {'ar': 'ي. سوتيلدو', 'bn': 'ওয়াই. সোটেলডো', 'hi': 'वाई. सोतेल्डो'}}}",False,goal,regular,"{'x': 4.2, 'y': 43.1, 'z': 0}",left-foot,low-centre,"{'x': 0, 'y': 51.3, 'z': 10.8}",,0.65461909770966,0.99172908067703,"{'name': 'Tiago Volpi', 'slug': 'tiago-volpi', 'shortName': 'T. Volpi', 'position': 'G', 'jerseyNumber': '18', 'userCount': 1692, 'gender': 'M', 'id': 243509, 'fieldTranslations': {'nameTranslation': {'ar': 'تياغو فوليبي'}, 'shortNameTranslation': {'ar': 'ت. فوليبي'}}}",6288380,19,,1111,"{'start': {'x': 43.1, 'y': 4.2}, 'end': {'x': 48.7, 'y': 0}, 'goal': {'x': 48.7, 'y': 89.2}}",27,1589,1111,shot,regular,13472604
"{'name': 'André Henrique', 'firstName': '', 'lastName': '', 'slug': 'andre-henrique', 'shortName': 'A. Henrique', 'position': 'F', 'jerseyNumber': '77', 'userCount': 1037, 'gender': 'M', 'id': 1463912, 'fieldTranslations': {'nameTranslation': {'ar': 'أندريه هنريكي'}, 'shortNameTranslation': {'ar': 'أ. هنريكي'}}}",True,save,regular,"{'x': 30.3, 'y': 42.7, 'z': 0}",right-foot,low-right,"{'x': 0, 'y': 48.1, 'z': 8.9}","{'x': 1.5, 'y': 49.8, 'z': 0}",0.018335323780775,0.046132024377584,"{'name': 'Fábio', 'firstName': '', 'lastName': '', 'slug': 'fabio', 'shortName': 'Fábio', 'position': 'G', 'jerseyNumber': '1', 'userCount': 4343, 'gender': 'M', 'id': 17785, 'fieldTranslations': {'nameTranslation': {'ar': 'فابيو', 'bn': 'ফ্যাবিও', 'hi': 'फैबियो'}, 'shortNameTranslation': {'ar': 'فابيو', 'bn': 'ফ্যাবিও', 'hi': 'फैबियो'}}}",6288373,11,,635,"{'start': {'x': 42.7, 'y': 30.3}, 'block': {'x': 49.8, 'y': 1.5}, 'end': {'x': 51.9, 'y': 0}, 'goal': {'x': 51.9, 'y': 91.1}}",35,2065,635,shot,,13472604
"{'name': 'Luciano Acosta', 'slug': 'luciano-acosta', 'shortName': 'L. F. Acosta', 'position': 'M', 'jerseyNumber': '32', 'userCount': 3392, 'gender': 'M', 'id': 548030, 'fieldTranslations': {'nameTranslation': {'ar': 'لوسيانو أكوستا', 'bn': 'লুসিয়ানো অ্যাকোস্টা', 'hi': 'लुसियानो अकोस्टा'}, 'shortNameTranslation': {'ar': 'ل. ف. أكوستا', 'bn': 'এল.এফ. অ্যাকোস্টা', 'hi': 'एल. एफ. अकोस्टा'}}}",False,miss,assisted,"{'x': 17.8, 'y': 46.4, 'z': 0}",right-foot,left,"{'x': 0, 'y': 68.4, 'z': 12.5}","{'x': 11.8, 'y': 43.3, 'z': 0}",0.11045233905315,0.0,"{'name': 'Tiago Volpi', 'slug': 'tiago-volpi', 'shortName': 'T. Volpi', 'position': 'G', 'jerseyNumber': '18', 'userCount': 1692, 'gender': 'M', 'id': 243509, 'fieldTranslations': {'nameTranslation': {'ar': 'تياغو فوليبي'}, 'shortNameTranslation': {'ar': 'ت. فوليبي'}}}",6288372,5,,286,"{'start': {'x': 46.4, 'y': 17.8}, 'block': {'x': 43.3, 'y': 11.8}, 'end': {'x': 31.6, 'y': 0}, 'goal': {'x': 31.6, 'y': 87.5}}",41,2414,286,shot,,13472604
"{'name': 'Alysson', 'firstName': 'Alysson Edward Franco da Rocha', 'slug': 'alysson-edward-franco-da-rocha', 'shortName': 'Alysson', 'position': 'M', 'jerseyNumber': '47', 'userCount': 2272, 'gender': 'M', 'id': 1631879, 'fieldTranslations': {'nameTranslation': {'ar': 'أليسون'}, 'shortNameTranslation': {'ar': 'أليسون'}}}",True,block,assisted,"{'x': 20.3, 'y': 66.9, 'z': 0}",left-foot,low-right,"{'x': 0, 'y': 47.2, 'z': 18.1}","{'x': 7.5, 'y': 55.8, 'z': 0}",0.028675051406026,0.0,"{'name': 'Fábio', 'firstName': '', 'lastName': '', 'slug': 'fabio', 'shortName': 'Fábio', 'position': 'G', 'jerseyNumber': '1', 'userCount': 4343, 'gender': 'M', 'id': 17785, 'fieldTranslations': {'nameTranslation': {'ar': 'فابيو', 'bn': 'ফ্যাবিও', 'hi': 'फैबियो'}, 'shortNameTranslation': {'ar': 'فابيو', 'bn': 'ফ্যাবিও', 'hi': 'फैबियो'}}}",6288369,1,,54,"{'start': {'x': 66.9, 'y': 20.3}, 'block': {'x': 55.8, 'y': 7.5}, 'end': {'x': 52.8, 'y': 0}, 'goal': {'x': 52.8, 'y': 81.9}}",45,2646,54,shot,,13472604
"{'name': 'Vinicinho', 'firstName': 'Vinicius', 'lastName': 'Mendonça Pereira', 'slug': 'vinicinho', 'shortName': 'Vinicinho', 'position': 'F', 'jerseyNumber': '17', 'userCount': 342, 'gender': 'M', 'id': 1587965, 'fieldTranslations': {'nameTranslation': {'ar': 'فينيشينو'}, 'shortNameTranslation': {'ar': 'فينيشينو'}}}",True,save,assisted,"{'x': 6.3, 'y': 31.6, 'z': 0}",left-foot,low-left,"{'x': 0, 'y': 52, 'z': 2.5}","{'x': 1.1, 'y': 45.3, 'z': 0}",0.0592295601964,0.079584077000618,"{'name': 'Thiago Couto', 'slug': 'thiago-couto', 'shortName': 'T. Couto', 'position': 'G', 'jerseyNumber': '12', 'userCount': 419, 'gender': 'M', 'id': 871291, 'fieldTranslations': {'nameTranslation': {'ar': 'تياغو كوتو'}, 'shortNameTranslation': {'ar': 'ت. كوتو'}}}",6293608,85,,5085,"{'start': {'x': 31.6, 'y': 6.3}, 'block': {'x': 45.3, 'y': 1.1}, 'end': {'x': 48, 'y': 0}, 'goal': {'x': 48, 'y': 97.5}}",6,315,2385,shot,,15121159
"{'name': 'Gustavo Marques', 'firstName': 'Gustavo Marques', 'lastName': '', 'slug': 'gustavo-marques', 'shortName': 'G. Marques', 'position': 'D', 'jerseyNumber': '16', 'userCount': 371, 'gender': 'M', 'id': 1174764, 'fieldTranslations': {'nameTranslation': {'ar': 'غوستافو ماركيس'}, 'shortNameTranslation': {'ar': 'غ. ماركيس'}}}",True,miss,corner,"{'x': 8.8, 'y': 43, 'z': 0}",head,close-left,"{'x': 0, 'y': 57.8, 'z': 5.6}",,0.034960724413395,0.0,"{'name': 'Thiago Couto', 'slug': 'thiago-couto', 'shortName': 'T. Couto', 'position': 'G', 'jerseyNumber': '12', 'userCount': 419, 'gender': 'M', 'id': 871291, 'fieldTranslations': {'nameTranslation': {'ar': 'تياغو كوتو'}, 'shortNameTranslation': {'ar': 'ت. كوتو'}}}",6293596,81,,4838,"{'start': {'x': 43, 'y': 8.8}, 'end': {'x': 42.2, 'y': 0}, 'goal': {'x': 42.2, 'y': 94.4}}",10,562,2138,shot,,15121159
"{'name': 'Gustavo Neves', 'slug': 'gustavo-neves', 'shortName': 'G. Neves', 'position': 'M', 'jerseyNumber': '22', 'userCount': 309, 'gender': 'M', 'id': 1463904, 'fieldTranslations': {'nameTranslation': {'ar': 'غوستافو نيفيس'}, 'shortNameTranslation': {'ar': 'غ. نيفيس'}}}",True,save,regular,"{'x': 17.8, 'y': 47.4, 'z': 0}",left-foot,high-left,"{'x': 0, 'y': 53.4, 'z': 23.4}","{'x': 2.5, 'y': 48.4, 'z': 0}",0.1117052808404,0.26150217652321,"{'name': 'Thiago Couto', 'slug': 'thiago-couto', 'shortName': 'T. Couto', 'position': 'G', 'jerseyNumber': '12', 'userCount': 419, 'gender': 'M', 'id': 871291, 'fieldTranslations': {'nameTranslation': {'ar': 'تياغو كوتو'}, 'shortNameTranslation': {'ar': 'ت. كوتو'}}}",6293591,77,,4596,"{'start': {'x': 47.4, 'y': 17.8}, 'block': {'x': 48.4, 'y': 2.5}, 'end': {'x': 46.6, 'y': 0}, 'goal': {'x': 46.6, 'y': 76.6}}",14,804,1896,shot,,15121159
"{'name': 'Renzo López', 'slug': 'renzo-lopez', 'shortName': 'R. López', 'position': 'F', 'jerseyNumber': '31', 'userCount': 441, 'gender': 'M', 'id': 926513, 'fieldTranslations': {'nameTranslation': {'ar': 'رينزو لوبيز', 'bn': 'রেনজো লোপেজ', 'hi': 'रेन्ज़ो लोपेज़'}, 'shortNameTranslation': {'ar': 'ر. لوبيز', 'bn': 'আর. লোপেজ', 'hi': 'आर. लोपेज़'}}}",False,save,set-piece,"{'x': 7.4, 'y': 37.8, 'z': 0}",head,high-left,"{'x': 0, 'y': 53.8, 'z': 27.8}","{'x': 0.90000000000001, 'y': 46.6, 'z': 0}",0.027215579524636,0.24404415488243,"{'name': 'Cleiton', 'slug': 'cleiton', 'shortName': 'Cleiton', 'position': 'G', 'jerseyNumber': '1', 'userCount': 552, 'gender': 'M', 'id': 844576, 'fieldTranslations': {'nameTranslation': {'ar': 'كليتون'}, 'shortNameTranslation': {'ar': 'كليتون'}}}",6293587,75,,4497,"{'start': {'x': 37.8, 'y': 7.4}, 'block': {'x': 46.6, 'y': 0.90000000000001}, 'end': {'x': 46.2, 'y': 0}, 'goal': {'x': 46.2, 'y': 72.2}}",16,903,1797,shot,,15121159
"{'name': 'Alix Vinicius', 'firstName': 'Alix Vinicius', 'slug': 'alix-vinicius', 'shortName': 'A. Vinicius', 'position': 'D', 'jerseyNumber': '4', 'userCount': 338, 'gender': 'M', 'id': 1117597, 'fieldTranslations': {'nameTranslation': {'ar': 'أليكس فينيسيوس'}, 'shortNameTranslation': {'ar': 'أ. فينيسيوس'}}}",True,miss,corner,"{'x': 14.8, 'y': 45.2, 'z': 0}",head,left,"{'x': 0, 'y': 64.7, 'z': 6.9}",,0.0092577775940299,0.0,"{'name': 'Thiago Couto', 'slug': 'thiago-couto', 'shortName': 'T. Couto', 'position': 'G', 'jerseyNumber': '12', 'userCount': 419, 'gender': 'M', 'id': 871291, 'fieldTranslations': {'nameTranslation': {'ar': 'تياغو كوتو'}, 'shortNameTranslation': {'ar': 'ت. كوتو'}}}",6293585,74,,4389,"{'start': {'x': 45.2, 'y': 14.8}, 'end': {'x': 35.3, 'y': 0}, 'goal': {'x': 35.3, 'y': 93.1}}",17,1011,1689,shot,,15121159
"{'name': 'Nathan Mendes', 'firstName': 'Nathan', 'slug': 'nathan-mendes', 'shortName': 'N. Mendes', 'position': 'D', 'jerseyNumber': '45', 'userCount': 356, 'gender': 'M', 'id': 1116955, 'fieldTranslations': {'nameTranslation': {'ar': 'ناثان ميندس'}, 'shortNameTranslation': {'ar': 'ن. ميندس'}}}",True,block,assisted,"{'x': 19.1, 'y': 68.5, 'z': 0}",right-foot,high-left,"{'x': 0, 'y': 52.8, 'z': 23.6}","{'x': 16, 'y': 65.9, 'z': 0}",0.038923665881157,0.0,"{'name': 'Thiago Couto', 'slug': 'thiago-couto', 'shortName': 'T. Couto', 'position': 'G', 'jerseyNumber': '12', 'userCount': 419, 'gender': 'M', 'id': 871291, 'fieldTranslations': {'nameTranslation': {'ar': 'تياغو كوتو'}, 'shortNameTranslation': {'ar': 'ت. كوتو'}}}",6293584,73,,4350,"{'start': {'x': 68.5, 'y': 19.1}, 'block': {'x': 65.9, 'y': 16}, 'end': {'x': 47.2, 'y': 0}, 'goal': {'x': 47.2, 'y': 76.4}}",18,1050,1650,shot,,15121159
"{'name': 'Isidro Pitta', 'slug': 'isidro-pitta', 'shortName': 'I. Pitta', 'position': 'F', 'jerseyNumber': '9', 'userCount': 1807, 'gender': 'M', 'id': 979861, 'fieldTranslations': {'nameTranslation': {'ar': 'إيسيدرو بيتا', 'bn': 'ইসিদ্রো পিত্তা', 'hi': 'इसिड्रो पिट्टा'}, 'shortNameTranslation': {'ar': 'إ. بيتا', 'bn': 'আই. পিট্টা', 'hi': 'आई. पिट्टा'}}}",True,miss,assisted,"{'x': 24.1, 'y': 31.3, 'z': 0}",right-foot,high-right,"{'x': 0, 'y': 32.4, 'z': 59.7}",,0.025896934792399,0.0,"{'name': 'Thiago Couto', 'slug': 'thiago-couto', 'shortName': 'T. Couto', 'position': 'G', 'jerseyNumber': '12', 'userCount': 419, 'gender': 'M', 'id': 871291, 'fieldTranslations': {'nameTranslation': {'ar': 'تياغو كوتو'}, 'shortNameTranslation': {'ar': 'ت. كوتو'}}}",6293576,69,,4107,"{'start': {'x': 31.3, 'y': 24.1}, 'end': {'x': 67.6, 'y': 0}, 'goal': {'x': 67.6, 'y': 40.3}}",22,1293,1407,shot,,15121159
"{'name': 'Zé Marcos', 'slug': 'ze-marcos', 'shortName': 'Z. Marcos', 'position': 'D', 'jerseyNumber': '3', 'userCount': 353, 'gender': 'M', 'id': 901700, 'fieldTranslations': {'nameTranslation': {'ar': 'زي ماركوس'}, 'shortNameTranslation': {'ar': 'ز. ماركوس'}}}",False,save,assisted,"{'x': 30.5, 'y': 42.3, 'z': 0}",left-foot,low-left,"{'x': 0, 'y': 54.2, 'z': 16.5}","{'x': 1.1, 'y': 49.8, 'z': 0}",0.016311068087816,0.16448800265789,"{'name': 'Cleiton', 'slug': 'cleiton', 'shortName': 'Cleiton', 'position': 'G', 'jerseyNumber': '1', 'userCount': 552, 'gender': 'M', 'id': 844576, 'fieldTranslations': {'nameTranslation': {'ar': 'كليتون'}, 'shortNameTranslation': {'ar': 'كليتون'}}}",6293574,69,,4080,"{'start': {'x': 42.3, 'y': 30.5}, 'block': {'x': 49.8, 'y': 1.1}, 'end': {'x': 45.8, 'y': 0}, 'goal': {'x': 45.8, 'y': 83.5}}",22,1320,1380,shot,,15121159
"{'name': 'Jhon Jhon', 'firstName': 'Jhon Jhon', 'lastName': '', 'slug': 'jhon-jhon', 'shortName': 'Jhon Jhon', 'position': 'M', 'jerseyNumber': '10', 'userCount': 2837, 'gender': 'M', 'id': 1167069, 'fieldTranslations': {'nameTranslation': {'ar': 'جون جون', 'bn': 'ঝোঁ ঝোঁ', 'hi': 'झोन झोन'}, 'shortNameTranslation': {'ar': 'ج. جون', 'bn': 'ঝোঁ ঝোঁ', 'hi': 'झोन झोन'}}}",True,goal,fast-break,"{'x': 7.9, 'y': 51.1, 'z': 0}",left-foot,low-left,"{'x': 0, 'y': 52.4, 'z': 2.5}",,0.55100440979004,0.89466166496277,"{'name': 'Thiago Couto', 'slug': 'thiago-couto', 'shortName': 'T. Couto', 'position': 'G', 'jerseyNumber': '12', 'userCount': 419, 'gender': 'M', 'id': 871291, 'fieldTranslations': {'nameTranslation': {'ar': 'تياغو كوتو'}, 'shortNameTranslation': {'ar': 'ت. كوتو'}}}",6293564,65,,3846,"{'start': {'x': 51.1, 'y': 7.9}, 'end': {'x': 47.6, 'y': 0}, 'goal': {'x': 47.6, 'y': 97.5}}",26,1554,1146,shot,regular,15121159
"{'name': 'Jhon Jhon', 'firstName': 'Jhon Jhon', 'lastName': '', 'slug': 'jhon-jhon', 'shortName': 'Jhon Jhon', 'position': 'M', 'jerseyNumber': '10', 'userCount': 2837, 'gender': 'M', 'id': 1167069, 'fieldTranslations': {'nameTranslation': {'ar': 'جون جون', 'bn': 'ঝোঁ ঝোঁ', 'hi': 'झोन झोन'}, 'shortNameTranslation': {'ar': 'ج. جون', 'bn': 'ঝোঁ ঝোঁ', 'hi': 'झोन झोन'}}}",True,save,assisted,"{'x': 11.7, 'y': 52.3, 'z': 0}",right-foot,low-centre,"{'x': 0, 'y': 51.8, 'z': 3.2}","{'x': 1.2, 'y': 48.9, 'z': 0}",0.14640980958939,0.14800788462162,"{'name': 'Thiago Couto', 'slug': 'thiago-couto', 'shortName': 'T. Couto', 'position': 'G', 'jerseyNumber': '12', 'userCount': 419, 'gender': 'M', 'id': 871291, 'fieldTranslations': {'nameTranslation': {'ar': 'تياغو كوتو'}, 'shortNameTranslation': {'ar': 'ت. كوتو'}}}",6293563,65,,3844,"{'start': {'x': 52.3, 'y': 11.7}, 'block': {'x': 48.9, 'y': 1.2}, 'end': {'x': 48.2, 'y': 0}, 'goal': {'x': 48.2, 'y': 96.8}}",26,1556,1144,shot,,15121159
"{'name': 'Gustavo Neves', 'slug': 'gustavo-neves', 'shortName': 'G. Neves', 'position': 'M', 'jerseyNumber': '22', 'userCount': 309, 'gender': 'M', 'id': 1463904, 'fieldTranslations': {'nameTranslation': {'ar': 'غوستافو نيفيس'}, 'shortNameTranslation': {'ar': 'غ. نيفيس'}}}",True,block,assisted,"{'x': 15.3, 'y': 72.6, 'z': 0}",right-foot,low-centre,"{'x': 0, 'y': 48.6, 'z': 19}","{'x': 10.5, 'y': 65.9, 'z': 0}",0.042030457407236,0.0,"{'name': 'Thiago Couto', 'slug': 'thiago-couto', 'shortName': 'T. Couto', 'position': 'G', 'jerseyNumber': '12', 'userCount': 419, 'gender': 'M', 'id': 871291, 'fieldTranslations': {'nameTranslation': {'ar': 'تياغو كوتو'}, 'shortNameTranslation': {'ar': 'ت. كوتو'}}}",6293562,63,,3762,"{'start': {'x': 72.6, 'y': 15.3}, 'block': {'x': 65.9, 'y': 10.5}, 'end': {'x': 51.4, 'y': 0}, 'goal': {'x': 51.4, 'y': 81}}",28,1638,1062,shot,,15121159
"{'name': 'Erick', 'firstName': '', 'lastName': '', 'slug': 'erick', 'shortName': 'Erick', 'position': 'F', 'jerseyNumber': '33', 'userCount': 1393, 'gender': 'M', 'id': 895650, 'fieldTranslations': {'nameTranslation': {'ar': 'إريك', 'bn': 'এরিক', 'hi': 'एरिक'}, 'shortNameTranslation': {'ar': 'إريك', 'bn': 'এরিক', 'hi': 'एरिक'}}}",False,block,regular,"{'x': 18.7, 'y': 56.6, 'z': 0}",left-foot,low-centre,"{'x': 0, 'y': 51.7, 'z': 19}","{'x': 7.7, 'y': 52, 'z': 0}",0.061505656689405,0.0,"{'name': 'Cleiton', 'slug': 'cleiton', 'shortName': 'Cleiton', 'position': 'G', 'jerseyNumber': '1', 'userCount': 552, 'gender': 'M', 'id': 844576, 'fieldTranslations': {'nameTranslation': {'ar': 'كليتون'}, 'shortNameTranslation': {'ar': 'كليتون'}}}",6293559,63,,3728,"{'start': {'x': 56.6, 'y': 18.7}, 'block': {'x': 52, 'y': 7.7}, 'end': {'x': 48.3, 'y': 0}, 'goal': {'x': 48.3, 'y': 81}}",28,1672,1028,shot,,15121159
"{'name': 'Gabriel Baralhas', 'slug': 'gabriel-baralhas', 'shortName': 'G. Baralhas', 'position': 'M', 'jerseyNumber': '44', 'userCount': 850, 'gender': 'M', 'id': 922575, 'fieldTranslations': {'nameTranslation': {'ar': 'غابرييل بارالهاس'}, 'shortNameTranslation': {'ar': 'غ. بارالهاس'}}}",False,block,assisted,"{'x': 28.5, 'y': 48.1, 'z': 0}",right-foot,low-centre,"{'x': 0, 'y': 49.4, 'z': 19}","{'x': 23.3, 'y': 48.6, 'z': 0}",0.02199930883944,0.0,"{'name': 'Cleiton', 'slug': 'cleiton', 'shortName': 'Cleiton', 'position': 'G', 'jerseyNumber': '1', 'userCount': 552, 'gender': 'M', 'id': 844576, 'fieldTranslations': {'nameTranslation': {'ar': 'كليتون'}, 'shortNameTranslation': {'ar': 'كليتون'}}}",6293554,58,,3449,"{'start': {'x': 48.1, 'y': 28.5}, 'block': {'x': 48.6, 'y': 23.3}, 'end': {'x': 50.6, 'y': 0}, 'goal': {'x': 50.6, 'y': 81}}",33,1951,749,shot,,15121159
"{'name': 'Lucas Barbosa', 'firstName': 'Lucas Barbosa', 'slug': 'lucas-barbosa', 'shortName': 'L. Barbosa', 'position': 'M', 'jerseyNumber': '21', 'userCount': 762, 'gender': 'M', 'id': 1067641, 'fieldTranslations': {'nameTranslation': {'ar': 'لوكاس باربوسا'}, 'shortNameTranslation': {'ar': 'ل. باربوسا'}}}",True,goal,throw-in-set-piece,"{'x': 27.8, 'y': 52.2, 'z': 0}",left-foot,low-centre,"{'x': 0, 'y': 50.9, 'z': 1.9}",,0.019288873299956,0.017801797017455,"{'name': 'Thiago Couto', 'slug': 'thiago-couto', 'shortName': 'T. Couto', 'position': 'G', 'jerseyNumber': '12', 'userCount': 419, 'gender': 'M', 'id': 871291, 'fieldTranslations': {'nameTranslation': {'ar': 'تياغو كوتو'}, 'shortNameTranslation': {'ar': 'ت. كوتو'}}}",6293544,51,,3051,"{'start': {'x': 52.2, 'y': 27.8}, 'end': {'x': 49.1, 'y': 0}, 'goal': {'x': 49.1, 'y': 98.1}}",40,2349,351,shot,regular,15121159
"{'name': 'Jhon Jhon', 'firstName': 'Jhon Jhon', 'lastName': '', 'slug': 'jhon-jhon', 'shortName': 'Jhon Jhon', 'position': 'M', 'jerseyNumber': '10', 'userCount': 2837, 'gender': 'M', 'id': 1167069, 'fieldTranslations': {'nameTranslation': {'ar': 'جون جون', 'bn': 'ঝোঁ ঝোঁ', 'hi': 'झोन झोन'}, 'shortNameTranslation': {'ar': 'ج. جون', 'bn': 'ঝোঁ ঝোঁ', 'hi': 'झोन झोन'}}}",True,save,assisted,"{'x': 9.9, 'y': 43.8, 'z': 0}",right-foot,low-right,"{'x': 0, 'y': 46.8, 'z': 4.4}","{'x': 1, 'y': 49.3, 'z': 0}",0.3530370593071,0.81391859054565,"{'name': 'Thiago Couto', 'slug': 'thiago-couto', 'shortName': 'T. Couto', 'position': 'G', 'jerseyNumber': '12', 'userCount': 419, 'gender': 'M', 'id': 871291, 'fieldTranslations': {'nameTranslation': {'ar': 'تياغو كوتو'}, 'shortNameTranslation': {'ar': 'ت. كوتو'}}}",6293471,45,1.0,2717,"{'start': {'x': 43.8, 'y': 9.9}, 'block': {'x': 49.3, 'y': 1}, 'end': {'x': 53.2, 'y': 0}, 'goal': {'x': 53.2, 'y': 95.6}}",1,2683,17,shot,,15121159
"{'name': 'Gustavo Marques', 'firstName': 'Gustavo Marques', 'lastName': '', 'slug': 'gustavo-marques', 'shortName': 'G. Marques', 'position': 'D', 'jerseyNumber': '16', 'userCount': 371, 'gender': 'M', 'id': 1174764, 'fieldTranslations': {'nameTranslation': {'ar': 'غوستافو ماركيس'}, 'shortNameTranslation': {'ar': 'غ. ماركيس'}}}",True,miss,set-piece,"{'x': 18.2, 'y': 44.6, 'z': 0}",right-foot,right,"{'x': 0, 'y': 40.7, 'z': 13.9}",,0.048395588994026,0.0,"{'name': 'Thiago Couto', 'slug': 'thiago-couto', 'shortName': 'T. Couto', 'position': 'G', 'jerseyNumber': '12', 'userCount': 419, 'gender': 'M', 'id': 871291, 'fieldTranslations': {'nameTranslation': {'ar': 'تياغو كوتو'}, 'shortNameTranslation': {'ar': 'ت. كوتو'}}}",6293455,37,,2178,"{'start': {'x': 44.6, 'y': 18.2}, 'end': {'x': 59.3, 'y': 0}, 'goal': {'x': 59.3, 'y': 86.1}}",9,522,2178,shot,,15121159
"{'name': 'Eduardo Sasha', 'firstName': '', 'lastName': '', 'slug': 'eduardo-sasha', 'shortName': 'E. Sasha', 'position': 'F', 'jerseyNumber': '8', 'userCount': 1441, 'gender': 'M', 'id': 143846, 'fieldTranslations': {'nameTranslation': {'ar': 'إدواردو ساشا', 'bn': 'এডুয়ার্ডো সাশা', 'hi': 'एडुआर्डो साशा'}, 'shortNameTranslation': {'ar': 'إ. ساشا', 'bn': 'ই. সাশা', 'hi': 'ई. साशा'}}}",True,miss,assisted,"{'x': 15, 'y': 37.3, 'z': 0}",left-foot,right,"{'x': 0, 'y': 37.1, 'z': 4.2}","{'x': 4.7, 'y': 54.2, 'z': 0}",0.034975919872522,0.0,"{'name': 'Thiago Couto', 'slug': 'thiago-couto', 'shortName': 'T. Couto', 'position': 'G', 'jerseyNumber': '12', 'userCount': 419, 'gender': 'M', 'id': 871291, 'fieldTranslations': {'nameTranslation': {'ar': 'تياغو كوتو'}, 'shortNameTranslation': {'ar': 'ت. كوتو'}}}",6293450,33,,1932,"{'start': {'x': 37.3, 'y': 15}, 'block': {'x': 54.2, 'y': 4.7}, 'end': {'x': 62.9, 'y': 0}, 'goal': {'x': 62.9, 'y': 95.8}}",13,768,1932,shot,,15121159
"{'name': 'Aitor Cantalapiedra', 'slug': 'aitor-cantalapiedra', 'shortName': 'A. Cantalapiedra', 'position': 'F', 'jerseyNumber': '17', 'userCount': 883, 'gender': 'M', 'id': 823831, 'fieldTranslations': {'nameTranslation': {'ar': 'أيتور كانتالابييدرا', 'bn': 'অ্যাটিটর ক্যান্টালাপিয়েড্রা', 'hi': 'एटोर कैंटालैपीड्रा'}, 'shortNameTranslation': {'ar': 'أ. كانتالابييدرا', 'bn': 'এ. ক্যান্টালাপিয়েড্রা', 'hi': 'ए. कैंटालैपीड्रा'}}}",False,miss,assisted,"{'x': 18.4, 'y': 31.1, 'z': 0}",left-foot,high-left,"{'x': 0, 'y': 57.8, 'z': 83.3}",,0.029651112854481,0.0,"{'name': 'Cleiton', 'slug': 'cleiton', 'shortName': 'Cleiton', 'position': 'G', 'jerseyNumber': '1', 'userCount': 552, 'gender': 'M', 'id': 844576, 'fieldTranslations': {'nameTranslation': {'ar': 'كليتون'}, 'shortNameTranslation': {'ar': 'كليتون'}}}",6293445,32,,1881,"{'start': {'x': 31.1, 'y': 18.4}, 'end': {'x': 42.2, 'y': 0}, 'goal': {'x': 42.2, 'y': 16.7}}",14,819,1881,shot,,15121159
"{'name': 'Gustavo Neves', 'slug': 'gustavo-neves', 'shortName': 'G. Neves', 'position': 'M', 'jerseyNumber': '22', 'userCount': 309, 'gender': 'M', 'id': 1463904, 'fieldTranslations': {'nameTranslation': {'ar': 'غوستافو نيفيس'}, 'shortNameTranslation': {'ar': 'غ. نيفيس'}}}",True,block,assisted,"{'x': 12.6, 'y': 54.9, 'z': 0}",right-foot,low-right,"{'x': 0, 'y': 47.1, 'z': 11.1}","{'x': 8.1, 'y': 54.5, 'z': 0}",0.13404084742069,0.0,"{'name': 'Thiago Couto', 'slug': 'thiago-couto', 'shortName': 'T. Couto', 'position': 'G', 'jerseyNumber': '12', 'userCount': 419, 'gender': 'M', 'id': 871291, 'fieldTranslations': {'nameTranslation': {'ar': 'تياغو كوتو'}, 'shortNameTranslation': {'ar': 'ت. كوتو'}}}",6293440,29,,1691,"{'start': {'x': 54.9, 'y': 12.6}, 'block': {'x': 54.5, 'y': 8.1}, 'end': {'x': 52.9, 'y': 0}, 'goal': {'x': 52.9, 'y': 88.9}}",17,1009,1691,shot,,15121159
"{'name': 'Gabriel Girotto', 'slug': 'gabriel-girotto', 'shortName': 'Gabriel', 'position': 'M', 'jerseyNumber': '6', 'userCount': 539, 'gender': 'M', 'id': 242052, 'fieldTranslations': {'nameTranslation': {'ar': 'غابرييل جيروتو'}, 'shortNameTranslation': {'ar': 'غ. جيروتو'}}}",True,save,assisted,"{'x': 12.5, 'y': 64.2, 'z': 0}",right-foot,low-left,"{'x': 0, 'y': 53, 'z': 5.1}","{'x': 1.9, 'y': 52.5, 'z': 0}",0.085196137428284,0.25039774179459,"{'name': 'Thiago Couto', 'slug': 'thiago-couto', 'shortName': 'T. Couto', 'position': 'G', 'jerseyNumber': '12', 'userCount': 419, 'gender': 'M', 'id': 871291, 'fieldTranslations': {'nameTranslation': {'ar': 'تياغو كوتو'}, 'shortNameTranslation': {'ar': 'ت. كوتو'}}}",6293432,29,,1684,"{'start': {'x': 64.2, 'y': 12.5}, 'block': {'x': 52.5, 'y': 1.9}, 'end': {'x': 47, 'y': 0}, 'goal': {'x': 47, 'y': 94.9}}",17,1016,1684,shot,,15121159
"{'name': 'Juninho Capixaba', 'slug': 'juninho-capixaba', 'shortName': 'J. Capixaba', 'position': 'D', 'jerseyNumber': '29', 'userCount': 916, 'gender': 'M', 'id': 870556, 'fieldTranslations': {'nameTranslation': {'ar': 'جونينيو كابيكابا'}, 'shortNameTranslation': {'ar': 'ج. كابيكابا'}}}",True,miss,regular,"{'x': 20.3, 'y': 67.7, 'z': 0}",left-foot,left,"{'x': 0, 'y': 70.4, 'z': 27.8}",,0.049697887152433,0.0,"{'name': 'Thiago Couto', 'slug': 'thiago-couto', 'shortName': 'T. Couto', 'position': 'G', 'jerseyNumber': '12', 'userCount': 419, 'gender': 'M', 'id': 871291, 'fieldTranslations': {'nameTranslation': {'ar': 'تياغو كوتو'}, 'shortNameTranslation': {'ar': 'ت. كوتو'}}}",6293389,23,,1363,"{'start': {'x': 67.7, 'y': 20.3}, 'end': {'x': 29.6, 'y': 0}, 'goal': {'x': 29.6, 'y': 72.2}}",23,1337,1363,shot,,15121159
"{'name': 'Gustavo Neves', 'slug': 'gustavo-neves', 'shortName': 'G. Neves', 'position': 'M', 'jerseyNumber': '22', 'userCount': 309, 'gender': 'M', 'id': 1463904, 'fieldTranslations': {'nameTranslation': {'ar': 'غوستافو نيفيس'}, 'shortNameTranslation': {'ar': 'غ. نيفيس'}}}",True,miss,set-piece,"{'x': 29.9, 'y': 45.2, 'z': 0}",left-foot,high,"{'x': 0, 'y': 55.5, 'z': 77.8}",,0.014668837189674,0.0,"{'name': 'Thiago Couto', 'slug': 'thiago-couto', 'shortName': 'T. Couto', 'position': 'G', 'jerseyNumber': '12', 'userCount': 419, 'gender': 'M', 'id': 871291, 'fieldTranslations': {'nameTranslation': {'ar': 'تياغو كوتو'}, 'shortNameTranslation': {'ar': 'ت. كوتو'}}}",6293386,22,,1289,"{'start': {'x': 45.2, 'y': 29.9}, 'end': {'x': 44.5, 'y': 0}, 'goal': {'x': 44.5, 'y': 22.2}}",24,1411,1289,shot,,15121159
"{'name': 'Eduardo Sasha', 'firstName': '', 'lastName': '', 'slug': 'eduardo-sasha', 'shortName': 'E. Sasha', 'position': 'F', 'jerseyNumber': '8', 'userCount': 1441, 'gender': 'M', 'id': 143846, 'fieldTranslations': {'nameTranslation': {'ar': 'إدواردو ساشا', 'bn': 'এডুয়ার্ডো সাশা', 'hi': 'एडुआर्डो साशा'}, 'shortNameTranslation': {'ar': 'إ. ساشا', 'bn': 'ই. সাশা', 'hi': 'ई. साशा'}}}",True,miss,regular,"{'x': 22.5, 'y': 68.1, 'z': 0}",right-foot,close-right,"{'x': 0, 'y': 43, 'z': 4.2}","{'x': 18.2, 'y': 62.8, 'z': 0}",0.03094144910574,0.0,"{'name': 'Thiago Couto', 'slug': 'thiago-couto', 'shortName': 'T. Couto', 'position': 'G', 'jerseyNumber': '12', 'userCount': 419, 'gender': 'M', 'id': 871291, 'fieldTranslations': {'nameTranslation': {'ar': 'تياغو كوتو'}, 'shortNameTranslation': {'ar': 'ت. كوتو'}}}",6293539,21,,1221,"{'start': {'x': 68.1, 'y': 22.5}, 'block': {'x': 62.8, 'y': 18.2}, 'end': {'x': 57, 'y': 0}, 'goal': {'x': 57, 'y': 95.8}}",25,1479,1221,shot,,15121159
"{'name': 'Erick', 'firstName': '', 'lastName': '', 'slug': 'erick', 'shortName': 'Erick', 'position': 'F', 'jerseyNumber': '33', 'userCount': 1393, 'gender': 'M', 'id': 895650, 'fieldTranslations': {'nameTranslation': {'ar': 'إريك', 'bn': 'এরিক', 'hi': 'एरिक'}, 'shortNameTranslation': {'ar': 'إريك', 'bn': 'এরিক', 'hi': 'एरिक'}}}",False,miss,throw-in-set-piece,"{'x': 14.8, 'y': 55.8, 'z': 0}",left-foot,close-right,"{'x': 0, 'y': 43.2, 'z': 8.3}",,0.13023257255554,0.0,"{'name': 'Cleiton', 'slug': 'cleiton', 'shortName': 'Cleiton', 'position': 'G', 'jerseyNumber': '1', 'userCount': 552, 'gender': 'M', 'id': 844576, 'fieldTranslations': {'nameTranslation': {'ar': 'كليتون'}, 'shortNameTranslation': {'ar': 'كليتون'}}}",6293378,17,,974,"{'start': {'x': 55.8, 'y': 14.8}, 'end': {'x': 56.8, 'y': 0}, 'goal': {'x': 56.8, 'y': 91.7}}",29,1726,974,shot,,15121159
"{'name': 'Eduardo Sasha', 'firstName': '', 'lastName': '', 'slug': 'eduardo-sasha', 'shortName': 'E. Sasha', 'position': 'F', 'jerseyNumber': '8', 'userCount': 1441, 'gender': 'M', 'id': 143846, 'fieldTranslations': {'nameTranslation': {'ar': 'إدواردو ساشا', 'bn': 'এডুয়ার্ডো সাশা', 'hi': 'एडुआर्डो साशा'}, 'shortNameTranslation': {'ar': 'إ. ساشا', 'bn': 'ই. সাশা', 'hi': 'ई. साशा'}}}",True,goal,assisted,"{'x': 4.3, 'y': 49.2, 'z': 0}",right-foot,high-centre,"{'x': 0, 'y': 50.8, 'z': 32.9}",,0.35795167088509,0.79115331172943,"{'name': 'Thiago Couto', 'slug': 'thiago-couto', 'shortName': 'T. Couto', 'position': 'G', 'jerseyNumber': '12', 'userCount': 419, 'gender': 'M', 'id': 871291, 'fieldTranslations': {'nameTranslation': {'ar': 'تياغو كوتو'}, 'shortNameTranslation': {'ar': 'ت. كوتو'}}}",6293367,8,,475,"{'start': {'x': 49.2, 'y': 4.3}, 'end': {'x': 49.2, 'y': 0}, 'goal': {'x': 49.2, 'y': 67.1}}",38,2225,475,shot,regular,15121159
"{'name': 'Erick', 'firstName': '', 'lastName': '', 'slug': 'erick', 'shortName': 'Erick', 'position': 'F', 'jerseyNumber': '33', 'userCount': 1393, 'gender': 'M', 'id': 895650, 'fieldTranslations': {'nameTranslation': {'ar': 'إريك', 'bn': 'এরিক', 'hi': 'एरिक'}, 'shortNameTranslation': {'ar': 'إريك', 'bn': 'এরিক', 'hi': 'एरिक'}}}",False,save,assisted,"{'x': 10.5, 'y': 61.5, 'z': 0}",left-foot,high-centre,"{'x': 0, 'y': 49.4, 'z': 20.3}","{'x': 9, 'y': 60.3, 'z': 0}",0.075750529766083,0.20212325453758,"{'name': 'Cleiton', 'slug': 'cleiton', 'shortName': 'Cleiton', 'position': 'G', 'jerseyNumber': '1', 'userCount': 552, 'gender': 'M', 'id': 844576, 'fieldTranslations': {'nameTranslation': {'ar': 'كليتون'}, 'shortNameTranslation': {'ar': 'كليتون'}}}",6293364,7,,388,"{'start': {'x': 61.5, 'y': 10.5}, 'block': {'x': 60.3, 'y': 9}, 'end': {'x': 50.6, 'y': 0}, 'goal': {'x': 50.6, 'y': 79.7}}",39,2312,388,shot,,15121159
"{'name': 'Eduardo Sasha', 'firstName': '', 'lastName': '', 'slug': 'eduardo-sasha', 'shortName': 'E. Sasha', 'position': 'F', 'jerseyNumber': '8', 'userCount': 1441, 'gender': 'M', 'id': 143846, 'fieldTranslations': {'nameTranslation': {'ar': 'إدواردو ساشا', 'bn': 'এডুয়ার্ডো সাশা', 'hi': 'एडुआर्डो साशा'}, 'shortNameTranslation': {'ar': 'إ. ساشا', 'bn': 'ই. সাশা', 'hi': 'ई. साशा'}}}",True,goal,assisted,"{'x': 9.3, 'y': 38.6, 'z': 0}",right-foot,low-right,"{'x': 0, 'y': 47.8, 'z': 1.3}",,0.40814808011055,0.44148230552673,"{'name': 'Thiago Couto', 'slug': 'thiago-couto', 'shortName': 'T. Couto', 'position': 'G', 'jerseyNumber': '12', 'userCount': 419, 'gender': 'M', 'id': 871291, 'fieldTranslations': {'nameTranslation': {'ar': 'تياغو كوتو'}, 'shortNameTranslation': {'ar': 'ت. كوتو'}}}",6293340,6,,311,"{'start': {'x': 38.6, 'y': 9.3}, 'end': {'x': 52.2, 'y': 0}, 'goal': {'x': 52.2, 'y': 98.7}}",40,2389,311,shot,regular,15121159
"{'name': 'Raniele', 'firstName': '', 'lastName': '', 'slug': 'raniele', 'shortName': 'Raniele', 'position': 'M', 'jerseyNumber': '14', 'userCount': 6199, 'gender': 'M', 'sofascoreId': 'R14niele', 'id': 866392, 'fieldTranslations': {'nameTranslation': {'ar': 'رانيل', 'bn': 'রানিয়েল', 'hi': 'रानीले'}, 'shortNameTranslation': {'ar': 'رانيل', 'bn': 'রানিয়েল', 'hi': 'रानीले'}}}",False,miss,corner,"{'x': 7.2, 'y': 47.5, 'z': 0}",head,high,"{'x': 0, 'y': 50.3, 'z': 63.9}",,0.29348769783974,0.0,"{'name': 'Brenno', 'slug': 'brenno', 'shortName': 'Brenno', 'position': 'G', 'jerseyNumber': '12', 'userCount': 502, 'gender': 'M', 'id': 914481, 'fieldTranslations': {'nameTranslation': {'ar': 'برينو', 'bn': 'ব্রেনো', 'hi': 'ब्रेनो'}, 'shortNameTranslation': {'ar': 'ب. برينو', 'bn': 'ব্রেনো', 'hi': 'ब्रेनो'}}}",6293628,90,2.0,5466,"{'start': {'x': 47.5, 'y': 7.2}, 'end': {'x': 49.7, 'y': 0}, 'goal': {'x': 49.7, 'y': 36.1}}",1,834,66,shot,,13472590
"{'name': 'Ángel Romero', 'slug': 'angel-romero', 'shortName': 'Á. Romero', 'position': 'F', 'jerseyNumber': '29', 'userCount': 10588, 'gender': 'M', 'sofascoreId': 'ÁRomero', 'id': 1197041, 'fieldTranslations': {'nameTranslation': {'ar': 'أنخيل روميرو', 'bn': 'অ্যাঞ্জেল রোমেরো', 'hi': 'एंजेल रोमेरो'}, 'shortNameTranslation': {'ar': 'أ. روميرو', 'bn': 'অ্যাঞ্জেল রোমেরো', 'hi': 'एंजेल रोमेरो'}}}",False,save,assisted,"{'x': 4.5, 'y': 53.8, 'z': 0}",head,low-right,"{'x': 0, 'y': 47.7, 'z': 16.5}","{'x': 1, 'y': 54.2, 'z': 0}",0.51524215936661,0.84499990940094,"{'name': 'Brenno', 'slug': 'brenno', 'shortName': 'Brenno', 'position': 'G', 'jerseyNumber': '12', 'userCount': 502, 'gender': 'M', 'id': 914481, 'fieldTranslations': {'nameTranslation': {'ar': 'برينو', 'bn': 'ব্রেনো', 'hi': 'ब्रेनो'}, 'shortNameTranslation': {'ar': 'ب. برينو', 'bn': 'ব্রেনো', 'hi': 'ब्रेनो'}}}",6293629,90,1.0,5412,"{'start': {'x': 53.8, 'y': 4.5}, 'block': {'x': 54.2, 'y': 1}, 'end': {'x': 52.3, 'y': 0}, 'goal': {'x': 52.3, 'y': 83.5}}",1,888,12,shot,,13472590
"{'name': 'Matheus Pereira', 'firstName': '', 'lastName': '', 'slug': 'pereira-matheus', 'shortName': 'M. Pereira', 'position': 'M', 'jerseyNumber': '23', 'userCount': 3475, 'gender': 'M', 'id': 795268, 'fieldTranslations': {'nameTranslation': {'ar': 'بيريرا، ماثيو', 'bn': 'পেরেরা, ম্যাথিউস', 'hi': 'परेरा, मैथियस'}, 'shortNameTranslation': {'ar': 'م. بيريرا', 'bn': 'এম. পেরেরা', 'hi': 'एम. परेरा'}}}",True,block,assisted,"{'x': 30.3, 'y': 47.4, 'z': 0}",right-foot,low-centre,"{'x': 0, 'y': 51.2, 'z': 19}","{'x': 15.3, 'y': 48, 'z': 0}",0.018365511670709,0.0,"{'name': 'Hugo Souza', 'slug': 'hugo-souza', 'shortName': 'H. Souza', 'position': 'G', 'jerseyNumber': '1', 'userCount': 25726, 'gender': 'M', 'sofascoreId': 'hugosouza', 'id': 950454, 'fieldTranslations': {'nameTranslation': {'ar': 'هوغو سوزا', 'bn': 'হুগো সুজা', 'hi': 'ह्यूगो सूज़ा'}, 'shortNameTranslation': {'ar': 'ه. سوزا', 'bn': 'এইচ. সুজা', 'hi': 'एच. सूज़ा'}}}",6293607,80,,4748,"{'start': {'x': 47.4, 'y': 30.3}, 'block': {'x': 48, 'y': 15.3}, 'end': {'x': 48.8, 'y': 0}, 'goal': {'x': 48.8, 'y': 81}}",11,652,2048,shot,,13472590
"{'name': 'Moisés', 'firstName': 'Moisés', 'slug': 'moises', 'shortName': 'Moisés', 'position': 'M', 'jerseyNumber': '21', 'userCount': 1137, 'gender': 'M', 'id': 1046501, 'fieldTranslations': {'nameTranslation': {'ar': 'مويزس'}, 'shortNameTranslation': {'ar': 'مويزس'}}}",True,miss,fast-break,"{'x': 8.6, 'y': 36.1, 'z': 0}",left-foot,high,"{'x': 0, 'y': 54.3, 'z': 68.1}",,0.091964967548847,0.0,"{'name': 'Hugo Souza', 'slug': 'hugo-souza', 'shortName': 'H. Souza', 'position': 'G', 'jerseyNumber': '1', 'userCount': 25726, 'gender': 'M', 'sofascoreId': 'hugosouza', 'id': 950454, 'fieldTranslations': {'nameTranslation': {'ar': 'هوغو سوزا', 'bn': 'হুগো সুজা', 'hi': 'ह्यूगो सूज़ा'}, 'shortNameTranslation': {'ar': 'ه. سوزا', 'bn': 'এইচ. সুজা', 'hi': 'एच. सूज़ा'}}}",6293603,78,,4667,"{'start': {'x': 36.1, 'y': 8.6}, 'end': {'x': 45.7, 'y': 0}, 'goal': {'x': 45.7, 'y': 31.9}}",13,733,1967,shot,,13472590
"{'name': 'André Luiz', 'firstName': 'André Luiz', 'slug': 'andre-luiz', 'shortName': 'A. Luiz', 'position': 'M', 'jerseyNumber': '49', 'userCount': 2401, 'gender': 'M', 'id': 1647612, 'fieldTranslations': {'nameTranslation': {'ar': 'أندريه لويز'}, 'shortNameTranslation': {'ar': 'أ. لويز'}}}",False,block,assisted,"{'x': 22.8, 'y': 66.3, 'z': 0}",right-foot,low-centre,"{'x': 0, 'y': 48.9, 'z': 19}","{'x': 11.1, 'y': 58.5, 'z': 0}",0.022953884676099,0.0,"{'name': 'Brenno', 'slug': 'brenno', 'shortName': 'Brenno', 'position': 'G', 'jerseyNumber': '12', 'userCount': 502, 'gender': 'M', 'id': 914481, 'fieldTranslations': {'nameTranslation': {'ar': 'برينو', 'bn': 'ব্রেনো', 'hi': 'ब्रेनो'}, 'shortNameTranslation': {'ar': 'ب. برينو', 'bn': 'ব্রেনো', 'hi': 'ब्रेनो'}}}",6293602,77,,4616,"{'start': {'x': 66.3, 'y': 22.8}, 'block': {'x': 58.5, 'y': 11.1}, 'end': {'x': 51.1, 'y': 0}, 'goal': {'x': 51.1, 'y': 81}}",14,784,1916,shot,,13472590
"{'name': 'Talles Magno', 'firstName': '', 'lastName': '', 'slug': 'talles-magno', 'shortName': 'T. Magno', 'position': 'F', 'jerseyNumber': '11', 'userCount': 7630, 'gender': 'M', 'sofascoreId': 'TallesMagico', 'id': 985860, 'fieldTranslations': {'nameTranslation': {'ar': 'تالس ماغنو'}, 'shortNameTranslation': {'ar': 'ت. ماغنو'}}}",False,miss,assisted,"{'x': 9.5, 'y': 48.1, 'z': 0}",head,right,"{'x': 0, 'y': 32.9, 'z': 11.1}","{'x': 2.3, 'y': 67, 'z': 0}",0.091155909001827,0.0,"{'name': 'Brenno', 'slug': 'brenno', 'shortName': 'Brenno', 'position': 'G', 'jerseyNumber': '12', 'userCount': 502, 'gender': 'M', 'id': 914481, 'fieldTranslations': {'nameTranslation': {'ar': 'برينو', 'bn': 'ব্রেনো', 'hi': 'ब्रेनो'}, 'shortNameTranslation': {'ar': 'ب. برينو', 'bn': 'ব্রেনো', 'hi': 'ब्रेनो'}}}",6293594,75,,4457,"{'start': {'x': 48.1, 'y': 9.5}, 'block': {'x': 67, 'y': 2.3}, 'end': {'x': 67.1, 'y': 0}, 'goal': {'x': 67.1, 'y': 88.9}}",16,943,1757,shot,,13472590
"{'name': 'André Luiz', 'firstName': 'André Luiz', 'slug': 'andre-luiz', 'shortName': 'A. Luiz', 'position': 'M', 'jerseyNumber': '49', 'userCount': 2401, 'gender': 'M', 'id': 1647612, 'fieldTranslations': {'nameTranslation': {'ar': 'أندريه لويز'}, 'shortNameTranslation': {'ar': 'أ. لويز'}}}",False,goal,assisted,"{'x': 13, 'y': 48.9, 'z': 0}",right-foot,low-right,"{'x': 0, 'y': 47.2, 'z': 4.4}",,0.28526559472084,0.57862079143524,"{'name': 'Brenno', 'slug': 'brenno', 'shortName': 'Brenno', 'position': 'G', 'jerseyNumber': '12', 'userCount': 502, 'gender': 'M', 'id': 914481, 'fieldTranslations': {'nameTranslation': {'ar': 'برينو', 'bn': 'ব্রেনো', 'hi': 'ब्रेनो'}, 'shortNameTranslation': {'ar': 'ب. برينو', 'bn': 'ব্রেনো', 'hi': 'ब्रेनो'}}}",6293586,70,,4151,"{'start': {'x': 48.9, 'y': 13}, 'end': {'x': 52.8, 'y': 0}, 'goal': {'x': 52.8, 'y': 95.6}}",21,1249,1451,shot,regular,13472590
"{'name': 'Dieguinho', 'firstName': 'Diego', 'lastName': 'da Cruz Lopes', 'slug': 'diego-da-cruz-lopes', 'shortName': 'Dieguinho', 'position': 'M', 'jerseyNumber': '61', 'userCount': 2484, 'gender': 'M', 'id': 1916131, 'fieldTranslations': {'nameTranslation': {'ar': 'ديغوينيو'}, 'shortNameTranslation': {'ar': 'ديغوينيو'}}}",False,save,fast-break,"{'x': 19.5, 'y': 57.7, 'z': 0}",right-foot,low-centre,"{'x': 0, 'y': 49.1, 'z': 1.9}","{'x': 0.90000000000001, 'y': 50.2, 'z': 0}",0.084843136370182,0.045739043504,"{'name': 'Brenno', 'slug': 'brenno', 'shortName': 'Brenno', 'position': 'G', 'jerseyNumber': '12', 'userCount': 502, 'gender': 'M', 'id': 914481, 'fieldTranslations': {'nameTranslation': {'ar': 'برينو', 'bn': 'ব্রেনো', 'hi': 'ब्रेनो'}, 'shortNameTranslation': {'ar': 'ب. برينو', 'bn': 'ব্রেনো', 'hi': 'ब्रेनो'}}}",6293581,68,,4079,"{'start': {'x': 57.7, 'y': 19.5}, 'block': {'x': 50.2, 'y': 0.90000000000001}, 'end': {'x': 50.9, 'y': 0}, 'goal': {'x': 50.9, 'y': 98.1}}",23,1321,1379,shot,,13472590
"{'name': 'Eros Mancuso', 'firstName': 'Eros Mancuso', 'lastName': '', 'slug': 'eros-mancuso', 'shortName': 'E. Mancuso', 'position': 'D', 'jerseyNumber': '40', 'userCount': 489, 'gender': 'M', 'id': 1116624, 'fieldTranslations': {'nameTranslation': {'ar': 'إيروس مانكوسو'}, 'shortNameTranslation': {'ar': 'إ. مانكوسو'}}}",True,block,regular,"{'x': 6.6, 'y': 70.6, 'z': 0}",right-foot,low-centre,"{'x': 0, 'y': 48.4, 'z': 19}","{'x': 5.5, 'y': 67.5, 'z': 0}",0.035692360252142,0.0,"{'name': 'Hugo Souza', 'slug': 'hugo-souza', 'shortName': 'H. Souza', 'position': 'G', 'jerseyNumber': '1', 'userCount': 25726, 'gender': 'M', 'sofascoreId': 'hugosouza', 'id': 950454, 'fieldTranslations': {'nameTranslation': {'ar': 'هوغو سوزا', 'bn': 'হুগো সুজা', 'hi': 'ह्यूगो सूज़ा'}, 'shortNameTranslation': {'ar': 'ه. سوزا', 'bn': 'এইচ. সুজা', 'hi': 'एच. सूज़ा'}}}",6293577,66,,3900,"{'start': {'x': 70.6, 'y': 6.6}, 'block': {'x': 67.5, 'y': 5.5}, 'end': {'x': 51.6, 'y': 0}, 'goal': {'x': 51.6, 'y': 81}}",25,1500,1200,shot,,13472590
"{'name': 'Gustavo Henrique', 'slug': 'gustavo-henrique', 'shortName': 'G. Henrique', 'position': 'D', 'jerseyNumber': '13', 'userCount': 5461, 'gender': 'M', 'id': 243181, 'fieldTranslations': {'nameTranslation': {'ar': 'غوستافو هنريك', 'bn': 'গুস্তাভো হেনরিক', 'hi': 'गुस्तावो हेनरिक'}, 'shortNameTranslation': {'ar': 'غ. هنريك', 'bn': 'গুস্তাভো হেনরিক', 'hi': 'गुस्तावो हेनरिक'}}}",False,miss,corner,"{'x': 9.7, 'y': 43.4, 'z': 0}",left-foot,left,"{'x': 0, 'y': 61.7, 'z': 37.5}",,0.082875229418278,0.0,"{'name': 'Brenno', 'slug': 'brenno', 'shortName': 'Brenno', 'position': 'G', 'jerseyNumber': '12', 'userCount': 502, 'gender': 'M', 'id': 914481, 'fieldTranslations': {'nameTranslation': {'ar': 'برينو', 'bn': 'ব্রেনো', 'hi': 'ब्रेनो'}, 'shortNameTranslation': {'ar': 'ب. برينو', 'bn': 'ব্রেনো', 'hi': 'ब्रेनो'}}}",6293571,64,,3828,"{'start': {'x': 43.4, 'y': 9.7}, 'end': {'x': 38.3, 'y': 0}, 'goal': {'x': 38.3, 'y': 62.5}}",27,1572,1128,shot,,13472590
"{'name': 'Gustavo Henrique', 'slug': 'gustavo-henrique', 'shortName': 'G. Henrique', 'position': 'D', 'jerseyNumber': '13', 'userCount': 5461, 'gender': 'M', 'id': 243181, 'fieldTranslations': {'nameTranslation': {'ar': 'غوستافو هنريك', 'bn': 'গুস্তাভো হেনরিক', 'hi': 'गुस्तावो हेनरिक'}, 'shortNameTranslation': {'ar': 'غ. هنريك', 'bn': 'গুস্তাভো হেনরিক', 'hi': 'गुस्तावो हेनरिक'}}}",False,miss,corner,"{'x': 12.1, 'y': 45.4, 'z': 0}",head,right,"{'x': 0, 'y': 37.8, 'z': 22.2}","{'x': 7.2, 'y': 51.8, 'z': 0}",0.016904639080167,0.0,"{'name': 'Brenno', 'slug': 'brenno', 'shortName': 'Brenno', 'position': 'G', 'jerseyNumber': '12', 'userCount': 502, 'gender': 'M', 'id': 914481, 'fieldTranslations': {'nameTranslation': {'ar': 'برينو', 'bn': 'ব্রেনো', 'hi': 'ब्रेनो'}, 'shortNameTranslation': {'ar': 'ب. برينو', 'bn': 'ব্রেনো', 'hi': 'ब्रेनो'}}}",6293573,64,,3826,"{'start': {'x': 45.4, 'y': 12.1}, 'block': {'x': 51.8, 'y': 7.2}, 'end': {'x': 62.2, 'y': 0}, 'goal': {'x': 62.2, 'y': 77.8}}",27,1574,1126,shot,,13472590
"{'name': 'Vitinho', 'slug': 'vitinho', 'shortName': 'Vitinho', 'position': 'F', 'jerseyNumber': '11', 'userCount': 4011, 'gender': 'M', 'id': 242054, 'fieldTranslations': {'nameTranslation': {'ar': 'فيتينهو', 'bn': 'ভিতিনহো', 'hi': 'विटिन्हो'}, 'shortNameTranslation': {'ar': 'فيتينهو', 'bn': 'ভিতিনহো', 'hi': 'विटिन्हो'}}}",False,block,assisted,"{'x': 11, 'y': 29.1, 'z': 0}",left-foot,low-centre,"{'x': 0, 'y': 51.4, 'z': 19}","{'x': 9.3, 'y': 32.1, 'z': 0}",0.032387915998697,0.0,"{'name': 'Brenno', 'slug': 'brenno', 'shortName': 'Brenno', 'position': 'G', 'jerseyNumber': '12', 'userCount': 502, 'gender': 'M', 'id': 914481, 'fieldTranslations': {'nameTranslation': {'ar': 'برينو', 'bn': 'ব্রেনো', 'hi': 'ब्रेनो'}, 'shortNameTranslation': {'ar': 'ب. برينو', 'bn': 'ব্রেনো', 'hi': 'ब्रेनो'}}}",6293568,64,,3794,"{'start': {'x': 29.1, 'y': 11}, 'block': {'x': 32.1, 'y': 9.3}, 'end': {'x': 48.6, 'y': 0}, 'goal': {'x': 48.6, 'y': 81}}",27,1606,1094,shot,,13472590
"{'name': 'José Herrera', 'firstName': 'José Herrera', 'slug': 'jose-herrera', 'shortName': 'J. Herrera', 'position': 'F', 'jerseyNumber': '32', 'userCount': 473, 'gender': 'M', 'id': 1179171, 'fieldTranslations': {'nameTranslation': {'ar': 'خوسيه هيريرا'}, 'shortNameTranslation': {'ar': 'خ. هيريرا'}}}",True,goal,regular,"{'x': 19.3, 'y': 48.1, 'z': 0}",left-foot,high-centre,"{'x': 0, 'y': 50, 'z': 24.1}",,0.19340398907661,0.087555207312107,"{'name': 'Hugo Souza', 'slug': 'hugo-souza', 'shortName': 'H. Souza', 'position': 'G', 'jerseyNumber': '1', 'userCount': 25726, 'gender': 'M', 'sofascoreId': 'hugosouza', 'id': 950454, 'fieldTranslations': {'nameTranslation': {'ar': 'هوغو سوزا', 'bn': 'হুগো সুজা', 'hi': 'ह्यूगो सूज़ा'}, 'shortNameTranslation': {'ar': 'ه. سوزا', 'bn': 'এইচ. সুজা', 'hi': 'एच. सूज़ा'}}}",6293561,58,,3457,"{'start': {'x': 48.1, 'y': 19.3}, 'end': {'x': 50, 'y': 0}, 'goal': {'x': 50, 'y': 75.9}}",33,1943,757,shot,regular,13472590
"{'name': 'Tomás Pochettino', 'firstName': '', 'lastName': '', 'slug': 'tomas-pochettino', 'shortName': 'T. Pochettino', 'position': 'M', 'jerseyNumber': '7', 'userCount': 989, 'gender': 'M', 'id': 824626, 'fieldTranslations': {'nameTranslation': {'ar': 'توماس بوتشيتينو', 'bn': 'টমাস পোচেত্তিনো', 'hi': 'टॉमस पोचेतीनो'}, 'shortNameTranslation': {'ar': 'ت. بوتشيتينو', 'bn': 'টি. পোচেত্তিনো', 'hi': 'टी. पोचेतीनो'}}}",True,save,assisted,"{'x': 23.4, 'y': 41.9, 'z': 0}",right-foot,low-right,"{'x': 0, 'y': 46.6, 'z': 3.2}","{'x': 1.5, 'y': 48.9, 'z': 0}",0.028424680233002,0.20477788150311,"{'name': 'Hugo Souza', 'slug': 'hugo-souza', 'shortName': 'H. Souza', 'position': 'G', 'jerseyNumber': '1', 'userCount': 25726, 'gender': 'M', 'sofascoreId': 'hugosouza', 'id': 950454, 'fieldTranslations': {'nameTranslation': {'ar': 'هوغو سوزا', 'bn': 'হুগো সুজা', 'hi': 'ह्यूगो सूज़ा'}, 'shortNameTranslation': {'ar': 'ه. سوزا', 'bn': 'এইচ. সুজা', 'hi': 'एच. सूज़ा'}}}",6293549,50,,2988,"{'start': {'x': 41.9, 'y': 23.4}, 'block': {'x': 48.9, 'y': 1.5}, 'end': {'x': 53.4, 'y': 0}, 'goal': {'x': 53.4, 'y': 96.8}}",41,2412,288,shot,,13472590
"{'name': 'André Ramalho', 'slug': 'andre-ramalho', 'shortName': 'A. Ramalho', 'position': 'D', 'jerseyNumber': '5', 'userCount': 5372, 'gender': 'M', 'id': 148155, 'fieldTranslations': {'nameTranslation': {'ar': 'أندريه رامالو', 'bn': 'আন্দ্রে রামালহো', 'hi': 'आंद्रे रामाल्हो'}, 'shortNameTranslation': {'ar': 'أ. رامالو', 'bn': 'এ. রামালহো', 'hi': 'ए. रामाल्हो'}}}",False,block,assisted,"{'x': 26.3, 'y': 46, 'z': 0}",left-foot,low-centre,"{'x': 0, 'y': 50.6, 'z': 19}","{'x': 19, 'y': 46.9, 'z': 0}",0.024144725874066,0.0,"{'name': 'Brenno', 'slug': 'brenno', 'shortName': 'Brenno', 'position': 'G', 'jerseyNumber': '12', 'userCount': 502, 'gender': 'M', 'id': 914481, 'fieldTranslations': {'nameTranslation': {'ar': 'برينو', 'bn': 'ব্রেনো', 'hi': 'ब्रेनो'}, 'shortNameTranslation': {'ar': 'ب. برينو', 'bn': 'ব্রেনো', 'hi': 'ब्रेनो'}}}",6293548,49,,2907,"{'start': {'x': 46, 'y': 26.3}, 'block': {'x': 46.9, 'y': 19}, 'end': {'x': 49.4, 'y': 0}, 'goal': {'x': 49.4, 'y': 81}}",42,2493,207,shot,,13472590
"{'name': 'Vitinho', 'slug': 'vitinho', 'shortName': 'Vitinho', 'position': 'F', 'jerseyNumber': '11', 'userCount': 4011, 'gender': 'M', 'id': 242054, 'fieldTranslations': {'nameTranslation': {'ar': 'فيتينهو', 'bn': 'ভিতিনহো', 'hi': 'विटिन्हो'}, 'shortNameTranslation': {'ar': 'فيتينهو', 'bn': 'ভিতিনহো', 'hi': 'विटिन्हो'}}}",False,save,assisted,"{'x': 9.2, 'y': 44.6, 'z': 0}",head,low-left,"{'x': 0, 'y': 52.7, 'z': 3.2}","{'x': 1.1, 'y': 48.9, 'z': 0}",0.052611075341702,0.16051962971687,"{'name': 'Brenno', 'slug': 'brenno', 'shortName': 'Brenno', 'position': 'G', 'jerseyNumber': '12', 'userCount': 502, 'gender': 'M', 'id': 914481, 'fieldTranslations': {'nameTranslation': {'ar': 'برينو', 'bn': 'ব্রেনো', 'hi': 'ब्रेनो'}, 'shortNameTranslation': {'ar': 'ب. برينو', 'bn': 'ব্রেনো', 'hi': 'ब्रेनो'}}}",6293545,49,,2885,"{'start': {'x': 44.6, 'y': 9.2}, 'block': {'x': 48.9, 'y': 1.1}, 'end': {'x': 47.3, 'y': 0}, 'goal': {'x': 47.3, 'y': 96.8}}",42,2515,185,shot,,13472590
"{'name': 'José Herrera', 'firstName': 'José Herrera', 'slug': 'jose-herrera', 'shortName': 'J. Herrera', 'position': 'F', 'jerseyNumber': '32', 'userCount': 473, 'gender': 'M', 'id': 1179171, 'fieldTranslations': {'nameTranslation': {'ar': 'خوسيه هيريرا'}, 'shortNameTranslation': {'ar': 'خ. هيريرا'}}}",True,block,assisted,"{'x': 18.7, 'y': 54.4, 'z': 0}",left-foot,low-centre,"{'x': 0, 'y': 49.7, 'z': 19}","{'x': 15.1, 'y': 53.6, 'z': 0}",0.093907721340656,0.0,"{'name': 'Hugo Souza', 'slug': 'hugo-souza', 'shortName': 'H. Souza', 'position': 'G', 'jerseyNumber': '1', 'userCount': 25726, 'gender': 'M', 'sofascoreId': 'hugosouza', 'id': 950454, 'fieldTranslations': {'nameTranslation': {'ar': 'هوغو سوزا', 'bn': 'হুগো সুজা', 'hi': 'ह्यूगो सूज़ा'}, 'shortNameTranslation': {'ar': 'ه. سوزا', 'bn': 'এইচ. সুজা', 'hi': 'एच. सूज़ा'}}}",6293542,47,,2779,"{'start': {'x': 54.4, 'y': 18.7}, 'block': {'x': 53.6, 'y': 15.1}, 'end': {'x': 50.3, 'y': 0}, 'goal': {'x': 50.3, 'y': 81}}",44,2621,79,shot,,13472590
"{'name': 'Tomás Pochettino', 'firstName': '', 'lastName': '', 'slug': 'tomas-pochettino', 'shortName': 'T. Pochettino', 'position': 'M', 'jerseyNumber': '7', 'userCount': 989, 'gender': 'M', 'id': 824626, 'fieldTranslations': {'nameTranslation': {'ar': 'توماس بوتشيتينو', 'bn': 'টমাস পোচেত্তিনো', 'hi': 'टॉमस पोचेतीनो'}, 'shortNameTranslation': {'ar': 'ت. بوتشيتينو', 'bn': 'টি. পোচেত্তিনো', 'hi': 'टी. पोचेतीनो'}}}",True,block,assisted,"{'x': 25.4, 'y': 38.9, 'z': 0}",right-foot,low-centre,"{'x': 0, 'y': 49.9, 'z': 19}","{'x': 22.3, 'y': 40.2, 'z': 0}",0.016882963478565,0.0,"{'name': 'Hugo Souza', 'slug': 'hugo-souza', 'shortName': 'H. Souza', 'position': 'G', 'jerseyNumber': '1', 'userCount': 25726, 'gender': 'M', 'sofascoreId': 'hugosouza', 'id': 950454, 'fieldTranslations': {'nameTranslation': {'ar': 'هوغو سوزا', 'bn': 'হুগো সুজা', 'hi': 'ह्यूगो सूज़ा'}, 'shortNameTranslation': {'ar': 'ه. سوزا', 'bn': 'এইচ. সুজা', 'hi': 'एच. सूज़ा'}}}",6293473,45,1.0,2756,"{'start': {'x': 38.9, 'y': 25.4}, 'block': {'x': 40.2, 'y': 22.3}, 'end': {'x': 50.1, 'y': 0}, 'goal': {'x': 50.1, 'y': 81}}",1,2644,56,shot,,13472590
"{'name': 'José Herrera', 'firstName': 'José Herrera', 'slug': 'jose-herrera', 'shortName': 'J. Herrera', 'position': 'F', 'jerseyNumber': '32', 'userCount': 473, 'gender': 'M', 'id': 1179171, 'fieldTranslations': {'nameTranslation': {'ar': 'خوسيه هيريرا'}, 'shortNameTranslation': {'ar': 'خ. هيريرا'}}}",True,miss,fast-break,"{'x': 25.3, 'y': 60.7, 'z': 0}",left-foot,high-left,"{'x': 0, 'y': 59.7, 'z': 98.6}",,0.048711448907852,0.0,"{'name': 'Hugo Souza', 'slug': 'hugo-souza', 'shortName': 'H. Souza', 'position': 'G', 'jerseyNumber': '1', 'userCount': 25726, 'gender': 'M', 'sofascoreId': 'hugosouza', 'id': 950454, 'fieldTranslations': {'nameTranslation': {'ar': 'هوغو سوزا', 'bn': 'হুগো সুজা', 'hi': 'ह्यूगो सूज़ा'}, 'shortNameTranslation': {'ar': 'ه. سوزا', 'bn': 'এইচ. সুজা', 'hi': 'एच. सूज़ा'}}}",6293472,45,,2655,"{'start': {'x': 60.7, 'y': 25.3}, 'end': {'x': 40.3, 'y': 0}, 'goal': {'x': 40.3, 'y': 1.4}}",1,45,2655,shot,,13472590
"{'name': 'Gui Negão', 'slug': 'guilherme-silva-inacio', 'shortName': 'G. Negão', 'position': 'F', 'jerseyNumber': '56', 'userCount': 6655, 'gender': 'M', 'id': 1922597, 'fieldTranslations': {'nameTranslation': {'ar': 'غوي نيجاو'}, 'shortNameTranslation': {'ar': 'غ. نيجاو'}}}",False,block,assisted,"{'x': 4.6, 'y': 48.3, 'z': 0}",right-foot,low-centre,"{'x': 0, 'y': 50.8, 'z': 19}","{'x': 3.3, 'y': 48.6, 'z': 0}",0.41404229402542,0.0,"{'name': 'Brenno', 'slug': 'brenno', 'shortName': 'Brenno', 'position': 'G', 'jerseyNumber': '12', 'userCount': 502, 'gender': 'M', 'id': 914481, 'fieldTranslations': {'nameTranslation': {'ar': 'برينو', 'bn': 'ব্রেনো', 'hi': 'ब्रेनो'}, 'shortNameTranslation': {'ar': 'ب. برينو', 'bn': 'ব্রেনো', 'hi': 'ब्रेनो'}}}",6293470,42,,2518,"{'start': {'x': 48.3, 'y': 4.6}, 'block': {'x': 48.6, 'y': 3.3}, 'end': {'x': 49.2, 'y': 0}, 'goal': {'x': 49.2, 'y': 81}}",4,182,2518,shot,,13472590
"{'name': 'Dieguinho', 'firstName': 'Diego', 'lastName': 'da Cruz Lopes', 'slug': 'diego-da-cruz-lopes', 'shortName': 'Dieguinho', 'position': 'M', 'jerseyNumber': '61', 'userCount': 2484, 'gender': 'M', 'id': 1916131, 'fieldTranslations': {'nameTranslation': {'ar': 'ديغوينيو'}, 'shortNameTranslation': {'ar': 'ديغوينيو'}}}",False,miss,assisted,"{'x': 14.9, 'y': 69.4, 'z': 0}",left-foot,close-left,"{'x': 0, 'y': 56.6, 'z': 33.3}",,0.034870680421591,0.0,"{'name': 'Brenno', 'slug': 'brenno', 'shortName': 'Brenno', 'position': 'G', 'jerseyNumber': '12', 'userCount': 502, 'gender': 'M', 'id': 914481, 'fieldTranslations': {'nameTranslation': {'ar': 'برينو', 'bn': 'ব্রেনো', 'hi': 'ब्रेनो'}, 'shortNameTranslation': {'ar': 'ب. برينو', 'bn': 'ব্রেনো', 'hi': 'ब्रेनो'}}}",6293461,37,,2164,"{'start': {'x': 69.4, 'y': 14.9}, 'end': {'x': 43.4, 'y': 0}, 'goal': {'x': 43.4, 'y': 66.7}}",9,536,2164,shot,,13472590
"{'name': 'Maycon', 'slug': 'maycon', 'shortName': 'Maycon', 'position': 'M', 'jerseyNumber': '8', 'userCount': 3551, 'gender': 'M', 'id': 831778, 'fieldTranslations': {'nameTranslation': {'ar': 'مايكون', 'bn': 'মেকন', 'hi': 'मेकॉन'}, 'shortNameTranslation': {'ar': 'م. مايكون', 'bn': 'মেকন', 'hi': 'मेकॉन'}}}",False,save,assisted,"{'x': 19.8, 'y': 54.2, 'z': 0}",left-foot,high-left,"{'x': 0, 'y': 53.9, 'z': 20.3}","{'x': 1, 'y': 50.5, 'z': 0}",0.059669110924006,0.46918922662735,"{'name': 'Brenno', 'slug': 'brenno', 'shortName': 'Brenno', 'position': 'G', 'jerseyNumber': '12', 'userCount': 502, 'gender': 'M', 'id': 914481, 'fieldTranslations': {'nameTranslation': {'ar': 'برينو', 'bn': 'ব্রেনো', 'hi': 'ब्रेनो'}, 'shortNameTranslation': {'ar': 'ب. برينو', 'bn': 'ব্রেনো', 'hi': 'ब्रेनो'}}}",6293454,34,,1995,"{'start': {'x': 54.2, 'y': 19.8}, 'block': {'x': 50.5, 'y': 1}, 'end': {'x': 46.1, 'y': 0}, 'goal': {'x': 46.1, 'y': 79.7}}",12,705,1995,shot,,13472590
"{'name': 'Gui Negão', 'slug': 'guilherme-silva-inacio', 'shortName': 'G. Negão', 'position': 'F', 'jerseyNumber': '56', 'userCount': 6655, 'gender': 'M', 'id': 1922597, 'fieldTranslations': {'nameTranslation': {'ar': 'غوي نيجاو'}, 'shortNameTranslation': {'ar': 'غ. نيجاو'}}}",False,block,assisted,"{'x': 7.1, 'y': 32.3, 'z': 0}",left-foot,low-centre,"{'x': 0, 'y': 50.8, 'z': 19}","{'x': 5.5, 'y': 35.4, 'z': 0}",0.045390263199806,0.0,"{'name': 'Brenno', 'slug': 'brenno', 'shortName': 'Brenno', 'position': 'G', 'jerseyNumber': '12', 'userCount': 502, 'gender': 'M', 'id': 914481, 'fieldTranslations': {'nameTranslation': {'ar': 'برينو', 'bn': 'ব্রেনো', 'hi': 'ब्रेनो'}, 'shortNameTranslation': {'ar': 'ب. برينو', 'bn': 'ব্রেনো', 'hi': 'ब्रेनो'}}}",6293453,31,,1859,"{'start': {'x': 32.3, 'y': 7.1}, 'block': {'x': 35.4, 'y': 5.5}, 'end': {'x': 49.2, 'y': 0}, 'goal': {'x': 49.2, 'y': 81}}",15,841,1859,shot,,13472590
"{'name': 'Tomás Pochettino', 'firstName': '', 'lastName': '', 'slug': 'tomas-pochettino', 'shortName': 'T. Pochettino', 'position': 'M', 'jerseyNumber': '7', 'userCount': 989, 'gender': 'M', 'id': 824626, 'fieldTranslations': {'nameTranslation': {'ar': 'توماس بوتشيتينو', 'bn': 'টমাস পোচেত্তিনো', 'hi': 'टॉमस पोचेतीनो'}, 'shortNameTranslation': {'ar': 'ت. بوتشيتينو', 'bn': 'টি. পোচেত্তিনো', 'hi': 'टी. पोचेतीनो'}}}",True,miss,assisted,"{'x': 21.8, 'y': 35.4, 'z': 0}",right-foot,close-left,"{'x': 0, 'y': 58.5, 'z': 2.8}",,0.025882713496685,0.0,"{'name': 'Hugo Souza', 'slug': 'hugo-souza', 'shortName': 'H. Souza', 'position': 'G', 'jerseyNumber': '1', 'userCount': 25726, 'gender': 'M', 'sofascoreId': 'hugosouza', 'id': 950454, 'fieldTranslations': {'nameTranslation': {'ar': 'هوغو سوزا', 'bn': 'হুগো সুজা', 'hi': 'ह्यूगो सूज़ा'}, 'shortNameTranslation': {'ar': 'ه. سوزا', 'bn': 'এইচ. সুজা', 'hi': 'एच. सूज़ा'}}}",6293434,26,,1534,"{'start': {'x': 35.4, 'y': 21.8}, 'end': {'x': 41.5, 'y': 0}, 'goal': {'x': 41.5, 'y': 97.2}}",20,1166,1534,shot,,13472590
"{'name': 'Vitinho', 'slug': 'vitinho', 'shortName': 'Vitinho', 'position': 'F', 'jerseyNumber': '11', 'userCount': 4011, 'gender': 'M', 'id': 242054, 'fieldTranslations': {'nameTranslation': {'ar': 'فيتينهو', 'bn': 'ভিতিনহো', 'hi': 'विटिन्हो'}, 'shortNameTranslation': {'ar': 'فيتينهو', 'bn': 'ভিতিনহো', 'hi': 'विटिन्हो'}}}",False,block,assisted,"{'x': 12.5, 'y': 30.9, 'z': 0}",right-foot,low-left,"{'x': 0, 'y': 52.4, 'z': 19}","{'x': 9.4, 'y': 35, 'z': 0}",0.038584690541029,0.0,"{'name': 'Brenno', 'slug': 'brenno', 'shortName': 'Brenno', 'position': 'G', 'jerseyNumber': '12', 'userCount': 502, 'gender': 'M', 'id': 914481, 'fieldTranslations': {'nameTranslation': {'ar': 'برينو', 'bn': 'ব্রেনো', 'hi': 'ब्रेनो'}, 'shortNameTranslation': {'ar': 'ب. برينو', 'bn': 'ব্রেনো', 'hi': 'ब्रेनो'}}}",6293433,25,,1452,"{'start': {'x': 30.9, 'y': 12.5}, 'block': {'x': 35, 'y': 9.4}, 'end': {'x': 47.6, 'y': 0}, 'goal': {'x': 47.6, 'y': 81}}",21,1248,1452,shot,,13472590
"{'name': 'Gui Negão', 'slug': 'guilherme-silva-inacio', 'shortName': 'G. Negão', 'position': 'F', 'jerseyNumber': '56', 'userCount': 6655, 'gender': 'M', 'id': 1922597, 'fieldTranslations': {'nameTranslation': {'ar': 'غوي نيجاو'}, 'shortNameTranslation': {'ar': 'غ. نيجاو'}}}",False,save,assisted,"{'x': 10.8, 'y': 55.8, 'z': 0}",head,high-centre,"{'x': 0, 'y': 50.4, 'z': 25.3}","{'x': 0.90000000000001, 'y': 50, 'z': 0}",0.048796731978655,0.027869356796145,"{'name': 'Brenno', 'slug': 'brenno', 'shortName': 'Brenno', 'position': 'G', 'jerseyNumber': '12', 'userCount': 502, 'gender': 'M', 'id': 914481, 'fieldTranslations': {'nameTranslation': {'ar': 'برينو', 'bn': 'ব্রেনো', 'hi': 'ब्रेनो'}, 'shortNameTranslation': {'ar': 'ب. برينو', 'bn': 'ব্রেনো', 'hi': 'ब्रेनो'}}}",6293396,23,,1349,"{'start': {'x': 55.8, 'y': 10.8}, 'block': {'x': 50, 'y': 0.90000000000001}, 'end': {'x': 49.6, 'y': 0}, 'goal': {'x': 49.6, 'y': 74.7}}",23,1351,1349,shot,,13472590
"{'name': 'Breno Bidon', 'slug': 'breno-bidon', 'shortName': 'B. Bidon', 'position': 'M', 'jerseyNumber': '7', 'userCount': 10006, 'gender': 'M', 'sofascoreId': 'BrenoBidon', 'id': 1199261, 'fieldTranslations': {'nameTranslation': {'ar': 'برينو بيدون', 'bn': 'ব্রেনো বিডন', 'hi': 'ब्रेनो बिडॉन'}, 'shortNameTranslation': {'ar': 'ب. بيدون', 'bn': 'বি. বিডন', 'hi': 'बी. बिडॉन'}}}",False,miss,assisted,"{'x': 17.8, 'y': 50.9, 'z': 0}",left-foot,close-left,"{'x': 0, 'y': 56.5, 'z': 5.6}",,0.08480478823185,0.0,"{'name': 'Brenno', 'slug': 'brenno', 'shortName': 'Brenno', 'position': 'G', 'jerseyNumber': '12', 'userCount': 502, 'gender': 'M', 'id': 914481, 'fieldTranslations': {'nameTranslation': {'ar': 'برينو', 'bn': 'ব্রেনো', 'hi': 'ब्रेनो'}, 'shortNameTranslation': {'ar': 'ب. برينو', 'bn': 'ব্রেনো', 'hi': 'ब्रेनो'}}}",6293375,14,,830,"{'start': {'x': 50.9, 'y': 17.8}, 'end': {'x': 43.5, 'y': 0}, 'goal': {'x': 43.5, 'y': 94.4}}",32,1870,830,shot,,13472590
"{'name': 'Gui Negão', 'slug': 'guilherme-silva-inacio', 'shortName': 'G. Negão', 'position': 'F', 'jerseyNumber': '56', 'userCount': 6655, 'gender': 'M', 'id': 1922597, 'fieldTranslations': {'nameTranslation': {'ar': 'غوي نيجاو'}, 'shortNameTranslation': {'ar': 'غ. نيجاو'}}}",False,block,regular,"{'x': 24.8, 'y': 48.1, 'z': 0}",left-foot,low-centre,"{'x': 0, 'y': 51.3, 'z': 19}","{'x': 21.1, 'y': 48.2, 'z': 0}",0.021298969164491,0.0,"{'name': 'Brenno', 'slug': 'brenno', 'shortName': 'Brenno', 'position': 'G', 'jerseyNumber': '12', 'userCount': 502, 'gender': 'M', 'id': 914481, 'fieldTranslations': {'nameTranslation': {'ar': 'برينو', 'bn': 'ব্রেনো', 'hi': 'ब्रेनो'}, 'shortNameTranslation': {'ar': 'ب. برينو', 'bn': 'ব্রেনো', 'hi': 'ब्रेनो'}}}",6293376,14,,821,"{'start': {'x': 48.1, 'y': 24.8}, 'block': {'x': 48.2, 'y': 21.1}, 'end': {'x': 48.7, 'y': 0}, 'goal': {'x': 48.7, 'y': 81}}",32,1879,821,shot,,13472590
"{'name': 'Matheus Bidu', 'slug': 'matheus-bidu', 'shortName': 'M. Bidu', 'position': 'D', 'jerseyNumber': '21', 'userCount': 6281, 'gender': 'M', 'id': 981703, 'fieldTranslations': {'nameTranslation': {'ar': 'ماتيوس بيدو', 'bn': 'ম্যাথিউস বিদু', 'hi': 'मैथियस बिदु'}, 'shortNameTranslation': {'ar': 'م. بيدو', 'bn': 'এম. বিদু', 'hi': 'एम. बिदु'}}}",False,save,assisted,"{'x': 26.8, 'y': 30.5, 'z': 0}",right-foot,high-left,"{'x': 0, 'y': 53.5, 'z': 30.4}","{'x': 1.6, 'y': 49.1, 'z': 0}",0.012480122968554,0.2131439447403,"{'name': 'Brenno', 'slug': 'brenno', 'shortName': 'Brenno', 'position': 'G', 'jerseyNumber': '12', 'userCount': 502, 'gender': 'M', 'id': 914481, 'fieldTranslations': {'nameTranslation': {'ar': 'برينو', 'bn': 'ব্রেনো', 'hi': 'ब्रेनो'}, 'shortNameTranslation': {'ar': 'ب. برينو', 'bn': 'ব্রেনো', 'hi': 'ब्रेनो'}}}",6293371,10,,569,"{'start': {'x': 30.5, 'y': 26.8}, 'block': {'x': 49.1, 'y': 1.6}, 'end': {'x': 46.5, 'y': 0}, 'goal': {'x': 46.5, 'y': 69.6}}",36,2131,569,shot,,13472590
"{'name': 'Tomás Pochettino', 'firstName': '', 'lastName': '', 'slug': 'tomas-pochettino', 'shortName': 'T. Pochettino', 'position': 'M', 'jerseyNumber': '7', 'userCount': 989, 'gender': 'M', 'id': 824626, 'fieldTranslations': {'nameTranslation': {'ar': 'توماس بوتشيتينو', 'bn': 'টমাস পোচেত্তিনো', 'hi': 'टॉमस पोचेतीनो'}, 'shortNameTranslation': {'ar': 'ت. بوتشيتينو', 'bn': 'টি. পোচেত্তিনো', 'hi': 'टी. पोचेतीनो'}}}",True,goal,fast-break,"{'x': 7.5, 'y': 45.5, 'z': 0}",right-foot,high-left,"{'x': 0, 'y': 52.3, 'z': 32.3}",,0.57687771320343,0.90552228689194,"{'name': 'Hugo Souza', 'slug': 'hugo-souza', 'shortName': 'H. Souza', 'position': 'G', 'jerseyNumber': '1', 'userCount': 25726, 'gender': 'M', 'sofascoreId': 'hugosouza', 'id': 950454, 'fieldTranslations': {'nameTranslation': {'ar': 'هوغو سوزا', 'bn': 'হুগো সুজা', 'hi': 'ह्यूगो सूज़ा'}, 'shortNameTranslation': {'ar': 'ه. سوزا', 'bn': 'এইচ. সুজা', 'hi': 'एच. सूज़ा'}}}",6293370,8,,471,"{'start': {'x': 45.5, 'y': 7.5}, 'end': {'x': 47.7, 'y': 0}, 'goal': {'x': 47.7, 'y': 67.7}}",38,2229,471,shot,regular,13472590
"{'name': 'Giovanny', 'slug': 'giovanny', 'shortName': 'Giovanny', 'position': 'M', 'jerseyNumber': '11', 'userCount': 202, 'gender': 'M', 'id': 797649, 'fieldTranslations': {'nameTranslation': {'ar': 'جيوفاني'}, 'shortNameTranslation': {'ar': 'جيوفاني'}}}",True,block,assisted,"{'x': 21.6, 'y': 37, 'z': 0}",right-foot,low-centre,"{'x': 0, 'y': 49.5, 'z': 19}","{'x': 12.7, 'y': 42.6, 'z': 0}",0.03233128413558,0.0,"{'name': 'Gabriel Brazão', 'firstName': '', 'lastName': '', 'slug': 'gabriel-brazao', 'shortName': 'G. Brazão', 'position': 'G', 'jerseyNumber': '77', 'userCount': 3103, 'gender': 'M', 'id': 905448, 'fieldTranslations': {'nameTranslation': {'ar': 'غابرييل برازاو', 'bn': 'গ্যাব্রিয়েল ব্রাজাও', 'hi': 'गेब्रियल ब्राज़ाओ'}, 'shortNameTranslation': {'ar': 'غ. برازاو', 'bn': 'জি. ব্রাজাও', 'hi': 'जी. ब्राज़ाओ'}}}",6293707,88,,5268,"{'start': {'x': 37, 'y': 21.6}, 'block': {'x': 42.6, 'y': 12.7}, 'end': {'x': 50.5, 'y': 0}, 'goal': {'x': 50.5, 'y': 81}}",3,132,2568,shot,,13472584
"{'name': 'Peixoto', 'slug': 'peixoto', 'shortName': 'Peixoto', 'position': 'M', 'jerseyNumber': '72', 'userCount': 94, 'gender': 'M', 'id': 1049781, 'fieldTranslations': {'nameTranslation': {'ar': 'بيكسوتو'}, 'shortNameTranslation': {'ar': 'بيكسوتو'}}}",True,miss,assisted,"{'x': 18.9, 'y': 54.4, 'z': 0}",right-foot,right,"{'x': 0, 'y': 29.9, 'z': 20.8}",,0.039794582873583,0.0,"{'name': 'Gabriel Brazão', 'firstName': '', 'lastName': '', 'slug': 'gabriel-brazao', 'shortName': 'G. Brazão', 'position': 'G', 'jerseyNumber': '77', 'userCount': 3103, 'gender': 'M', 'id': 905448, 'fieldTranslations': {'nameTranslation': {'ar': 'غابرييل برازاو', 'bn': 'গ্যাব্রিয়েল ব্রাজাও', 'hi': 'गेब्रियल ब्राज़ाओ'}, 'shortNameTranslation': {'ar': 'غ. برازاو', 'bn': 'জি. ব্রাজাও', 'hi': 'जी. ब्राज़ाओ'}}}",6293705,87,,5208,"{'start': {'x': 54.4, 'y': 18.9}, 'end': {'x': 70.1, 'y': 0}, 'goal': {'x': 70.1, 'y': 79.2}}",4,192,2508,shot,,13472584
"{'name': 'Willian Arão', 'firstName': '', 'lastName': '', 'slug': 'willian-arao', 'shortName': 'Willian Arão', 'position': 'M', 'jerseyNumber': '15', 'userCount': 1906, 'gender': 'M', 'id': 242213, 'fieldTranslations': {'nameTranslation': {'ar': 'ويليان أراو', 'bn': 'উইলিয়ান আরাও', 'hi': 'विलीयन अराओ'}, 'shortNameTranslation': {'ar': 'و. أراو', 'bn': 'উইলিয়ান. আরাও', 'hi': 'विलीयन अराओ'}}}",False,miss,set-piece,"{'x': 7.3, 'y': 40.3, 'z': 0}",head,right,"{'x': 0, 'y': 36.5, 'z': 2.8}",,0.038924906402826,0.0,"{'name': 'Jandrei', 'firstName': '', 'lastName': '', 'slug': 'jandrei', 'shortName': 'Jandrei', 'position': 'G', 'jerseyNumber': '93', 'userCount': 1017, 'gender': 'M', 'id': 874979, 'fieldTranslations': {'nameTranslation': {'ar': 'جاندري', 'bn': 'জান্দ্রেই', 'hi': 'जन्द्रेई'}, 'shortNameTranslation': {'ar': 'جاندري', 'bn': 'জান্দ্রেই', 'hi': 'जन्द्रेई'}}}",6293704,87,,5165,"{'start': {'x': 40.3, 'y': 7.3}, 'end': {'x': 63.5, 'y': 0}, 'goal': {'x': 63.5, 'y': 97.2}}",4,235,2465,shot,,13472584
"{'name': 'Neymar', 'slug': 'neymar', 'shortName': 'Neymar', 'position': 'F', 'jerseyNumber': '10', 'userCount': 1013524, 'gender': 'M', 'sofascoreId': 'Neymar', 'id': 124712, 'fieldTranslations': {'nameTranslation': {'ar': 'نيمار', 'bn': 'নেইমার', 'hi': 'नेमार'}, 'shortNameTranslation': {'ar': 'نيمار', 'bn': 'নেইমার', 'hi': 'नेमार'}}}",False,goal,penalty,"{'x': 11.5, 'y': 50, 'z': 0}",right-foot,low-right,"{'x': 0, 'y': 47, 'z': 2.5}",,0.7884,0.75872129201889,"{'name': 'Jandrei', 'firstName': '', 'lastName': '', 'slug': 'jandrei', 'shortName': 'Jandrei', 'position': 'G', 'jerseyNumber': '93', 'userCount': 1017, 'gender': 'M', 'id': 874979, 'fieldTranslations': {'nameTranslation': {'ar': 'جاندري', 'bn': 'জান্দ্রেই', 'hi': 'जन्द्रेई'}, 'shortNameTranslation': {'ar': 'جاندري', 'bn': 'জান্দ্রেই', 'hi': 'जन्द्रेई'}}}",6293675,73,,4361,"{'start': {'x': 50, 'y': 11.5}, 'end': {'x': 53, 'y': 0}, 'goal': {'x': 53, 'y': 97.5}}",18,1039,1661,shot,penalty,13472584
"{'name': 'Neymar', 'slug': 'neymar', 'shortName': 'Neymar', 'position': 'F', 'jerseyNumber': '10', 'userCount': 1013524, 'gender': 'M', 'sofascoreId': 'Neymar', 'id': 124712, 'fieldTranslations': {'nameTranslation': {'ar': 'نيمار', 'bn': 'নেইমার', 'hi': 'नेमार'}, 'shortNameTranslation': {'ar': 'نيمار', 'bn': 'নেইমার', 'hi': 'नेमार'}}}",False,goal,fast-break,"{'x': 7.4, 'y': 34.2, 'z': 0}",left-foot,low-left,"{'x': 0, 'y': 52.9, 'z': 2.5}",,0.093410640954971,0.18952436745167,"{'name': 'Jandrei', 'firstName': '', 'lastName': '', 'slug': 'jandrei', 'shortName': 'Jandrei', 'position': 'G', 'jerseyNumber': '93', 'userCount': 1017, 'gender': 'M', 'id': 874979, 'fieldTranslations': {'nameTranslation': {'ar': 'جاندري', 'bn': 'জান্দ্রেই', 'hi': 'जन्द्रेई'}, 'shortNameTranslation': {'ar': 'جاندري', 'bn': 'জান্দ্রেই', 'hi': 'जन्द्रेई'}}}",6293669,65,,3898,"{'start': {'x': 34.2, 'y': 7.4}, 'end': {'x': 47.1, 'y': 0}, 'goal': {'x': 47.1, 'y': 97.5}}",26,1502,1198,shot,regular,13472584
"{'name': 'Álvaro Barreal', 'slug': 'alvaro-barreal', 'shortName': 'Á. Barreal', 'position': 'M', 'jerseyNumber': '22', 'userCount': 2824, 'gender': 'M', 'id': 949687, 'fieldTranslations': {'nameTranslation': {'ar': 'ألفارو باريال', 'bn': 'আলভারো ব্যারিয়াল', 'hi': 'अल्वारो बरियल'}, 'shortNameTranslation': {'ar': 'أ. باريال', 'bn': 'এ. ব্যারিয়াল', 'hi': 'आ. बरियल'}}}",False,miss,assisted,"{'x': 23.2, 'y': 58.9, 'z': 0}",left-foot,high-left,"{'x': 0, 'y': 66.9, 'z': 69.4}",,0.021038191393018,0.0,"{'name': 'Jandrei', 'firstName': '', 'lastName': '', 'slug': 'jandrei', 'shortName': 'Jandrei', 'position': 'G', 'jerseyNumber': '93', 'userCount': 1017, 'gender': 'M', 'id': 874979, 'fieldTranslations': {'nameTranslation': {'ar': 'جاندري', 'bn': 'জান্দ্রেই', 'hi': 'जन्द्रेई'}, 'shortNameTranslation': {'ar': 'جاندري', 'bn': 'জান্দ্রেই', 'hi': 'जन्द्रेई'}}}",6293630,63,,3732,"{'start': {'x': 58.9, 'y': 23.2}, 'end': {'x': 33.1, 'y': 0}, 'goal': {'x': 33.1, 'y': 30.6}}",28,1668,1032,shot,,13472584
"{'name': 'Nenê', 'firstName': '', 'lastName': '', 'slug': 'nene', 'shortName': 'Nenê', 'position': 'M', 'jerseyNumber': '10', 'userCount': 1564, 'gender': 'M', 'id': 5672, 'fieldTranslations': {'nameTranslation': {'ar': 'نيني', 'bn': 'নেনে', 'hi': 'नेने'}, 'shortNameTranslation': {'ar': 'نيني', 'bn': 'নেনে', 'hi': 'नेने'}}}",True,save,assisted,"{'x': 23.2, 'y': 49.1, 'z': 0}",left-foot,high-left,"{'x': 0, 'y': 52.4, 'z': 20.9}","{'x': 2, 'y': 50.7, 'z': 0}",0.031672049313784,0.09903135150671,"{'name': 'Gabriel Brazão', 'firstName': '', 'lastName': '', 'slug': 'gabriel-brazao', 'shortName': 'G. Brazão', 'position': 'G', 'jerseyNumber': '77', 'userCount': 3103, 'gender': 'M', 'id': 905448, 'fieldTranslations': {'nameTranslation': {'ar': 'غابرييل برازاو', 'bn': 'গ্যাব্রিয়েল ব্রাজাও', 'hi': 'गेब्रियल ब्राज़ाओ'}, 'shortNameTranslation': {'ar': 'غ. برازاو', 'bn': 'জি. ব্রাজাও', 'hi': 'जी. ब्राज़ाओ'}}}",6293625,61,,3619,"{'start': {'x': 49.1, 'y': 23.2}, 'block': {'x': 50.7, 'y': 2}, 'end': {'x': 47.6, 'y': 0}, 'goal': {'x': 47.6, 'y': 79.1}}",30,1781,919,shot,,13472584
"{'name': 'Igor Formiga', 'firstName': '', 'lastName': '', 'slug': 'igor-formiga', 'shortName': 'Igor Formiga', 'position': 'D', 'jerseyNumber': '32', 'userCount': 273, 'gender': 'M', 'id': 1009030, 'fieldTranslations': {'nameTranslation': {'ar': 'إيغور فورميغا'}, 'shortNameTranslation': {'ar': 'إ. فورميغا'}}}",True,miss,assisted,"{'x': 10.7, 'y': 56, 'z': 0}",head,high,"{'x': 0, 'y': 53.3, 'z': 83.3}",,0.045550346374512,0.0,"{'name': 'Gabriel Brazão', 'firstName': '', 'lastName': '', 'slug': 'gabriel-brazao', 'shortName': 'G. Brazão', 'position': 'G', 'jerseyNumber': '77', 'userCount': 3103, 'gender': 'M', 'id': 905448, 'fieldTranslations': {'nameTranslation': {'ar': 'غابرييل برازاو', 'bn': 'গ্যাব্রিয়েল ব্রাজাও', 'hi': 'गेब्रियल ब्राज़ाओ'}, 'shortNameTranslation': {'ar': 'غ. برازاو', 'bn': 'জি. ব্রাজাও', 'hi': 'जी. ब्राज़ाओ'}}}",6293621,59,,3494,"{'start': {'x': 56, 'y': 10.7}, 'end': {'x': 46.7, 'y': 0}, 'goal': {'x': 46.7, 'y': 16.7}}",32,1906,794,shot,,13472584
"{'name': 'Neymar', 'slug': 'neymar', 'shortName': 'Neymar', 'position': 'F', 'jerseyNumber': '10', 'userCount': 1013524, 'gender': 'M', 'sofascoreId': 'Neymar', 'id': 124712, 'fieldTranslations': {'nameTranslation': {'ar': 'نيمار', 'bn': 'নেইমার', 'hi': 'नेमार'}, 'shortNameTranslation': {'ar': 'نيمار', 'bn': 'নেইমার', 'hi': 'नेमार'}}}",False,goal,assisted,"{'x': 13.9, 'y': 48.2, 'z': 0}",right-foot,high-left,"{'x': 0, 'y': 54.3, 'z': 29.7}",,0.2401607632637,0.69560343027115,"{'name': 'Jandrei', 'firstName': '', 'lastName': '', 'slug': 'jandrei', 'shortName': 'Jandrei', 'position': 'G', 'jerseyNumber': '93', 'userCount': 1017, 'gender': 'M', 'id': 874979, 'fieldTranslations': {'nameTranslation': {'ar': 'جاندري', 'bn': 'জান্দ্রেই', 'hi': 'जन्द्रेई'}, 'shortNameTranslation': {'ar': 'جاندري', 'bn': 'জান্দ্রেই', 'hi': 'जन्द्रेई'}}}",6293614,56,,3312,"{'start': {'x': 48.2, 'y': 13.9}, 'end': {'x': 45.7, 'y': 0}, 'goal': {'x': 45.7, 'y': 70.3}}",35,2088,612,shot,regular,13472584
"{'name': 'Jádson', 'slug': 'jadson', 'shortName': 'Jádson', 'position': 'M', 'jerseyNumber': '16', 'userCount': 458, 'gender': 'M', 'id': 243651, 'fieldTranslations': {'nameTranslation': {'ar': 'جادسون'}, 'shortNameTranslation': {'ar': 'جادسون'}}}",True,miss,assisted,"{'x': 23.1, 'y': 43.8, 'z': 0}",right-foot,high,"{'x': 0, 'y': 44.7, 'z': 88.9}",,0.01744413562119,0.0,"{'name': 'Gabriel Brazão', 'firstName': '', 'lastName': '', 'slug': 'gabriel-brazao', 'shortName': 'G. Brazão', 'position': 'G', 'jerseyNumber': '77', 'userCount': 3103, 'gender': 'M', 'id': 905448, 'fieldTranslations': {'nameTranslation': {'ar': 'غابرييل برازاو', 'bn': 'গ্যাব্রিয়েল ব্রাজাও', 'hi': 'गेब्रियल ब्राज़ाओ'}, 'shortNameTranslation': {'ar': 'غ. برازاو', 'bn': 'জি. ব্রাজাও', 'hi': 'जी. ब्राज़ाओ'}}}",6293609,53,,3123,"{'start': {'x': 43.8, 'y': 23.1}, 'end': {'x': 55.3, 'y': 0}, 'goal': {'x': 55.3, 'y': 11.1}}",38,2277,423,shot,,13472584
"{'name': 'Neymar', 'slug': 'neymar', 'shortName': 'Neymar', 'position': 'F', 'jerseyNumber': '10', 'userCount': 1013524, 'gender': 'M', 'sofascoreId': 'Neymar', 'id': 124712, 'fieldTranslations': {'nameTranslation': {'ar': 'نيمار', 'bn': 'নেইমার', 'hi': 'नेमार'}, 'shortNameTranslation': {'ar': 'نيمار', 'bn': 'নেইমার', 'hi': 'नेमार'}}}",False,miss,regular,"{'x': 2.9, 'y': 45.6, 'z': 0}",right-foot,high,"{'x': 0, 'y': 49.6, 'z': 61.1}",,0.53875797986984,0.0,"{'name': 'Jandrei', 'firstName': '', 'lastName': '', 'slug': 'jandrei', 'shortName': 'Jandrei', 'position': 'G', 'jerseyNumber': '93', 'userCount': 1017, 'gender': 'M', 'id': 874979, 'fieldTranslations': {'nameTranslation': {'ar': 'جاندري', 'bn': 'জান্দ্রেই', 'hi': 'जन्द्रेई'}, 'shortNameTranslation': {'ar': 'جاندري', 'bn': 'জান্দ্রেই', 'hi': 'जन्द्रेई'}}}",6293595,47,,2817,"{'start': {'x': 45.6, 'y': 2.9}, 'end': {'x': 50.4, 'y': 0}, 'goal': {'x': 50.4, 'y': 38.9}}",44,2583,117,shot,,13472584
"{'name': 'Nenê', 'firstName': '', 'lastName': '', 'slug': 'nene', 'shortName': 'Nenê', 'position': 'M', 'jerseyNumber': '10', 'userCount': 1564, 'gender': 'M', 'id': 5672, 'fieldTranslations': {'nameTranslation': {'ar': 'نيني', 'bn': 'নেনে', 'hi': 'नेने'}, 'shortNameTranslation': {'ar': 'نيني', 'bn': 'নেনে', 'hi': 'नेने'}}}",True,miss,throw-in-set-piece,"{'x': 23.2, 'y': 74.6, 'z': 0}",left-foot,left,"{'x': 0, 'y': 97.1, 'z': 5.6}","{'x': 15.9, 'y': 33.4, 'z': 0}",0.01260079164058,0.0,"{'name': 'Gabriel Brazão', 'firstName': '', 'lastName': '', 'slug': 'gabriel-brazao', 'shortName': 'G. Brazão', 'position': 'G', 'jerseyNumber': '77', 'userCount': 3103, 'gender': 'M', 'id': 905448, 'fieldTranslations': {'nameTranslation': {'ar': 'غابرييل برازاو', 'bn': 'গ্যাব্রিয়েল ব্রাজাও', 'hi': 'गेब्रियल ब्राज़ाओ'}, 'shortNameTranslation': {'ar': 'غ. برازاو', 'bn': 'জি. ব্রাজাও', 'hi': 'जी. ब्राज़ाओ'}}}",6293547,38,,2253,"{'start': {'x': 74.6, 'y': 23.2}, 'block': {'x': 33.4, 'y': 15.9}, 'end': {'x': 2.9, 'y': 0}, 'goal': {'x': 2.9, 'y': 94.4}}",8,447,2253,shot,,13472584
"{'name': 'Rodrigo Sam', 'firstName': '', 'lastName': '', 'slug': 'rodrigo-sam', 'shortName': 'R. Sam', 'position': 'D', 'jerseyNumber': '34', 'userCount': 112, 'gender': 'M', 'id': 794640, 'fieldTranslations': {'nameTranslation': {'ar': 'رودريغو سام'}, 'shortNameTranslation': {'ar': 'ر. سام'}}}",True,miss,corner,"{'x': 8.3, 'y': 56.2, 'z': 0}",head,left,"{'x': 0, 'y': 62.9, 'z': 8.3}",,0.047241002321243,0.0,"{'name': 'Gabriel Brazão', 'firstName': '', 'lastName': '', 'slug': 'gabriel-brazao', 'shortName': 'G. Brazão', 'position': 'G', 'jerseyNumber': '77', 'userCount': 3103, 'gender': 'M', 'id': 905448, 'fieldTranslations': {'nameTranslation': {'ar': 'غابرييل برازاو', 'bn': 'গ্যাব্রিয়েল ব্রাজাও', 'hi': 'गेब्रियल ब्राज़ाओ'}, 'shortNameTranslation': {'ar': 'غ. برازاو', 'bn': 'জি. ব্রাজাও', 'hi': 'जी. ब्राज़ाओ'}}}",6293543,37,,2210,"{'start': {'x': 56.2, 'y': 8.3}, 'end': {'x': 37.1, 'y': 0}, 'goal': {'x': 37.1, 'y': 91.7}}",9,490,2210,shot,,13472584
"{'name': 'Guilherme', 'slug': 'guilherme', 'shortName': 'Guilherme', 'position': 'M', 'jerseyNumber': '20', 'userCount': 3597, 'gender': 'M', 'id': 844605, 'fieldTranslations': {'nameTranslation': {'ar': 'غيليرمي أوغوستو', 'bn': 'গুইলহার্ম অগোস্তু', 'hi': 'गिल्हर्मे ऑगस्टो'}, 'shortNameTranslation': {'ar': 'غ. أوغوستو', 'bn': 'উইলিয়াম অগোস্তু', 'hi': 'गिल्हर्मे ऑगस्टो'}}}",False,save,assisted,"{'x': 7.4, 'y': 26.6, 'z': 0}",left-foot,low-right,"{'x': 0, 'y': 48.1, 'z': 1.3}","{'x': 1, 'y': 46.2, 'z': 0}",0.014592482708395,0.044630941003561,"{'name': 'Jandrei', 'firstName': '', 'lastName': '', 'slug': 'jandrei', 'shortName': 'Jandrei', 'position': 'G', 'jerseyNumber': '93', 'userCount': 1017, 'gender': 'M', 'id': 874979, 'fieldTranslations': {'nameTranslation': {'ar': 'جاندري', 'bn': 'জান্দ্রেই', 'hi': 'जन्द्रेई'}, 'shortNameTranslation': {'ar': 'جاندري', 'bn': 'জান্দ্রেই', 'hi': 'जन्द्रेई'}}}",6293541,36,,2118,"{'start': {'x': 26.6, 'y': 7.4}, 'block': {'x': 46.2, 'y': 1}, 'end': {'x': 51.9, 'y': 0}, 'goal': {'x': 51.9, 'y': 98.7}}",10,582,2118,shot,,13472584
"{'name': 'Souza', 'firstName': 'Souza', 'lastName': '', 'slug': 'souza', 'shortName': 'Souza', 'position': 'D', 'jerseyNumber': '38', 'userCount': 2933, 'gender': 'M', 'id': 1482340, 'fieldTranslations': {'nameTranslation': {'ar': 'سوزا'}, 'shortNameTranslation': {'ar': 'سوزا'}}}",False,save,assisted,"{'x': 21.6, 'y': 30.5, 'z': 0}",right-foot,low-centre,"{'x': 0, 'y': 50.9, 'z': 19.6}","{'x': 1.1, 'y': 48.4, 'z': 0}",0.027450665831566,0.018539439886808,"{'name': 'Jandrei', 'firstName': '', 'lastName': '', 'slug': 'jandrei', 'shortName': 'Jandrei', 'position': 'G', 'jerseyNumber': '93', 'userCount': 1017, 'gender': 'M', 'id': 874979, 'fieldTranslations': {'nameTranslation': {'ar': 'جاندري', 'bn': 'জান্দ্রেই', 'hi': 'जन्द्रेई'}, 'shortNameTranslation': {'ar': 'جاندري', 'bn': 'জান্দ্রেই', 'hi': 'जन्द्रेई'}}}",6293538,33,,1951,"{'start': {'x': 30.5, 'y': 21.6}, 'block': {'x': 48.4, 'y': 1.1}, 'end': {'x': 49.1, 'y': 0}, 'goal': {'x': 49.1, 'y': 80.4}}",13,749,1951,shot,,13472584
"{'name': 'Neymar', 'slug': 'neymar', 'shortName': 'Neymar', 'position': 'F', 'jerseyNumber': '10', 'userCount': 1013524, 'gender': 'M', 'sofascoreId': 'Neymar', 'id': 124712, 'fieldTranslations': {'nameTranslation': {'ar': 'نيمار', 'bn': 'নেইমার', 'hi': 'नेमार'}, 'shortNameTranslation': {'ar': 'نيمار', 'bn': 'নেইমার', 'hi': 'नेमार'}}}",False,miss,assisted,"{'x': 43.1, 'y': 41.5, 'z': 0}",right-foot,high-left,"{'x': 0, 'y': 61.7, 'z': 45.8}",,0.01615646481514,0.0,"{'name': 'Jandrei', 'firstName': '', 'lastName': '', 'slug': 'jandrei', 'shortName': 'Jandrei', 'position': 'G', 'jerseyNumber': '93', 'userCount': 1017, 'gender': 'M', 'id': 874979, 'fieldTranslations': {'nameTranslation': {'ar': 'جاندري', 'bn': 'জান্দ্রেই', 'hi': 'जन्द्रेई'}, 'shortNameTranslation': {'ar': 'جاندري', 'bn': 'জান্দ্রেই', 'hi': 'जन्द्रेई'}}}",6293536,31,,1848,"{'start': {'x': 41.5, 'y': 43.1}, 'end': {'x': 38.3, 'y': 0}, 'goal': {'x': 38.3, 'y': 54.2}}",15,852,1848,shot,,13472584
"{'name': 'Marcelo Hermes', 'slug': 'marcelo-hermes', 'shortName': 'M. Hermes', 'position': 'D', 'jerseyNumber': '22', 'userCount': 288, 'gender': 'M', 'id': 783490, 'fieldTranslations': {'nameTranslation': {'ar': 'مارسيلو هيرميس'}, 'shortNameTranslation': {'ar': 'م. هيرميس'}}}",True,save,assisted,"{'x': 12, 'y': 28.2, 'z': 0}",left-foot,low-left,"{'x': 0, 'y': 54.3, 'z': 4.4}","{'x': 0.7, 'y': 45.7, 'z': 0}",0.03648117557168,0.15561498701572,"{'name': 'Gabriel Brazão', 'firstName': '', 'lastName': '', 'slug': 'gabriel-brazao', 'shortName': 'G. Brazão', 'position': 'G', 'jerseyNumber': '77', 'userCount': 3103, 'gender': 'M', 'id': 905448, 'fieldTranslations': {'nameTranslation': {'ar': 'غابرييل برازاو', 'bn': 'গ্যাব্রিয়েল ব্রাজাও', 'hi': 'गेब्रियल ब्राज़ाओ'}, 'shortNameTranslation': {'ar': 'غ. برازاو', 'bn': 'জি. ব্রাজাও', 'hi': 'जी. ब्राज़ाओ'}}}",6293532,27,,1571,"{'start': {'x': 28.2, 'y': 12}, 'block': {'x': 45.7, 'y': 0.7}, 'end': {'x': 45.7, 'y': 0}, 'goal': {'x': 45.7, 'y': 95.6}}",19,1129,1571,shot,,13472584
"{'name': 'Gabriel Taliari', 'slug': 'gabriel-taliari', 'shortName': 'G. Taliari', 'position': 'F', 'jerseyNumber': '19', 'userCount': 442, 'gender': 'M', 'id': 933955, 'fieldTranslations': {'nameTranslation': {'ar': 'غابرييل تاليارى'}, 'shortNameTranslation': {'ar': 'غ. تاليارى'}}}",True,miss,assisted,"{'x': 7.5, 'y': 46.8, 'z': 0}",head,left,"{'x': 0, 'y': 63.5, 'z': 19.4}",,0.24324651062489,0.0,"{'name': 'Gabriel Brazão', 'firstName': '', 'lastName': '', 'slug': 'gabriel-brazao', 'shortName': 'G. Brazão', 'position': 'G', 'jerseyNumber': '77', 'userCount': 3103, 'gender': 'M', 'id': 905448, 'fieldTranslations': {'nameTranslation': {'ar': 'غابرييل برازاو', 'bn': 'গ্যাব্রিয়েল ব্রাজাও', 'hi': 'गेब्रियल ब्राज़ाओ'}, 'shortNameTranslation': {'ar': 'غ. برازاو', 'bn': 'জি. ব্রাজাও', 'hi': 'जी. ब्राज़ाओ'}}}",6293476,22,,1282,"{'start': {'x': 46.8, 'y': 7.5}, 'end': {'x': 36.5, 'y': 0}, 'goal': {'x': 36.5, 'y': 80.6}}",24,1418,1282,shot,,13472584
"{'name': 'Luis Mandaca', 'firstName': 'Luis Mandaca', 'slug': 'luis-mandaca', 'shortName': 'L. Mandaca', 'position': 'M', 'jerseyNumber': '44', 'userCount': 391, 'gender': 'M', 'id': 1116677, 'fieldTranslations': {'nameTranslation': {'ar': 'لويس ماندكا'}, 'shortNameTranslation': {'ar': 'ل. ماندكا'}}}",True,save,corner,"{'x': 10.1, 'y': 62.6, 'z': 0}",head,low-right,"{'x': 0, 'y': 46.4, 'z': 19.6}","{'x': 1.6, 'y': 52.5, 'z': 0}",0.010448882356286,0.15496921539307,"{'name': 'Gabriel Brazão', 'firstName': '', 'lastName': '', 'slug': 'gabriel-brazao', 'shortName': 'G. Brazão', 'position': 'G', 'jerseyNumber': '77', 'userCount': 3103, 'gender': 'M', 'id': 905448, 'fieldTranslations': {'nameTranslation': {'ar': 'غابرييل برازاو', 'bn': 'গ্যাব্রিয়েল ব্রাজাও', 'hi': 'गेब्रियल ब्राज़ाओ'}, 'shortNameTranslation': {'ar': 'غ. برازاو', 'bn': 'জি. ব্রাজাও', 'hi': 'जी. ब्राज़ाओ'}}}",6293475,20,,1152,"{'start': {'x': 62.6, 'y': 10.1}, 'block': {'x': 52.5, 'y': 1.6}, 'end': {'x': 53.6, 'y': 0}, 'goal': {'x': 53.6, 'y': 80.4}}",26,1548,1152,shot,,13472584
"{'name': 'Marcelo Hermes', 'slug': 'marcelo-hermes', 'shortName': 'M. Hermes', 'position': 'D', 'jerseyNumber': '22', 'userCount': 288, 'gender': 'M', 'id': 783490, 'fieldTranslations': {'nameTranslation': {'ar': 'مارسيلو هيرميس'}, 'shortNameTranslation': {'ar': 'م. هيرميس'}}}",True,block,corner,"{'x': 28.7, 'y': 31.7, 'z': 0}",left-foot,low-right,"{'x': 0, 'y': 48.1, 'z': 19}","{'x': 26.8, 'y': 33, 'z': 0}",0.005157457664609,0.0,"{'name': 'Gabriel Brazão', 'firstName': '', 'lastName': '', 'slug': 'gabriel-brazao', 'shortName': 'G. Brazão', 'position': 'G', 'jerseyNumber': '77', 'userCount': 3103, 'gender': 'M', 'id': 905448, 'fieldTranslations': {'nameTranslation': {'ar': 'غابرييل برازاو', 'bn': 'গ্যাব্রিয়েল ব্রাজাও', 'hi': 'गेब्रियल ब्राज़ाओ'}, 'shortNameTranslation': {'ar': 'غ. برازاو', 'bn': 'জি. ব্রাজাও', 'hi': 'जी. ब्राज़ाओ'}}}",6293465,7,,369,"{'start': {'x': 31.7, 'y': 28.7}, 'block': {'x': 33, 'y': 26.8}, 'end': {'x': 51.9, 'y': 0}, 'goal': {'x': 51.9, 'y': 81}}",39,2331,369,shot,,13472584
"{'name': 'Jádson', 'slug': 'jadson', 'shortName': 'Jádson', 'position': 'M', 'jerseyNumber': '16', 'userCount': 458, 'gender': 'M', 'id': 243651, 'fieldTranslations': {'nameTranslation': {'ar': 'جادسون'}, 'shortNameTranslation': {'ar': 'جادسون'}}}",True,block,assisted,"{'x': 27.2, 'y': 55.2, 'z': 0}",right-foot,low-left,"{'x': 0, 'y': 53.3, 'z': 2.8}","{'x': 23.4, 'y': 54.3, 'z': 0}",0.018757089972496,0.0,"{'name': 'Gabriel Brazão', 'firstName': '', 'lastName': '', 'slug': 'gabriel-brazao', 'shortName': 'G. Brazão', 'position': 'G', 'jerseyNumber': '77', 'userCount': 3103, 'gender': 'M', 'id': 905448, 'fieldTranslations': {'nameTranslation': {'ar': 'غابرييل برازاو', 'bn': 'গ্যাব্রিয়েল ব্রাজাও', 'hi': 'गेब्रियल ब्राज़ाओ'}, 'shortNameTranslation': {'ar': 'غ. برازاو', 'bn': 'জি. ব্রাজাও', 'hi': 'जी. ब्राज़ाओ'}}}",6293460,6,,319,"{'start': {'x': 55.2, 'y': 27.2}, 'block': {'x': 54.3, 'y': 23.4}, 'end': {'x': 46.7, 'y': 0}, 'goal': {'x': 46.7, 'y': 97.2}}",40,2381,319,shot,,13472584
"{'name': 'Guilherme', 'slug': 'guilherme', 'shortName': 'Guilherme', 'position': 'M', 'jerseyNumber': '20', 'userCount': 3597, 'gender': 'M', 'id': 844605, 'fieldTranslations': {'nameTranslation': {'ar': 'غيليرمي أوغوستو', 'bn': 'গুইলহার্ম অগোস্তু', 'hi': 'गिल्हर्मे ऑगस्टो'}, 'shortNameTranslation': {'ar': 'غ. أوغوستو', 'bn': 'উইলিয়াম অগোস্তু', 'hi': 'गिल्हर्मे ऑगस्टो'}}}",False,save,assisted,"{'x': 19.9, 'y': 31.8, 'z': 0}",right-foot,high-left,"{'x': 0, 'y': 54.5, 'z': 23.4}","{'x': 1.2, 'y': 48, 'z': 0}",0.032397054135799,0.27487209439278,"{'name': 'Jandrei', 'firstName': '', 'lastName': '', 'slug': 'jandrei', 'shortName': 'Jandrei', 'position': 'G', 'jerseyNumber': '93', 'userCount': 1017, 'gender': 'M', 'id': 874979, 'fieldTranslations': {'nameTranslation': {'ar': 'جاندري', 'bn': 'জান্দ্রেই', 'hi': 'जन्द्रेई'}, 'shortNameTranslation': {'ar': 'جاندري', 'bn': 'জান্দ্রেই', 'hi': 'जन्द्रेई'}}}",6293457,5,,242,"{'start': {'x': 31.8, 'y': 19.9}, 'block': {'x': 48, 'y': 1.2}, 'end': {'x': 45.5, 'y': 0}, 'goal': {'x': 45.5, 'y': 76.6}}",41,2458,242,shot,,13472584
"{'name': 'Gonçalo Paciência', 'slug': 'goncalo-paciencia', 'shortName': 'G. Paciência', 'position': 'F', 'jerseyNumber': '39', 'userCount': 1121, 'gender': 'M', 'id': 138890, 'fieldTranslations': {'nameTranslation': {'ar': 'غونسالو باسينسيا', 'bn': 'গনসালো প্যাসিয়েন্সিয়া', 'hi': 'गोन्सालो पैसिएंसिया'}, 'shortNameTranslation': {'ar': 'غ. باسينسيا', 'bn': 'জি. প্যাসিনেসিয়া', 'hi': 'जी. पैसिएंसिया'}}}",False,save,assisted,"{'x': 29.9, 'y': 38.3, 'z': 0}",right-foot,low-centre,"{'x': 0, 'y': 50.6, 'z': 13.9}","{'x': 3.5, 'y': 48.9, 'z': 0}",0.016249485313892,0.0094592850655317,"{'name': 'Ronaldo', 'slug': 'ronaldo', 'shortName': 'Ronaldo', 'position': 'G', 'jerseyNumber': '96', 'userCount': 1023, 'gender': 'M', 'id': 840106, 'fieldTranslations': {'nameTranslation': {'ar': 'رونالدو'}, 'shortNameTranslation': {'ar': 'رونالدو'}}}",6293754,90,4.0,5623,"{'start': {'x': 38.3, 'y': 29.9}, 'block': {'x': 48.9, 'y': 3.5}, 'end': {'x': 49.4, 'y': 0}, 'goal': {'x': 49.4, 'y': 86.1}}",1,677,223,shot,,13472598
"{'name': 'Gonçalo Paciência', 'slug': 'goncalo-paciencia', 'shortName': 'G. Paciência', 'position': 'F', 'jerseyNumber': '39', 'userCount': 1121, 'gender': 'M', 'id': 138890, 'fieldTranslations': {'nameTranslation': {'ar': 'غونسالو باسينسيا', 'bn': 'গনসালো প্যাসিয়েন্সিয়া', 'hi': 'गोन्सालो पैसिएंसिया'}, 'shortNameTranslation': {'ar': 'غ. باسينسيا', 'bn': 'জি. প্যাসিনেসিয়া', 'hi': 'जी. पैसिएंसिया'}}}",False,miss,free-kick,"{'x': 27.8, 'y': 34.4, 'z': 0}",right-foot,close-high,"{'x': 0, 'y': 49.2, 'z': 56.9}",,0.03797460719943,0.0,"{'name': 'Ronaldo', 'slug': 'ronaldo', 'shortName': 'Ronaldo', 'position': 'G', 'jerseyNumber': '96', 'userCount': 1023, 'gender': 'M', 'id': 840106, 'fieldTranslations': {'nameTranslation': {'ar': 'رونالدو'}, 'shortNameTranslation': {'ar': 'رونالدو'}}}",6293747,88,,5259,"{'start': {'x': 34.4, 'y': 27.8}, 'end': {'x': 50.8, 'y': 0}, 'goal': {'x': 50.8, 'y': 43.1}}",3,141,2559,shot,,13472598
"{'name': 'Gonçalo Paciência', 'slug': 'goncalo-paciencia', 'shortName': 'G. Paciência', 'position': 'F', 'jerseyNumber': '39', 'userCount': 1121, 'gender': 'M', 'id': 138890, 'fieldTranslations': {'nameTranslation': {'ar': 'غونسالو باسينسيا', 'bn': 'গনসালো প্যাসিয়েন্সিয়া', 'hi': 'गोन्सालो पैसिएंसिया'}, 'shortNameTranslation': {'ar': 'غ. باسينسيا', 'bn': 'জি. প্যাসিনেসিয়া', 'hi': 'जी. पैसिएंसिया'}}}",False,save,assisted,"{'x': 19.8, 'y': 61.1, 'z': 0}",right-foot,low-centre,"{'x': 0, 'y': 48.6, 'z': 19}","{'x': 1.8, 'y': 51.6, 'z': 0}",0.032147370278835,0.028735011816025,"{'name': 'Ronaldo', 'slug': 'ronaldo', 'shortName': 'Ronaldo', 'position': 'G', 'jerseyNumber': '96', 'userCount': 1023, 'gender': 'M', 'id': 840106, 'fieldTranslations': {'nameTranslation': {'ar': 'رونالدو'}, 'shortNameTranslation': {'ar': 'رونالدو'}}}",6293745,87,,5169,"{'start': {'x': 61.1, 'y': 19.8}, 'block': {'x': 51.6, 'y': 1.8}, 'end': {'x': 51.4, 'y': 0}, 'goal': {'x': 51.4, 'y': 81}}",4,231,2469,shot,,13472598
"{'name': 'Chrystian Barletta', 'slug': 'chrystian-barletta', 'shortName': 'C. Barletta', 'position': 'M', 'jerseyNumber': '30', 'userCount': 1165, 'gender': 'M', 'id': 1035765, 'fieldTranslations': {'nameTranslation': {'ar': 'كريستيان بارليتا'}, 'shortNameTranslation': {'ar': 'ك. بارليتا'}}}",False,block,assisted,"{'x': 13.6, 'y': 71.1, 'z': 0}",left-foot,low-centre,"{'x': 0, 'y': 51.1, 'z': 19}","{'x': 10.9, 'y': 66.6, 'z': 0}",0.048120159655809,0.0,"{'name': 'Ronaldo', 'slug': 'ronaldo', 'shortName': 'Ronaldo', 'position': 'G', 'jerseyNumber': '96', 'userCount': 1023, 'gender': 'M', 'id': 840106, 'fieldTranslations': {'nameTranslation': {'ar': 'رونالدو'}, 'shortNameTranslation': {'ar': 'رونالدو'}}}",6293737,82,,4892,"{'start': {'x': 71.1, 'y': 13.6}, 'block': {'x': 66.6, 'y': 10.9}, 'end': {'x': 48.9, 'y': 0}, 'goal': {'x': 48.9, 'y': 81}}",9,508,2192,shot,,13472598
"{'name': 'Ademir', 'slug': 'ademir', 'shortName': 'Ademir', 'position': 'F', 'jerseyNumber': '7', 'userCount': 1702, 'gender': 'M', 'id': 922546, 'fieldTranslations': {'nameTranslation': {'ar': 'أديمير'}, 'shortNameTranslation': {'ar': 'أديمير'}}}",True,miss,assisted,"{'x': 13.5, 'y': 65.2, 'z': 0}",left-foot,close-high,"{'x': 0, 'y': 53.1, 'z': 56.9}",,0.064571358263493,0.0,"{'name': 'Caíque França', 'slug': 'caique-franca', 'shortName': 'C. França', 'position': 'G', 'jerseyNumber': '22', 'userCount': 462, 'gender': 'M', 'id': 799667, 'fieldTranslations': {'nameTranslation': {'ar': 'كاكي فرانسا'}, 'shortNameTranslation': {'ar': 'ك. فرانسا'}}}",6293728,77,,4564,"{'start': {'x': 65.2, 'y': 13.5}, 'end': {'x': 46.9, 'y': 0}, 'goal': {'x': 46.9, 'y': 43.1}}",14,836,1864,shot,,13472598
"{'name': 'Kanu', 'slug': 'kanu', 'shortName': 'Kanu', 'position': 'D', 'jerseyNumber': '4', 'userCount': 927, 'gender': 'M', 'id': 871705, 'fieldTranslations': {'nameTranslation': {'ar': 'كانو'}, 'shortNameTranslation': {'ar': 'كانو'}}}",True,miss,corner,"{'x': 8.5, 'y': 51.3, 'z': 0}",head,left,"{'x': 0, 'y': 69.2, 'z': 2.8}","{'x': 6, 'y': 45.7, 'z': 0}",0.061451114714146,0.0,"{'name': 'Caíque França', 'slug': 'caique-franca', 'shortName': 'C. França', 'position': 'G', 'jerseyNumber': '22', 'userCount': 462, 'gender': 'M', 'id': 799667, 'fieldTranslations': {'nameTranslation': {'ar': 'كاكي فرانسا'}, 'shortNameTranslation': {'ar': 'ك. فرانسا'}}}",6293725,73,,4328,"{'start': {'x': 51.3, 'y': 8.5}, 'block': {'x': 45.7, 'y': 6}, 'end': {'x': 30.8, 'y': 0}, 'goal': {'x': 30.8, 'y': 97.2}}",18,1072,1628,shot,,13472598
"{'name': 'Matheusinho', 'firstName': '', 'lastName': '', 'slug': 'matheusinho', 'shortName': 'Matheusinho', 'position': 'M', 'jerseyNumber': '98', 'userCount': 482, 'gender': 'M', 'id': 822523, 'fieldTranslations': {'nameTranslation': {'ar': 'Sales Cordoso, Matheus Leonardo'}, 'shortNameTranslation': {'ar': 'M. L. S. Cordoso'}}}",False,miss,assisted,"{'x': 13.4, 'y': 60.3, 'z': 0}",right-foot,left,"{'x': 0, 'y': 95.8, 'z': 5.6}","{'x': 1.5, 'y': 16.1, 'z': 0}",0.10334099829197,0.0,"{'name': 'Ronaldo', 'slug': 'ronaldo', 'shortName': 'Ronaldo', 'position': 'G', 'jerseyNumber': '96', 'userCount': 1023, 'gender': 'M', 'id': 840106, 'fieldTranslations': {'nameTranslation': {'ar': 'رونالدو'}, 'shortNameTranslation': {'ar': 'رونالدو'}}}",6293716,67,,3982,"{'start': {'x': 60.3, 'y': 13.4}, 'block': {'x': 16.1, 'y': 1.5}, 'end': {'x': 4.2, 'y': 0}, 'goal': {'x': 4.2, 'y': 94.4}}",24,1418,1282,shot,,13472598
"{'name': 'Pedro Augusto', 'slug': 'pedro-augusto', 'shortName': 'P. Augusto', 'position': 'M', 'jerseyNumber': '28', 'userCount': 301, 'gender': 'M', 'id': 922556, 'fieldTranslations': {'nameTranslation': {'ar': 'بيدرو أوغستو'}, 'shortNameTranslation': {'ar': 'ب. أوغستو'}}}",False,save,assisted,"{'x': 27.1, 'y': 57.9, 'z': 0}",left-foot,low-left,"{'x': 0, 'y': 52.9, 'z': 5.1}","{'x': 2, 'y': 49.5, 'z': 0}",0.029349144548178,0.10722564905882,"{'name': 'Ronaldo', 'slug': 'ronaldo', 'shortName': 'Ronaldo', 'position': 'G', 'jerseyNumber': '96', 'userCount': 1023, 'gender': 'M', 'id': 840106, 'fieldTranslations': {'nameTranslation': {'ar': 'رونالدو'}, 'shortNameTranslation': {'ar': 'رونالدو'}}}",6293715,66,,3914,"{'start': {'x': 57.9, 'y': 27.1}, 'block': {'x': 49.5, 'y': 2}, 'end': {'x': 47.1, 'y': 0}, 'goal': {'x': 47.1, 'y': 94.9}}",25,1486,1214,shot,,13472598
"{'name': 'Nicolás Acevedo', 'slug': 'nicolas-acevedo', 'shortName': 'N. Acevedo', 'position': 'M', 'jerseyNumber': '26', 'userCount': 1116, 'gender': 'M', 'id': 959620, 'fieldTranslations': {'nameTranslation': {'ar': 'نيكولاس أسيفيدو'}, 'shortNameTranslation': {'ar': 'ن. أسيفيدو'}}}",True,miss,assisted,"{'x': 5.3, 'y': 68.5, 'z': 0}",right-foot,left,"{'x': 0, 'y': 99.5, 'z': 4.2}","{'x': 1.6, 'y': 0, 'z': 0}",0.030535517260432,0.0,"{'name': 'Caíque França', 'slug': 'caique-franca', 'shortName': 'C. França', 'position': 'G', 'jerseyNumber': '22', 'userCount': 462, 'gender': 'M', 'id': 799667, 'fieldTranslations': {'nameTranslation': {'ar': 'كاكي فرانسا'}, 'shortNameTranslation': {'ar': 'ك. فرانسا'}}}",6293709,60,,3562,"{'start': {'x': 68.5, 'y': 5.3}, 'block': {'x': 0, 'y': 1.6}, 'end': {'x': 0.5, 'y': 0}, 'goal': {'x': 0.5, 'y': 95.8}}",31,1838,862,shot,,13472598
"{'name': 'Ademir', 'slug': 'ademir', 'shortName': 'Ademir', 'position': 'F', 'jerseyNumber': '7', 'userCount': 1702, 'gender': 'M', 'id': 922546, 'fieldTranslations': {'nameTranslation': {'ar': 'أديمير'}, 'shortNameTranslation': {'ar': 'أديمير'}}}",True,save,assisted,"{'x': 10.3, 'y': 66.6, 'z': 0}",left-foot,low-right,"{'x': 0, 'y': 47.8, 'z': 3.2}","{'x': 1.9, 'y': 53.2, 'z': 0}",0.037513758987188,0.1008315384388,"{'name': 'Caíque França', 'slug': 'caique-franca', 'shortName': 'C. França', 'position': 'G', 'jerseyNumber': '22', 'userCount': 462, 'gender': 'M', 'id': 799667, 'fieldTranslations': {'nameTranslation': {'ar': 'كاكي فرانسا'}, 'shortNameTranslation': {'ar': 'ك. فرانسا'}}}",6293710,60,,3551,"{'start': {'x': 66.6, 'y': 10.3}, 'block': {'x': 53.2, 'y': 1.9}, 'end': {'x': 52.2, 'y': 0}, 'goal': {'x': 52.2, 'y': 96.8}}",31,1849,851,shot,,13472598
"{'name': 'Luciano Juba', 'slug': 'luciano-juba', 'shortName': 'L. Juba', 'position': 'D', 'jerseyNumber': '46', 'userCount': 3668, 'gender': 'M', 'id': 1017264, 'fieldTranslations': {'nameTranslation': {'ar': 'لوسيانو جوبا', 'bn': 'লুসিয়ানো জুবা', 'hi': 'लुसियानो जुबा'}, 'shortNameTranslation': {'ar': 'ل. جوبا', 'bn': 'এল. জুবা', 'hi': 'एल. जुबा'}}}",True,goal,assisted,"{'x': 20.3, 'y': 36, 'z': 0}",left-foot,high-left,"{'x': 0, 'y': 54.2, 'z': 22.8}",,0.022730883210897,0.30476492643356,"{'name': 'Caíque França', 'slug': 'caique-franca', 'shortName': 'C. França', 'position': 'G', 'jerseyNumber': '22', 'userCount': 462, 'gender': 'M', 'id': 799667, 'fieldTranslations': {'nameTranslation': {'ar': 'كاكي فرانسا'}, 'shortNameTranslation': {'ar': 'ك. فرانسا'}}}",6293702,54,,3239,"{'start': {'x': 36, 'y': 20.3}, 'end': {'x': 45.8, 'y': 0}, 'goal': {'x': 45.8, 'y': 77.2}}",37,2161,539,shot,regular,13472598
"{'name': 'Nicolás Acevedo', 'slug': 'nicolas-acevedo', 'shortName': 'N. Acevedo', 'position': 'M', 'jerseyNumber': '26', 'userCount': 1116, 'gender': 'M', 'id': 959620, 'fieldTranslations': {'nameTranslation': {'ar': 'نيكولاس أسيفيدو'}, 'shortNameTranslation': {'ar': 'ن. أسيفيدو'}}}",True,miss,regular,"{'x': 27.6, 'y': 56.7, 'z': 0}",right-foot,right,"{'x': 0, 'y': 33.9, 'z': 13.9}","{'x': 19.5, 'y': 60.1, 'z': 0}",0.010916363447905,0.0,"{'name': 'Caíque França', 'slug': 'caique-franca', 'shortName': 'C. França', 'position': 'G', 'jerseyNumber': '22', 'userCount': 462, 'gender': 'M', 'id': 799667, 'fieldTranslations': {'nameTranslation': {'ar': 'كاكي فرانسا'}, 'shortNameTranslation': {'ar': 'ك. فرانسا'}}}",6293700,53,,3148,"{'start': {'x': 56.7, 'y': 27.6}, 'block': {'x': 60.1, 'y': 19.5}, 'end': {'x': 66.1, 'y': 0}, 'goal': {'x': 66.1, 'y': 86.1}}",38,2252,448,shot,,13472598
"{'name': 'Everton Ribeiro', 'slug': 'everton-ribeiro', 'shortName': 'E. Ribeiro', 'position': 'M', 'jerseyNumber': '10', 'userCount': 5841, 'gender': 'M', 'sofascoreId': 'evertonri', 'id': 145063, 'fieldTranslations': {'nameTranslation': {'ar': 'إيفرتون ريبييرو', 'bn': 'এভারটন রিবেইরো', 'hi': 'एवर्टन रिबेरो'}, 'shortNameTranslation': {'ar': 'إيفرتون ريبييرو', 'bn': 'এভারটন রিবেইরো', 'hi': 'एवर्टन रिबेरो'}}}",True,miss,assisted,"{'x': 15.9, 'y': 44.8, 'z': 0}",left-foot,right,"{'x': 0, 'y': 27.9, 'z': 15.3}","{'x': 13.3, 'y': 50.9, 'z': 0}",0.36532860994339,0.0,"{'name': 'Caíque França', 'slug': 'caique-franca', 'shortName': 'C. França', 'position': 'G', 'jerseyNumber': '22', 'userCount': 462, 'gender': 'M', 'id': 799667, 'fieldTranslations': {'nameTranslation': {'ar': 'كاكي فرانسا'}, 'shortNameTranslation': {'ar': 'ك. فرانسا'}}}",6293701,53,,3144,"{'start': {'x': 44.8, 'y': 15.9}, 'block': {'x': 50.9, 'y': 13.3}, 'end': {'x': 72.1, 'y': 0}, 'goal': {'x': 72.1, 'y': 84.7}}",38,2256,444,shot,,13472598
"{'name': 'Willian José', 'slug': 'willian-jose', 'shortName': 'W. José', 'position': 'F', 'jerseyNumber': '12', 'userCount': 3014, 'gender': 'M', 'id': 123223, 'fieldTranslations': {'nameTranslation': {'ar': 'ويليان جوزيه', 'bn': 'উইলিয়ান জোস', 'hi': 'विलीयन जोस'}, 'shortNameTranslation': {'ar': 'و. جوزيه', 'bn': 'ডব্লিউ. জোসে', 'hi': 'डब्लू. जोस'}}}",True,save,penalty,"{'x': 11.5, 'y': 50, 'z': 0}",right-foot,low-left,"{'x': 0, 'y': 53.6, 'z': 13.3}","{'x': 1.4, 'y': 50.7, 'z': 0}",0.7884,0.7242339849472,"{'name': 'Caíque França', 'slug': 'caique-franca', 'shortName': 'C. França', 'position': 'G', 'jerseyNumber': '22', 'userCount': 462, 'gender': 'M', 'id': 799667, 'fieldTranslations': {'nameTranslation': {'ar': 'كاكي فرانسا'}, 'shortNameTranslation': {'ar': 'ك. فرانسا'}}}",6293623,45,6.0,3003,"{'start': {'x': 50, 'y': 11.5}, 'block': {'x': 50.7, 'y': 1.4}, 'end': {'x': 46.4, 'y': 0}, 'goal': {'x': 46.4, 'y': 86.7}}",1,2397,303,shot,,13472598
"{'name': 'Willian José', 'slug': 'willian-jose', 'shortName': 'W. José', 'position': 'F', 'jerseyNumber': '12', 'userCount': 3014, 'gender': 'M', 'id': 123223, 'fieldTranslations': {'nameTranslation': {'ar': 'ويليان جوزيه', 'bn': 'উইলিয়ান জোস', 'hi': 'विलीयन जोस'}, 'shortNameTranslation': {'ar': 'و. جوزيه', 'bn': 'ডব্লিউ. জোসে', 'hi': 'डब्लू. जोस'}}}",True,block,regular,"{'x': 8.2, 'y': 49.9, 'z': 0}",right-foot,low-centre,"{'x': 0, 'y': 48.9, 'z': 19}","{'x': 5.1, 'y': 50.4, 'z': 0}",0.16366174817085,0.0,"{'name': 'Caíque França', 'slug': 'caique-franca', 'shortName': 'C. França', 'position': 'G', 'jerseyNumber': '22', 'userCount': 462, 'gender': 'M', 'id': 799667, 'fieldTranslations': {'nameTranslation': {'ar': 'كاكي فرانسا'}, 'shortNameTranslation': {'ar': 'ك. فرانسا'}}}",6293618,45,3.0,2857,"{'start': {'x': 49.9, 'y': 8.2}, 'block': {'x': 50.4, 'y': 5.1}, 'end': {'x': 51.1, 'y': 0}, 'goal': {'x': 51.1, 'y': 81}}",1,2543,157,shot,,13472598
"{'name': 'Nicolás Acevedo', 'slug': 'nicolas-acevedo', 'shortName': 'N. Acevedo', 'position': 'M', 'jerseyNumber': '26', 'userCount': 1116, 'gender': 'M', 'id': 959620, 'fieldTranslations': {'nameTranslation': {'ar': 'نيكولاس أسيفيدو'}, 'shortNameTranslation': {'ar': 'ن. أسيفيدو'}}}",True,save,assisted,"{'x': 4.6, 'y': 48.5, 'z': 0}",right-foot,low-centre,"{'x': 0, 'y': 50.6, 'z': 1.9}","{'x': 1.6, 'y': 48.6, 'z': 0}",0.56609886884689,0.41789147257805,"{'name': 'Caíque França', 'slug': 'caique-franca', 'shortName': 'C. França', 'position': 'G', 'jerseyNumber': '22', 'userCount': 462, 'gender': 'M', 'id': 799667, 'fieldTranslations': {'nameTranslation': {'ar': 'كاكي فرانسا'}, 'shortNameTranslation': {'ar': 'ك. فرانسا'}}}",6293617,45,3.0,2855,"{'start': {'x': 48.5, 'y': 4.6}, 'block': {'x': 48.6, 'y': 1.6}, 'end': {'x': 49.4, 'y': 0}, 'goal': {'x': 49.4, 'y': 98.1}}",1,2545,155,shot,,13472598
"{'name': 'Rodrigo Nestor', 'slug': 'rodrigo-nestor', 'shortName': 'R. Nestor', 'position': 'M', 'jerseyNumber': '11', 'userCount': 2062, 'gender': 'M', 'id': 905461, 'fieldTranslations': {'nameTranslation': {'ar': 'رودريغو نيستور', 'bn': 'রদ্রিগো নেস্টর', 'hi': 'रोड्रिगो नेस्टर'}, 'shortNameTranslation': {'ar': 'ر. نيستور', 'bn': 'আর. নেস্টর', 'hi': 'आर. नेस्टर'}}}",True,goal,corner,"{'x': 12.6, 'y': 60.9, 'z': 0}",left-foot,high-left,"{'x': 0, 'y': 52.6, 'z': 25.3}",,0.071612514555454,0.1660461127758,"{'name': 'Caíque França', 'slug': 'caique-franca', 'shortName': 'C. França', 'position': 'G', 'jerseyNumber': '22', 'userCount': 462, 'gender': 'M', 'id': 799667, 'fieldTranslations': {'nameTranslation': {'ar': 'كاكي فرانسا'}, 'shortNameTranslation': {'ar': 'ك. فرانسا'}}}",6293604,40,,2385,"{'start': {'x': 60.9, 'y': 12.6}, 'end': {'x': 47.4, 'y': 0}, 'goal': {'x': 47.4, 'y': 74.7}}",6,315,2385,shot,regular,13472598
"{'name': 'Nicolás Acevedo', 'slug': 'nicolas-acevedo', 'shortName': 'N. Acevedo', 'position': 'M', 'jerseyNumber': '26', 'userCount': 1116, 'gender': 'M', 'id': 959620, 'fieldTranslations': {'nameTranslation': {'ar': 'نيكولاس أسيفيدو'}, 'shortNameTranslation': {'ar': 'ن. أسيفيدو'}}}",True,save,regular,"{'x': 5.1, 'y': 66.4, 'z': 0}",right-foot,low-right,"{'x': 0, 'y': 46.8, 'z': 3.2}","{'x': 1.9, 'y': 55.6, 'z': 0}",0.078768514096737,0.29623448848724,"{'name': 'Caíque França', 'slug': 'caique-franca', 'shortName': 'C. França', 'position': 'G', 'jerseyNumber': '22', 'userCount': 462, 'gender': 'M', 'id': 799667, 'fieldTranslations': {'nameTranslation': {'ar': 'كاكي فرانسا'}, 'shortNameTranslation': {'ar': 'ك. فرانسا'}}}",6293600,40,,2357,"{'start': {'x': 66.4, 'y': 5.1}, 'block': {'x': 55.6, 'y': 1.9}, 'end': {'x': 53.2, 'y': 0}, 'goal': {'x': 53.2, 'y': 96.8}}",6,343,2357,shot,,13472598
"{'name': 'Nicolás Acevedo', 'slug': 'nicolas-acevedo', 'shortName': 'N. Acevedo', 'position': 'M', 'jerseyNumber': '26', 'userCount': 1116, 'gender': 'M', 'id': 959620, 'fieldTranslations': {'nameTranslation': {'ar': 'نيكولاس أسيفيدو'}, 'shortNameTranslation': {'ar': 'ن. أسيفيدو'}}}",True,save,assisted,"{'x': 8.5, 'y': 68.9, 'z': 0}",right-foot,low-centre,"{'x': 0, 'y': 49, 'z': 3.8}","{'x': 1.5, 'y': 55.1, 'z': 0}",0.10002943873405,0.093260332942009,"{'name': 'Caíque França', 'slug': 'caique-franca', 'shortName': 'C. França', 'position': 'G', 'jerseyNumber': '22', 'userCount': 462, 'gender': 'M', 'id': 799667, 'fieldTranslations': {'nameTranslation': {'ar': 'كاكي فرانسا'}, 'shortNameTranslation': {'ar': 'ك. فرانسا'}}}",6293599,40,,2355,"{'start': {'x': 68.9, 'y': 8.5}, 'block': {'x': 55.1, 'y': 1.5}, 'end': {'x': 51, 'y': 0}, 'goal': {'x': 51, 'y': 96.2}}",6,345,2355,shot,,13472598
"{'name': 'Erick Pulga', 'firstName': 'Erick', 'lastName': 'Pulga', 'slug': 'erick-pulga', 'shortName': 'E. Pulga', 'position': 'M', 'jerseyNumber': '16', 'userCount': 4849, 'gender': 'M', 'id': 1104070, 'fieldTranslations': {'nameTranslation': {'ar': 'إريك بولغا', 'bn': 'এরিক পুলগা', 'hi': 'एरिक पुल्गा'}, 'shortNameTranslation': {'ar': 'إ. بولغا', 'bn': 'ই. পুলগা', 'hi': 'ई. पुल्गा'}}}",True,save,assisted,"{'x': 18.3, 'y': 48, 'z': 0}",right-foot,high-right,"{'x': 0, 'y': 46.4, 'z': 22.2}","{'x': 1.5, 'y': 50, 'z': 0}",0.079918473958969,0.41453456878662,"{'name': 'Caíque França', 'slug': 'caique-franca', 'shortName': 'C. França', 'position': 'G', 'jerseyNumber': '22', 'userCount': 462, 'gender': 'M', 'id': 799667, 'fieldTranslations': {'nameTranslation': {'ar': 'كاكي فرانسا'}, 'shortNameTranslation': {'ar': 'ك. فرانسا'}}}",6293593,36,,2148,"{'start': {'x': 48, 'y': 18.3}, 'block': {'x': 50, 'y': 1.5}, 'end': {'x': 53.6, 'y': 0}, 'goal': {'x': 53.6, 'y': 77.8}}",10,552,2148,shot,,13472598
"{'name': 'Ademir', 'slug': 'ademir', 'shortName': 'Ademir', 'position': 'F', 'jerseyNumber': '7', 'userCount': 1702, 'gender': 'M', 'id': 922546, 'fieldTranslations': {'nameTranslation': {'ar': 'أديمير'}, 'shortNameTranslation': {'ar': 'أديمير'}}}",True,save,regular,"{'x': 13.8, 'y': 58.1, 'z': 0}",left-foot,low-centre,"{'x': 0, 'y': 51, 'z': 3.8}","{'x': 1.8, 'y': 52.3, 'z': 0}",0.15619800984859,0.21970418095589,"{'name': 'Caíque França', 'slug': 'caique-franca', 'shortName': 'C. França', 'position': 'G', 'jerseyNumber': '22', 'userCount': 462, 'gender': 'M', 'id': 799667, 'fieldTranslations': {'nameTranslation': {'ar': 'كاكي فرانسا'}, 'shortNameTranslation': {'ar': 'ك. فرانسا'}}}",6293592,36,,2125,"{'start': {'x': 58.1, 'y': 13.8}, 'block': {'x': 52.3, 'y': 1.8}, 'end': {'x': 49, 'y': 0}, 'goal': {'x': 49, 'y': 96.2}}",10,575,2125,shot,,13472598
"{'name': 'Willian José', 'slug': 'willian-jose', 'shortName': 'W. José', 'position': 'F', 'jerseyNumber': '12', 'userCount': 3014, 'gender': 'M', 'id': 123223, 'fieldTranslations': {'nameTranslation': {'ar': 'ويليان جوزيه', 'bn': 'উইলিয়ান জোস', 'hi': 'विलीयन जोस'}, 'shortNameTranslation': {'ar': 'و. جوزيه', 'bn': 'ডব্লিউ. জোসে', 'hi': 'डब्लू. जोस'}}}",True,save,assisted,"{'x': 8.3, 'y': 46.8, 'z': 0}",left-foot,low-centre,"{'x': 0, 'y': 50.5, 'z': 12.7}","{'x': 6.3, 'y': 47.1, 'z': 0}",0.13135881721973,0.15065903961658,"{'name': 'Caíque França', 'slug': 'caique-franca', 'shortName': 'C. França', 'position': 'G', 'jerseyNumber': '22', 'userCount': 462, 'gender': 'M', 'id': 799667, 'fieldTranslations': {'nameTranslation': {'ar': 'كاكي فرانسا'}, 'shortNameTranslation': {'ar': 'ك. فرانسا'}}}",6293590,35,,2052,"{'start': {'x': 46.8, 'y': 8.3}, 'block': {'x': 47.1, 'y': 6.3}, 'end': {'x': 49.5, 'y': 0}, 'goal': {'x': 49.5, 'y': 87.3}}",11,648,2052,shot,,13472598
"{'name': 'Luan Cândido', 'slug': 'luan-candido', 'shortName': 'L. Cândido', 'position': 'D', 'jerseyNumber': '36', 'userCount': 715, 'gender': 'M', 'id': 905459, 'fieldTranslations': {'nameTranslation': {'ar': 'كانديدو, لوان'}, 'shortNameTranslation': {'ar': 'ل. كانديدو'}}}",False,miss,set-piece,"{'x': 7.3, 'y': 36, 'z': 0}",head,close-left,"{'x': 0, 'y': 59, 'z': 30.6}",,0.031343173235655,0.0,"{'name': 'Ronaldo', 'slug': 'ronaldo', 'shortName': 'Ronaldo', 'position': 'G', 'jerseyNumber': '96', 'userCount': 1023, 'gender': 'M', 'id': 840106, 'fieldTranslations': {'nameTranslation': {'ar': 'رونالدو'}, 'shortNameTranslation': {'ar': 'رونالدو'}}}",6293588,34,,2025,"{'start': {'x': 36, 'y': 7.3}, 'end': {'x': 41, 'y': 0}, 'goal': {'x': 41, 'y': 69.4}}",12,675,2025,shot,,13472598
"{'name': 'Nicolás Acevedo', 'slug': 'nicolas-acevedo', 'shortName': 'N. Acevedo', 'position': 'M', 'jerseyNumber': '26', 'userCount': 1116, 'gender': 'M', 'id': 959620, 'fieldTranslations': {'nameTranslation': {'ar': 'نيكولاس أسيفيدو'}, 'shortNameTranslation': {'ar': 'ن. أسيفيدو'}}}",True,miss,regular,"{'x': 24.1, 'y': 50.3, 'z': 0}",right-foot,close-left,"{'x': 0, 'y': 58.7, 'z': 9.7}",,0.045782789587975,0.0,"{'name': 'Caíque França', 'slug': 'caique-franca', 'shortName': 'C. França', 'position': 'G', 'jerseyNumber': '22', 'userCount': 462, 'gender': 'M', 'id': 799667, 'fieldTranslations': {'nameTranslation': {'ar': 'كاكي فرانسا'}, 'shortNameTranslation': {'ar': 'ك. فرانسا'}}}",6293579,30,,1743,"{'start': {'x': 50.3, 'y': 24.1}, 'end': {'x': 41.3, 'y': 0}, 'goal': {'x': 41.3, 'y': 90.3}}",16,957,1743,shot,,13472598
"{'name': 'Ademir', 'slug': 'ademir', 'shortName': 'Ademir', 'position': 'F', 'jerseyNumber': '7', 'userCount': 1702, 'gender': 'M', 'id': 922546, 'fieldTranslations': {'nameTranslation': {'ar': 'أديمير'}, 'shortNameTranslation': {'ar': 'أديمير'}}}",True,block,fast-break,"{'x': 11.2, 'y': 66.7, 'z': 0}",left-foot,low-right,"{'x': 0, 'y': 46.7, 'z': 19}","{'x': 9.2, 'y': 64.3, 'z': 0}",0.058397509157658,0.0,"{'name': 'Caíque França', 'slug': 'caique-franca', 'shortName': 'C. França', 'position': 'G', 'jerseyNumber': '22', 'userCount': 462, 'gender': 'M', 'id': 799667, 'fieldTranslations': {'nameTranslation': {'ar': 'كاكي فرانسا'}, 'shortNameTranslation': {'ar': 'ك. فرانسا'}}}",6293572,26,,1541,"{'start': {'x': 66.7, 'y': 11.2}, 'block': {'x': 64.3, 'y': 9.2}, 'end': {'x': 53.3, 'y': 0}, 'goal': {'x': 53.3, 'y': 81}}",20,1159,1541,shot,,13472598
"{'name': 'Erick Pulga', 'firstName': 'Erick', 'lastName': 'Pulga', 'slug': 'erick-pulga', 'shortName': 'E. Pulga', 'position': 'M', 'jerseyNumber': '16', 'userCount': 4849, 'gender': 'M', 'id': 1104070, 'fieldTranslations': {'nameTranslation': {'ar': 'إريك بولغا', 'bn': 'এরিক পুলগা', 'hi': 'एरिक पुल्गा'}, 'shortNameTranslation': {'ar': 'إ. بولغا', 'bn': 'ই. পুলগা', 'hi': 'ई. पुल्गा'}}}",True,save,assisted,"{'x': 18.6, 'y': 53.1, 'z': 0}",right-foot,low-right,"{'x': 0, 'y': 45.8, 'z': 18.4}","{'x': 2.2, 'y': 52, 'z': 0}",0.089307449758053,0.24891456961632,"{'name': 'Caíque França', 'slug': 'caique-franca', 'shortName': 'C. França', 'position': 'G', 'jerseyNumber': '22', 'userCount': 462, 'gender': 'M', 'id': 799667, 'fieldTranslations': {'nameTranslation': {'ar': 'كاكي فرانسا'}, 'shortNameTranslation': {'ar': 'ك. فرانسا'}}}",6293557,19,,1128,"{'start': {'x': 53.1, 'y': 18.6}, 'block': {'x': 52, 'y': 2.2}, 'end': {'x': 54.2, 'y': 0}, 'goal': {'x': 54.2, 'y': 81.6}}",27,1572,1128,shot,,13472598
"{'name': 'Ademir', 'slug': 'ademir', 'shortName': 'Ademir', 'position': 'F', 'jerseyNumber': '7', 'userCount': 1702, 'gender': 'M', 'id': 922546, 'fieldTranslations': {'nameTranslation': {'ar': 'أديمير'}, 'shortNameTranslation': {'ar': 'أديمير'}}}",True,block,assisted,"{'x': 22.6, 'y': 72.6, 'z': 0}",left-foot,low-right,"{'x': 0, 'y': 46.5, 'z': 19}","{'x': 17.2, 'y': 68.1, 'z': 0}",0.025896862149239,0.0,"{'name': 'Caíque França', 'slug': 'caique-franca', 'shortName': 'C. França', 'position': 'G', 'jerseyNumber': '22', 'userCount': 462, 'gender': 'M', 'id': 799667, 'fieldTranslations': {'nameTranslation': {'ar': 'كاكي فرانسا'}, 'shortNameTranslation': {'ar': 'ك. فرانسا'}}}",6293556,17,,970,"{'start': {'x': 72.6, 'y': 22.6}, 'block': {'x': 68.1, 'y': 17.2}, 'end': {'x': 53.5, 'y': 0}, 'goal': {'x': 53.5, 'y': 81}}",29,1730,970,shot,,13472598
"{'name': 'Rodrigo Nestor', 'slug': 'rodrigo-nestor', 'shortName': 'R. Nestor', 'position': 'M', 'jerseyNumber': '11', 'userCount': 2062, 'gender': 'M', 'id': 905461, 'fieldTranslations': {'nameTranslation': {'ar': 'رودريغو نيستور', 'bn': 'রদ্রিগো নেস্টর', 'hi': 'रोड्रिगो नेस्टर'}, 'shortNameTranslation': {'ar': 'ر. نيستور', 'bn': 'আর. নেস্টর', 'hi': 'आर. नेस्टर'}}}",True,save,assisted,"{'x': 24.3, 'y': 35.4, 'z': 0}",left-foot,low-centre,"{'x': 0, 'y': 48.6, 'z': 13.3}","{'x': 1.9, 'y': 48.6, 'z': 0}",0.031685527414083,0.029393935576081,"{'name': 'Caíque França', 'slug': 'caique-franca', 'shortName': 'C. França', 'position': 'G', 'jerseyNumber': '22', 'userCount': 462, 'gender': 'M', 'id': 799667, 'fieldTranslations': {'nameTranslation': {'ar': 'كاكي فرانسا'}, 'shortNameTranslation': {'ar': 'ك. فرانسا'}}}",6293555,16,,936,"{'start': {'x': 35.4, 'y': 24.3}, 'block': {'x': 48.6, 'y': 1.9}, 'end': {'x': 51.4, 'y': 0}, 'goal': {'x': 51.4, 'y': 86.7}}",30,1764,936,shot,,13472598
"{'name': 'Erick Pulga', 'firstName': 'Erick', 'lastName': 'Pulga', 'slug': 'erick-pulga', 'shortName': 'E. Pulga', 'position': 'M', 'jerseyNumber': '16', 'userCount': 4849, 'gender': 'M', 'id': 1104070, 'fieldTranslations': {'nameTranslation': {'ar': 'إريك بولغا', 'bn': 'এরিক পুলগা', 'hi': 'एरिक पुल्गा'}, 'shortNameTranslation': {'ar': 'إ. بولغا', 'bn': 'ই. পুলগা', 'hi': 'ई. पुल्गा'}}}",True,miss,assisted,"{'x': 16.7, 'y': 35.2, 'z': 0}",right-foot,high-right,"{'x': 0, 'y': 40.7, 'z': 43.1}",,0.045472182333469,0.0,"{'name': 'Caíque França', 'slug': 'caique-franca', 'shortName': 'C. França', 'position': 'G', 'jerseyNumber': '22', 'userCount': 462, 'gender': 'M', 'id': 799667, 'fieldTranslations': {'nameTranslation': {'ar': 'كاكي فرانسا'}, 'shortNameTranslation': {'ar': 'ك. فرانسا'}}}",6293552,14,,805,"{'start': {'x': 35.2, 'y': 16.7}, 'end': {'x': 59.3, 'y': 0}, 'goal': {'x': 59.3, 'y': 56.9}}",32,1895,805,shot,,13472598
"{'name': 'Erick Pulga', 'firstName': 'Erick', 'lastName': 'Pulga', 'slug': 'erick-pulga', 'shortName': 'E. Pulga', 'position': 'M', 'jerseyNumber': '16', 'userCount': 4849, 'gender': 'M', 'id': 1104070, 'fieldTranslations': {'nameTranslation': {'ar': 'إريك بولغا', 'bn': 'এরিক পুলগা', 'hi': 'एरिक पुल्गा'}, 'shortNameTranslation': {'ar': 'إ. بولغا', 'bn': 'ই. পুলগা', 'hi': 'ई. पुल्गा'}}}",True,save,regular,"{'x': 3.2, 'y': 37.4, 'z': 0}",right-foot,low-right,"{'x': 0, 'y': 47.9, 'z': 12.7}","{'x': 2.7, 'y': 39, 'z': 0}",0.0906598046422,0.27549782395363,"{'name': 'Caíque França', 'slug': 'caique-franca', 'shortName': 'C. França', 'position': 'G', 'jerseyNumber': '22', 'userCount': 462, 'gender': 'M', 'id': 799667, 'fieldTranslations': {'nameTranslation': {'ar': 'كاكي فرانسا'}, 'shortNameTranslation': {'ar': 'ك. فرانسا'}}}",6293551,13,,747,"{'start': {'x': 37.4, 'y': 3.2}, 'block': {'x': 39, 'y': 2.7}, 'end': {'x': 52.1, 'y': 0}, 'goal': {'x': 52.1, 'y': 87.3}}",33,1953,747,shot,,13472598
"{'name': 'Santiago Arias', 'firstName': '', 'lastName': '', 'slug': 'santiago-arias', 'shortName': 'S. Arias', 'position': 'D', 'jerseyNumber': '4', 'userCount': 3441, 'gender': 'M', 'id': 158583, 'fieldTranslations': {'nameTranslation': {'ar': 'سانتياغو أرياس', 'bn': 'সান্তিয়াগো আরিয়াস', 'hi': 'सैंटियागो एरियस'}, 'shortNameTranslation': {'ar': 'س. أرياس', 'bn': 'এস. আরিয়াস', 'hi': 'एस. एरियस'}}}",True,miss,assisted,"{'x': 23.5, 'y': 68.2, 'z': 0}",right-foot,left,"{'x': 0, 'y': 67.2, 'z': 1.4}",,0.021361649036407,0.0,"{'name': 'Caíque França', 'slug': 'caique-franca', 'shortName': 'C. França', 'position': 'G', 'jerseyNumber': '22', 'userCount': 462, 'gender': 'M', 'id': 799667, 'fieldTranslations': {'nameTranslation': {'ar': 'كاكي فرانسا'}, 'shortNameTranslation': {'ar': 'ك. فرانسا'}}}",6293546,11,,632,"{'start': {'x': 68.2, 'y': 23.5}, 'end': {'x': 32.8, 'y': 0}, 'goal': {'x': 32.8, 'y': 98.6}}",35,2068,632,shot,,13472598
"{'name': 'Willian José', 'slug': 'willian-jose', 'shortName': 'W. José', 'position': 'F', 'jerseyNumber': '12', 'userCount': 3014, 'gender': 'M', 'id': 123223, 'fieldTranslations': {'nameTranslation': {'ar': 'ويليان جوزيه', 'bn': 'উইলিয়ান জোস', 'hi': 'विलीयन जोस'}, 'shortNameTranslation': {'ar': 'و. جوزيه', 'bn': 'ডব্লিউ. জোসে', 'hi': 'डब्लू. जोस'}}}",True,miss,corner,"{'x': 0.40000000000001, 'y': 38.2, 'z': 0}",left-foot,close-left,"{'x': 0, 'y': 56.5, 'z': 20.8}",,0.020655438303947,0.0,"{'name': 'Caíque França', 'slug': 'caique-franca', 'shortName': 'C. França', 'position': 'G', 'jerseyNumber': '22', 'userCount': 462, 'gender': 'M', 'id': 799667, 'fieldTranslations': {'nameTranslation': {'ar': 'كاكي فرانسا'}, 'shortNameTranslation': {'ar': 'ك. فرانسا'}}}",6293540,8,,438,"{'start': {'x': 38.2, 'y': 0.40000000000001}, 'end': {'x': 43.5, 'y': 0}, 'goal': {'x': 43.5, 'y': 79.2}}",38,2262,438,shot,,13472598
"{'name': 'Ademir', 'slug': 'ademir', 'shortName': 'Ademir', 'position': 'F', 'jerseyNumber': '7', 'userCount': 1702, 'gender': 'M', 'id': 922546, 'fieldTranslations': {'nameTranslation': {'ar': 'أديمير'}, 'shortNameTranslation': {'ar': 'أديمير'}}}",True,miss,assisted,"{'x': 10.3, 'y': 68.1, 'z': 0}",right-foot,high-right,"{'x': 0, 'y': 42.9, 'z': 83.3}",,0.066615886986256,0.0,"{'name': 'Caíque França', 'slug': 'caique-franca', 'shortName': 'C. França', 'position': 'G', 'jerseyNumber': '22', 'userCount': 462, 'gender': 'M', 'id': 799667, 'fieldTranslations': {'nameTranslation': {'ar': 'كاكي فرانسا'}, 'shortNameTranslation': {'ar': 'ك. فرانسا'}}}",6293537,5,,290,"{'start': {'x': 68.1, 'y': 10.3}, 'end': {'x': 57.1, 'y': 0}, 'goal': {'x': 57.1, 'y': 16.7}}",41,2410,290,shot,,13472598
"{'name': 'Ademir', 'slug': 'ademir', 'shortName': 'Ademir', 'position': 'F', 'jerseyNumber': '7', 'userCount': 1702, 'gender': 'M', 'id': 922546, 'fieldTranslations': {'nameTranslation': {'ar': 'أديمير'}, 'shortNameTranslation': {'ar': 'أديمير'}}}",True,miss,assisted,"{'x': 22.8, 'y': 72.2, 'z': 0}",left-foot,close-left,"{'x': 0, 'y': 58.5, 'z': 23.6}",,0.011364676989615,0.0,"{'name': 'Caíque França', 'slug': 'caique-franca', 'shortName': 'C. França', 'position': 'G', 'jerseyNumber': '22', 'userCount': 462, 'gender': 'M', 'id': 799667, 'fieldTranslations': {'nameTranslation': {'ar': 'كاكي فرانسا'}, 'shortNameTranslation': {'ar': 'ك. فرانسا'}}}",6293534,3,,140,"{'start': {'x': 72.2, 'y': 22.8}, 'end': {'x': 41.5, 'y': 0}, 'goal': {'x': 41.5, 'y': 76.4}}",43,2560,140,shot,,13472598
"{'name': 'Braian Aguirre', 'firstName': 'Brian Aguirre', 'lastName': '', 'slug': 'braian-aguirre', 'shortName': 'B. Aguirre', 'position': 'D', 'jerseyNumber': '35', 'userCount': 797, 'gender': 'M', 'id': 1084963, 'fieldTranslations': {'nameTranslation': {'ar': 'برايان أغيري'}, 'shortNameTranslation': {'ar': 'ب. أغيري'}}}",False,block,corner,"{'x': 25.6, 'y': 55, 'z': 0}",right-foot,low-centre,"{'x': 0, 'y': 51.6, 'z': 19}","{'x': 13.8, 'y': 52, 'z': 0}",0.019563080742955,0.0,"{'name': 'Rafael', 'slug': 'rafael', 'shortName': 'Rafael', 'position': 'G', 'jerseyNumber': '23', 'userCount': 4259, 'gender': 'M', 'id': 33132, 'fieldTranslations': {'nameTranslation': {'ar': 'رافاييل', 'bn': 'রাফায়েল', 'hi': 'राफेल'}, 'shortNameTranslation': {'ar': 'رافاييل', 'bn': 'রাফায়েল', 'hi': 'राफेल'}}}",6293750,90,4.0,5597,"{'start': {'x': 55, 'y': 25.6}, 'block': {'x': 52, 'y': 13.8}, 'end': {'x': 48.4, 'y': 0}, 'goal': {'x': 48.4, 'y': 81}}",1,703,197,shot,,13472599
"{'name': 'Ricardo Mathias', 'firstName': 'Ricardo Mathias', 'slug': 'ricardo-mathias', 'shortName': 'R. Mathias', 'position': 'F', 'jerseyNumber': '77', 'userCount': 1828, 'gender': 'M', 'id': 1483340, 'fieldTranslations': {'nameTranslation': {'ar': 'ريكاردو ماثياس'}, 'shortNameTranslation': {'ar': 'ر. ماثياس'}}}",False,miss,regular,"{'x': 3.6, 'y': 63.6, 'z': 0}",head,close-right,"{'x': 0, 'y': 43.5, 'z': 12.5}",,0.066312924027443,0.0,"{'name': 'Rafael', 'slug': 'rafael', 'shortName': 'Rafael', 'position': 'G', 'jerseyNumber': '23', 'userCount': 4259, 'gender': 'M', 'id': 33132, 'fieldTranslations': {'nameTranslation': {'ar': 'رافاييل', 'bn': 'রাফায়েল', 'hi': 'राफेल'}, 'shortNameTranslation': {'ar': 'رافاييل', 'bn': 'রাফায়েল', 'hi': 'राफेल'}}}",6293759,89,,5288,"{'start': {'x': 63.6, 'y': 3.6}, 'end': {'x': 56.5, 'y': 0}, 'goal': {'x': 56.5, 'y': 87.5}}",2,112,2588,shot,,13472599
"{'name': 'Bruno Tabata', 'slug': 'bruno-tabata', 'shortName': 'B. Tabata', 'position': 'M', 'jerseyNumber': '17', 'userCount': 1116, 'gender': 'M', 'id': 845433, 'fieldTranslations': {'nameTranslation': {'ar': 'برونو تاباتا', 'bn': 'ব্রুনো তাবাটা', 'hi': 'ब्रूनो तबाता'}, 'shortNameTranslation': {'ar': 'ب. تاباتا', 'bn': 'ব্রুনো তাবাতা', 'hi': 'ब्रूनो तबाता'}}}",False,block,assisted,"{'x': 27.4, 'y': 49.1, 'z': 0}",left-foot,low-centre,"{'x': 0, 'y': 50.9, 'z': 19}","{'x': 22.4, 'y': 49.1, 'z': 0}",0.028223430737853,0.0,"{'name': 'Rafael', 'slug': 'rafael', 'shortName': 'Rafael', 'position': 'G', 'jerseyNumber': '23', 'userCount': 4259, 'gender': 'M', 'id': 33132, 'fieldTranslations': {'nameTranslation': {'ar': 'رافاييل', 'bn': 'রাফায়েল', 'hi': 'राफेल'}, 'shortNameTranslation': {'ar': 'رافاييل', 'bn': 'রাফায়েল', 'hi': 'राफेल'}}}",6293740,87,,5194,"{'start': {'x': 49.1, 'y': 27.4}, 'block': {'x': 49.1, 'y': 22.4}, 'end': {'x': 49.1, 'y': 0}, 'goal': {'x': 49.1, 'y': 81}}",4,206,2494,shot,,13472599
"{'name': 'Luciano', 'slug': 'luciano', 'shortName': 'Luciano', 'position': 'M', 'jerseyNumber': '10', 'userCount': 8521, 'gender': 'M', 'sofascoreId': 'luciano10', 'id': 282557, 'fieldTranslations': {'nameTranslation': {'ar': 'لوتشيانو'}, 'shortNameTranslation': {'ar': 'لوتشيانو'}}}",True,miss,assisted,"{'x': 5.4, 'y': 33.6, 'z': 0}",left-foot,close-left,"{'x': 0, 'y': 56.6, 'z': 2.8}",,0.042789380997419,0.0,"{'name': 'Sergio Rochet', 'slug': 'sergio-rochet', 'shortName': 'S. Rochet', 'position': 'G', 'jerseyNumber': '1', 'userCount': 2616, 'gender': 'M', 'id': 581060, 'fieldTranslations': {'nameTranslation': {'ar': 'سيرجيو روشيت', 'bn': 'সার্জিও রোচেট', 'hi': 'सर्जियो रोशेट'}, 'shortNameTranslation': {'ar': 'س. روشيت', 'bn': 'সার্জিও রোচেট', 'hi': 'सर्जियो रोशेट'}}}",6293731,80,,4767,"{'start': {'x': 33.6, 'y': 5.4}, 'end': {'x': 43.4, 'y': 0}, 'goal': {'x': 43.4, 'y': 97.2}}",11,633,2067,shot,,13472599
"{'name': 'Ferreirinha', 'slug': 'ferreira', 'shortName': 'Ferreira', 'position': 'M', 'jerseyNumber': '11', 'userCount': 8641, 'gender': 'M', 'id': 998499, 'fieldTranslations': {'nameTranslation': {'ar': 'فيرينها', 'bn': 'ফেরেইরিনহা', 'hi': 'फ़ेरेरिन्हा'}, 'shortNameTranslation': {'ar': 'فيرينها', 'bn': 'ফেরেইরিনহা', 'hi': 'फ़ेरेरिन्हा'}}}",True,save,assisted,"{'x': 15, 'y': 28.6, 'z': 0}",right-foot,high-right,"{'x': 0, 'y': 45.4, 'z': 24.1}","{'x': 1.6, 'y': 47.5, 'z': 0}",0.0305185187608,0.70451003313065,"{'name': 'Sergio Rochet', 'slug': 'sergio-rochet', 'shortName': 'S. Rochet', 'position': 'G', 'jerseyNumber': '1', 'userCount': 2616, 'gender': 'M', 'id': 581060, 'fieldTranslations': {'nameTranslation': {'ar': 'سيرجيو روشيت', 'bn': 'সার্জিও রোচেট', 'hi': 'सर्जियो रोशेट'}, 'shortNameTranslation': {'ar': 'س. روشيت', 'bn': 'সার্জিও রোচেট', 'hi': 'सर्जियो रोशेट'}}}",6293726,77,,4565,"{'start': {'x': 28.6, 'y': 15}, 'block': {'x': 47.5, 'y': 1.6}, 'end': {'x': 54.6, 'y': 0}, 'goal': {'x': 54.6, 'y': 75.9}}",14,835,1865,shot,,13472599
"{'name': 'Alexandro Bernabei', 'slug': 'alexandro-bernabei', 'shortName': 'A. Bernabei', 'position': 'D', 'jerseyNumber': '26', 'userCount': 2145, 'gender': 'M', 'id': 989200, 'fieldTranslations': {'nameTranslation': {'ar': 'ألكسندرو بيرنابيي', 'bn': 'আলেকজান্দ্রো বার্নাবেই', 'hi': 'एलेक्ज़ेंड्रो बर्नबेई'}, 'shortNameTranslation': {'ar': 'أ. بيرنابيي', 'bn': 'এ. বার্নাবাই', 'hi': 'ए. बर्नबेई'}}}",False,save,fast-break,"{'x': 19.2, 'y': 31.3, 'z': 0}",left-foot,high-centre,"{'x': 0, 'y': 48.5, 'z': 30.4}","{'x': 1.4, 'y': 47.5, 'z': 0}",0.034966602921486,0.10018691420555,"{'name': 'Rafael', 'slug': 'rafael', 'shortName': 'Rafael', 'position': 'G', 'jerseyNumber': '23', 'userCount': 4259, 'gender': 'M', 'id': 33132, 'fieldTranslations': {'nameTranslation': {'ar': 'رافاييل', 'bn': 'রাফায়েল', 'hi': 'राफेल'}, 'shortNameTranslation': {'ar': 'رافاييل', 'bn': 'রাফায়েল', 'hi': 'राफेल'}}}",6293723,75,,4466,"{'start': {'x': 31.3, 'y': 19.2}, 'block': {'x': 47.5, 'y': 1.4}, 'end': {'x': 51.5, 'y': 0}, 'goal': {'x': 51.5, 'y': 69.6}}",16,934,1766,shot,,13472599
"{'name': 'Rafael Borré', 'slug': 'rafael-borre', 'shortName': 'R. Borré', 'position': 'F', 'jerseyNumber': '19', 'userCount': 5894, 'gender': 'M', 'sofascoreId': 'rafaelsantosborre', 'id': 560116, 'fieldTranslations': {'nameTranslation': {'ar': 'رافاييل بوري', 'bn': 'রাফায়েল বোরে', 'hi': 'राफेल बोरे'}, 'shortNameTranslation': {'ar': 'ر. بوري', 'bn': 'রাফায়েল বোরে', 'hi': 'राफेल बोरे'}}}",False,save,assisted,"{'x': 11.9, 'y': 35.3, 'z': 0}",head,low-centre,"{'x': 0, 'y': 51.5, 'z': 15.8}","{'x': 1.2, 'y': 48, 'z': 0}",0.017562298104167,0.022243132814765,"{'name': 'Rafael', 'slug': 'rafael', 'shortName': 'Rafael', 'position': 'G', 'jerseyNumber': '23', 'userCount': 4259, 'gender': 'M', 'id': 33132, 'fieldTranslations': {'nameTranslation': {'ar': 'رافاييل', 'bn': 'রাফায়েল', 'hi': 'राफेल'}, 'shortNameTranslation': {'ar': 'رافاييل', 'bn': 'রাফায়েল', 'hi': 'राफेल'}}}",6293719,71,,4217,"{'start': {'x': 35.3, 'y': 11.9}, 'block': {'x': 48, 'y': 1.2}, 'end': {'x': 48.5, 'y': 0}, 'goal': {'x': 48.5, 'y': 84.2}}",20,1183,1517,shot,,13472599
"{'name': 'Bruno Gomes', 'slug': 'bruno-gomes', 'shortName': 'B. Gomes', 'position': 'D', 'jerseyNumber': '15', 'userCount': 903, 'gender': 'M', 'id': 995071, 'fieldTranslations': {'nameTranslation': {'ar': 'برونو غوميز'}, 'shortNameTranslation': {'ar': 'ب. غوميز'}}}",False,save,assisted,"{'x': 27.4, 'y': 42.1, 'z': 0}",right-foot,low-right,"{'x': 0, 'y': 45.8, 'z': 5.1}","{'x': 1.8, 'y': 50.5, 'z': 0}",0.019359713420272,0.2244558185339,"{'name': 'Rafael', 'slug': 'rafael', 'shortName': 'Rafael', 'position': 'G', 'jerseyNumber': '23', 'userCount': 4259, 'gender': 'M', 'id': 33132, 'fieldTranslations': {'nameTranslation': {'ar': 'رافاييل', 'bn': 'রাফায়েল', 'hi': 'राफेल'}, 'shortNameTranslation': {'ar': 'رافاييل', 'bn': 'রাফায়েল', 'hi': 'राफेल'}}}",6293717,70,,4152,"{'start': {'x': 42.1, 'y': 27.4}, 'block': {'x': 50.5, 'y': 1.8}, 'end': {'x': 54.2, 'y': 0}, 'goal': {'x': 54.2, 'y': 94.9}}",21,1248,1452,shot,,13472599
"{'name': 'Braian Aguirre', 'firstName': 'Brian Aguirre', 'lastName': '', 'slug': 'braian-aguirre', 'shortName': 'B. Aguirre', 'position': 'D', 'jerseyNumber': '35', 'userCount': 797, 'gender': 'M', 'id': 1084963, 'fieldTranslations': {'nameTranslation': {'ar': 'برايان أغيري'}, 'shortNameTranslation': {'ar': 'ب. أغيري'}}}",False,block,throw-in-set-piece,"{'x': 29, 'y': 51.8, 'z': 0}",right-foot,low-right,"{'x': 0, 'y': 47.4, 'z': 19}","{'x': 15.7, 'y': 52.2, 'z': 0}",0.0094313565641642,0.0,"{'name': 'Rafael', 'slug': 'rafael', 'shortName': 'Rafael', 'position': 'G', 'jerseyNumber': '23', 'userCount': 4259, 'gender': 'M', 'id': 33132, 'fieldTranslations': {'nameTranslation': {'ar': 'رافاييل', 'bn': 'রাফায়েল', 'hi': 'राफेल'}, 'shortNameTranslation': {'ar': 'رافاييل', 'bn': 'রাফায়েল', 'hi': 'राफेल'}}}",6293712,65,,3893,"{'start': {'x': 51.8, 'y': 29}, 'block': {'x': 52.2, 'y': 15.7}, 'end': {'x': 52.6, 'y': 0}, 'goal': {'x': 52.6, 'y': 81}}",26,1507,1193,shot,,13472599
"{'name': 'Alan Patrick', 'slug': 'alan-patrick', 'shortName': 'A. Patrick', 'position': 'M', 'jerseyNumber': '10', 'userCount': 6629, 'gender': 'M', 'id': 124997, 'fieldTranslations': {'nameTranslation': {'ar': 'ألان باتريك', 'bn': 'অ্যালান প্যাট্রিক', 'hi': 'एलन पैट्रिक'}, 'shortNameTranslation': {'ar': 'أ. باتريك', 'bn': 'এ. প্যাট্রিক', 'hi': 'ए. पैट्रिक'}}}",False,block,set-piece,"{'x': 9.7, 'y': 31.7, 'z': 0}",right-foot,low-left,"{'x': 0, 'y': 53.2, 'z': 19}","{'x': 7.2, 'y': 35.6, 'z': 0}",0.040820699185133,0.0,"{'name': 'Rafael', 'slug': 'rafael', 'shortName': 'Rafael', 'position': 'G', 'jerseyNumber': '23', 'userCount': 4259, 'gender': 'M', 'id': 33132, 'fieldTranslations': {'nameTranslation': {'ar': 'رافاييل', 'bn': 'রাফায়েল', 'hi': 'राफेल'}, 'shortNameTranslation': {'ar': 'رافاييل', 'bn': 'রাফায়েল', 'hi': 'राफेल'}}}",6293711,63,,3764,"{'start': {'x': 31.7, 'y': 9.7}, 'block': {'x': 35.6, 'y': 7.2}, 'end': {'x': 46.8, 'y': 0}, 'goal': {'x': 46.8, 'y': 81}}",28,1636,1064,shot,,13472599
"{'name': 'Bruno Gomes', 'slug': 'bruno-gomes', 'shortName': 'B. Gomes', 'position': 'D', 'jerseyNumber': '15', 'userCount': 903, 'gender': 'M', 'id': 995071, 'fieldTranslations': {'nameTranslation': {'ar': 'برونو غوميز'}, 'shortNameTranslation': {'ar': 'ب. غوميز'}}}",False,save,free-kick,"{'x': 26.5, 'y': 43.3, 'z': 0}",right-foot,low-left,"{'x': 0, 'y': 54.3, 'z': 5.1}","{'x': 1.1, 'y': 49.6, 'z': 0}",0.047724701464176,0.27315056324005,"{'name': 'Rafael', 'slug': 'rafael', 'shortName': 'Rafael', 'position': 'G', 'jerseyNumber': '23', 'userCount': 4259, 'gender': 'M', 'id': 33132, 'fieldTranslations': {'nameTranslation': {'ar': 'رافاييل', 'bn': 'রাফায়েল', 'hi': 'राफेल'}, 'shortNameTranslation': {'ar': 'رافاييل', 'bn': 'রাফায়েল', 'hi': 'राफेल'}}}",6293706,59,,3503,"{'start': {'x': 43.3, 'y': 26.5}, 'block': {'x': 49.6, 'y': 1.1}, 'end': {'x': 45.7, 'y': 0}, 'goal': {'x': 45.7, 'y': 94.9}}",32,1897,803,shot,,13472599
"{'name': 'Alan Rodríguez', 'firstName': 'Alan', 'lastName': 'Rodríguez', 'slug': 'alan-rodriguez', 'shortName': 'Á. Rodríguez', 'position': 'M', 'jerseyNumber': '14', 'userCount': 552, 'gender': 'M', 'id': 874576, 'fieldTranslations': {'nameTranslation': {'ar': 'ألان رودريغيز'}, 'shortNameTranslation': {'ar': 'أ. رودريغيز'}}}",False,block,assisted,"{'x': 26.5, 'y': 58.7, 'z': 0}",right-foot,low-centre,"{'x': 0, 'y': 48.4, 'z': 19}","{'x': 21, 'y': 57.2, 'z': 0}",0.02903987839818,0.0,"{'name': 'Rafael', 'slug': 'rafael', 'shortName': 'Rafael', 'position': 'G', 'jerseyNumber': '23', 'userCount': 4259, 'gender': 'M', 'id': 33132, 'fieldTranslations': {'nameTranslation': {'ar': 'رافاييل', 'bn': 'রাফায়েল', 'hi': 'राफेल'}, 'shortNameTranslation': {'ar': 'رافاييل', 'bn': 'রাফায়েল', 'hi': 'राफेल'}}}",6293703,58,,3437,"{'start': {'x': 58.7, 'y': 26.5}, 'block': {'x': 57.2, 'y': 21}, 'end': {'x': 51.6, 'y': 0}, 'goal': {'x': 51.6, 'y': 81}}",33,1963,737,shot,,13472599
"{'name': 'Vitão', 'slug': 'vitao', 'shortName': 'Vitão', 'position': 'D', 'jerseyNumber': '44', 'userCount': 3544, 'gender': 'M', 'id': 876625, 'fieldTranslations': {'nameTranslation': {'ar': 'فيتاو', 'bn': 'ভিটো', 'hi': 'विताओ'}, 'shortNameTranslation': {'ar': 'فيتاو', 'bn': 'ভিটো', 'hi': 'विताओ'}}}",False,miss,corner,"{'x': 9.5, 'y': 54, 'z': 0}",head,high,"{'x': 0, 'y': 45.4, 'z': 87.5}",,0.065512575209141,0.0,"{'name': 'Rafael', 'slug': 'rafael', 'shortName': 'Rafael', 'position': 'G', 'jerseyNumber': '23', 'userCount': 4259, 'gender': 'M', 'id': 33132, 'fieldTranslations': {'nameTranslation': {'ar': 'رافاييل', 'bn': 'রাফায়েল', 'hi': 'राफेल'}, 'shortNameTranslation': {'ar': 'رافاييل', 'bn': 'রাফায়েল', 'hi': 'राफेल'}}}",6293698,54,,3197,"{'start': {'x': 54, 'y': 9.5}, 'end': {'x': 54.6, 'y': 0}, 'goal': {'x': 54.6, 'y': 12.5}}",37,2203,497,shot,,13472599
"{'name': 'Gonzalo Tapia', 'firstName': '', 'lastName': '', 'slug': 'tapia-gonzalo', 'shortName': 'G. Tapia', 'position': 'F', 'jerseyNumber': '14', 'userCount': 4061, 'gender': 'M', 'id': 1002947, 'fieldTranslations': {'nameTranslation': {'ar': 'تابيا، غونزالو', 'bn': 'তাপিয়া, গঞ্জালো', 'hi': 'तापिया, गोंजालो'}, 'shortNameTranslation': {'ar': 'ت. غونزالو', 'bn': 'জি. তাপিয়া', 'hi': 'जी. तापिया'}}}",True,save,fast-break,"{'x': 13.7, 'y': 59.7, 'z': 0}",right-foot,low-centre,"{'x': 0, 'y': 50, 'z': 11.4}","{'x': 6.8, 'y': 55.6, 'z': 0}",0.39984738826752,0.2114776968956,"{'name': 'Sergio Rochet', 'slug': 'sergio-rochet', 'shortName': 'S. Rochet', 'position': 'G', 'jerseyNumber': '1', 'userCount': 2616, 'gender': 'M', 'id': 581060, 'fieldTranslations': {'nameTranslation': {'ar': 'سيرجيو روشيت', 'bn': 'সার্জিও রোচেট', 'hi': 'सर्जियो रोशेट'}, 'shortNameTranslation': {'ar': 'س. روشيت', 'bn': 'সার্জিও রোচেট', 'hi': 'सर्जियो रोशेट'}}}",6293697,53,,3150,"{'start': {'x': 59.7, 'y': 13.7}, 'block': {'x': 55.6, 'y': 6.8}, 'end': {'x': 50, 'y': 0}, 'goal': {'x': 50, 'y': 88.6}}",38,2250,450,shot,,13472599
"{'name': 'Gonzalo Tapia', 'firstName': '', 'lastName': '', 'slug': 'tapia-gonzalo', 'shortName': 'G. Tapia', 'position': 'F', 'jerseyNumber': '14', 'userCount': 4061, 'gender': 'M', 'id': 1002947, 'fieldTranslations': {'nameTranslation': {'ar': 'تابيا، غونزالو', 'bn': 'তাপিয়া, গঞ্জালো', 'hi': 'तापिया, गोंजालो'}, 'shortNameTranslation': {'ar': 'ت. غونزالو', 'bn': 'জি. তাপিয়া', 'hi': 'जी. तापिया'}}}",True,block,fast-break,"{'x': 24.4, 'y': 57.5, 'z': 0}",right-foot,low-centre,"{'x': 0, 'y': 48.5, 'z': 19}","{'x': 20.3, 'y': 56.5, 'z': 0}",0.064120806753635,0.0,"{'name': 'Sergio Rochet', 'slug': 'sergio-rochet', 'shortName': 'S. Rochet', 'position': 'G', 'jerseyNumber': '1', 'userCount': 2616, 'gender': 'M', 'id': 581060, 'fieldTranslations': {'nameTranslation': {'ar': 'سيرجيو روشيت', 'bn': 'সার্জিও রোচেট', 'hi': 'सर्जियो रोशेट'}, 'shortNameTranslation': {'ar': 'س. روشيت', 'bn': 'সার্জিও রোচেট', 'hi': 'सर्जियो रोशेट'}}}",6293696,53,,3147,"{'start': {'x': 57.5, 'y': 24.4}, 'block': {'x': 56.5, 'y': 20.3}, 'end': {'x': 51.5, 'y': 0}, 'goal': {'x': 51.5, 'y': 81}}",38,2253,447,shot,,13472599
"{'name': 'Luciano', 'slug': 'luciano', 'shortName': 'Luciano', 'position': 'M', 'jerseyNumber': '10', 'userCount': 8521, 'gender': 'M', 'sofascoreId': 'luciano10', 'id': 282557, 'fieldTranslations': {'nameTranslation': {'ar': 'لوتشيانو'}, 'shortNameTranslation': {'ar': 'لوتشيانو'}}}",True,goal,assisted,"{'x': 2.3, 'y': 43.9, 'z': 0}",left-foot,low-centre,"{'x': 0, 'y': 51.4, 'z': 3.2}",,0.20152416825294,0.21507699787617,"{'name': 'Sergio Rochet', 'slug': 'sergio-rochet', 'shortName': 'S. Rochet', 'position': 'G', 'jerseyNumber': '1', 'userCount': 2616, 'gender': 'M', 'id': 581060, 'fieldTranslations': {'nameTranslation': {'ar': 'سيرجيو روشيت', 'bn': 'সার্জিও রোচেট', 'hi': 'सर्जियो रोशेट'}, 'shortNameTranslation': {'ar': 'س. روشيت', 'bn': 'সার্জিও রোচেট', 'hi': 'सर्जियो रोशेट'}}}",6293694,48,,2850,"{'start': {'x': 43.9, 'y': 2.3}, 'end': {'x': 48.6, 'y': 0}, 'goal': {'x': 48.6, 'y': 96.8}}",43,2550,150,shot,regular,13472599
"{'name': 'Braian Aguirre', 'firstName': 'Brian Aguirre', 'lastName': '', 'slug': 'braian-aguirre', 'shortName': 'B. Aguirre', 'position': 'D', 'jerseyNumber': '35', 'userCount': 797, 'gender': 'M', 'id': 1084963, 'fieldTranslations': {'nameTranslation': {'ar': 'برايان أغيري'}, 'shortNameTranslation': {'ar': 'ب. أغيري'}}}",False,miss,regular,"{'x': 30.4, 'y': 75.6, 'z': 0}",right-foot,high-right,"{'x': 0, 'y': 38.3, 'z': 40.3}",,0.014625589363277,0.0,"{'name': 'Rafael', 'slug': 'rafael', 'shortName': 'Rafael', 'position': 'G', 'jerseyNumber': '23', 'userCount': 4259, 'gender': 'M', 'id': 33132, 'fieldTranslations': {'nameTranslation': {'ar': 'رافاييل', 'bn': 'রাফায়েল', 'hi': 'राफेल'}, 'shortNameTranslation': {'ar': 'رافاييل', 'bn': 'রাফায়েল', 'hi': 'राफेल'}}}",6293677,47,,2768,"{'start': {'x': 75.6, 'y': 30.4}, 'end': {'x': 61.7, 'y': 0}, 'goal': {'x': 61.7, 'y': 59.7}}",44,2632,68,shot,,13472599
"{'name': 'Maik', 'firstName': 'Maik', 'lastName': 'Gomes Viegas', 'slug': 'maik', 'shortName': 'Maik', 'position': 'D', 'jerseyNumber': '42', 'userCount': 1432, 'gender': 'M', 'id': 2035326, 'fieldTranslations': {'nameTranslation': {'ar': 'مايك'}, 'shortNameTranslation': {'ar': 'مايك'}}}",True,goal,assisted,"{'x': 22.4, 'y': 70, 'z': 0}",right-foot,low-right,"{'x': 0, 'y': 48.1, 'z': 9.5}",,0.0087960800155997,0.10518432408571,"{'name': 'Sergio Rochet', 'slug': 'sergio-rochet', 'shortName': 'S. Rochet', 'position': 'G', 'jerseyNumber': '1', 'userCount': 2616, 'gender': 'M', 'id': 581060, 'fieldTranslations': {'nameTranslation': {'ar': 'سيرجيو روشيت', 'bn': 'সার্জিও রোচেট', 'hi': 'सर्जियो रोशेट'}, 'shortNameTranslation': {'ar': 'س. روشيت', 'bn': 'সার্জিও রোচেট', 'hi': 'सर्जियो रोशेट'}}}",6293615,45,3.0,2865,"{'start': {'x': 70, 'y': 22.4}, 'end': {'x': 51.9, 'y': 0}, 'goal': {'x': 51.9, 'y': 90.5}}",1,2535,165,shot,regular,13472599
"{'name': 'Alan Patrick', 'slug': 'alan-patrick', 'shortName': 'A. Patrick', 'position': 'M', 'jerseyNumber': '10', 'userCount': 6629, 'gender': 'M', 'id': 124997, 'fieldTranslations': {'nameTranslation': {'ar': 'ألان باتريك', 'bn': 'অ্যালান প্যাট্রিক', 'hi': 'एलन पैट्रिक'}, 'shortNameTranslation': {'ar': 'أ. باتريك', 'bn': 'এ. প্যাট্রিক', 'hi': 'ए. पैट्रिक'}}}",False,miss,assisted,"{'x': 26.8, 'y': 51.1, 'z': 0}",right-foot,left,"{'x': 0, 'y': 60, 'z': 5.6}",,0.015599148347974,0.0,"{'name': 'Rafael', 'slug': 'rafael', 'shortName': 'Rafael', 'position': 'G', 'jerseyNumber': '23', 'userCount': 4259, 'gender': 'M', 'id': 33132, 'fieldTranslations': {'nameTranslation': {'ar': 'رافاييل', 'bn': 'রাফায়েল', 'hi': 'राफेल'}, 'shortNameTranslation': {'ar': 'رافاييل', 'bn': 'রাফায়েল', 'hi': 'राफेल'}}}",6293612,45,1.0,2754,"{'start': {'x': 51.1, 'y': 26.8}, 'end': {'x': 40, 'y': 0}, 'goal': {'x': 40, 'y': 94.4}}",1,2646,54,shot,,13472599
"{'name': 'Damián Bobadilla', 'slug': 'damian-bobadilla', 'shortName': 'D. Bobadilla', 'position': 'M', 'jerseyNumber': '16', 'userCount': 3050, 'gender': 'M', 'id': 1015261, 'fieldTranslations': {'nameTranslation': {'ar': 'داميان بوباديلا', 'bn': 'ড্যামিয়ান বোবাডিলা', 'hi': 'डैमियन बोबाडिला'}, 'shortNameTranslation': {'ar': 'د. بوباديلا', 'bn': 'ডি. বোবাদিল্লা', 'hi': 'डी. बोबाडिला'}}}",True,save,free-kick,"{'x': 22.5, 'y': 26.7, 'z': 0}",right-foot,high-centre,"{'x': 0, 'y': 51.2, 'z': 20.9}","{'x': 1.6, 'y': 48, 'z': 0}",0.040769319981337,0.024752082303166,"{'name': 'Sergio Rochet', 'slug': 'sergio-rochet', 'shortName': 'S. Rochet', 'position': 'G', 'jerseyNumber': '1', 'userCount': 2616, 'gender': 'M', 'id': 581060, 'fieldTranslations': {'nameTranslation': {'ar': 'سيرجيو روشيت', 'bn': 'সার্জিও রোচেট', 'hi': 'सर्जियो रोशेट'}, 'shortNameTranslation': {'ar': 'س. روشيت', 'bn': 'সার্জিও রোচেট', 'hi': 'सर्जियो रोशेट'}}}",6293610,45,,2676,"{'start': {'x': 26.7, 'y': 22.5}, 'block': {'x': 48, 'y': 1.6}, 'end': {'x': 48.8, 'y': 0}, 'goal': {'x': 48.8, 'y': 79.1}}",1,24,2676,shot,,13472599
"{'name': 'Gonzalo Tapia', 'firstName': '', 'lastName': '', 'slug': 'tapia-gonzalo', 'shortName': 'G. Tapia', 'position': 'F', 'jerseyNumber': '14', 'userCount': 4061, 'gender': 'M', 'id': 1002947, 'fieldTranslations': {'nameTranslation': {'ar': 'تابيا، غونزالو', 'bn': 'তাপিয়া, গঞ্জালো', 'hi': 'तापिया, गोंजालो'}, 'shortNameTranslation': {'ar': 'ت. غونزالو', 'bn': 'জি. তাপিয়া', 'hi': 'जी. तापिया'}}}",True,miss,assisted,"{'x': 26, 'y': 73, 'z': 0}",right-foot,left,"{'x': 0, 'y': 92.6, 'z': 2.8}",,0.017508171498775,0.0,"{'name': 'Sergio Rochet', 'slug': 'sergio-rochet', 'shortName': 'S. Rochet', 'position': 'G', 'jerseyNumber': '1', 'userCount': 2616, 'gender': 'M', 'id': 581060, 'fieldTranslations': {'nameTranslation': {'ar': 'سيرجيو روشيت', 'bn': 'সার্জিও রোচেট', 'hi': 'सर्जियो रोशेट'}, 'shortNameTranslation': {'ar': 'س. روشيت', 'bn': 'সার্জিও রোচেট', 'hi': 'सर्जियो रोशेट'}}}",6293619,42,,2481,"{'start': {'x': 73, 'y': 26}, 'end': {'x': 7.4, 'y': 0}, 'goal': {'x': 7.4, 'y': 97.2}}",4,219,2481,shot,,13472599
"{'name': 'Alan Patrick', 'slug': 'alan-patrick', 'shortName': 'A. Patrick', 'position': 'M', 'jerseyNumber': '10', 'userCount': 6629, 'gender': 'M', 'id': 124997, 'fieldTranslations': {'nameTranslation': {'ar': 'ألان باتريك', 'bn': 'অ্যালান প্যাট্রিক', 'hi': 'एलन पैट्रिक'}, 'shortNameTranslation': {'ar': 'أ. باتريك', 'bn': 'এ. প্যাট্রিক', 'hi': 'ए. पैट्रिक'}}}",False,miss,free-kick,"{'x': 20.9, 'y': 42.6, 'z': 0}",right-foot,high,"{'x': 0, 'y': 55.5, 'z': 61.1}",,0.097176499664783,0.0,"{'name': 'Rafael', 'slug': 'rafael', 'shortName': 'Rafael', 'position': 'G', 'jerseyNumber': '23', 'userCount': 4259, 'gender': 'M', 'id': 33132, 'fieldTranslations': {'nameTranslation': {'ar': 'رافاييل', 'bn': 'রাফায়েল', 'hi': 'राफेल'}, 'shortNameTranslation': {'ar': 'رافاييل', 'bn': 'রাফায়েল', 'hi': 'राफेल'}}}",6293597,41,,2429,"{'start': {'x': 42.6, 'y': 20.9}, 'end': {'x': 44.5, 'y': 0}, 'goal': {'x': 44.5, 'y': 38.9}}",5,271,2429,shot,,13472599
"{'name': 'Alexandro Bernabei', 'slug': 'alexandro-bernabei', 'shortName': 'A. Bernabei', 'position': 'D', 'jerseyNumber': '26', 'userCount': 2145, 'gender': 'M', 'id': 989200, 'fieldTranslations': {'nameTranslation': {'ar': 'ألكسندرو بيرنابيي', 'bn': 'আলেকজান্দ্রো বার্নাবেই', 'hi': 'एलेक्ज़ेंड्रो बर्नबेई'}, 'shortNameTranslation': {'ar': 'أ. بيرنابيي', 'bn': 'এ. বার্নাবাই', 'hi': 'ए. बर्नबेई'}}}",False,miss,fast-break,"{'x': 20.4, 'y': 32.4, 'z': 0}",left-foot,right,"{'x': 0, 'y': 36.6, 'z': 6.9}",,0.036430075764656,0.0,"{'name': 'Rafael', 'slug': 'rafael', 'shortName': 'Rafael', 'position': 'G', 'jerseyNumber': '23', 'userCount': 4259, 'gender': 'M', 'id': 33132, 'fieldTranslations': {'nameTranslation': {'ar': 'رافاييل', 'bn': 'রাফায়েল', 'hi': 'राफेल'}, 'shortNameTranslation': {'ar': 'رافاييل', 'bn': 'রাফায়েল', 'hi': 'राफेल'}}}",6293589,36,,2116,"{'start': {'x': 32.4, 'y': 20.4}, 'end': {'x': 63.4, 'y': 0}, 'goal': {'x': 63.4, 'y': 93.1}}",10,584,2116,shot,,13472599
"{'name': 'Gonzalo Tapia', 'firstName': '', 'lastName': '', 'slug': 'tapia-gonzalo', 'shortName': 'G. Tapia', 'position': 'F', 'jerseyNumber': '14', 'userCount': 4061, 'gender': 'M', 'id': 1002947, 'fieldTranslations': {'nameTranslation': {'ar': 'تابيا، غونزالو', 'bn': 'তাপিয়া, গঞ্জালো', 'hi': 'तापिया, गोंजालो'}, 'shortNameTranslation': {'ar': 'ت. غونزالو', 'bn': 'জি. তাপিয়া', 'hi': 'जी. तापिया'}}}",True,save,assisted,"{'x': 10.2, 'y': 58.3, 'z': 0}",right-foot,low-centre,"{'x': 0, 'y': 50.4, 'z': 7.6}","{'x': 7, 'y': 56.5, 'z': 0}",0.16492940485477,0.2857032418251,"{'name': 'Sergio Rochet', 'slug': 'sergio-rochet', 'shortName': 'S. Rochet', 'position': 'G', 'jerseyNumber': '1', 'userCount': 2616, 'gender': 'M', 'id': 581060, 'fieldTranslations': {'nameTranslation': {'ar': 'سيرجيو روشيت', 'bn': 'সার্জিও রোচেট', 'hi': 'सर्जियो रोशेट'}, 'shortNameTranslation': {'ar': 'س. روشيت', 'bn': 'সার্জিও রোচেট', 'hi': 'सर्जियो रोशेट'}}}",6293566,24,,1433,"{'start': {'x': 58.3, 'y': 10.2}, 'block': {'x': 56.5, 'y': 7}, 'end': {'x': 49.6, 'y': 0}, 'goal': {'x': 49.6, 'y': 92.4}}",22,1267,1433,shot,,13472599
"{'name': 'Sabino', 'slug': 'sabino', 'shortName': 'Sabino', 'position': 'D', 'jerseyNumber': '35', 'userCount': 1688, 'gender': 'M', 'id': 975118, 'fieldTranslations': {'nameTranslation': {'ar': 'سابينو'}, 'shortNameTranslation': {'ar': 'سابينو'}}}",True,goal,set-piece,"{'x': 8.6, 'y': 40.5, 'z': 0}",head,low-left,"{'x': 0, 'y': 53.8, 'z': 15.2}",,0.066738277673721,0.72901153564453,"{'name': 'Sergio Rochet', 'slug': 'sergio-rochet', 'shortName': 'S. Rochet', 'position': 'G', 'jerseyNumber': '1', 'userCount': 2616, 'gender': 'M', 'id': 581060, 'fieldTranslations': {'nameTranslation': {'ar': 'سيرجيو روشيت', 'bn': 'সার্জিও রোচেট', 'hi': 'सर्जियो रोशेट'}, 'shortNameTranslation': {'ar': 'س. روشيت', 'bn': 'সার্জিও রোচেট', 'hi': 'सर्जियो रोशेट'}}}",6293560,21,,1250,"{'start': {'x': 40.5, 'y': 8.6}, 'end': {'x': 46.2, 'y': 0}, 'goal': {'x': 46.2, 'y': 84.8}}",25,1450,1250,shot,regular,13472599
"{'name': 'Luciano', 'slug': 'luciano', 'shortName': 'Luciano', 'position': 'M', 'jerseyNumber': '10', 'userCount': 8521, 'gender': 'M', 'sofascoreId': 'luciano10', 'id': 282557, 'fieldTranslations': {'nameTranslation': {'ar': 'لوتشيانو'}, 'shortNameTranslation': {'ar': 'لوتشيانو'}}}",True,miss,assisted,"{'x': 8.1, 'y': 49.6, 'z': 0}",head,close-right,"{'x': 0, 'y': 41.5, 'z': 9.7}",,0.12847737967968,0.0,"{'name': 'Sergio Rochet', 'slug': 'sergio-rochet', 'shortName': 'S. Rochet', 'position': 'G', 'jerseyNumber': '1', 'userCount': 2616, 'gender': 'M', 'id': 581060, 'fieldTranslations': {'nameTranslation': {'ar': 'سيرجيو روشيت', 'bn': 'সার্জিও রোচেট', 'hi': 'सर्जियो रोशेट'}, 'shortNameTranslation': {'ar': 'س. روشيت', 'bn': 'সার্জিও রোচেট', 'hi': 'सर्जियो रोशेट'}}}",6293535,4,,235,"{'start': {'x': 49.6, 'y': 8.1}, 'end': {'x': 58.5, 'y': 0}, 'goal': {'x': 58.5, 'y': 90.3}}",42,2465,235,shot,,13472599
"{'name': 'Luciano', 'slug': 'luciano', 'shortName': 'Luciano', 'position': 'M', 'jerseyNumber': '10', 'userCount': 8521, 'gender': 'M', 'sofascoreId': 'luciano10', 'id': 282557, 'fieldTranslations': {'nameTranslation': {'ar': 'لوتشيانو'}, 'shortNameTranslation': {'ar': 'لوتشيانو'}}}",True,miss,assisted,"{'x': 7.6, 'y': 57, 'z': 0}",head,left,"{'x': 0, 'y': 60.7, 'z': 5.6}",,0.3067792057991,0.0,"{'name': 'Sergio Rochet', 'slug': 'sergio-rochet', 'shortName': 'S. Rochet', 'position': 'G', 'jerseyNumber': '1', 'userCount': 2616, 'gender': 'M', 'id': 581060, 'fieldTranslations': {'nameTranslation': {'ar': 'سيرجيو روشيت', 'bn': 'সার্জিও রোচেট', 'hi': 'सर्जियो रोशेट'}, 'shortNameTranslation': {'ar': 'س. روشيت', 'bn': 'সার্জিও রোচেট', 'hi': 'सर्जियो रोशेट'}}}",6293533,1,,58,"{'start': {'x': 57, 'y': 7.6}, 'end': {'x': 39.3, 'y': 0}, 'goal': {'x': 39.3, 'y': 94.4}}",45,2642,58,shot,,13472599
"{'name': 'Ramón Sosa', 'slug': 'ramon-sosa', 'shortName': 'R. Sosa', 'position': 'F', 'jerseyNumber': '19', 'userCount': 8373, 'gender': 'M', 'id': 1015733, 'fieldTranslations': {'nameTranslation': {'ar': 'رامون سوسا', 'bn': 'রামন সোসা', 'hi': 'रामोन सोसा'}, 'shortNameTranslation': {'ar': 'ر. سوسا', 'bn': 'আর. সোসা', 'hi': 'आर. सोसा'}}}",False,miss,fast-break,"{'x': 16, 'y': 49, 'z': 0}",left-foot,high,"{'x': 0, 'y': 54.5, 'z': 77.8}",,0.37482598423958,0.0,"{'name': 'Everson', 'slug': 'everson', 'shortName': 'Everson', 'position': 'G', 'jerseyNumber': '22', 'userCount': 2199, 'gender': 'M', 'id': 870748, 'fieldTranslations': {'nameTranslation': {'ar': 'إيفرسون', 'bn': 'এভারসন', 'hi': 'एवरसन'}, 'shortNameTranslation': {'ar': 'إيفرسون', 'bn': 'এভারসন', 'hi': 'एवरसन'}}}",6294095,90,5.0,5655,"{'start': {'x': 49, 'y': 16}, 'end': {'x': 45.5, 'y': 0}, 'goal': {'x': 45.5, 'y': 22.2}}",1,645,255,shot,,15121158
"{'name': 'Hulk', 'slug': 'hulk', 'shortName': 'Hulk', 'position': 'F', 'jerseyNumber': '7', 'userCount': 24430, 'gender': 'M', 'sofascoreId': 'Hulk', 'id': 34705, 'fieldTranslations': {'nameTranslation': {'ar': 'هولك'}, 'shortNameTranslation': {'ar': 'هولك'}}}",True,miss,regular,"{'x': 33.1, 'y': 82.2, 'z': 0}",left-foot,close-left,"{'x': 0, 'y': 57.3, 'z': 31.9}",,0.015353715978563,0.0,"{'name': 'Carlos Miguel', 'slug': 'carlos-miguel', 'shortName': 'C. Miguel', 'position': 'G', 'jerseyNumber': '1', 'userCount': 5499, 'gender': 'M', 'id': 973738, 'fieldTranslations': {'nameTranslation': {'ar': 'كارلوس ميغيل', 'bn': 'কার্লোস মিগুয়েল', 'hi': 'कार्लोस मिगुएल'}, 'shortNameTranslation': {'ar': 'ك. ميغيل', 'bn': 'সি. মিগুয়েল', 'hi': 'सी. मिगुएल'}}}",6294093,90,4.0,5589,"{'start': {'x': 82.2, 'y': 33.1}, 'end': {'x': 42.7, 'y': 0}, 'goal': {'x': 42.7, 'y': 68.1}}",1,711,189,shot,,15121158
"{'name': 'Guilherme Arana', 'slug': 'guilherme-arana', 'shortName': 'G. Arana', 'position': 'D', 'jerseyNumber': '13', 'userCount': 4924, 'gender': 'M', 'sofascoreId': 'guiarana', 'id': 1127439, 'fieldTranslations': {'nameTranslation': {'ar': 'غيليرمي أرنا', 'bn': 'গুইলহার্ম আরনা', 'hi': 'गिल्हर्मे अराना'}, 'shortNameTranslation': {'ar': 'غ. أرنا', 'bn': 'জি. আরানা', 'hi': 'जी. अराना'}}}",True,miss,assisted,"{'x': 31, 'y': 36.6, 'z': 0}",left-foot,high,"{'x': 0, 'y': 52.6, 'z': 81.9}",,0.015353629365563,0.0,"{'name': 'Carlos Miguel', 'slug': 'carlos-miguel', 'shortName': 'C. Miguel', 'position': 'G', 'jerseyNumber': '1', 'userCount': 5499, 'gender': 'M', 'id': 973738, 'fieldTranslations': {'nameTranslation': {'ar': 'كارلوس ميغيل', 'bn': 'কার্লোস মিগুয়েল', 'hi': 'कार्लोस मिगुएल'}, 'shortNameTranslation': {'ar': 'ك. ميغيل', 'bn': 'সি. মিগুয়েল', 'hi': 'सी. मिगुएल'}}}",6294086,90,1.0,5453,"{'start': {'x': 36.6, 'y': 31}, 'end': {'x': 47.4, 'y': 0}, 'goal': {'x': 47.4, 'y': 18.1}}",1,847,53,shot,,15121158
"{'name': 'Bruno Fuchs', 'slug': 'bruno-fuchs', 'shortName': 'B. Fuchs', 'position': 'D', 'jerseyNumber': '3', 'userCount': 3808, 'gender': 'M', 'id': 973737, 'fieldTranslations': {'nameTranslation': {'ar': 'برونو فوش', 'bn': 'ব্রুনো ফুচস', 'hi': 'ब्रूनो फुच्स'}, 'shortNameTranslation': {'ar': 'ب. فوش', 'bn': 'বি. ফুচস', 'hi': 'बी. फुच्स'}}}",False,block,corner,"{'x': 6.1, 'y': 41.6, 'z': 0}",head,low-left,"{'x': 0, 'y': 51.8, 'z': 19}","{'x': 5, 'y': 42.8, 'z': 0}",0.05011698231101,0.0,"{'name': 'Everson', 'slug': 'everson', 'shortName': 'Everson', 'position': 'G', 'jerseyNumber': '22', 'userCount': 2199, 'gender': 'M', 'id': 870748, 'fieldTranslations': {'nameTranslation': {'ar': 'إيفرسون', 'bn': 'এভারসন', 'hi': 'एवरसन'}, 'shortNameTranslation': {'ar': 'إيفرسون', 'bn': 'এভারসন', 'hi': 'एवरसन'}}}",6294092,90,1.0,5428,"{'start': {'x': 41.6, 'y': 6.1}, 'block': {'x': 42.8, 'y': 5}, 'end': {'x': 48.2, 'y': 0}, 'goal': {'x': 48.2, 'y': 81}}",1,872,28,shot,,15121158
"{'name': 'Guilherme Arana', 'slug': 'guilherme-arana', 'shortName': 'G. Arana', 'position': 'D', 'jerseyNumber': '13', 'userCount': 4924, 'gender': 'M', 'sofascoreId': 'guiarana', 'id': 1127439, 'fieldTranslations': {'nameTranslation': {'ar': 'غيليرمي أرنا', 'bn': 'গুইলহার্ম আরনা', 'hi': 'गिल्हर्मे अराना'}, 'shortNameTranslation': {'ar': 'غ. أرنا', 'bn': 'জি. আরানা', 'hi': 'जी. अराना'}}}",True,miss,corner,"{'x': 17.5, 'y': 41.7, 'z': 0}",right-foot,high,"{'x': 0, 'y': 44.5, 'z': 83.3}",,0.038771037012339,0.0,"{'name': 'Carlos Miguel', 'slug': 'carlos-miguel', 'shortName': 'C. Miguel', 'position': 'G', 'jerseyNumber': '1', 'userCount': 5499, 'gender': 'M', 'id': 973738, 'fieldTranslations': {'nameTranslation': {'ar': 'كارلوس ميغيل', 'bn': 'কার্লোস মিগুয়েল', 'hi': 'कार्लोस मिगुएल'}, 'shortNameTranslation': {'ar': 'ك. ميغيل', 'bn': 'সি. মিগুয়েল', 'hi': 'सी. मिगुएल'}}}",6294083,89,,5292,"{'start': {'x': 41.7, 'y': 17.5}, 'end': {'x': 55.5, 'y': 0}, 'goal': {'x': 55.5, 'y': 16.7}}",2,108,2592,shot,,15121158
"{'name': 'Rony', 'slug': 'rony', 'shortName': 'Rony', 'position': 'F', 'jerseyNumber': '11', 'userCount': 5649, 'gender': 'M', 'sofascoreId': 'Rony', 'id': 835260, 'fieldTranslations': {'nameTranslation': {'ar': 'روني', 'bn': 'রনি', 'hi': 'रोनी'}, 'shortNameTranslation': {'ar': 'روني', 'bn': 'রনি', 'hi': 'रोनी'}}}",True,post,corner,"{'x': 9, 'y': 49.3, 'z': 0}",head,left,"{'x': 0, 'y': 55.2, 'z': 3.2}",,0.076339885592461,0.0,"{'name': 'Carlos Miguel', 'slug': 'carlos-miguel', 'shortName': 'C. Miguel', 'position': 'G', 'jerseyNumber': '1', 'userCount': 5499, 'gender': 'M', 'id': 973738, 'fieldTranslations': {'nameTranslation': {'ar': 'كارلوس ميغيل', 'bn': 'কার্লোস মিগুয়েল', 'hi': 'कार्लोस मिगुएल'}, 'shortNameTranslation': {'ar': 'ك. ميغيل', 'bn': 'সি. মিগুয়েল', 'hi': 'सी. मिगुएल'}}}",6294082,89,,5290,"{'start': {'x': 49.3, 'y': 9}, 'end': {'x': 44.8, 'y': 0}, 'goal': {'x': 44.8, 'y': 96.8}}",2,110,2590,shot,,15121158
"{'name': 'Rony', 'slug': 'rony', 'shortName': 'Rony', 'position': 'F', 'jerseyNumber': '11', 'userCount': 5649, 'gender': 'M', 'sofascoreId': 'Rony', 'id': 835260, 'fieldTranslations': {'nameTranslation': {'ar': 'روني', 'bn': 'রনি', 'hi': 'रोनी'}, 'shortNameTranslation': {'ar': 'روني', 'bn': 'রনি', 'hi': 'रोनी'}}}",True,block,assisted,"{'x': 8.1, 'y': 40.2, 'z': 0}",head,low-centre,"{'x': 0, 'y': 50.1, 'z': 19}","{'x': 6.7, 'y': 41.9, 'z': 0}",0.031417466700077,0.0,"{'name': 'Carlos Miguel', 'slug': 'carlos-miguel', 'shortName': 'C. Miguel', 'position': 'G', 'jerseyNumber': '1', 'userCount': 5499, 'gender': 'M', 'id': 973738, 'fieldTranslations': {'nameTranslation': {'ar': 'كارلوس ميغيل', 'bn': 'কার্লোস মিগুয়েল', 'hi': 'कार्लोस मिगुएल'}, 'shortNameTranslation': {'ar': 'ك. ميغيل', 'bn': 'সি. মিগুয়েল', 'hi': 'सी. मिगुएल'}}}",6294087,88,,5244,"{'start': {'x': 40.2, 'y': 8.1}, 'block': {'x': 41.9, 'y': 6.7}, 'end': {'x': 49.9, 'y': 0}, 'goal': {'x': 49.9, 'y': 81}}",3,156,2544,shot,,15121158
"{'name': 'Luis Benedetti', 'slug': 'luis-benedetti', 'shortName': 'L. Benedetti', 'position': 'D', 'jerseyNumber': '43', 'userCount': 2822, 'gender': 'M', 'id': 1485284, 'fieldTranslations': {'nameTranslation': {'ar': 'لويس بينيدتي'}, 'shortNameTranslation': {'ar': 'ل. بينيدتي'}}}",False,block,corner,"{'x': 7.8, 'y': 50.1, 'z': 0}",head,low-centre,"{'x': 0, 'y': 50.5, 'z': 19}","{'x': 6.4, 'y': 50, 'z': 0}",0.0873634070158,0.0,"{'name': 'Everson', 'slug': 'everson', 'shortName': 'Everson', 'position': 'G', 'jerseyNumber': '22', 'userCount': 2199, 'gender': 'M', 'id': 870748, 'fieldTranslations': {'nameTranslation': {'ar': 'إيفرسون', 'bn': 'এভারসন', 'hi': 'एवरसन'}, 'shortNameTranslation': {'ar': 'إيفرسون', 'bn': 'এভারসন', 'hi': 'एवरसन'}}}",6294080,86,,5159,"{'start': {'x': 50.1, 'y': 7.8}, 'block': {'x': 50, 'y': 6.4}, 'end': {'x': 49.5, 'y': 0}, 'goal': {'x': 49.5, 'y': 81}}",5,241,2459,shot,,15121158
"{'name': 'Luighi Hanri', 'firstName': 'Luighi', 'slug': 'luighi', 'shortName': 'Luighi', 'position': 'F', 'jerseyNumber': '31', 'userCount': 3805, 'gender': 'M', 'id': 1597267, 'fieldTranslations': {'nameTranslation': {'ar': 'لويغي هنري', 'bn': 'লুইহি হ্যানরি', 'hi': 'लुइगी हेनरी'}, 'shortNameTranslation': {'ar': 'ل. هنري', 'bn': 'লুইঝি', 'hi': 'लुइगी'}}}",False,post,regular,"{'x': 10.5, 'y': 37.7, 'z': 0}",left-foot,left,"{'x': 0, 'y': 55.5, 'z': 3.2}",,0.29404962062836,0.0,"{'name': 'Everson', 'slug': 'everson', 'shortName': 'Everson', 'position': 'G', 'jerseyNumber': '22', 'userCount': 2199, 'gender': 'M', 'id': 870748, 'fieldTranslations': {'nameTranslation': {'ar': 'إيفرسون', 'bn': 'এভারসন', 'hi': 'एवरसन'}, 'shortNameTranslation': {'ar': 'إيفرسون', 'bn': 'এভারসন', 'hi': 'एवरसन'}}}",6294077,85,,5058,"{'start': {'x': 37.7, 'y': 10.5}, 'end': {'x': 44.5, 'y': 0}, 'goal': {'x': 44.5, 'y': 96.8}}",6,342,2358,shot,,15121158
"{'name': 'Gustavo Scarpa', 'slug': 'gustavo-scarpa', 'shortName': 'G. Scarpa', 'position': 'M', 'jerseyNumber': '10', 'userCount': 5526, 'gender': 'M', 'sofascoreId': 'gustavoscarpa10', 'id': 559036, 'fieldTranslations': {'nameTranslation': {'ar': 'غوستافو سكاربا', 'bn': 'গুস্তাভো স্কারপা', 'hi': 'गुस्तावो स्कार्पा'}, 'shortNameTranslation': {'ar': 'غوستافو سكاربا', 'bn': 'গুস্তাভো স্কারপা', 'hi': 'गुस्तावो स्कार्पा'}}}",True,miss,corner,"{'x': 26.2, 'y': 66, 'z': 0}",left-foot,left,"{'x': 0, 'y': 65.2, 'z': 34.7}",,0.013698926195502,0.0,"{'name': 'Carlos Miguel', 'slug': 'carlos-miguel', 'shortName': 'C. Miguel', 'position': 'G', 'jerseyNumber': '1', 'userCount': 5499, 'gender': 'M', 'id': 973738, 'fieldTranslations': {'nameTranslation': {'ar': 'كارلوس ميغيل', 'bn': 'কার্লোস মিগুয়েল', 'hi': 'कार्लोस मिगुएल'}, 'shortNameTranslation': {'ar': 'ك. ميغيل', 'bn': 'সি. মিগুয়েল', 'hi': 'सी. मिगुएल'}}}",6294076,84,,5018,"{'start': {'x': 66, 'y': 26.2}, 'end': {'x': 34.8, 'y': 0}, 'goal': {'x': 34.8, 'y': 65.3}}",7,382,2318,shot,,15121158
"{'name': 'Luighi Hanri', 'firstName': 'Luighi', 'slug': 'luighi', 'shortName': 'Luighi', 'position': 'F', 'jerseyNumber': '31', 'userCount': 3805, 'gender': 'M', 'id': 1597267, 'fieldTranslations': {'nameTranslation': {'ar': 'لويغي هنري', 'bn': 'লুইহি হ্যানরি', 'hi': 'लुइगी हेनरी'}, 'shortNameTranslation': {'ar': 'ل. هنري', 'bn': 'লুইঝি', 'hi': 'लुइगी'}}}",False,goal,fast-break,"{'x': 10.5, 'y': 40.5, 'z': 0}",right-foot,low-centre,"{'x': 0, 'y': 48.6, 'z': 3.2}",,0.52816951274872,0.40731665492058,"{'name': 'Everson', 'slug': 'everson', 'shortName': 'Everson', 'position': 'G', 'jerseyNumber': '22', 'userCount': 2199, 'gender': 'M', 'id': 870748, 'fieldTranslations': {'nameTranslation': {'ar': 'إيفرسون', 'bn': 'এভারসন', 'hi': 'एवरसन'}, 'shortNameTranslation': {'ar': 'إيفرسون', 'bn': 'এভারসন', 'hi': 'एवरसन'}}}",6294075,81,,4854,"{'start': {'x': 40.5, 'y': 10.5}, 'end': {'x': 51.4, 'y': 0}, 'goal': {'x': 51.4, 'y': 96.8}}",10,546,2154,shot,regular,15121158
"{'name': 'Rony', 'slug': 'rony', 'shortName': 'Rony', 'position': 'F', 'jerseyNumber': '11', 'userCount': 5649, 'gender': 'M', 'sofascoreId': 'Rony', 'id': 835260, 'fieldTranslations': {'nameTranslation': {'ar': 'روني', 'bn': 'রনি', 'hi': 'रोनी'}, 'shortNameTranslation': {'ar': 'روني', 'bn': 'রনি', 'hi': 'रोनी'}}}",True,save,corner,"{'x': 2, 'y': 53.4, 'z': 0}",right-foot,low-right,"{'x': 0, 'y': 47.1, 'z': 1.9}","{'x': 0.5, 'y': 52, 'z': 0}",0.35835936665535,0.83898741006851,"{'name': 'Carlos Miguel', 'slug': 'carlos-miguel', 'shortName': 'C. Miguel', 'position': 'G', 'jerseyNumber': '1', 'userCount': 5499, 'gender': 'M', 'id': 973738, 'fieldTranslations': {'nameTranslation': {'ar': 'كارلوس ميغيل', 'bn': 'কার্লোস মিগুয়েল', 'hi': 'कार्लोस मिगुएल'}, 'shortNameTranslation': {'ar': 'ك. ميغيل', 'bn': 'সি. মিগুয়েল', 'hi': 'सी. मिगुएल'}}}",6294072,75,,4482,"{'start': {'x': 53.4, 'y': 2}, 'block': {'x': 52, 'y': 0.5}, 'end': {'x': 52.9, 'y': 0}, 'goal': {'x': 52.9, 'y': 98.1}}",16,918,1782,shot,,15121158
"{'name': 'Hulk', 'slug': 'hulk', 'shortName': 'Hulk', 'position': 'F', 'jerseyNumber': '7', 'userCount': 24430, 'gender': 'M', 'sofascoreId': 'Hulk', 'id': 34705, 'fieldTranslations': {'nameTranslation': {'ar': 'هولك'}, 'shortNameTranslation': {'ar': 'هولك'}}}",True,block,corner,"{'x': 18.9, 'y': 70.3, 'z': 0}",left-foot,low-centre,"{'x': 0, 'y': 49.9, 'z': 19}","{'x': 9.7, 'y': 60.5, 'z': 0}",0.0084712142124772,0.0,"{'name': 'Carlos Miguel', 'slug': 'carlos-miguel', 'shortName': 'C. Miguel', 'position': 'G', 'jerseyNumber': '1', 'userCount': 5499, 'gender': 'M', 'id': 973738, 'fieldTranslations': {'nameTranslation': {'ar': 'كارلوس ميغيل', 'bn': 'কার্লোস মিগুয়েল', 'hi': 'कार्लोस मिगुएल'}, 'shortNameTranslation': {'ar': 'ك. ميغيل', 'bn': 'সি. মিগুয়েল', 'hi': 'सी. मिगुएल'}}}",6294068,75,,4479,"{'start': {'x': 70.3, 'y': 18.9}, 'block': {'x': 60.5, 'y': 9.7}, 'end': {'x': 50.1, 'y': 0}, 'goal': {'x': 50.1, 'y': 81}}",16,921,1779,shot,,15121158
"{'name': 'Igor Gomes', 'slug': 'igor-gomes', 'shortName': 'I. Gomes', 'position': 'M', 'jerseyNumber': '17', 'userCount': 1156, 'gender': 'M', 'id': 913598, 'fieldTranslations': {'nameTranslation': {'ar': 'إيغور غوميز'}, 'shortNameTranslation': {'ar': 'إ. غوميز'}}}",True,block,corner,"{'x': 24.7, 'y': 42.1, 'z': 0}",right-foot,low-left,"{'x': 0, 'y': 52.2, 'z': 19}","{'x': 19.4, 'y': 43.3, 'z': 0}",0.030697822570801,0.0,"{'name': 'Carlos Miguel', 'slug': 'carlos-miguel', 'shortName': 'C. Miguel', 'position': 'G', 'jerseyNumber': '1', 'userCount': 5499, 'gender': 'M', 'id': 973738, 'fieldTranslations': {'nameTranslation': {'ar': 'كارلوس ميغيل', 'bn': 'কার্লোস মিগুয়েল', 'hi': 'कार्लोस मिगुएल'}, 'shortNameTranslation': {'ar': 'ك. ميغيل', 'bn': 'সি. মিগুয়েল', 'hi': 'सी. मिगुएल'}}}",6294067,75,,4466,"{'start': {'x': 42.1, 'y': 24.7}, 'block': {'x': 43.3, 'y': 19.4}, 'end': {'x': 47.8, 'y': 0}, 'goal': {'x': 47.8, 'y': 81}}",16,934,1766,shot,,15121158
"{'name': 'Guilherme Arana', 'slug': 'guilherme-arana', 'shortName': 'G. Arana', 'position': 'D', 'jerseyNumber': '13', 'userCount': 4924, 'gender': 'M', 'sofascoreId': 'guiarana', 'id': 1127439, 'fieldTranslations': {'nameTranslation': {'ar': 'غيليرمي أرنا', 'bn': 'গুইলহার্ম আরনা', 'hi': 'गिल्हर्मे अराना'}, 'shortNameTranslation': {'ar': 'غ. أرنا', 'bn': 'জি. আরানা', 'hi': 'जी. अराना'}}}",True,save,assisted,"{'x': 5, 'y': 36, 'z': 0}",left-foot,low-centre,"{'x': 0, 'y': 51, 'z': 11.4}","{'x': 2.8, 'y': 40.4, 'z': 0}",0.10730774700642,0.19559629261494,"{'name': 'Carlos Miguel', 'slug': 'carlos-miguel', 'shortName': 'C. Miguel', 'position': 'G', 'jerseyNumber': '1', 'userCount': 5499, 'gender': 'M', 'id': 973738, 'fieldTranslations': {'nameTranslation': {'ar': 'كارلوس ميغيل', 'bn': 'কার্লোস মিগুয়েল', 'hi': 'कार्लोस मिगुएल'}, 'shortNameTranslation': {'ar': 'ك. ميغيل', 'bn': 'সি. মিগুয়েল', 'hi': 'सी. मिगुएल'}}}",6294066,75,,4451,"{'start': {'x': 36, 'y': 5}, 'block': {'x': 40.4, 'y': 2.8}, 'end': {'x': 49, 'y': 0}, 'goal': {'x': 49, 'y': 88.6}}",16,949,1751,shot,,15121158
"{'name': 'Hulk', 'slug': 'hulk', 'shortName': 'Hulk', 'position': 'F', 'jerseyNumber': '7', 'userCount': 24430, 'gender': 'M', 'sofascoreId': 'Hulk', 'id': 34705, 'fieldTranslations': {'nameTranslation': {'ar': 'هولك'}, 'shortNameTranslation': {'ar': 'هولك'}}}",True,block,corner,"{'x': 15.4, 'y': 71.1, 'z': 0}",right-foot,low-centre,"{'x': 0, 'y': 50.2, 'z': 19}","{'x': 11.9, 'y': 66.2, 'z': 0}",0.027874350547791,0.0,"{'name': 'Carlos Miguel', 'slug': 'carlos-miguel', 'shortName': 'C. Miguel', 'position': 'G', 'jerseyNumber': '1', 'userCount': 5499, 'gender': 'M', 'id': 973738, 'fieldTranslations': {'nameTranslation': {'ar': 'كارلوس ميغيل', 'bn': 'কার্লোস মিগুয়েল', 'hi': 'कार्लोस मिगुएल'}, 'shortNameTranslation': {'ar': 'ك. ميغيل', 'bn': 'সি. মিগুয়েল', 'hi': 'सी. मिगुएल'}}}",6294065,74,,4384,"{'start': {'x': 71.1, 'y': 15.4}, 'block': {'x': 66.2, 'y': 11.9}, 'end': {'x': 49.8, 'y': 0}, 'goal': {'x': 49.8, 'y': 81}}",17,1016,1684,shot,,15121158
"{'name': 'Bernard', 'slug': 'bernard', 'shortName': 'Bernard', 'position': 'M', 'jerseyNumber': '11', 'userCount': 2377, 'gender': 'M', 'id': 241488, 'fieldTranslations': {'nameTranslation': {'ar': 'برنارد', 'bn': 'বার্নার্ড', 'hi': 'बर्नार्ड'}, 'shortNameTranslation': {'ar': 'برنارد', 'bn': 'বার্নার্ড', 'hi': 'बर्नार्ड'}}}",True,block,corner,"{'x': 15.1, 'y': 55.8, 'z': 0}",right-foot,low-centre,"{'x': 0, 'y': 51.1, 'z': 19}","{'x': 12.7, 'y': 54.7, 'z': 0}",0.052425015717745,0.0,"{'name': 'Carlos Miguel', 'slug': 'carlos-miguel', 'shortName': 'C. Miguel', 'position': 'G', 'jerseyNumber': '1', 'userCount': 5499, 'gender': 'M', 'id': 973738, 'fieldTranslations': {'nameTranslation': {'ar': 'كارلوس ميغيل', 'bn': 'কার্লোস মিগুয়েল', 'hi': 'कार्लोस मिगुएल'}, 'shortNameTranslation': {'ar': 'ك. ميغيل', 'bn': 'সি. মিগুয়েল', 'hi': 'सी. मिगुएल'}}}",6294063,73,,4378,"{'start': {'x': 55.8, 'y': 15.1}, 'block': {'x': 54.7, 'y': 12.7}, 'end': {'x': 48.9, 'y': 0}, 'goal': {'x': 48.9, 'y': 81}}",18,1022,1678,shot,,15121158
"{'name': 'Rony', 'slug': 'rony', 'shortName': 'Rony', 'position': 'F', 'jerseyNumber': '11', 'userCount': 5649, 'gender': 'M', 'sofascoreId': 'Rony', 'id': 835260, 'fieldTranslations': {'nameTranslation': {'ar': 'روني', 'bn': 'রনি', 'hi': 'रोनी'}, 'shortNameTranslation': {'ar': 'روني', 'bn': 'রনি', 'hi': 'रोनी'}}}",True,block,corner,"{'x': 14, 'y': 56.3, 'z': 0}",right-foot,low-left,"{'x': 0, 'y': 52.4, 'z': 19}","{'x': 7.1, 'y': 52, 'z': 0}",0.046829085797071,0.0,"{'name': 'Carlos Miguel', 'slug': 'carlos-miguel', 'shortName': 'C. Miguel', 'position': 'G', 'jerseyNumber': '1', 'userCount': 5499, 'gender': 'M', 'id': 973738, 'fieldTranslations': {'nameTranslation': {'ar': 'كارلوس ميغيل', 'bn': 'কার্লোস মিগুয়েল', 'hi': 'कार्लोस मिगुएल'}, 'shortNameTranslation': {'ar': 'ك. ميغيل', 'bn': 'সি. মিগুয়েল', 'hi': 'सी. मिगुएल'}}}",6294064,73,,4377,"{'start': {'x': 56.3, 'y': 14}, 'block': {'x': 52, 'y': 7.1}, 'end': {'x': 47.6, 'y': 0}, 'goal': {'x': 47.6, 'y': 81}}",18,1023,1677,shot,,15121158
"{'name': 'Guilherme Arana', 'slug': 'guilherme-arana', 'shortName': 'G. Arana', 'position': 'D', 'jerseyNumber': '13', 'userCount': 4924, 'gender': 'M', 'sofascoreId': 'guiarana', 'id': 1127439, 'fieldTranslations': {'nameTranslation': {'ar': 'غيليرمي أرنا', 'bn': 'গুইলহার্ম আরনা', 'hi': 'गिल्हर्मे अराना'}, 'shortNameTranslation': {'ar': 'غ. أرنا', 'bn': 'জি. আরানা', 'hi': 'जी. अराना'}}}",True,block,corner,"{'x': 11.6, 'y': 37.6, 'z': 0}",left-foot,low-centre,"{'x': 0, 'y': 51.2, 'z': 19}","{'x': 9.4, 'y': 39.7, 'z': 0}",0.02780089341104,0.0,"{'name': 'Carlos Miguel', 'slug': 'carlos-miguel', 'shortName': 'C. Miguel', 'position': 'G', 'jerseyNumber': '1', 'userCount': 5499, 'gender': 'M', 'id': 973738, 'fieldTranslations': {'nameTranslation': {'ar': 'كارلوس ميغيل', 'bn': 'কার্লোস মিগুয়েল', 'hi': 'कार्लोस मिगुएल'}, 'shortNameTranslation': {'ar': 'ك. ميغيل', 'bn': 'সি. মিগুয়েল', 'hi': 'सी. मिगुएल'}}}",6294062,73,,4360,"{'start': {'x': 37.6, 'y': 11.6}, 'block': {'x': 39.7, 'y': 9.4}, 'end': {'x': 48.8, 'y': 0}, 'goal': {'x': 48.8, 'y': 81}}",18,1040,1660,shot,,15121158
"{'name': 'Gustavo Scarpa', 'slug': 'gustavo-scarpa', 'shortName': 'G. Scarpa', 'position': 'M', 'jerseyNumber': '10', 'userCount': 5526, 'gender': 'M', 'sofascoreId': 'gustavoscarpa10', 'id': 559036, 'fieldTranslations': {'nameTranslation': {'ar': 'غوستافو سكاربا', 'bn': 'গুস্তাভো স্কারপা', 'hi': 'गुस्तावो स्कार्पा'}, 'shortNameTranslation': {'ar': 'غوستافو سكاربا', 'bn': 'গুস্তাভো স্কারপা', 'hi': 'गुस्तावो स्कार्पा'}}}",True,post,assisted,"{'x': 27.9, 'y': 63.3, 'z': 0}",left-foot,left,"{'x': 0, 'y': 55.4, 'z': 5.7}",,0.020250871777534,0.0,"{'name': 'Carlos Miguel', 'slug': 'carlos-miguel', 'shortName': 'C. Miguel', 'position': 'G', 'jerseyNumber': '1', 'userCount': 5499, 'gender': 'M', 'id': 973738, 'fieldTranslations': {'nameTranslation': {'ar': 'كارلوس ميغيل', 'bn': 'কার্লোস মিগুয়েল', 'hi': 'कार्लोस मिगुएल'}, 'shortNameTranslation': {'ar': 'ك. ميغيل', 'bn': 'সি. মিগুয়েল', 'hi': 'सी. मिगुएल'}}}",6294056,72,,4267,"{'start': {'x': 63.3, 'y': 27.9}, 'end': {'x': 44.6, 'y': 0}, 'goal': {'x': 44.6, 'y': 94.3}}",19,1133,1567,shot,,15121158
"{'name': 'Gustavo Scarpa', 'slug': 'gustavo-scarpa', 'shortName': 'G. Scarpa', 'position': 'M', 'jerseyNumber': '10', 'userCount': 5526, 'gender': 'M', 'sofascoreId': 'gustavoscarpa10', 'id': 559036, 'fieldTranslations': {'nameTranslation': {'ar': 'غوستافو سكاربا', 'bn': 'গুস্তাভো স্কারপা', 'hi': 'गुस्तावो स्कार्पा'}, 'shortNameTranslation': {'ar': 'غوستافو سكاربا', 'bn': 'গুস্তাভো স্কারপা', 'hi': 'गुस्तावो स्कार्पा'}}}",True,save,assisted,"{'x': 27.7, 'y': 69.6, 'z': 0}",left-foot,low-centre,"{'x': 0, 'y': 49.7, 'z': 19}","{'x': 2, 'y': 51.8, 'z': 0}",0.013141836971045,0.0091671403497458,"{'name': 'Carlos Miguel', 'slug': 'carlos-miguel', 'shortName': 'C. Miguel', 'position': 'G', 'jerseyNumber': '1', 'userCount': 5499, 'gender': 'M', 'id': 973738, 'fieldTranslations': {'nameTranslation': {'ar': 'كارلوس ميغيل', 'bn': 'কার্লোস মিগুয়েল', 'hi': 'कार्लोस मिगुएल'}, 'shortNameTranslation': {'ar': 'ك. ميغيل', 'bn': 'সি. মিগুয়েল', 'hi': 'सी. मिगुएल'}}}",6294029,69,,4139,"{'start': {'x': 69.6, 'y': 27.7}, 'block': {'x': 51.8, 'y': 2}, 'end': {'x': 50.3, 'y': 0}, 'goal': {'x': 50.3, 'y': 81}}",22,1261,1439,shot,,15121158
"{'name': 'Hulk', 'slug': 'hulk', 'shortName': 'Hulk', 'position': 'F', 'jerseyNumber': '7', 'userCount': 24430, 'gender': 'M', 'sofascoreId': 'Hulk', 'id': 34705, 'fieldTranslations': {'nameTranslation': {'ar': 'هولك'}, 'shortNameTranslation': {'ar': 'هولك'}}}",True,save,assisted,"{'x': 29.3, 'y': 28.5, 'z': 0}",left-foot,low-centre,"{'x': 0, 'y': 51.3, 'z': 3.8}","{'x': 1.5, 'y': 48.9, 'z': 0}",0.011035948060453,0.018609579652548,"{'name': 'Carlos Miguel', 'slug': 'carlos-miguel', 'shortName': 'C. Miguel', 'position': 'G', 'jerseyNumber': '1', 'userCount': 5499, 'gender': 'M', 'id': 973738, 'fieldTranslations': {'nameTranslation': {'ar': 'كارلوس ميغيل', 'bn': 'কার্লোস মিগুয়েল', 'hi': 'कार्लोस मिगुएल'}, 'shortNameTranslation': {'ar': 'ك. ميغيل', 'bn': 'সি. মিগুয়েল', 'hi': 'सी. मिगुएल'}}}",6294027,67,,4015,"{'start': {'x': 28.5, 'y': 29.3}, 'block': {'x': 48.9, 'y': 1.5}, 'end': {'x': 48.7, 'y': 0}, 'goal': {'x': 48.7, 'y': 96.2}}",24,1385,1315,shot,,15121158
"{'name': 'Ramón Sosa', 'slug': 'ramon-sosa', 'shortName': 'R. Sosa', 'position': 'F', 'jerseyNumber': '19', 'userCount': 8373, 'gender': 'M', 'id': 1015733, 'fieldTranslations': {'nameTranslation': {'ar': 'رامون سوسا', 'bn': 'রামন সোসা', 'hi': 'रामोन सोसा'}, 'shortNameTranslation': {'ar': 'ر. سوسا', 'bn': 'আর. সোসা', 'hi': 'आर. सोसा'}}}",False,miss,set-piece,"{'x': 10.4, 'y': 60, 'z': 0}",right-foot,left,"{'x': 0, 'y': 69.2, 'z': 1.4}",,0.053687646985054,0.0,"{'name': 'Everson', 'slug': 'everson', 'shortName': 'Everson', 'position': 'G', 'jerseyNumber': '22', 'userCount': 2199, 'gender': 'M', 'id': 870748, 'fieldTranslations': {'nameTranslation': {'ar': 'إيفرسون', 'bn': 'এভারসন', 'hi': 'एवरसन'}, 'shortNameTranslation': {'ar': 'إيفرسون', 'bn': 'এভারসন', 'hi': 'एवरसन'}}}",6294023,63,,3728,"{'start': {'x': 60, 'y': 10.4}, 'end': {'x': 30.8, 'y': 0}, 'goal': {'x': 30.8, 'y': 98.6}}",28,1672,1028,shot,,15121158
"{'name': 'Gustavo Scarpa', 'slug': 'gustavo-scarpa', 'shortName': 'G. Scarpa', 'position': 'M', 'jerseyNumber': '10', 'userCount': 5526, 'gender': 'M', 'sofascoreId': 'gustavoscarpa10', 'id': 559036, 'fieldTranslations': {'nameTranslation': {'ar': 'غوستافو سكاربا', 'bn': 'গুস্তাভো স্কারপা', 'hi': 'गुस्तावो स्कार्पा'}, 'shortNameTranslation': {'ar': 'غوستافو سكاربا', 'bn': 'গুস্তাভো স্কারপা', 'hi': 'गुस्तावो स्कार्पा'}}}",True,save,assisted,"{'x': 23.1, 'y': 73.5, 'z': 0}",left-foot,low-right,"{'x': 0, 'y': 46.8, 'z': 7}","{'x': 0.7, 'y': 51.4, 'z': 0}",0.015514707192779,0.038549929857254,"{'name': 'Carlos Miguel', 'slug': 'carlos-miguel', 'shortName': 'C. Miguel', 'position': 'G', 'jerseyNumber': '1', 'userCount': 5499, 'gender': 'M', 'id': 973738, 'fieldTranslations': {'nameTranslation': {'ar': 'كارلوس ميغيل', 'bn': 'কার্লোস মিগুয়েল', 'hi': 'कार्लोस मिगुएल'}, 'shortNameTranslation': {'ar': 'ك. ميغيل', 'bn': 'সি. মিগুয়েল', 'hi': 'सी. मिगुएल'}}}",6293972,58,,3479,"{'start': {'x': 73.5, 'y': 23.1}, 'block': {'x': 51.4, 'y': 0.7}, 'end': {'x': 53.2, 'y': 0}, 'goal': {'x': 53.2, 'y': 93}}",33,1921,779,shot,,15121158
"{'name': 'Dudu', 'slug': 'dudu', 'shortName': 'Dudu', 'position': 'F', 'jerseyNumber': '92', 'userCount': 5173, 'gender': 'M', 'sofascoreId': '7_dudu', 'id': 147464, 'fieldTranslations': {'nameTranslation': {'ar': 'دودو'}, 'shortNameTranslation': {'ar': 'دودو'}}}",True,miss,assisted,"{'x': 27.6, 'y': 43.7, 'z': 0}",right-foot,high,"{'x': 0, 'y': 47.4, 'z': 79.2}",,0.019257197156549,0.0,"{'name': 'Carlos Miguel', 'slug': 'carlos-miguel', 'shortName': 'C. Miguel', 'position': 'G', 'jerseyNumber': '1', 'userCount': 5499, 'gender': 'M', 'id': 973738, 'fieldTranslations': {'nameTranslation': {'ar': 'كارلوس ميغيل', 'bn': 'কার্লোস মিগুয়েল', 'hi': 'कार्लोस मिगुएल'}, 'shortNameTranslation': {'ar': 'ك. ميغيل', 'bn': 'সি. মিগুয়েল', 'hi': 'सी. मिगुएल'}}}",6293969,56,,3342,"{'start': {'x': 43.7, 'y': 27.6}, 'end': {'x': 52.6, 'y': 0}, 'goal': {'x': 52.6, 'y': 20.8}}",35,2058,642,shot,,15121158
"{'name': 'Dudu', 'slug': 'dudu', 'shortName': 'Dudu', 'position': 'F', 'jerseyNumber': '92', 'userCount': 5173, 'gender': 'M', 'sofascoreId': '7_dudu', 'id': 147464, 'fieldTranslations': {'nameTranslation': {'ar': 'دودو'}, 'shortNameTranslation': {'ar': 'دودو'}}}",True,save,assisted,"{'x': 20.6, 'y': 36.3, 'z': 0}",right-foot,low-left,"{'x': 0, 'y': 53.9, 'z': 4.4}","{'x': 0.90000000000001, 'y': 49.5, 'z': 0}",0.033933561295271,0.23929205536842,"{'name': 'Carlos Miguel', 'slug': 'carlos-miguel', 'shortName': 'C. Miguel', 'position': 'G', 'jerseyNumber': '1', 'userCount': 5499, 'gender': 'M', 'id': 973738, 'fieldTranslations': {'nameTranslation': {'ar': 'كارلوس ميغيل', 'bn': 'কার্লোস মিগুয়েল', 'hi': 'कार्लोस मिगुएल'}, 'shortNameTranslation': {'ar': 'ك. ميغيل', 'bn': 'সি. মিগুয়েল', 'hi': 'सी. मिगुएल'}}}",6293968,55,,3280,"{'start': {'x': 36.3, 'y': 20.6}, 'block': {'x': 49.5, 'y': 0.90000000000001}, 'end': {'x': 46.1, 'y': 0}, 'goal': {'x': 46.1, 'y': 95.6}}",36,2120,580,shot,,15121158
"{'name': 'Alan Franco', 'slug': 'alan-franco', 'shortName': 'A. Franco', 'position': 'M', 'jerseyNumber': '21', 'userCount': 3288, 'gender': 'M', 'id': 822729, 'fieldTranslations': {'nameTranslation': {'ar': 'آلان فرانكو', 'bn': 'অ্যালান ফ্রাঙ্কো', 'hi': 'एलन फ्रेंको'}, 'shortNameTranslation': {'ar': 'آ. فرانكو', 'bn': 'অ্যালান ফ্রাঙ্কো', 'hi': 'एलन फ्रेंको'}}}",True,miss,assisted,"{'x': 24.9, 'y': 27.6, 'z': 0}",right-foot,high-right,"{'x': 0, 'y': 31.6, 'z': 48.6}",,0.0148104140535,0.0,"{'name': 'Carlos Miguel', 'slug': 'carlos-miguel', 'shortName': 'C. Miguel', 'position': 'G', 'jerseyNumber': '1', 'userCount': 5499, 'gender': 'M', 'id': 973738, 'fieldTranslations': {'nameTranslation': {'ar': 'كارلوس ميغيل', 'bn': 'কার্লোস মিগুয়েল', 'hi': 'कार्लोस मिगुएल'}, 'shortNameTranslation': {'ar': 'ك. ميغيل', 'bn': 'সি. মিগুয়েল', 'hi': 'सी. मिगुएल'}}}",6293837,50,,2951,"{'start': {'x': 27.6, 'y': 24.9}, 'end': {'x': 68.4, 'y': 0}, 'goal': {'x': 68.4, 'y': 51.4}}",41,2449,251,shot,,15121158
"{'name': 'Gustavo Gómez', 'firstName': '', 'lastName': '', 'slug': 'gustavo-gomez', 'shortName': 'G. Gómez', 'position': 'D', 'jerseyNumber': '15', 'userCount': 8406, 'gender': 'M', 'sofascoreId': 'gustavogomez', 'id': 220833, 'fieldTranslations': {'nameTranslation': {'ar': 'غوستافو غوميز', 'bn': 'গুস্তাভো গোমেজ', 'hi': 'गुस्तावो गोमेज़'}, 'shortNameTranslation': {'ar': 'غ. غوميز', 'bn': 'জি. গোমেজ', 'hi': 'जी. गोमेज़'}}}",False,miss,corner,"{'x': 7.4, 'y': 46.6, 'z': 0}",head,close-high,"{'x': 0, 'y': 55.3, 'z': 59.7}",,0.10055790841579,0.0,"{'name': 'Everson', 'slug': 'everson', 'shortName': 'Everson', 'position': 'G', 'jerseyNumber': '22', 'userCount': 2199, 'gender': 'M', 'id': 870748, 'fieldTranslations': {'nameTranslation': {'ar': 'إيفرسون', 'bn': 'এভারসন', 'hi': 'एवरसन'}, 'shortNameTranslation': {'ar': 'إيفرسون', 'bn': 'এভারসন', 'hi': 'एवरसन'}}}",6293836,49,,2892,"{'start': {'x': 46.6, 'y': 7.4}, 'end': {'x': 44.7, 'y': 0}, 'goal': {'x': 44.7, 'y': 40.3}}",42,2508,192,shot,,15121158
"{'name': 'Bernard', 'slug': 'bernard', 'shortName': 'Bernard', 'position': 'M', 'jerseyNumber': '11', 'userCount': 2377, 'gender': 'M', 'id': 241488, 'fieldTranslations': {'nameTranslation': {'ar': 'برنارد', 'bn': 'বার্নার্ড', 'hi': 'बर्नार्ड'}, 'shortNameTranslation': {'ar': 'برنارد', 'bn': 'বার্নার্ড', 'hi': 'बर्नार्ड'}}}",True,post,regular,"{'x': 9.9, 'y': 44.3, 'z': 0}",right-foot,high,"{'x': 0, 'y': 47.5, 'z': 39.9}",,0.10823865234852,0.0,"{'name': 'Carlos Miguel', 'slug': 'carlos-miguel', 'shortName': 'C. Miguel', 'position': 'G', 'jerseyNumber': '1', 'userCount': 5499, 'gender': 'M', 'id': 973738, 'fieldTranslations': {'nameTranslation': {'ar': 'كارلوس ميغيل', 'bn': 'কার্লোস মিগুয়েল', 'hi': 'कार्लोस मिगुएल'}, 'shortNameTranslation': {'ar': 'ك. ميغيل', 'bn': 'সি. মিগুয়েল', 'hi': 'सी. मिगुएल'}}}",6293784,45,3.0,2876,"{'start': {'x': 44.3, 'y': 9.9}, 'end': {'x': 52.5, 'y': 0}, 'goal': {'x': 52.5, 'y': 60.1}}",1,2524,176,shot,,15121158
"{'name': 'Gustavo Scarpa', 'slug': 'gustavo-scarpa', 'shortName': 'G. Scarpa', 'position': 'M', 'jerseyNumber': '10', 'userCount': 5526, 'gender': 'M', 'sofascoreId': 'gustavoscarpa10', 'id': 559036, 'fieldTranslations': {'nameTranslation': {'ar': 'غوستافو سكاربا', 'bn': 'গুস্তাভো স্কারপা', 'hi': 'गुस्तावो स्कार्पा'}, 'shortNameTranslation': {'ar': 'غوستافو سكاربا', 'bn': 'গুস্তাভো স্কারপা', 'hi': 'गुस्तावो स्कार्पा'}}}",True,block,regular,"{'x': 19.3, 'y': 30.7, 'z': 0}",left-foot,low-centre,"{'x': 0, 'y': 49.8, 'z': 19}","{'x': 11.1, 'y': 39, 'z': 0}",0.030839897692204,0.0,"{'name': 'Carlos Miguel', 'slug': 'carlos-miguel', 'shortName': 'C. Miguel', 'position': 'G', 'jerseyNumber': '1', 'userCount': 5499, 'gender': 'M', 'id': 973738, 'fieldTranslations': {'nameTranslation': {'ar': 'كارلوس ميغيل', 'bn': 'কার্লোস মিগুয়েল', 'hi': 'कार्लोस मिगुएल'}, 'shortNameTranslation': {'ar': 'ك. ميغيل', 'bn': 'সি. মিগুয়েল', 'hi': 'सी. मिगुएल'}}}",6293783,45,2.0,2767,"{'start': {'x': 30.7, 'y': 19.3}, 'block': {'x': 39, 'y': 11.1}, 'end': {'x': 50.2, 'y': 0}, 'goal': {'x': 50.2, 'y': 81}}",1,2633,67,shot,,15121158
"{'name': 'Rony', 'slug': 'rony', 'shortName': 'Rony', 'position': 'F', 'jerseyNumber': '11', 'userCount': 5649, 'gender': 'M', 'sofascoreId': 'Rony', 'id': 835260, 'fieldTranslations': {'nameTranslation': {'ar': 'روني', 'bn': 'রনি', 'hi': 'रोनी'}, 'shortNameTranslation': {'ar': 'روني', 'bn': 'রনি', 'hi': 'रोनी'}}}",True,miss,assisted,"{'x': 9.4, 'y': 47.5, 'z': 0}",right-foot,left,"{'x': 0, 'y': 64.2, 'z': 23.6}",,0.31370297074318,0.0,"{'name': 'Carlos Miguel', 'slug': 'carlos-miguel', 'shortName': 'C. Miguel', 'position': 'G', 'jerseyNumber': '1', 'userCount': 5499, 'gender': 'M', 'id': 973738, 'fieldTranslations': {'nameTranslation': {'ar': 'كارلوس ميغيل', 'bn': 'কার্লোস মিগুয়েল', 'hi': 'कार्लोस मिगुएल'}, 'shortNameTranslation': {'ar': 'ك. ميغيل', 'bn': 'সি. মিগুয়েল', 'hi': 'सी. मिगुएल'}}}",6293776,38,,2273,"{'start': {'x': 47.5, 'y': 9.4}, 'end': {'x': 35.8, 'y': 0}, 'goal': {'x': 35.8, 'y': 76.4}}",8,427,2273,shot,,15121158
"{'name': 'Dudu', 'slug': 'dudu', 'shortName': 'Dudu', 'position': 'F', 'jerseyNumber': '92', 'userCount': 5173, 'gender': 'M', 'sofascoreId': '7_dudu', 'id': 147464, 'fieldTranslations': {'nameTranslation': {'ar': 'دودو'}, 'shortNameTranslation': {'ar': 'دودو'}}}",True,block,assisted,"{'x': 14.3, 'y': 27.7, 'z': 0}",right-foot,low-centre,"{'x': 0, 'y': 50.6, 'z': 19}","{'x': 11.5, 'y': 31.9, 'z': 0}",0.028512086719275,0.0,"{'name': 'Carlos Miguel', 'slug': 'carlos-miguel', 'shortName': 'C. Miguel', 'position': 'G', 'jerseyNumber': '1', 'userCount': 5499, 'gender': 'M', 'id': 973738, 'fieldTranslations': {'nameTranslation': {'ar': 'كارلوس ميغيل', 'bn': 'কার্লোস মিগুয়েল', 'hi': 'कार्लोस मिगुएल'}, 'shortNameTranslation': {'ar': 'ك. ميغيل', 'bn': 'সি. মিগুয়েল', 'hi': 'सी. मिगुएल'}}}",6293775,38,,2270,"{'start': {'x': 27.7, 'y': 14.3}, 'block': {'x': 31.9, 'y': 11.5}, 'end': {'x': 49.4, 'y': 0}, 'goal': {'x': 49.4, 'y': 81}}",8,430,2270,shot,,15121158
"{'name': 'Rony', 'slug': 'rony', 'shortName': 'Rony', 'position': 'F', 'jerseyNumber': '11', 'userCount': 5649, 'gender': 'M', 'sofascoreId': 'Rony', 'id': 835260, 'fieldTranslations': {'nameTranslation': {'ar': 'روني', 'bn': 'রনি', 'hi': 'रोनी'}, 'shortNameTranslation': {'ar': 'روني', 'bn': 'রনি', 'hi': 'रोनी'}}}",True,save,corner,"{'x': 10.5, 'y': 59.9, 'z': 0}",right-foot,low-right,"{'x': 0, 'y': 45.7, 'z': 5.7}","{'x': 0.90000000000001, 'y': 54, 'z': 0}",0.11529681831598,0.22482101619244,"{'name': 'Carlos Miguel', 'slug': 'carlos-miguel', 'shortName': 'C. Miguel', 'position': 'G', 'jerseyNumber': '1', 'userCount': 5499, 'gender': 'M', 'id': 973738, 'fieldTranslations': {'nameTranslation': {'ar': 'كارلوس ميغيل', 'bn': 'কার্লোস মিগুয়েল', 'hi': 'कार्लोस मिगुएल'}, 'shortNameTranslation': {'ar': 'ك. ميغيل', 'bn': 'সি. মিগুয়েল', 'hi': 'सी. मिगुएल'}}}",6293779,36,,2116,"{'start': {'x': 59.9, 'y': 10.5}, 'block': {'x': 54, 'y': 0.90000000000001}, 'end': {'x': 54.3, 'y': 0}, 'goal': {'x': 54.3, 'y': 94.3}}",10,584,2116,shot,,15121158
"{'name': 'Igor Gomes', 'slug': 'igor-gomes', 'shortName': 'I. Gomes', 'position': 'M', 'jerseyNumber': '17', 'userCount': 1156, 'gender': 'M', 'id': 913598, 'fieldTranslations': {'nameTranslation': {'ar': 'إيغور غوميز'}, 'shortNameTranslation': {'ar': 'إ. غوميز'}}}",True,save,free-kick,"{'x': 27, 'y': 60.6, 'z': 0}",right-foot,high-right,"{'x': 0, 'y': 47.4, 'z': 32.9}","{'x': 1, 'y': 50.4, 'z': 0}",0.037760607898235,0.15488715469837,"{'name': 'Carlos Miguel', 'slug': 'carlos-miguel', 'shortName': 'C. Miguel', 'position': 'G', 'jerseyNumber': '1', 'userCount': 5499, 'gender': 'M', 'id': 973738, 'fieldTranslations': {'nameTranslation': {'ar': 'كارلوس ميغيل', 'bn': 'কার্লোস মিগুয়েল', 'hi': 'कार्लोस मिगुएल'}, 'shortNameTranslation': {'ar': 'ك. ميغيل', 'bn': 'সি. মিগুয়েল', 'hi': 'सी. मिगुएल'}}}",6293766,35,,2072,"{'start': {'x': 60.6, 'y': 27}, 'block': {'x': 50.4, 'y': 1}, 'end': {'x': 52.6, 'y': 0}, 'goal': {'x': 52.6, 'y': 67.1}}",11,628,2072,shot,,15121158
"{'name': 'Gustavo Scarpa', 'slug': 'gustavo-scarpa', 'shortName': 'G. Scarpa', 'position': 'M', 'jerseyNumber': '10', 'userCount': 5526, 'gender': 'M', 'sofascoreId': 'gustavoscarpa10', 'id': 559036, 'fieldTranslations': {'nameTranslation': {'ar': 'غوستافو سكاربا', 'bn': 'গুস্তাভো স্কারপা', 'hi': 'गुस्तावो स्कार्पा'}, 'shortNameTranslation': {'ar': 'غوستافو سكاربا', 'bn': 'গুস্তাভো স্কারপা', 'hi': 'गुस्तावो स्कार्पा'}}}",True,miss,assisted,"{'x': 26.1, 'y': 62.3, 'z': 0}",left-foot,high-left,"{'x': 0, 'y': 57.5, 'z': 86.1}",,0.018852656707168,0.0,"{'name': 'Carlos Miguel', 'slug': 'carlos-miguel', 'shortName': 'C. Miguel', 'position': 'G', 'jerseyNumber': '1', 'userCount': 5499, 'gender': 'M', 'id': 973738, 'fieldTranslations': {'nameTranslation': {'ar': 'كارلوس ميغيل', 'bn': 'কার্লোস মিগুয়েল', 'hi': 'कार्लोस मिगुएल'}, 'shortNameTranslation': {'ar': 'ك. ميغيل', 'bn': 'সি. মিগুয়েল', 'hi': 'सी. मिगुएल'}}}",6293760,29,,1719,"{'start': {'x': 62.3, 'y': 26.1}, 'end': {'x': 42.5, 'y': 0}, 'goal': {'x': 42.5, 'y': 13.9}}",17,981,1719,shot,,15121158
"{'name': 'José López', 'firstName': 'José López', 'slug': 'jose-lopez', 'shortName': 'J. López', 'position': 'F', 'jerseyNumber': '42', 'userCount': 16808, 'gender': 'M', 'id': 1094179, 'fieldTranslations': {'nameTranslation': {'ar': 'خوسيه لوبيز', 'bn': 'হোসে লোপেজ', 'hi': 'जोस लोपेज़'}, 'shortNameTranslation': {'ar': 'خ. لوبيز', 'bn': 'জে. লোপেজ', 'hi': 'जे. लोपेज़'}}}",False,save,assisted,"{'x': 7.7, 'y': 44.6, 'z': 0}",head,low-left,"{'x': 0, 'y': 53.2, 'z': 7}","{'x': 0.90000000000001, 'y': 48.6, 'z': 0}",0.072236239910126,0.38485461473465,"{'name': 'Everson', 'slug': 'everson', 'shortName': 'Everson', 'position': 'G', 'jerseyNumber': '22', 'userCount': 2199, 'gender': 'M', 'id': 870748, 'fieldTranslations': {'nameTranslation': {'ar': 'إيفرسون', 'bn': 'এভারসন', 'hi': 'एवरसन'}, 'shortNameTranslation': {'ar': 'إيفرسون', 'bn': 'এভারসন', 'hi': 'एवरसन'}}}",6293758,28,,1641,"{'start': {'x': 44.6, 'y': 7.7}, 'block': {'x': 48.6, 'y': 0.90000000000001}, 'end': {'x': 46.8, 'y': 0}, 'goal': {'x': 46.8, 'y': 93}}",18,1059,1641,shot,,15121158
"{'name': 'Rony', 'slug': 'rony', 'shortName': 'Rony', 'position': 'F', 'jerseyNumber': '11', 'userCount': 5649, 'gender': 'M', 'sofascoreId': 'Rony', 'id': 835260, 'fieldTranslations': {'nameTranslation': {'ar': 'روني', 'bn': 'রনি', 'hi': 'रोनी'}, 'shortNameTranslation': {'ar': 'روني', 'bn': 'রনি', 'hi': 'रोनी'}}}",True,save,set-piece,"{'x': 12.8, 'y': 44.8, 'z': 0}",head,high-right,"{'x': 0, 'y': 46.7, 'z': 32.9}","{'x': 1.4, 'y': 49.3, 'z': 0}",0.013855925761163,0.22811108827591,"{'name': 'Carlos Miguel', 'slug': 'carlos-miguel', 'shortName': 'C. Miguel', 'position': 'G', 'jerseyNumber': '1', 'userCount': 5499, 'gender': 'M', 'id': 973738, 'fieldTranslations': {'nameTranslation': {'ar': 'كارلوس ميغيل', 'bn': 'কার্লোস মিগুয়েল', 'hi': 'कार्लोस मिगुएल'}, 'shortNameTranslation': {'ar': 'ك. ميغيل', 'bn': 'সি. মিগুয়েল', 'hi': 'सी. मिगुएल'}}}",6293752,26,,1540,"{'start': {'x': 44.8, 'y': 12.8}, 'block': {'x': 49.3, 'y': 1.4}, 'end': {'x': 53.3, 'y': 0}, 'goal': {'x': 53.3, 'y': 67.1}}",20,1160,1540,shot,,15121158
"{'name': 'Allan', 'firstName': 'Allan', 'slug': 'allan', 'shortName': 'Allan', 'position': 'F', 'jerseyNumber': '40', 'userCount': 4678, 'gender': 'M', 'id': 1835889, 'fieldTranslations': {'nameTranslation': {'ar': 'ألان'}, 'shortNameTranslation': {'ar': 'ألان'}}}",False,goal,regular,"{'x': 15.6, 'y': 48.5, 'z': 0}",left-foot,low-right,"{'x': 0, 'y': 46.1, 'z': 1.3}",,0.061412014067173,0.66279006004333,"{'name': 'Everson', 'slug': 'everson', 'shortName': 'Everson', 'position': 'G', 'jerseyNumber': '22', 'userCount': 2199, 'gender': 'M', 'id': 870748, 'fieldTranslations': {'nameTranslation': {'ar': 'إيفرسون', 'bn': 'এভারসন', 'hi': 'एवरसन'}, 'shortNameTranslation': {'ar': 'إيفرسون', 'bn': 'এভারসন', 'hi': 'एवरसन'}}}",6293746,20,,1181,"{'start': {'x': 48.5, 'y': 15.6}, 'end': {'x': 53.9, 'y': 0}, 'goal': {'x': 53.9, 'y': 98.7}}",26,1519,1181,shot,regular,15121158
"{'name': 'Dudu', 'slug': 'dudu', 'shortName': 'Dudu', 'position': 'F', 'jerseyNumber': '92', 'userCount': 5173, 'gender': 'M', 'sofascoreId': '7_dudu', 'id': 147464, 'fieldTranslations': {'nameTranslation': {'ar': 'دودو'}, 'shortNameTranslation': {'ar': 'دودو'}}}",True,miss,assisted,"{'x': 3.5, 'y': 42.8, 'z': 0}",head,high,"{'x': 0, 'y': 52.4, 'z': 66.7}",,0.13480301201344,0.0,"{'name': 'Carlos Miguel', 'slug': 'carlos-miguel', 'shortName': 'C. Miguel', 'position': 'G', 'jerseyNumber': '1', 'userCount': 5499, 'gender': 'M', 'id': 973738, 'fieldTranslations': {'nameTranslation': {'ar': 'كارلوس ميغيل', 'bn': 'কার্লোস মিগুয়েল', 'hi': 'कार्लोस मिगुएल'}, 'shortNameTranslation': {'ar': 'ك. ميغيل', 'bn': 'সি. মিগুয়েল', 'hi': 'सी. मिगुएल'}}}",6293741,19,,1108,"{'start': {'x': 42.8, 'y': 3.5}, 'end': {'x': 47.6, 'y': 0}, 'goal': {'x': 47.6, 'y': 33.3}}",27,1592,1108,shot,,15121158
"{'name': 'Rony', 'slug': 'rony', 'shortName': 'Rony', 'position': 'F', 'jerseyNumber': '11', 'userCount': 5649, 'gender': 'M', 'sofascoreId': 'Rony', 'id': 835260, 'fieldTranslations': {'nameTranslation': {'ar': 'روني', 'bn': 'রনি', 'hi': 'रोनी'}, 'shortNameTranslation': {'ar': 'روني', 'bn': 'রনি', 'hi': 'रोनी'}}}",True,miss,corner,"{'x': 8.3, 'y': 48.2, 'z': 0}",head,left,"{'x': 0, 'y': 68.2, 'z': 22.2}",,0.071248479187489,0.0,"{'name': 'Carlos Miguel', 'slug': 'carlos-miguel', 'shortName': 'C. Miguel', 'position': 'G', 'jerseyNumber': '1', 'userCount': 5499, 'gender': 'M', 'id': 973738, 'fieldTranslations': {'nameTranslation': {'ar': 'كارلوس ميغيل', 'bn': 'কার্লোস মিগুয়েল', 'hi': 'कार्लोस मिगुएल'}, 'shortNameTranslation': {'ar': 'ك. ميغيل', 'bn': 'সি. মিগুয়েল', 'hi': 'सी. मिगुएल'}}}",6293734,12,,679,"{'start': {'x': 48.2, 'y': 8.3}, 'end': {'x': 31.8, 'y': 0}, 'goal': {'x': 31.8, 'y': 77.8}}",34,2021,679,shot,,15121158
"{'name': 'José López', 'firstName': 'José López', 'slug': 'jose-lopez', 'shortName': 'J. López', 'position': 'F', 'jerseyNumber': '42', 'userCount': 16808, 'gender': 'M', 'id': 1094179, 'fieldTranslations': {'nameTranslation': {'ar': 'خوسيه لوبيز', 'bn': 'হোসে লোপেজ', 'hi': 'जोस लोपेज़'}, 'shortNameTranslation': {'ar': 'خ. لوبيز', 'bn': 'জে. লোপেজ', 'hi': 'जे. लोपेज़'}}}",False,goal,regular,"{'x': 11.1, 'y': 52.4, 'z': 0}",left-foot,low-centre,"{'x': 0, 'y': 49.8, 'z': 1.9}",,0.67484754323959,0.99198406934738,"{'name': 'Everson', 'slug': 'everson', 'shortName': 'Everson', 'position': 'G', 'jerseyNumber': '22', 'userCount': 2199, 'gender': 'M', 'id': 870748, 'fieldTranslations': {'nameTranslation': {'ar': 'إيفرسون', 'bn': 'এভারসন', 'hi': 'एवरसन'}, 'shortNameTranslation': {'ar': 'إيفرسون', 'bn': 'এভারসন', 'hi': 'एवरसन'}}}",6293730,9,,524,"{'start': {'x': 52.4, 'y': 11.1}, 'end': {'x': 50.2, 'y': 0}, 'goal': {'x': 50.2, 'y': 98.1}}",37,2176,524,shot,regular,15121158
"{'name': 'Vitor Roque', 'firstName': 'Vitor Roque', 'slug': 'vitor-roque', 'shortName': 'V. Roque', 'position': 'F', 'jerseyNumber': '9', 'userCount': 72726, 'gender': 'M', 'sofascoreId': 'VRoque', 'id': 1150391, 'fieldTranslations': {'nameTranslation': {'ar': 'فيتور روكي', 'bn': 'ভিটর রোক', 'hi': 'विटोर रोक'}, 'shortNameTranslation': {'ar': 'ف. روكي', 'bn': 'ভি. রোক', 'hi': 'वी. रोक'}}}",False,save,regular,"{'x': 11.1, 'y': 61.2, 'z': 0}",right-foot,low-centre,"{'x': 0, 'y': 51.8, 'z': 2.5}","{'x': 8.4, 'y': 58.7, 'z': 0}",0.32471463084221,0.39843857288361,"{'name': 'Everson', 'slug': 'everson', 'shortName': 'Everson', 'position': 'G', 'jerseyNumber': '22', 'userCount': 2199, 'gender': 'M', 'id': 870748, 'fieldTranslations': {'nameTranslation': {'ar': 'إيفرسون', 'bn': 'এভারসন', 'hi': 'एवरसन'}, 'shortNameTranslation': {'ar': 'إيفرسون', 'bn': 'এভারসন', 'hi': 'एवरसन'}}}",6293729,9,,522,"{'start': {'x': 61.2, 'y': 11.1}, 'block': {'x': 58.7, 'y': 8.4}, 'end': {'x': 48.2, 'y': 0}, 'goal': {'x': 48.2, 'y': 97.5}}",37,2178,522,shot,,15121158
"{'name': 'Khellven', 'slug': 'khellven', 'shortName': 'Khellven', 'position': 'D', 'jerseyNumber': '12', 'userCount': 2696, 'gender': 'M', 'id': 984896, 'fieldTranslations': {'nameTranslation': {'ar': 'خيلفن'}, 'shortNameTranslation': {'ar': 'خيلفن'}}}",False,miss,assisted,"{'x': 15.7, 'y': 69.4, 'z': 0}",left-foot,close-right,"{'x': 0, 'y': 42.9, 'z': 5.6}",,0.031711459159851,0.0,"{'name': 'Everson', 'slug': 'everson', 'shortName': 'Everson', 'position': 'G', 'jerseyNumber': '22', 'userCount': 2199, 'gender': 'M', 'id': 870748, 'fieldTranslations': {'nameTranslation': {'ar': 'إيفرسون', 'bn': 'এভারসন', 'hi': 'एवरसन'}, 'shortNameTranslation': {'ar': 'إيفرسون', 'bn': 'এভারসন', 'hi': 'एवरसन'}}}",6293727,8,,474,"{'start': {'x': 69.4, 'y': 15.7}, 'end': {'x': 57.1, 'y': 0}, 'goal': {'x': 57.1, 'y': 94.4}}",38,2226,474,shot,,15121158
"{'name': 'Renzo Saravia', 'firstName': '', 'lastName': '', 'slug': 'renzo-saravia', 'shortName': 'R. Saravia', 'position': 'D', 'jerseyNumber': '26', 'userCount': 1136, 'gender': 'M', 'id': 315916, 'fieldTranslations': {'nameTranslation': {'ar': 'رينزو سارافيا', 'bn': 'রেনজো সারাভিয়া', 'hi': 'रेन्ज़ो साराविया'}, 'shortNameTranslation': {'ar': 'ر. سارافيا', 'bn': 'আর. সারাভিয়া', 'hi': 'आर. साराविया'}}}",True,block,regular,"{'x': 10.2, 'y': 73.5, 'z': 0}",right-foot,low-centre,"{'x': 0, 'y': 48.7, 'z': 19}","{'x': 8.8, 'y': 70.4, 'z': 0}",0.016176192089915,0.0,"{'name': 'Carlos Miguel', 'slug': 'carlos-miguel', 'shortName': 'C. Miguel', 'position': 'G', 'jerseyNumber': '1', 'userCount': 5499, 'gender': 'M', 'id': 973738, 'fieldTranslations': {'nameTranslation': {'ar': 'كارلوس ميغيل', 'bn': 'কার্লোস মিগুয়েল', 'hi': 'कार्लोस मिगुएल'}, 'shortNameTranslation': {'ar': 'ك. ميغيل', 'bn': 'সি. মিগুয়েল', 'hi': 'सी. मिगुएल'}}}",6293724,7,,377,"{'start': {'x': 73.5, 'y': 10.2}, 'block': {'x': 70.4, 'y': 8.8}, 'end': {'x': 51.3, 'y': 0}, 'goal': {'x': 51.3, 'y': 81}}",39,2323,377,shot,,15121158
"{'name': 'Guilherme Arana', 'slug': 'guilherme-arana', 'shortName': 'G. Arana', 'position': 'D', 'jerseyNumber': '13', 'userCount': 4924, 'gender': 'M', 'sofascoreId': 'guiarana', 'id': 1127439, 'fieldTranslations': {'nameTranslation': {'ar': 'غيليرمي أرنا', 'bn': 'গুইলহার্ম আরনা', 'hi': 'गिल्हर्मे अराना'}, 'shortNameTranslation': {'ar': 'غ. أرنا', 'bn': 'জি. আরানা', 'hi': 'जी. अराना'}}}",True,miss,assisted,"{'x': 10, 'y': 55.5, 'z': 0}",head,right,"{'x': 0, 'y': 40.2, 'z': 23.6}","{'x': 0.7, 'y': 60.7, 'z': 0}",0.039973832666874,0.0,"{'name': 'Carlos Miguel', 'slug': 'carlos-miguel', 'shortName': 'C. Miguel', 'position': 'G', 'jerseyNumber': '1', 'userCount': 5499, 'gender': 'M', 'id': 973738, 'fieldTranslations': {'nameTranslation': {'ar': 'كارلوس ميغيل', 'bn': 'কার্লোস মিগুয়েল', 'hi': 'कार्लोस मिगुएल'}, 'shortNameTranslation': {'ar': 'ك. ميغيل', 'bn': 'সি. মিগুয়েল', 'hi': 'सी. मिगुएल'}}}",6293721,5,,280,"{'start': {'x': 55.5, 'y': 10}, 'block': {'x': 60.7, 'y': 0.7}, 'end': {'x': 59.8, 'y': 0}, 'goal': {'x': 59.8, 'y': 76.4}}",41,2420,280,shot,,15121158
"{'name': 'Éder', 'firstName': '', 'lastName': '', 'slug': 'eder-ferreira', 'shortName': 'Éder', 'position': 'D', 'jerseyNumber': '33', 'userCount': 209, 'gender': 'M', 'id': 842072, 'fieldTranslations': {'nameTranslation': {'ar': 'إيدر'}, 'shortNameTranslation': {'ar': 'إيدر'}}}",False,save,throw-in-set-piece,"{'x': 13.2, 'y': 39.9, 'z': 0}",head,low-centre,"{'x': 0, 'y': 51.5, 'z': 10.8}","{'x': 1.1, 'y': 47.3, 'z': 0}",0.015726448968053,0.017796028405428,"{'name': 'Agustín Rossi', 'slug': 'agustin-rossi', 'shortName': 'A. Rossi', 'position': 'G', 'jerseyNumber': '1', 'userCount': 10903, 'gender': 'M', 'sofascoreId': 'AgustinRossi', 'id': 1140986, 'fieldTranslations': {'nameTranslation': {'ar': 'أوغستين روسي', 'bn': 'অগাস্টিন রসি', 'hi': 'अगस्टिन रॉसी'}, 'shortNameTranslation': {'ar': 'أ. روسي', 'bn': 'অগাস্টিন রসি', 'hi': 'अगस्टिन रॉसी'}}}",6294094,90,2.0,5467,"{'start': {'x': 39.9, 'y': 13.2}, 'block': {'x': 47.3, 'y': 1.1}, 'end': {'x': 48.5, 'y': 0}, 'goal': {'x': 48.5, 'y': 89.2}}",1,833,67,shot,,13472620
"{'name': 'Everton', 'firstName': 'Everton', 'slug': 'everton', 'shortName': 'Everton', 'position': 'M', 'jerseyNumber': '11', 'userCount': 12417, 'gender': 'M', 'sofascoreId': 'Evertons', 'id': 386198, 'fieldTranslations': {'nameTranslation': {'ar': 'إيفرتون', 'bn': 'এভারটন', 'hi': 'एवर्टन'}, 'shortNameTranslation': {'ar': 'إيفرتون', 'bn': 'এভারটন', 'hi': 'एवर्टन'}}}",True,miss,set-piece,"{'x': 14.8, 'y': 24.2, 'z': 0}",right-foot,close-high,"{'x': 0, 'y': 46.1, 'z': 48.6}",,0.03328375890851,0.0,"{'name': 'Bruno Ferreira', 'firstName': 'Bruno Ferreira', 'lastName': 'Ventura Diniz', 'slug': 'bruno-ferreira', 'shortName': 'B. Ferreira', 'position': 'G', 'jerseyNumber': '94', 'userCount': 352, 'gender': 'M', 'id': 1066241, 'fieldTranslations': {'nameTranslation': {'ar': 'برونو فيريرا'}, 'shortNameTranslation': {'ar': 'ب. فيريرا'}}}",6294091,90,,5365,"{'start': {'x': 24.2, 'y': 14.8}, 'end': {'x': 53.9, 'y': 0}, 'goal': {'x': 53.9, 'y': 51.4}}",1,35,2665,shot,,13472620
"{'name': 'Jorginho', 'slug': 'jorginho', 'shortName': 'Jorginho', 'position': 'M', 'jerseyNumber': '21', 'userCount': 32424, 'gender': 'M', 'sofascoreId': 'jorginhofrello', 'id': 132874, 'fieldTranslations': {'nameTranslation': {'ar': 'جورجينيو', 'bn': 'জর্গিনহো', 'hi': 'जोर्गिनहो'}, 'shortNameTranslation': {'ar': 'جورجينيو', 'bn': 'জর্গিনহো', 'hi': 'जोर्गिनहो'}}}",True,miss,assisted,"{'x': 23.8, 'y': 31.2, 'z': 0}",right-foot,close-right,"{'x': 0, 'y': 41.7, 'z': 23.6}",,0.027777234092355,0.0,"{'name': 'Bruno Ferreira', 'firstName': 'Bruno Ferreira', 'lastName': 'Ventura Diniz', 'slug': 'bruno-ferreira', 'shortName': 'B. Ferreira', 'position': 'G', 'jerseyNumber': '94', 'userCount': 352, 'gender': 'M', 'id': 1066241, 'fieldTranslations': {'nameTranslation': {'ar': 'برونو فيريرا'}, 'shortNameTranslation': {'ar': 'ب. فيريرا'}}}",6294028,66,,3958,"{'start': {'x': 31.2, 'y': 23.8}, 'end': {'x': 58.3, 'y': 0}, 'goal': {'x': 58.3, 'y': 76.4}}",25,1442,1258,shot,,13472620
"{'name': 'Bruno Henrique', 'slug': 'bruno-henrique', 'shortName': 'B. Henrique', 'position': 'F', 'jerseyNumber': '27', 'userCount': 33804, 'gender': 'M', 'sofascoreId': 'B.henrique', 'id': 795291, 'fieldTranslations': {'nameTranslation': {'ar': 'برونو هنريكي', 'bn': 'ব্রুনো হেনরিক', 'hi': 'ब्रूनो हेनरिक'}, 'shortNameTranslation': {'ar': 'ب. هنريكي', 'bn': 'বি. হেনরিক', 'hi': 'बी. हेनरिक'}}}",True,save,assisted,"{'x': 10, 'y': 65.8, 'z': 0}",right-foot,low-centre,"{'x': 0, 'y': 50.6, 'z': 5.1}","{'x': 1.2, 'y': 54.3, 'z': 0}",0.10393675416708,0.16063140332699,"{'name': 'Bruno Ferreira', 'firstName': 'Bruno Ferreira', 'lastName': 'Ventura Diniz', 'slug': 'bruno-ferreira', 'shortName': 'B. Ferreira', 'position': 'G', 'jerseyNumber': '94', 'userCount': 352, 'gender': 'M', 'id': 1066241, 'fieldTranslations': {'nameTranslation': {'ar': 'برونو فيريرا'}, 'shortNameTranslation': {'ar': 'ب. فيريرا'}}}",6294026,60,,3584,"{'start': {'x': 65.8, 'y': 10}, 'block': {'x': 54.3, 'y': 1.2}, 'end': {'x': 49.4, 'y': 0}, 'goal': {'x': 49.4, 'y': 94.9}}",31,1816,884,shot,,13472620
"{'name': 'Samuel Lino', 'slug': 'samuel-lino', 'shortName': 'S. Lino', 'position': 'M', 'jerseyNumber': '16', 'userCount': 22216, 'gender': 'M', 'sofascoreId': 'osamuellino', 'id': 874705, 'fieldTranslations': {'nameTranslation': {'ar': 'صامويل لينو', 'bn': 'স্যামুয়েল লিনো', 'hi': 'सैमुअल लिनो'}, 'shortNameTranslation': {'ar': 'ص. لينو', 'bn': 'এস. লিনো', 'hi': 'एस. लिनो'}}}",True,miss,fast-break,"{'x': 15.7, 'y': 36, 'z': 0}",right-foot,high,"{'x': 0, 'y': 51.1, 'z': 66.7}",,0.06426615267992,0.0,"{'name': 'Bruno Ferreira', 'firstName': 'Bruno Ferreira', 'lastName': 'Ventura Diniz', 'slug': 'bruno-ferreira', 'shortName': 'B. Ferreira', 'position': 'G', 'jerseyNumber': '94', 'userCount': 352, 'gender': 'M', 'id': 1066241, 'fieldTranslations': {'nameTranslation': {'ar': 'برونو فيريرا'}, 'shortNameTranslation': {'ar': 'ب. فيريرا'}}}",6294021,59,,3493,"{'start': {'x': 36, 'y': 15.7}, 'end': {'x': 48.9, 'y': 0}, 'goal': {'x': 48.9, 'y': 33.3}}",32,1907,793,shot,,13472620
"{'name': 'Giorgian De Arrascaeta', 'slug': 'giorgian-de-arrascaeta', 'shortName': 'Arrascaeta', 'position': 'M', 'jerseyNumber': '10', 'userCount': 86628, 'gender': 'M', 'sofascoreId': 'G10DeArrascaeta', 'id': 333587, 'fieldTranslations': {'nameTranslation': {'ar': 'جيورجيان دي أراسكايتا', 'bn': 'জর্জিয়ান ডি আরাসকায়েটা', 'hi': 'जियोर्जियन डी अर्रास्काटा'}, 'shortNameTranslation': {'ar': 'ج. دي أراسكايتا', 'bn': 'জি. ডি আরাসকায়েটা', 'hi': 'जी. डी अर्रास्काटा'}}}",True,miss,assisted,"{'x': 14.4, 'y': 39.1, 'z': 0}",right-foot,close-high-left,"{'x': 0, 'y': 57.3, 'z': 55.6}",,0.090655028820038,0.0,"{'name': 'Bruno Ferreira', 'firstName': 'Bruno Ferreira', 'lastName': 'Ventura Diniz', 'slug': 'bruno-ferreira', 'shortName': 'B. Ferreira', 'position': 'G', 'jerseyNumber': '94', 'userCount': 352, 'gender': 'M', 'id': 1066241, 'fieldTranslations': {'nameTranslation': {'ar': 'برونو فيريرا'}, 'shortNameTranslation': {'ar': 'ب. فيريرا'}}}",6293970,56,,3302,"{'start': {'x': 39.1, 'y': 14.4}, 'end': {'x': 42.7, 'y': 0}, 'goal': {'x': 42.7, 'y': 44.4}}",35,2098,602,shot,,13472620
"{'name': 'Danilo', 'slug': 'danilo', 'shortName': 'Danilo', 'position': 'D', 'jerseyNumber': '13', 'userCount': 15280, 'gender': 'M', 'sofascoreId': 'Danilo', 'id': 124992, 'fieldTranslations': {'nameTranslation': {'ar': 'دانيلو', 'bn': 'দানিলো', 'hi': 'डेनिलो'}, 'shortNameTranslation': {'ar': 'دانيلو', 'bn': 'দানিলো', 'hi': 'डेनिलो'}}}",True,miss,set-piece,"{'x': 1.7, 'y': 59.3, 'z': 0}",head,right,"{'x': 0, 'y': 37.5, 'z': 9.7}",,0.27232629060745,0.0,"{'name': 'Bruno Ferreira', 'firstName': 'Bruno Ferreira', 'lastName': 'Ventura Diniz', 'slug': 'bruno-ferreira', 'shortName': 'B. Ferreira', 'position': 'G', 'jerseyNumber': '94', 'userCount': 352, 'gender': 'M', 'id': 1066241, 'fieldTranslations': {'nameTranslation': {'ar': 'برونو فيريرا'}, 'shortNameTranslation': {'ar': 'ب. فيريرا'}}}",6293814,45,4.0,2903,"{'start': {'x': 59.3, 'y': 1.7}, 'end': {'x': 62.5, 'y': 0}, 'goal': {'x': 62.5, 'y': 90.3}}",1,2497,203,shot,,13472620
"{'name': 'Giorgian De Arrascaeta', 'slug': 'giorgian-de-arrascaeta', 'shortName': 'Arrascaeta', 'position': 'M', 'jerseyNumber': '10', 'userCount': 86628, 'gender': 'M', 'sofascoreId': 'G10DeArrascaeta', 'id': 333587, 'fieldTranslations': {'nameTranslation': {'ar': 'جيورجيان دي أراسكايتا', 'bn': 'জর্জিয়ান ডি আরাসকায়েটা', 'hi': 'जियोर्जियन डी अर्रास्काटा'}, 'shortNameTranslation': {'ar': 'ج. دي أراسكايتا', 'bn': 'জি. ডি আরাসকায়েটা', 'hi': 'जी. डी अर्रास्काटा'}}}",True,save,assisted,"{'x': 14.8, 'y': 30.1, 'z': 0}",right-foot,low-centre,"{'x': 0, 'y': 48.9, 'z': 8.2}","{'x': 3.6, 'y': 46, 'z': 0}",0.04829303175211,0.027223059907556,"{'name': 'Bruno Ferreira', 'firstName': 'Bruno Ferreira', 'lastName': 'Ventura Diniz', 'slug': 'bruno-ferreira', 'shortName': 'B. Ferreira', 'position': 'G', 'jerseyNumber': '94', 'userCount': 352, 'gender': 'M', 'id': 1066241, 'fieldTranslations': {'nameTranslation': {'ar': 'برونو فيريرا'}, 'shortNameTranslation': {'ar': 'ب. فيريرا'}}}",6293780,40,,2382,"{'start': {'x': 30.1, 'y': 14.8}, 'block': {'x': 46, 'y': 3.6}, 'end': {'x': 51.1, 'y': 0}, 'goal': {'x': 51.1, 'y': 91.8}}",6,318,2382,shot,,13472620
"{'name': 'Samuel Lino', 'slug': 'samuel-lino', 'shortName': 'S. Lino', 'position': 'M', 'jerseyNumber': '16', 'userCount': 22216, 'gender': 'M', 'sofascoreId': 'osamuellino', 'id': 874705, 'fieldTranslations': {'nameTranslation': {'ar': 'صامويل لينو', 'bn': 'স্যামুয়েল লিনো', 'hi': 'सैमुअल लिनो'}, 'shortNameTranslation': {'ar': 'ص. لينو', 'bn': 'এস. লিনো', 'hi': 'एस. लिनो'}}}",True,goal,assisted,"{'x': 3.6, 'y': 35.8, 'z': 0}",left-foot,low-centre,"{'x': 0, 'y': 50, 'z': 7}",,0.091739356517792,0.12669062614441,"{'name': 'Bruno Ferreira', 'firstName': 'Bruno Ferreira', 'lastName': 'Ventura Diniz', 'slug': 'bruno-ferreira', 'shortName': 'B. Ferreira', 'position': 'G', 'jerseyNumber': '94', 'userCount': 352, 'gender': 'M', 'id': 1066241, 'fieldTranslations': {'nameTranslation': {'ar': 'برونو فيريرا'}, 'shortNameTranslation': {'ar': 'ب. فيريرا'}}}",6293777,37,,2219,"{'start': {'x': 35.8, 'y': 3.6}, 'end': {'x': 50, 'y': 0}, 'goal': {'x': 50, 'y': 93}}",9,481,2219,shot,regular,13472620
"{'name': 'Giorgian De Arrascaeta', 'slug': 'giorgian-de-arrascaeta', 'shortName': 'Arrascaeta', 'position': 'M', 'jerseyNumber': '10', 'userCount': 86628, 'gender': 'M', 'sofascoreId': 'G10DeArrascaeta', 'id': 333587, 'fieldTranslations': {'nameTranslation': {'ar': 'جيورجيان دي أراسكايتا', 'bn': 'জর্জিয়ান ডি আরাসকায়েটা', 'hi': 'जियोर्जियन डी अर्रास्काटा'}, 'shortNameTranslation': {'ar': 'ج. دي أراسكايتا', 'bn': 'জি. ডি আরাসকায়েটা', 'hi': 'जी. डी अर्रास्काटा'}}}",True,miss,assisted,"{'x': 19.4, 'y': 54, 'z': 0}",left-foot,high-left,"{'x': 0, 'y': 61.7, 'z': 55.6}",,0.05413743853569,0.0,"{'name': 'Bruno Ferreira', 'firstName': 'Bruno Ferreira', 'lastName': 'Ventura Diniz', 'slug': 'bruno-ferreira', 'shortName': 'B. Ferreira', 'position': 'G', 'jerseyNumber': '94', 'userCount': 352, 'gender': 'M', 'id': 1066241, 'fieldTranslations': {'nameTranslation': {'ar': 'برونو فيريرا'}, 'shortNameTranslation': {'ar': 'ب. فيريرا'}}}",6293768,36,,2102,"{'start': {'x': 54, 'y': 19.4}, 'end': {'x': 38.3, 'y': 0}, 'goal': {'x': 38.3, 'y': 44.4}}",10,598,2102,shot,,13472620
"{'name': 'Guillermo Varela', 'firstName': '', 'lastName': '', 'slug': 'guillermo-varela', 'shortName': 'G. Varela', 'position': 'D', 'jerseyNumber': '2', 'userCount': 7474, 'gender': 'M', 'id': 311456, 'fieldTranslations': {'nameTranslation': {'ar': 'غويليرمو فاريلا', 'bn': 'গুইলারমো ভারেলা', 'hi': 'गिलर्मो वारेला'}, 'shortNameTranslation': {'ar': 'غ. فاريلا', 'bn': 'জি. ভারেলা', 'hi': 'जी. वारेला'}}}",True,miss,assisted,"{'x': 3.3, 'y': 58.1, 'z': 0}",head,left,"{'x': 0, 'y': 68.4, 'z': 11.1}","{'x': 1.6, 'y': 45.5, 'z': 0}",0.2317870259285,0.0,"{'name': 'Bruno Ferreira', 'firstName': 'Bruno Ferreira', 'lastName': 'Ventura Diniz', 'slug': 'bruno-ferreira', 'shortName': 'B. Ferreira', 'position': 'G', 'jerseyNumber': '94', 'userCount': 352, 'gender': 'M', 'id': 1066241, 'fieldTranslations': {'nameTranslation': {'ar': 'برونو فيريرا'}, 'shortNameTranslation': {'ar': 'ب. فيريرا'}}}",6293774,34,,2002,"{'start': {'x': 58.1, 'y': 3.3}, 'block': {'x': 45.5, 'y': 1.6}, 'end': {'x': 31.6, 'y': 0}, 'goal': {'x': 31.6, 'y': 88.9}}",12,698,2002,shot,,13472620
"{'name': 'Bruno Henrique', 'slug': 'bruno-henrique', 'shortName': 'B. Henrique', 'position': 'F', 'jerseyNumber': '27', 'userCount': 33804, 'gender': 'M', 'sofascoreId': 'B.henrique', 'id': 795291, 'fieldTranslations': {'nameTranslation': {'ar': 'برونو هنريكي', 'bn': 'ব্রুনো হেনরিক', 'hi': 'ब्रूनो हेनरिक'}, 'shortNameTranslation': {'ar': 'ب. هنريكي', 'bn': 'বি. হেনরিক', 'hi': 'बी. हेनरिक'}}}",True,miss,corner,"{'x': 4.2, 'y': 51.3, 'z': 0}",head,high,"{'x': 0, 'y': 51.8, 'z': 65.3}",,0.26693251729012,0.0,"{'name': 'Bruno Ferreira', 'firstName': 'Bruno Ferreira', 'lastName': 'Ventura Diniz', 'slug': 'bruno-ferreira', 'shortName': 'B. Ferreira', 'position': 'G', 'jerseyNumber': '94', 'userCount': 352, 'gender': 'M', 'id': 1066241, 'fieldTranslations': {'nameTranslation': {'ar': 'برونو فيريرا'}, 'shortNameTranslation': {'ar': 'ب. فيريرا'}}}",6293762,33,,1935,"{'start': {'x': 51.3, 'y': 4.2}, 'end': {'x': 48.2, 'y': 0}, 'goal': {'x': 48.2, 'y': 34.7}}",13,765,1935,shot,,13472620
"{'name': 'Jorginho', 'slug': 'jorginho', 'shortName': 'Jorginho', 'position': 'M', 'jerseyNumber': '21', 'userCount': 32424, 'gender': 'M', 'sofascoreId': 'jorginhofrello', 'id': 132874, 'fieldTranslations': {'nameTranslation': {'ar': 'جورجينيو', 'bn': 'জর্গিনহো', 'hi': 'जोर्गिनहो'}, 'shortNameTranslation': {'ar': 'جورجينيو', 'bn': 'জর্গিনহো', 'hi': 'जोर्गिनहो'}}}",True,miss,assisted,"{'x': 23.5, 'y': 32.3, 'z': 0}",right-foot,close-high-right,"{'x': 0, 'y': 42.9, 'z': 50}",,0.032325517386198,0.0,"{'name': 'Bruno Ferreira', 'firstName': 'Bruno Ferreira', 'lastName': 'Ventura Diniz', 'slug': 'bruno-ferreira', 'shortName': 'B. Ferreira', 'position': 'G', 'jerseyNumber': '94', 'userCount': 352, 'gender': 'M', 'id': 1066241, 'fieldTranslations': {'nameTranslation': {'ar': 'برونو فيريرا'}, 'shortNameTranslation': {'ar': 'ب. فيريرا'}}}",6293755,27,,1577,"{'start': {'x': 32.3, 'y': 23.5}, 'end': {'x': 57.1, 'y': 0}, 'goal': {'x': 57.1, 'y': 50}}",19,1123,1577,shot,,13472620
"{'name': 'Bruno Henrique', 'slug': 'bruno-henrique', 'shortName': 'B. Henrique', 'position': 'F', 'jerseyNumber': '27', 'userCount': 33804, 'gender': 'M', 'sofascoreId': 'B.henrique', 'id': 795291, 'fieldTranslations': {'nameTranslation': {'ar': 'برونو هنريكي', 'bn': 'ব্রুনো হেনরিক', 'hi': 'ब्रूनो हेनरिक'}, 'shortNameTranslation': {'ar': 'ب. هنريكي', 'bn': 'বি. হেনরিক', 'hi': 'बी. हेनरिक'}}}",True,miss,assisted,"{'x': 9.7, 'y': 75.9, 'z': 0}",right-foot,right,"{'x': 0, 'y': 38.3, 'z': 26.4}",,0.016304580494761,0.0,"{'name': 'Bruno Ferreira', 'firstName': 'Bruno Ferreira', 'lastName': 'Ventura Diniz', 'slug': 'bruno-ferreira', 'shortName': 'B. Ferreira', 'position': 'G', 'jerseyNumber': '94', 'userCount': 352, 'gender': 'M', 'id': 1066241, 'fieldTranslations': {'nameTranslation': {'ar': 'برونو فيريرا'}, 'shortNameTranslation': {'ar': 'ب. فيريرا'}}}",6293736,13,,748,"{'start': {'x': 75.9, 'y': 9.7}, 'end': {'x': 61.7, 'y': 0}, 'goal': {'x': 61.7, 'y': 73.6}}",33,1952,748,shot,,13472620
"{'name': 'Jorge Carrascal', 'slug': 'jorge-carrascal', 'shortName': 'J. Carrascal', 'position': 'M', 'jerseyNumber': '15', 'userCount': 14920, 'gender': 'M', 'id': 590392, 'fieldTranslations': {'nameTranslation': {'ar': 'جورج كاراسكال', 'bn': 'জর্জ ক্যারাস্কাল', 'hi': 'जॉर्ज कैरासकल'}, 'shortNameTranslation': {'ar': 'ج. كاراسكال', 'bn': 'জে. ক্যারাস্কাল', 'hi': 'जे. कैरासकल'}}}",True,miss,assisted,"{'x': 7.6, 'y': 48.7, 'z': 0}",right-foot,right,"{'x': 0, 'y': 38, 'z': 2.8}",,0.17137287557125,0.0,"{'name': 'Bruno Ferreira', 'firstName': 'Bruno Ferreira', 'lastName': 'Ventura Diniz', 'slug': 'bruno-ferreira', 'shortName': 'B. Ferreira', 'position': 'G', 'jerseyNumber': '94', 'userCount': 352, 'gender': 'M', 'id': 1066241, 'fieldTranslations': {'nameTranslation': {'ar': 'برونو فيريرا'}, 'shortNameTranslation': {'ar': 'ب. فيريرا'}}}",6293732,10,,561,"{'start': {'x': 48.7, 'y': 7.6}, 'end': {'x': 62, 'y': 0}, 'goal': {'x': 62, 'y': 97.2}}",36,2139,561,shot,,13472620
"{'name': 'Jorginho', 'slug': 'jorginho', 'shortName': 'Jorginho', 'position': 'M', 'jerseyNumber': '21', 'userCount': 32424, 'gender': 'M', 'sofascoreId': 'jorginhofrello', 'id': 132874, 'fieldTranslations': {'nameTranslation': {'ar': 'جورجينيو', 'bn': 'জর্গিনহো', 'hi': 'जोर्गिनहो'}, 'shortNameTranslation': {'ar': 'جورجينيو', 'bn': 'জর্গিনহো', 'hi': 'जोर्गिनहो'}}}",True,save,assisted,"{'x': 25.8, 'y': 36.7, 'z': 0}",right-foot,low-centre,"{'x': 0, 'y': 49.3, 'z': 3.8}","{'x': 2.4, 'y': 49.5, 'z': 0}",0.011588849127293,0.012615216895938,"{'name': 'Bruno Ferreira', 'firstName': 'Bruno Ferreira', 'lastName': 'Ventura Diniz', 'slug': 'bruno-ferreira', 'shortName': 'B. Ferreira', 'position': 'G', 'jerseyNumber': '94', 'userCount': 352, 'gender': 'M', 'id': 1066241, 'fieldTranslations': {'nameTranslation': {'ar': 'برونو فيريرا'}, 'shortNameTranslation': {'ar': 'ب. فيريرا'}}}",6293720,4,,197,"{'start': {'x': 36.7, 'y': 25.8}, 'block': {'x': 49.5, 'y': 2.4}, 'end': {'x': 50.7, 'y': 0}, 'goal': {'x': 50.7, 'y': 96.2}}",42,2503,197,shot,,13472620
"{'name': 'Keny Arroyo', 'firstName': 'Keny Arroyo', 'lastName': '', 'slug': 'arroyo-keny', 'shortName': 'K. Arroyo', 'position': 'M', 'jerseyNumber': '99', 'userCount': 6022, 'gender': 'M', 'id': 1482431, 'fieldTranslations': {'nameTranslation': {'ar': 'أرويو، كيني', 'bn': 'অ্যারোয়ো, কেনি', 'hi': 'अरोयो, केन्या'}, 'shortNameTranslation': {'ar': 'ك. أرويو', 'bn': 'কে. অ্যারোয়ো', 'hi': 'के. अरोयो'}}}",True,miss,set-piece,"{'x': 22.3, 'y': 66.4, 'z': 0}",left-foot,left,"{'x': 0, 'y': 62.7, 'z': 19.4}","{'x': 14, 'y': 59.7, 'z': 0}",0.0073965173214674,0.0,"{'name': 'Raúl', 'slug': 'raul', 'shortName': 'Raúl', 'position': 'G', 'jerseyNumber': '1', 'userCount': 540, 'gender': 'M', 'id': 866736, 'fieldTranslations': {'nameTranslation': {'ar': 'راؤول'}, 'shortNameTranslation': {'ar': 'راؤول'}}}",6297993,90,13.0,6133,"{'start': {'x': 66.4, 'y': 22.3}, 'block': {'x': 59.7, 'y': 14}, 'end': {'x': 37.3, 'y': 0}, 'goal': {'x': 37.3, 'y': 80.6}}",1,167,733,shot,,13472634
"{'name': 'Alex Telles', 'slug': 'alex-telles', 'shortName': 'A. Telles', 'position': 'D', 'jerseyNumber': '13', 'userCount': 7622, 'gender': 'M', 'sofascoreId': 'alextelles13', 'id': 312110, 'fieldTranslations': {'nameTranslation': {'ar': 'أليكس تيليس', 'bn': 'অ্যালেক্স টেলস', 'hi': 'एलेक्स टेलिस'}, 'shortNameTranslation': {'ar': 'أ. تيليس', 'bn': 'এ. টেলস', 'hi': 'ए. टेलिस'}}}",False,goal,penalty,"{'x': 11.5, 'y': 50, 'z': 0}",left-foot,low-left,"{'x': 0, 'y': 53.9, 'z': 4.4}",,0.7884,0.85339403152466,"{'name': 'Cássio', 'slug': 'cassio', 'shortName': 'Cássio', 'position': 'G', 'jerseyNumber': '1', 'userCount': 4585, 'gender': 'M', 'sofascoreId': 'rcassio12', 'id': 27756, 'fieldTranslations': {'nameTranslation': {'ar': 'كاسيو', 'bn': 'ক্যাসিও', 'hi': 'कैसियो'}, 'shortNameTranslation': {'ar': 'كاسيو', 'bn': 'ক্যাসিও', 'hi': 'कैसियो'}}}",6297964,90,5.0,5684,"{'start': {'x': 50, 'y': 11.5}, 'end': {'x': 46.1, 'y': 0}, 'goal': {'x': 46.1, 'y': 95.6}}",1,616,284,shot,penalty,13472634
"{'name': 'Keny Arroyo', 'firstName': 'Keny Arroyo', 'lastName': '', 'slug': 'arroyo-keny', 'shortName': 'K. Arroyo', 'position': 'M', 'jerseyNumber': '99', 'userCount': 6022, 'gender': 'M', 'id': 1482431, 'fieldTranslations': {'nameTranslation': {'ar': 'أرويو، كيني', 'bn': 'অ্যারোয়ো, কেনি', 'hi': 'अरोयो, केन्या'}, 'shortNameTranslation': {'ar': 'ك. أرويو', 'bn': 'কে. অ্যারোয়ো', 'hi': 'के. अरोयो'}}}",True,miss,assisted,"{'x': 9.3, 'y': 69.3, 'z': 0}",left-foot,close-right,"{'x': 0, 'y': 42, 'z': 11.1}",,0.025682952255011,0.0,"{'name': 'Raúl', 'slug': 'raul', 'shortName': 'Raúl', 'position': 'G', 'jerseyNumber': '1', 'userCount': 540, 'gender': 'M', 'id': 866736, 'fieldTranslations': {'nameTranslation': {'ar': 'راؤول'}, 'shortNameTranslation': {'ar': 'راؤول'}}}",6297955,81,,4821,"{'start': {'x': 69.3, 'y': 9.3}, 'end': {'x': 58, 'y': 0}, 'goal': {'x': 58, 'y': 88.9}}",10,579,2121,shot,,13472634
"{'name': 'Eduardo', 'slug': 'eduardo', 'shortName': 'Eduardo', 'position': 'M', 'jerseyNumber': '21', 'userCount': 1732, 'gender': 'M', 'id': 76507, 'fieldTranslations': {'nameTranslation': {'ar': 'إدواردو', 'bn': 'এডুয়ার্ডো', 'hi': 'एडुआर्डो'}, 'shortNameTranslation': {'ar': 'إدواردو', 'bn': 'এডুয়ার্ডো', 'hi': 'एडुआर्डो'}}}",True,save,assisted,"{'x': 7.1, 'y': 70.8, 'z': 0}",right-foot,low-centre,"{'x': 0, 'y': 51.4, 'z': 13.9}","{'x': 1, 'y': 53.8, 'z': 0}",0.030651606619358,0.054336167871952,"{'name': 'Raúl', 'slug': 'raul', 'shortName': 'Raúl', 'position': 'G', 'jerseyNumber': '1', 'userCount': 540, 'gender': 'M', 'id': 866736, 'fieldTranslations': {'nameTranslation': {'ar': 'راؤول'}, 'shortNameTranslation': {'ar': 'راؤول'}}}",6297961,81,,4808,"{'start': {'x': 70.8, 'y': 7.1}, 'block': {'x': 53.8, 'y': 1}, 'end': {'x': 48.6, 'y': 0}, 'goal': {'x': 48.6, 'y': 86.1}}",10,592,2108,shot,,13472634
"{'name': 'Arthur Cabral', 'slug': 'arthur-cabral', 'shortName': 'A. Cabral', 'position': 'F', 'jerseyNumber': '19', 'userCount': 4955, 'gender': 'M', 'sofascoreId': 'arthurcabral9', 'id': 870762, 'fieldTranslations': {'nameTranslation': {'ar': 'أرثر كابرال', 'bn': 'আর্থার ক্যাব্রাল', 'hi': 'आर्थर कैब्राल'}, 'shortNameTranslation': {'ar': 'أ. كابرال', 'bn': 'এ. ক্যাব্রাল', 'hi': 'ए. कैब्राल'}}}",False,save,assisted,"{'x': 14.1, 'y': 54.6, 'z': 0}",left-foot,low-left,"{'x': 0, 'y': 51.9, 'z': 15.2}","{'x': 1.4, 'y': 50.7, 'z': 0}",0.13585475087166,0.23197428882122,"{'name': 'Cássio', 'slug': 'cassio', 'shortName': 'Cássio', 'position': 'G', 'jerseyNumber': '1', 'userCount': 4585, 'gender': 'M', 'sofascoreId': 'rcassio12', 'id': 27756, 'fieldTranslations': {'nameTranslation': {'ar': 'كاسيو', 'bn': 'ক্যাসিও', 'hi': 'कैसियो'}, 'shortNameTranslation': {'ar': 'كاسيو', 'bn': 'ক্যাসিও', 'hi': 'कैसियो'}}}",6297953,74,,4426,"{'start': {'x': 54.6, 'y': 14.1}, 'block': {'x': 50.7, 'y': 1.4}, 'end': {'x': 48.1, 'y': 0}, 'goal': {'x': 48.1, 'y': 84.8}}",17,974,1726,shot,,13472634
"{'name': 'Marçal', 'slug': 'marcal', 'shortName': 'Marçal', 'position': 'D', 'jerseyNumber': '21', 'userCount': 1065, 'gender': 'M', 'id': 143593, 'fieldTranslations': {'nameTranslation': {'ar': 'مارسال', 'bn': 'মার্চাল', 'hi': 'मार्शल'}, 'shortNameTranslation': {'ar': 'مارسال', 'bn': 'মার্চাল', 'hi': 'मार्शल'}}}",False,goal,regular,"{'x': 4.1, 'y': 48, 'z': 0}",head,high-centre,"{'x': 0, 'y': 49, 'z': 25.9}",,0.2816199362278,0.52425169944763,"{'name': 'Cássio', 'slug': 'cassio', 'shortName': 'Cássio', 'position': 'G', 'jerseyNumber': '1', 'userCount': 4585, 'gender': 'M', 'sofascoreId': 'rcassio12', 'id': 27756, 'fieldTranslations': {'nameTranslation': {'ar': 'كاسيو', 'bn': 'ক্যাসিও', 'hi': 'कैसियो'}, 'shortNameTranslation': {'ar': 'كاسيو', 'bn': 'ক্যাসিও', 'hi': 'कैसियो'}}}",6297920,57,,3419,"{'start': {'x': 48, 'y': 4.1}, 'end': {'x': 51, 'y': 0}, 'goal': {'x': 51, 'y': 74.1}}",34,1981,719,shot,regular,13472634
"{'name': 'Matheus Pereira', 'slug': 'matheus-pereira', 'shortName': 'M. Pereira', 'position': 'M', 'jerseyNumber': '10', 'userCount': 14142, 'gender': 'M', 'sofascoreId': 'matheus_pereira', 'id': 377238, 'fieldTranslations': {'nameTranslation': {'ar': 'ماثيوس بيريرا', 'bn': 'ম্যাথিউস পেরেইরা', 'hi': 'मैथियस परेरा'}, 'shortNameTranslation': {'ar': 'م. بيريرا', 'bn': 'এম. পেরেইরা', 'hi': 'एम. परेरा'}}}",True,goal,fast-break,"{'x': 6.9, 'y': 57.7, 'z': 0}",right-foot,low-right,"{'x': 0, 'y': 47.4, 'z': 6.3}",,0.58779966831207,0.96676594018936,"{'name': 'Raúl', 'slug': 'raul', 'shortName': 'Raúl', 'position': 'G', 'jerseyNumber': '1', 'userCount': 540, 'gender': 'M', 'id': 866736, 'fieldTranslations': {'nameTranslation': {'ar': 'راؤول'}, 'shortNameTranslation': {'ar': 'راؤول'}}}",6297914,50,,2995,"{'start': {'x': 57.7, 'y': 6.9}, 'end': {'x': 52.6, 'y': 0}, 'goal': {'x': 52.6, 'y': 93.7}}",41,2405,295,shot,regular,13472634
"{'name': 'Kaio Jorge', 'firstName': '', 'lastName': '', 'slug': 'kaio-jorge', 'shortName': 'K. Jorge', 'position': 'F', 'jerseyNumber': '19', 'userCount': 26981, 'gender': 'M', 'sofascoreId': 'kaiojorge', 'id': 954888, 'fieldTranslations': {'nameTranslation': {'ar': 'كايو جورج', 'bn': 'কাইও জর্জ', 'hi': 'काइओ जॉर्ज'}, 'shortNameTranslation': {'ar': 'ك. جورج', 'bn': 'কে. জর্জ', 'hi': 'के. जॉर्ज'}}}",True,save,fast-break,"{'x': 14.4, 'y': 35.4, 'z': 0}",left-foot,low-right,"{'x': 0, 'y': 46.8, 'z': 4.4}","{'x': 2.5, 'y': 47.1, 'z': 0}",0.059024471789598,0.25813055038452,"{'name': 'Raúl', 'slug': 'raul', 'shortName': 'Raúl', 'position': 'G', 'jerseyNumber': '1', 'userCount': 540, 'gender': 'M', 'id': 866736, 'fieldTranslations': {'nameTranslation': {'ar': 'راؤول'}, 'shortNameTranslation': {'ar': 'راؤول'}}}",6297913,50,,2992,"{'start': {'x': 35.4, 'y': 14.4}, 'block': {'x': 47.1, 'y': 2.5}, 'end': {'x': 53.2, 'y': 0}, 'goal': {'x': 53.2, 'y': 95.6}}",41,2408,292,shot,,13472634
"{'name': 'Artur', 'slug': 'artur', 'shortName': 'Artur', 'position': 'M', 'jerseyNumber': '7', 'userCount': 3071, 'gender': 'M', 'id': 841128, 'fieldTranslations': {'nameTranslation': {'ar': 'أرثور'}, 'shortNameTranslation': {'ar': 'أرثور'}}}",False,save,fast-break,"{'x': 10.8, 'y': 66.7, 'z': 0}",right-foot,low-right,"{'x': 0, 'y': 47.1, 'z': 9.5}","{'x': 2.4, 'y': 52.7, 'z': 0}",0.10430835187435,0.39963868260384,"{'name': 'Cássio', 'slug': 'cassio', 'shortName': 'Cássio', 'position': 'G', 'jerseyNumber': '1', 'userCount': 4585, 'gender': 'M', 'sofascoreId': 'rcassio12', 'id': 27756, 'fieldTranslations': {'nameTranslation': {'ar': 'كاسيو', 'bn': 'ক্যাসিও', 'hi': 'कैसियो'}, 'shortNameTranslation': {'ar': 'كاسيو', 'bn': 'ক্যাসিও', 'hi': 'कैसियो'}}}",6297834,45,,2663,"{'start': {'x': 66.7, 'y': 10.8}, 'block': {'x': 52.7, 'y': 2.4}, 'end': {'x': 52.9, 'y': 0}, 'goal': {'x': 52.9, 'y': 90.5}}",1,37,2663,shot,,13472634
"{'name': 'Cuiabano', 'firstName': 'Cuiabano', 'lastName': '', 'slug': 'cuiabano', 'shortName': 'Cuiabano', 'position': 'D', 'jerseyNumber': '6', 'userCount': 2707, 'gender': 'M', 'id': 1160554, 'fieldTranslations': {'nameTranslation': {'ar': 'كويابانو', 'bn': 'কুইয়াবানো', 'hi': 'क्युइबानो'}, 'shortNameTranslation': {'ar': 'كويابانو', 'bn': 'কুইয়াবানো', 'hi': 'क्युइबानो'}}}",False,save,regular,"{'x': 10.7, 'y': 31.5, 'z': 0}",left-foot,low-centre,"{'x': 0, 'y': 49.4, 'z': 4.4}","{'x': 1, 'y': 46.7, 'z': 0}",0.029487710446119,0.048320971429348,"{'name': 'Cássio', 'slug': 'cassio', 'shortName': 'Cássio', 'position': 'G', 'jerseyNumber': '1', 'userCount': 4585, 'gender': 'M', 'sofascoreId': 'rcassio12', 'id': 27756, 'fieldTranslations': {'nameTranslation': {'ar': 'كاسيو', 'bn': 'ক্যাসিও', 'hi': 'कैसियो'}, 'shortNameTranslation': {'ar': 'كاسيو', 'bn': 'ক্যাসিও', 'hi': 'कैसियो'}}}",6297830,36,,2110,"{'start': {'x': 31.5, 'y': 10.7}, 'block': {'x': 46.7, 'y': 1}, 'end': {'x': 50.6, 'y': 0}, 'goal': {'x': 50.6, 'y': 95.6}}",10,590,2110,shot,,13472634
"{'name': 'Kaiki', 'firstName': 'Kaiki', 'lastName': '', 'slug': 'kaiki', 'shortName': 'Kaiki', 'position': 'D', 'jerseyNumber': '6', 'userCount': 2601, 'gender': 'M', 'id': 1112484, 'fieldTranslations': {'nameTranslation': {'ar': 'كاكي'}, 'shortNameTranslation': {'ar': 'كاكي'}}}",True,miss,set-piece,"{'x': 10.8, 'y': 49.2, 'z': 0}",left-foot,high,"{'x': 0, 'y': 50.8, 'z': 79.2}",,0.13244430720806,0.0,"{'name': 'Raúl', 'slug': 'raul', 'shortName': 'Raúl', 'position': 'G', 'jerseyNumber': '1', 'userCount': 540, 'gender': 'M', 'id': 866736, 'fieldTranslations': {'nameTranslation': {'ar': 'راؤول'}, 'shortNameTranslation': {'ar': 'راؤول'}}}",6297829,34,,1986,"{'start': {'x': 49.2, 'y': 10.8}, 'end': {'x': 49.2, 'y': 0}, 'goal': {'x': 49.2, 'y': 20.8}}",12,714,1986,shot,,13472634
"{'name': 'Luis Sinisterra', 'slug': 'luis-sinisterra', 'shortName': 'L. Sinisterra', 'position': 'F', 'jerseyNumber': '17', 'userCount': 6568, 'gender': 'M', 'sofascoreId': 'Sinisterra29', 'id': 836070, 'fieldTranslations': {'nameTranslation': {'ar': 'لويس سينيستيرا', 'bn': 'লুইস সিনিস্টেরা', 'hi': 'लुइस सिनिस्टर्रा'}, 'shortNameTranslation': {'ar': 'ل. سينيستيرا', 'bn': 'এল. সিনিস্টেরা', 'hi': 'एल. सिनिस्टर्रा'}}}",True,block,free-kick,"{'x': 22.7, 'y': 36.3, 'z': 0}",right-foot,low-centre,"{'x': 0, 'y': 50.5, 'z': 19}","{'x': 15.9, 'y': 40.2, 'z': 0}",0.058239411562681,0.0,"{'name': 'Raúl', 'slug': 'raul', 'shortName': 'Raúl', 'position': 'G', 'jerseyNumber': '1', 'userCount': 540, 'gender': 'M', 'id': 866736, 'fieldTranslations': {'nameTranslation': {'ar': 'راؤول'}, 'shortNameTranslation': {'ar': 'راؤول'}}}",6297828,27,,1591,"{'start': {'x': 36.3, 'y': 22.7}, 'block': {'x': 40.2, 'y': 15.9}, 'end': {'x': 49.5, 'y': 0}, 'goal': {'x': 49.5, 'y': 81}}",19,1109,1591,shot,,13472634
"{'name': 'Marçal', 'slug': 'marcal', 'shortName': 'Marçal', 'position': 'D', 'jerseyNumber': '21', 'userCount': 1065, 'gender': 'M', 'id': 143593, 'fieldTranslations': {'nameTranslation': {'ar': 'مارسال', 'bn': 'মার্চাল', 'hi': 'मार्शल'}, 'shortNameTranslation': {'ar': 'مارسال', 'bn': 'মার্চাল', 'hi': 'मार्शल'}}}",False,miss,corner,"{'x': 5.5, 'y': 54, 'z': 0}",head,left,"{'x': 0, 'y': 59.5, 'z': 13.9}","{'x': 1.6, 'y': 44.2, 'z': 0}",0.12665635347366,0.0,"{'name': 'Cássio', 'slug': 'cassio', 'shortName': 'Cássio', 'position': 'G', 'jerseyNumber': '1', 'userCount': 4585, 'gender': 'M', 'sofascoreId': 'rcassio12', 'id': 27756, 'fieldTranslations': {'nameTranslation': {'ar': 'كاسيو', 'bn': 'ক্যাসিও', 'hi': 'कैसियो'}, 'shortNameTranslation': {'ar': 'كاسيو', 'bn': 'ক্যাসিও', 'hi': 'कैसियो'}}}",6297827,18,,1038,"{'start': {'x': 54, 'y': 5.5}, 'block': {'x': 44.2, 'y': 1.6}, 'end': {'x': 40.5, 'y': 0}, 'goal': {'x': 40.5, 'y': 86.1}}",28,1662,1038,shot,,13472634
"{'name': 'Christian', 'slug': 'christian', 'shortName': 'Christian', 'position': 'M', 'jerseyNumber': '88', 'userCount': 1765, 'gender': 'M', 'id': 981733, 'fieldTranslations': {'nameTranslation': {'ar': 'كريستيان'}, 'shortNameTranslation': {'ar': 'كريستيان'}}}",True,goal,assisted,"{'x': 3.2, 'y': 50.9, 'z': 0}",head,high-centre,"{'x': 0, 'y': 48.6, 'z': 23.4}",,0.77914518117905,0.99409985542297,"{'name': 'Raúl', 'slug': 'raul', 'shortName': 'Raúl', 'position': 'G', 'jerseyNumber': '1', 'userCount': 540, 'gender': 'M', 'id': 866736, 'fieldTranslations': {'nameTranslation': {'ar': 'راؤول'}, 'shortNameTranslation': {'ar': 'راؤول'}}}",6297785,15,,885,"{'start': {'x': 50.9, 'y': 3.2}, 'end': {'x': 51.4, 'y': 0}, 'goal': {'x': 51.4, 'y': 76.6}}",31,1815,885,shot,regular,13472634
"{'name': 'Lucas Silva', 'slug': 'lucas-silva', 'shortName': 'L. Silva', 'position': 'M', 'jerseyNumber': '16', 'userCount': 2408, 'gender': 'M', 'id': 245159, 'fieldTranslations': {'nameTranslation': {'ar': 'لوكاس سيلفا', 'bn': 'লুকাস সিলভা', 'hi': 'लुकास सिल्वा'}, 'shortNameTranslation': {'ar': 'ل. سيلفا', 'bn': 'এল. সিলভা', 'hi': 'एल. सिल्वा'}}}",True,miss,assisted,"{'x': 30.3, 'y': 46.4, 'z': 0}",right-foot,close-left,"{'x': 0, 'y': 57.5, 'z': 6.9}",,0.018365511670709,0.0,"{'name': 'Raúl', 'slug': 'raul', 'shortName': 'Raúl', 'position': 'G', 'jerseyNumber': '1', 'userCount': 540, 'gender': 'M', 'id': 866736, 'fieldTranslations': {'nameTranslation': {'ar': 'راؤول'}, 'shortNameTranslation': {'ar': 'راؤول'}}}",6297781,14,,810,"{'start': {'x': 46.4, 'y': 30.3}, 'end': {'x': 42.5, 'y': 0}, 'goal': {'x': 42.5, 'y': 93.1}}",32,1890,810,shot,,13472634
"{'name': 'Kaio Jorge', 'firstName': '', 'lastName': '', 'slug': 'kaio-jorge', 'shortName': 'K. Jorge', 'position': 'F', 'jerseyNumber': '19', 'userCount': 26981, 'gender': 'M', 'sofascoreId': 'kaiojorge', 'id': 954888, 'fieldTranslations': {'nameTranslation': {'ar': 'كايو جورج', 'bn': 'কাইও জর্জ', 'hi': 'काइओ जॉर्ज'}, 'shortNameTranslation': {'ar': 'ك. جورج', 'bn': 'কে. জর্জ', 'hi': 'के. जॉर्ज'}}}",True,miss,assisted,"{'x': 16.7, 'y': 55, 'z': 0}",right-foot,high-right,"{'x': 0, 'y': 43.2, 'z': 94.4}",,0.061330448836088,0.0,"{'name': 'Raúl', 'slug': 'raul', 'shortName': 'Raúl', 'position': 'G', 'jerseyNumber': '1', 'userCount': 540, 'gender': 'M', 'id': 866736, 'fieldTranslations': {'nameTranslation': {'ar': 'راؤول'}, 'shortNameTranslation': {'ar': 'راؤول'}}}",6297772,8,,475,"{'start': {'x': 55, 'y': 16.7}, 'end': {'x': 56.8, 'y': 0}, 'goal': {'x': 56.8, 'y': 5.6}}",38,2225,475,shot,,13472634
"{'name': 'Arthur Cabral', 'slug': 'arthur-cabral', 'shortName': 'A. Cabral', 'position': 'F', 'jerseyNumber': '19', 'userCount': 4955, 'gender': 'M', 'sofascoreId': 'arthurcabral9', 'id': 870762, 'fieldTranslations': {'nameTranslation': {'ar': 'أرثر كابرال', 'bn': 'আর্থার ক্যাব্রাল', 'hi': 'आर्थर कैब्राल'}, 'shortNameTranslation': {'ar': 'أ. كابرال', 'bn': 'এ. ক্যাব্রাল', 'hi': 'ए. कैब्राल'}}}",False,miss,regular,"{'x': 13, 'y': 55.4, 'z': 0}",left-foot,close-high,"{'x': 0, 'y': 52.3, 'z': 59.7}",,0.18911345303059,0.0,"{'name': 'Cássio', 'slug': 'cassio', 'shortName': 'Cássio', 'position': 'G', 'jerseyNumber': '1', 'userCount': 4585, 'gender': 'M', 'sofascoreId': 'rcassio12', 'id': 27756, 'fieldTranslations': {'nameTranslation': {'ar': 'كاسيو', 'bn': 'ক্যাসিও', 'hi': 'कैसियो'}, 'shortNameTranslation': {'ar': 'كاسيو', 'bn': 'ক্যাসিও', 'hi': 'कैसियो'}}}",6297768,6,,345,"{'start': {'x': 55.4, 'y': 13}, 'end': {'x': 47.7, 'y': 0}, 'goal': {'x': 47.7, 'y': 40.3}}",40,2355,345,shot,,13472634
"{'name': 'Jordan Barrera', 'firstName': 'Jordan Andres', 'lastName': 'Barrera Herrera', 'slug': 'jordan-andres-barrera-herrera', 'shortName': 'J. Barrera', 'position': 'M', 'jerseyNumber': '14', 'userCount': 2295, 'gender': 'M', 'id': 1899902, 'fieldTranslations': {'nameTranslation': {'ar': 'جوردان باريرا'}, 'shortNameTranslation': {'ar': 'ج. باريرا'}}}",False,post,regular,"{'x': 2.9, 'y': 67.1, 'z': 0}",right-foot,right,"{'x': 0, 'y': 44.5, 'z': 4.4}",,0.085838377475739,0.0,"{'name': 'Cássio', 'slug': 'cassio', 'shortName': 'Cássio', 'position': 'G', 'jerseyNumber': '1', 'userCount': 4585, 'gender': 'M', 'sofascoreId': 'rcassio12', 'id': 27756, 'fieldTranslations': {'nameTranslation': {'ar': 'كاسيو', 'bn': 'ক্যাসিও', 'hi': 'कैसियो'}, 'shortNameTranslation': {'ar': 'كاسيو', 'bn': 'ক্যাসিও', 'hi': 'कैसियो'}}}",6297769,6,,343,"{'start': {'x': 67.1, 'y': 2.9}, 'end': {'x': 55.5, 'y': 0}, 'goal': {'x': 55.5, 'y': 95.6}}",40,2357,343,shot,,13472634
"{'name': 'Cristian Renato', 'firstName': '', 'lastName': '', 'slug': 'cristian-renato', 'shortName': 'C. Renato', 'position': 'F', 'jerseyNumber': '17', 'userCount': 258, 'gender': 'M', 'id': 1148306, 'fieldTranslations': {'nameTranslation': {'ar': 'كريستيان ريناتو'}, 'shortNameTranslation': {'ar': 'ك. ريناتو'}}}",True,block,assisted,"{'x': 4.6, 'y': 49.3, 'z': 0}",right-foot,low-left,"{'x': 0, 'y': 53.7, 'z': 19}","{'x': 3.5, 'y': 48.6, 'z': 0}",0.30694925785065,0.0,"{'name': 'Dyogo Alves', 'slug': 'dyogo-alves', 'shortName': 'D. Alves', 'position': 'G', 'jerseyNumber': '49', 'userCount': 2385, 'gender': 'M', 'id': 1514629, 'fieldTranslations': {'nameTranslation': {'ar': 'ديغو ألفيس'}, 'shortNameTranslation': {'ar': 'د. ألفيس'}}}",6307442,90,6.0,5705,"{'start': {'x': 49.3, 'y': 4.6}, 'block': {'x': 48.6, 'y': 3.5}, 'end': {'x': 46.3, 'y': 0}, 'goal': {'x': 46.3, 'y': 81}}",1,595,305,shot,,13472593
"{'name': 'Lucas Ramon', 'slug': 'lucas-ramon', 'shortName': 'L. Ramon', 'position': 'D', 'jerseyNumber': '19', 'userCount': 643, 'gender': 'M', 'id': 797225, 'fieldTranslations': {'nameTranslation': {'ar': 'لوكاس رامون'}, 'shortNameTranslation': {'ar': 'ل. رامون'}}}",True,miss,assisted,"{'x': 6.5, 'y': 68.8, 'z': 0}",right-foot,left,"{'x': 0, 'y': 61.2, 'z': 9.7}","{'x': 4.9, 'y': 50.2, 'z': 0}",0.041367933154106,0.0,"{'name': 'Dyogo Alves', 'slug': 'dyogo-alves', 'shortName': 'D. Alves', 'position': 'G', 'jerseyNumber': '49', 'userCount': 2385, 'gender': 'M', 'id': 1514629, 'fieldTranslations': {'nameTranslation': {'ar': 'ديغو ألفيس'}, 'shortNameTranslation': {'ar': 'د. ألفيس'}}}",6307436,90,6.0,5704,"{'start': {'x': 68.8, 'y': 6.5}, 'block': {'x': 50.2, 'y': 4.9}, 'end': {'x': 38.8, 'y': 0}, 'goal': {'x': 38.8, 'y': 90.3}}",1,596,304,shot,,13472593
"{'name': 'Michael', 'slug': 'michael', 'shortName': 'Michael', 'position': 'M', 'jerseyNumber': '96', 'userCount': 8988, 'gender': 'M', 'sofascoreId': 'Michael19', 'id': 878084, 'fieldTranslations': {'nameTranslation': {'ar': 'مايكل', 'bn': 'মাইকেল', 'hi': 'माइकल'}, 'shortNameTranslation': {'ar': 'مايكل', 'bn': 'মাইকেল', 'hi': 'माइकल'}}}",False,save,assisted,"{'x': 14.8, 'y': 42.1, 'z': 0}",right-foot,low-centre,"{'x': 0, 'y': 49.7, 'z': 3.8}","{'x': 0.7, 'y': 48.9, 'z': 0}",0.095298491418362,0.062162820249796,"{'name': 'Walter', 'slug': 'walter', 'shortName': 'Walter', 'position': 'G', 'jerseyNumber': '22', 'userCount': 771, 'gender': 'M', 'id': 329055, 'fieldTranslations': {'nameTranslation': {'ar': 'والتر'}, 'shortNameTranslation': {'ar': 'والتر'}}}",6307426,90,,5372,"{'start': {'x': 42.1, 'y': 14.8}, 'block': {'x': 48.9, 'y': 0.7}, 'end': {'x': 50.3, 'y': 0}, 'goal': {'x': 50.3, 'y': 96.2}}",1,28,2672,shot,,13472593
"{'name': 'José Aldo', 'slug': 'jose-aldo', 'shortName': 'J. Aldo', 'position': 'M', 'jerseyNumber': '21', 'userCount': 318, 'gender': 'M', 'id': 988851, 'fieldTranslations': {'nameTranslation': {'ar': 'خوسيه ألدو'}, 'shortNameTranslation': {'ar': 'خ. ألدو'}}}",True,miss,assisted,"{'x': 23.2, 'y': 53.6, 'z': 0}",right-foot,high,"{'x': 0, 'y': 50.3, 'z': 65.3}",,0.03992011398077,0.0,"{'name': 'Dyogo Alves', 'slug': 'dyogo-alves', 'shortName': 'D. Alves', 'position': 'G', 'jerseyNumber': '49', 'userCount': 2385, 'gender': 'M', 'id': 1514629, 'fieldTranslations': {'nameTranslation': {'ar': 'ديغو ألفيس'}, 'shortNameTranslation': {'ar': 'د. ألفيس'}}}",6307408,86,,5131,"{'start': {'x': 53.6, 'y': 23.2}, 'end': {'x': 49.7, 'y': 0}, 'goal': {'x': 49.7, 'y': 34.7}}",5,269,2431,shot,,13472593
"{'name': 'Wallace Yan', 'firstName': 'Wallace', 'slug': 'wallace', 'shortName': 'Wallace', 'position': 'F', 'jerseyNumber': '64', 'userCount': 6407, 'gender': 'M', 'id': 1466084, 'fieldTranslations': {'nameTranslation': {'ar': 'والاس يان', 'bn': 'ওয়ালেস ইয়ান', 'hi': 'वालेस यान'}, 'shortNameTranslation': {'ar': 'والاس', 'bn': 'ওয়ালেস', 'hi': 'वालेस'}}}",False,miss,assisted,"{'x': 22.3, 'y': 24.2, 'z': 0}",right-foot,left,"{'x': 0, 'y': 59.8, 'z': 9.7}",,0.022255061194301,0.0,"{'name': 'Walter', 'slug': 'walter', 'shortName': 'Walter', 'position': 'G', 'jerseyNumber': '22', 'userCount': 771, 'gender': 'M', 'id': 329055, 'fieldTranslations': {'nameTranslation': {'ar': 'والتر'}, 'shortNameTranslation': {'ar': 'والتر'}}}",6307407,85,,5087,"{'start': {'x': 24.2, 'y': 22.3}, 'end': {'x': 40.2, 'y': 0}, 'goal': {'x': 40.2, 'y': 90.3}}",6,313,2387,shot,,13472593
"{'name': 'Felipe Jonatan', 'firstName': '', 'lastName': '', 'slug': 'felipe-jonatan', 'shortName': 'F. Jonatan', 'position': 'D', 'jerseyNumber': '16', 'userCount': 466, 'gender': 'M', 'id': 931574, 'fieldTranslations': {'nameTranslation': {'ar': 'فيليبي جوناتان'}, 'shortNameTranslation': {'ar': 'ف. جوناتان'}}}",True,miss,assisted,"{'x': 12.6, 'y': 38.9, 'z': 0}",left-foot,close-left,"{'x': 0, 'y': 56.3, 'z': 6.9}",,0.11413468420506,0.0,"{'name': 'Dyogo Alves', 'slug': 'dyogo-alves', 'shortName': 'D. Alves', 'position': 'G', 'jerseyNumber': '49', 'userCount': 2385, 'gender': 'M', 'id': 1514629, 'fieldTranslations': {'nameTranslation': {'ar': 'ديغو ألفيس'}, 'shortNameTranslation': {'ar': 'د. ألفيس'}}}",6307394,81,,4836,"{'start': {'x': 38.9, 'y': 12.6}, 'end': {'x': 43.7, 'y': 0}, 'goal': {'x': 43.7, 'y': 93.1}}",10,564,2136,shot,,13472593
"{'name': 'Cristian Renato', 'firstName': '', 'lastName': '', 'slug': 'cristian-renato', 'shortName': 'C. Renato', 'position': 'F', 'jerseyNumber': '17', 'userCount': 258, 'gender': 'M', 'id': 1148306, 'fieldTranslations': {'nameTranslation': {'ar': 'كريستيان ريناتو'}, 'shortNameTranslation': {'ar': 'ك. ريناتو'}}}",True,miss,assisted,"{'x': 23.4, 'y': 38.7, 'z': 0}",right-foot,left,"{'x': 0, 'y': 60, 'z': 1.4}",,0.018333520740271,0.0,"{'name': 'Dyogo Alves', 'slug': 'dyogo-alves', 'shortName': 'D. Alves', 'position': 'G', 'jerseyNumber': '49', 'userCount': 2385, 'gender': 'M', 'id': 1514629, 'fieldTranslations': {'nameTranslation': {'ar': 'ديغو ألفيس'}, 'shortNameTranslation': {'ar': 'د. ألفيس'}}}",6307387,75,,4496,"{'start': {'x': 38.7, 'y': 23.4}, 'end': {'x': 40, 'y': 0}, 'goal': {'x': 40, 'y': 98.6}}",16,904,1796,shot,,13472593
"{'name': 'Danielzinho', 'slug': 'danielzinho', 'shortName': 'Danielzinho', 'position': 'M', 'jerseyNumber': '94', 'userCount': 1194, 'gender': 'M', 'id': 356514, 'fieldTranslations': {'nameTranslation': {'ar': 'دانييلزينيو'}, 'shortNameTranslation': {'ar': 'دانييلزينيو'}}}",True,miss,throw-in-set-piece,"{'x': 11.1, 'y': 41.7, 'z': 0}",right-foot,close-right,"{'x': 0, 'y': 41.7, 'z': 13.9}",,0.15114656090736,0.0,"{'name': 'Dyogo Alves', 'slug': 'dyogo-alves', 'shortName': 'D. Alves', 'position': 'G', 'jerseyNumber': '49', 'userCount': 2385, 'gender': 'M', 'id': 1514629, 'fieldTranslations': {'nameTranslation': {'ar': 'ديغو ألفيس'}, 'shortNameTranslation': {'ar': 'د. ألفيس'}}}",6307385,74,,4410,"{'start': {'x': 41.7, 'y': 11.1}, 'end': {'x': 58.3, 'y': 0}, 'goal': {'x': 58.3, 'y': 86.1}}",17,990,1710,shot,,13472593
"{'name': 'Cristian Renato', 'firstName': '', 'lastName': '', 'slug': 'cristian-renato', 'shortName': 'C. Renato', 'position': 'F', 'jerseyNumber': '17', 'userCount': 258, 'gender': 'M', 'id': 1148306, 'fieldTranslations': {'nameTranslation': {'ar': 'كريستيان ريناتو'}, 'shortNameTranslation': {'ar': 'ك. ريناتو'}}}",True,goal,fast-break,"{'x': 4.1, 'y': 57.4, 'z': 0}",right-foot,low-centre,"{'x': 0, 'y': 48.4, 'z': 2.5}",,0.80766177177429,0.9944669008255,"{'name': 'Dyogo Alves', 'slug': 'dyogo-alves', 'shortName': 'D. Alves', 'position': 'G', 'jerseyNumber': '49', 'userCount': 2385, 'gender': 'M', 'id': 1514629, 'fieldTranslations': {'nameTranslation': {'ar': 'ديغو ألفيس'}, 'shortNameTranslation': {'ar': 'د. ألفيس'}}}",6307375,65,,3855,"{'start': {'x': 57.4, 'y': 4.1}, 'end': {'x': 51.6, 'y': 0}, 'goal': {'x': 51.6, 'y': 97.5}}",26,1545,1155,shot,regular,13472593
"{'name': 'Carlos Eduardo', 'firstName': '', 'lastName': '', 'slug': 'carlos-eduardo', 'shortName': 'Carlos Eduardo', 'position': 'F', 'jerseyNumber': '96', 'userCount': 357, 'gender': 'M', 'id': 795295, 'fieldTranslations': {'nameTranslation': {'ar': 'كارلوس إدواردو'}, 'shortNameTranslation': {'ar': 'ك. إدواردو'}}}",True,save,fast-break,"{'x': 11.2, 'y': 34.7, 'z': 0}",right-foot,low-right,"{'x': 0, 'y': 47.1, 'z': 3.8}","{'x': 1.1, 'y': 47.7, 'z': 0}",0.10086240619421,0.37922367453575,"{'name': 'Dyogo Alves', 'slug': 'dyogo-alves', 'shortName': 'D. Alves', 'position': 'G', 'jerseyNumber': '49', 'userCount': 2385, 'gender': 'M', 'id': 1514629, 'fieldTranslations': {'nameTranslation': {'ar': 'ديغو ألفيس'}, 'shortNameTranslation': {'ar': 'د. ألفيس'}}}",6307376,65,,3852,"{'start': {'x': 34.7, 'y': 11.2}, 'block': {'x': 47.7, 'y': 1.1}, 'end': {'x': 52.9, 'y': 0}, 'goal': {'x': 52.9, 'y': 96.2}}",26,1548,1152,shot,,13472593
"{'name': 'João Victor', 'firstName': '', 'lastName': '', 'slug': 'joao-victor', 'shortName': 'J. Victor', 'position': 'D', 'jerseyNumber': '34', 'userCount': 236, 'gender': 'M', 'id': 863297, 'fieldTranslations': {'nameTranslation': {'ar': 'جواو فيكتور'}, 'shortNameTranslation': {'ar': 'ج. فيكتور'}}}",True,save,set-piece,"{'x': 11.6, 'y': 51.5, 'z': 0}",head,low-left,"{'x': 0, 'y': 53.6, 'z': 8.9}","{'x': 0.59999999999999, 'y': 50.2, 'z': 0}",0.027187455445528,0.25664484500885,"{'name': 'Dyogo Alves', 'slug': 'dyogo-alves', 'shortName': 'D. Alves', 'position': 'G', 'jerseyNumber': '49', 'userCount': 2385, 'gender': 'M', 'id': 1514629, 'fieldTranslations': {'nameTranslation': {'ar': 'ديغو ألفيس'}, 'shortNameTranslation': {'ar': 'د. ألفيس'}}}",6307372,64,,3780,"{'start': {'x': 51.5, 'y': 11.6}, 'block': {'x': 50.2, 'y': 0.59999999999999}, 'end': {'x': 46.4, 'y': 0}, 'goal': {'x': 46.4, 'y': 91.1}}",27,1620,1080,shot,,13472593
"{'name': 'Guilherme Gomes', 'firstName': 'Guilherme', 'slug': 'guilherme', 'shortName': 'Guilherme', 'position': 'M', 'jerseyNumber': '47', 'userCount': 2752, 'gender': 'M', 'id': 1645868, 'fieldTranslations': {'nameTranslation': {'ar': 'غيليرمي غوميز'}, 'shortNameTranslation': {'ar': 'غ. غوميز'}}}",False,goal,regular,"{'x': 4.8, 'y': 49.9, 'z': 0}",right-foot,low-left,"{'x': 0, 'y': 53.7, 'z': 1.3}",,0.31464713811874,0.96624290943146,"{'name': 'Walter', 'slug': 'walter', 'shortName': 'Walter', 'position': 'G', 'jerseyNumber': '22', 'userCount': 771, 'gender': 'M', 'id': 329055, 'fieldTranslations': {'nameTranslation': {'ar': 'والتر'}, 'shortNameTranslation': {'ar': 'والتر'}}}",6307367,59,,3514,"{'start': {'x': 49.9, 'y': 4.8}, 'end': {'x': 46.3, 'y': 0}, 'goal': {'x': 46.3, 'y': 98.7}}",32,1886,814,shot,regular,13472593
"{'name': 'Douglas Costa Telles', 'firstName': 'Douglas', 'lastName': 'Costa Telles', 'slug': 'douglas-costa-telles', 'shortName': 'D. C. Telles', 'position': 'F', 'jerseyNumber': '81', 'userCount': 1663, 'id': 1883297, 'fieldTranslations': {'nameTranslation': {'ar': 'دوغلاس كوستا تيليس'}, 'shortNameTranslation': {'ar': 'د. تيليس'}}}",False,save,fast-break,"{'x': 9.7, 'y': 65.6, 'z': 0}",right-foot,low-right,"{'x': 0, 'y': 45.7, 'z': 3.2}","{'x': 1.6, 'y': 54.5, 'z': 0}",0.19532138109207,0.42870017886162,"{'name': 'Walter', 'slug': 'walter', 'shortName': 'Walter', 'position': 'G', 'jerseyNumber': '22', 'userCount': 771, 'gender': 'M', 'id': 329055, 'fieldTranslations': {'nameTranslation': {'ar': 'والتر'}, 'shortNameTranslation': {'ar': 'والتر'}}}",6307336,56,,3318,"{'start': {'x': 65.6, 'y': 9.7}, 'block': {'x': 54.5, 'y': 1.6}, 'end': {'x': 54.3, 'y': 0}, 'goal': {'x': 54.3, 'y': 96.8}}",35,2082,618,shot,,13472593
"{'name': 'Negueba', 'firstName': '', 'lastName': '', 'slug': 'negueba', 'shortName': 'Negueba', 'position': 'M', 'jerseyNumber': '11', 'userCount': 668, 'gender': 'M', 'id': 872007, 'fieldTranslations': {'nameTranslation': {'ar': 'نيغويبا'}, 'shortNameTranslation': {'ar': 'نيغويبا'}}}",True,save,regular,"{'x': 24.1, 'y': 57.7, 'z': 0}",right-foot,low-right,"{'x': 0, 'y': 47.2, 'z': 2.5}","{'x': 3.3, 'y': 50.7, 'z': 0}",0.046611629426479,0.10048779845238,"{'name': 'Dyogo Alves', 'slug': 'dyogo-alves', 'shortName': 'D. Alves', 'position': 'G', 'jerseyNumber': '49', 'userCount': 2385, 'gender': 'M', 'id': 1514629, 'fieldTranslations': {'nameTranslation': {'ar': 'ديغو ألفيس'}, 'shortNameTranslation': {'ar': 'د. ألفيس'}}}",6307331,55,,3258,"{'start': {'x': 57.7, 'y': 24.1}, 'block': {'x': 50.7, 'y': 3.3}, 'end': {'x': 52.8, 'y': 0}, 'goal': {'x': 52.8, 'y': 97.5}}",36,2142,558,shot,,13472593
"{'name': 'Johnny Goes', 'firstName': 'Johnny Góes', 'slug': 'johnny-goes', 'shortName': 'J. Góes', 'position': 'D', 'jerseyNumber': '77', 'userCount': 314, 'gender': 'M', 'id': 2063998, 'fieldTranslations': {'nameTranslation': {'ar': 'جوني غويز'}, 'shortNameTranslation': {'ar': 'ج. غويز'}}}",False,miss,corner,"{'x': 11, 'y': 58.7, 'z': 0}",head,high,"{'x': 0, 'y': 53.8, 'z': 72.2}",,0.012047012336552,0.0,"{'name': 'Walter', 'slug': 'walter', 'shortName': 'Walter', 'position': 'G', 'jerseyNumber': '22', 'userCount': 771, 'gender': 'M', 'id': 329055, 'fieldTranslations': {'nameTranslation': {'ar': 'والتر'}, 'shortNameTranslation': {'ar': 'والتر'}}}",6307330,54,,3216,"{'start': {'x': 58.7, 'y': 11}, 'end': {'x': 46.2, 'y': 0}, 'goal': {'x': 46.2, 'y': 27.8}}",37,2184,516,shot,,13472593
"{'name': 'Daniel Sales', 'slug': 'sales-daniel', 'shortName': 'D. Sales', 'position': 'D', 'jerseyNumber': '51', 'userCount': 1729, 'gender': 'M', 'id': 1459762, 'fieldTranslations': {'nameTranslation': {'ar': 'ساليس، دانييل'}, 'shortNameTranslation': {'ar': 'د. ساليس'}}}",False,miss,fast-break,"{'x': 13.6, 'y': 64.9, 'z': 0}",right-foot,high,"{'x': 0, 'y': 44.9, 'z': 70.8}",,0.099081136286259,0.0,"{'name': 'Walter', 'slug': 'walter', 'shortName': 'Walter', 'position': 'G', 'jerseyNumber': '22', 'userCount': 771, 'gender': 'M', 'id': 329055, 'fieldTranslations': {'nameTranslation': {'ar': 'والتر'}, 'shortNameTranslation': {'ar': 'والتر'}}}",6307322,51,,3047,"{'start': {'x': 64.9, 'y': 13.6}, 'end': {'x': 55.1, 'y': 0}, 'goal': {'x': 55.1, 'y': 29.2}}",40,2353,347,shot,,13472593
"{'name': 'Chico', 'firstName': '', 'lastName': '', 'slug': 'chico', 'shortName': 'Chico', 'position': 'M', 'jerseyNumber': '10', 'userCount': 732, 'gender': 'M', 'id': 880132, 'fieldTranslations': {'nameTranslation': {'ar': 'شيكو'}, 'shortNameTranslation': {'ar': 'شيكو'}}}",True,miss,throw-in-set-piece,"{'x': 15.3, 'y': 34, 'z': 0}",right-foot,right,"{'x': 0, 'y': 39.5, 'z': 11.1}","{'x': 7.9, 'y': 50.2, 'z': 0}",0.052839063107967,0.0,"{'name': 'Dyogo Alves', 'slug': 'dyogo-alves', 'shortName': 'D. Alves', 'position': 'G', 'jerseyNumber': '49', 'userCount': 2385, 'gender': 'M', 'id': 1514629, 'fieldTranslations': {'nameTranslation': {'ar': 'ديغو ألفيس'}, 'shortNameTranslation': {'ar': 'د. ألفيس'}}}",6307321,50,,2967,"{'start': {'x': 34, 'y': 15.3}, 'block': {'x': 50.2, 'y': 7.9}, 'end': {'x': 60.5, 'y': 0}, 'goal': {'x': 60.5, 'y': 88.9}}",41,2433,267,shot,,13472593
"{'name': 'Guilherme Gomes', 'firstName': 'Guilherme', 'slug': 'guilherme', 'shortName': 'Guilherme', 'position': 'M', 'jerseyNumber': '47', 'userCount': 2752, 'gender': 'M', 'id': 1645868, 'fieldTranslations': {'nameTranslation': {'ar': 'غيليرمي غوميز'}, 'shortNameTranslation': {'ar': 'غ. غوميز'}}}",False,miss,assisted,"{'x': 10.2, 'y': 31.1, 'z': 0}",left-foot,left,"{'x': 0, 'y': 59.8, 'z': 5.6}",,0.041877772659063,0.0,"{'name': 'Walter', 'slug': 'walter', 'shortName': 'Walter', 'position': 'G', 'jerseyNumber': '22', 'userCount': 771, 'gender': 'M', 'id': 329055, 'fieldTranslations': {'nameTranslation': {'ar': 'والتر'}, 'shortNameTranslation': {'ar': 'والتر'}}}",6307278,46,,2724,"{'start': {'x': 31.1, 'y': 10.2}, 'end': {'x': 40.2, 'y': 0}, 'goal': {'x': 40.2, 'y': 94.4}}",45,2676,24,shot,,13472593
"{'name': 'Douglas Costa Telles', 'firstName': 'Douglas', 'lastName': 'Costa Telles', 'slug': 'douglas-costa-telles', 'shortName': 'D. C. Telles', 'position': 'F', 'jerseyNumber': '81', 'userCount': 1663, 'id': 1883297, 'fieldTranslations': {'nameTranslation': {'ar': 'دوغلاس كوستا تيليس'}, 'shortNameTranslation': {'ar': 'د. تيليس'}}}",False,miss,assisted,"{'x': 9.5, 'y': 30.9, 'z': 0}",right-foot,high-right,"{'x': 0, 'y': 43.4, 'z': 63.9}",,0.025703454390168,0.0,"{'name': 'Walter', 'slug': 'walter', 'shortName': 'Walter', 'position': 'G', 'jerseyNumber': '22', 'userCount': 771, 'gender': 'M', 'id': 329055, 'fieldTranslations': {'nameTranslation': {'ar': 'والتر'}, 'shortNameTranslation': {'ar': 'والتر'}}}",6307241,45,2.0,2804,"{'start': {'x': 30.9, 'y': 9.5}, 'end': {'x': 56.6, 'y': 0}, 'goal': {'x': 56.6, 'y': 36.1}}",1,2596,104,shot,,13472593
"{'name': 'Negueba', 'firstName': '', 'lastName': '', 'slug': 'negueba', 'shortName': 'Negueba', 'position': 'M', 'jerseyNumber': '11', 'userCount': 668, 'gender': 'M', 'id': 872007, 'fieldTranslations': {'nameTranslation': {'ar': 'نيغويبا'}, 'shortNameTranslation': {'ar': 'نيغويبا'}}}",True,miss,assisted,"{'x': 20.4, 'y': 75.4, 'z': 0}",right-foot,left,"{'x': 0, 'y': 60.7, 'z': 4.2}",,0.027557445690036,0.0,"{'name': 'Dyogo Alves', 'slug': 'dyogo-alves', 'shortName': 'D. Alves', 'position': 'G', 'jerseyNumber': '49', 'userCount': 2385, 'gender': 'M', 'id': 1514629, 'fieldTranslations': {'nameTranslation': {'ar': 'ديغو ألفيس'}, 'shortNameTranslation': {'ar': 'د. ألفيس'}}}",6307235,44,,2638,"{'start': {'x': 75.4, 'y': 20.4}, 'end': {'x': 39.3, 'y': 0}, 'goal': {'x': 39.3, 'y': 95.8}}",2,62,2638,shot,,13472593
"{'name': 'Alesson', 'firstName': '', 'lastName': '', 'slug': 'alesson', 'shortName': 'Alesson', 'position': 'F', 'jerseyNumber': '77', 'userCount': 441, 'gender': 'M', 'id': 871015, 'fieldTranslations': {'nameTranslation': {'ar': 'أليسون'}, 'shortNameTranslation': {'ar': 'أليسون'}}}",True,goal,assisted,"{'x': 9.1, 'y': 56, 'z': 0}",right-foot,high-centre,"{'x': 0, 'y': 49.7, 'z': 28.5}",,0.35389795899391,0.63467878103256,"{'name': 'Dyogo Alves', 'slug': 'dyogo-alves', 'shortName': 'D. Alves', 'position': 'G', 'jerseyNumber': '49', 'userCount': 2385, 'gender': 'M', 'id': 1514629, 'fieldTranslations': {'nameTranslation': {'ar': 'ديغو ألفيس'}, 'shortNameTranslation': {'ar': 'د. ألفيس'}}}",6307225,41,,2410,"{'start': {'x': 56, 'y': 9.1}, 'end': {'x': 50.3, 'y': 0}, 'goal': {'x': 50.3, 'y': 71.5}}",5,290,2410,shot,regular,13472593
"{'name': 'Guilherme Gomes', 'firstName': 'Guilherme', 'slug': 'guilherme', 'shortName': 'Guilherme', 'position': 'M', 'jerseyNumber': '47', 'userCount': 2752, 'gender': 'M', 'id': 1645868, 'fieldTranslations': {'nameTranslation': {'ar': 'غيليرمي غوميز'}, 'shortNameTranslation': {'ar': 'غ. غوميز'}}}",False,goal,assisted,"{'x': 24.6, 'y': 46, 'z': 0}",right-foot,low-right,"{'x': 0, 'y': 45.7, 'z': 15.8}",,0.043106600642204,0.31239438056946,"{'name': 'Walter', 'slug': 'walter', 'shortName': 'Walter', 'position': 'G', 'jerseyNumber': '22', 'userCount': 771, 'gender': 'M', 'id': 329055, 'fieldTranslations': {'nameTranslation': {'ar': 'والتر'}, 'shortNameTranslation': {'ar': 'والتر'}}}",6307200,31,,1829,"{'start': {'x': 46, 'y': 24.6}, 'end': {'x': 54.3, 'y': 0}, 'goal': {'x': 54.3, 'y': 84.2}}",15,871,1829,shot,regular,13472593
"{'name': 'Chico', 'firstName': '', 'lastName': '', 'slug': 'chico', 'shortName': 'Chico', 'position': 'M', 'jerseyNumber': '10', 'userCount': 732, 'gender': 'M', 'id': 880132, 'fieldTranslations': {'nameTranslation': {'ar': 'شيكو'}, 'shortNameTranslation': {'ar': 'شيكو'}}}",True,miss,assisted,"{'x': 5.7, 'y': 48.1, 'z': 0}",head,left,"{'x': 0, 'y': 100, 'z': 15.3}","{'x': 2, 'y': 18.2, 'z': 0}",0.18652838468552,0.0,"{'name': 'Dyogo Alves', 'slug': 'dyogo-alves', 'shortName': 'D. Alves', 'position': 'G', 'jerseyNumber': '49', 'userCount': 2385, 'gender': 'M', 'id': 1514629, 'fieldTranslations': {'nameTranslation': {'ar': 'ديغو ألفيس'}, 'shortNameTranslation': {'ar': 'د. ألفيس'}}}",6307147,23,,1376,"{'start': {'x': 48.1, 'y': 5.7}, 'block': {'x': 18.2, 'y': 2}, 'end': {'x': 0, 'y': 0}, 'goal': {'x': 0, 'y': 84.7}}",23,1324,1376,shot,,13472593
"{'name': 'Negueba', 'firstName': '', 'lastName': '', 'slug': 'negueba', 'shortName': 'Negueba', 'position': 'M', 'jerseyNumber': '11', 'userCount': 668, 'gender': 'M', 'id': 872007, 'fieldTranslations': {'nameTranslation': {'ar': 'نيغويبا'}, 'shortNameTranslation': {'ar': 'نيغويبا'}}}",True,save,assisted,"{'x': 10.1, 'y': 48.1, 'z': 0}",left-foot,low-centre,"{'x': 0, 'y': 49, 'z': 1.3}","{'x': 0.3, 'y': 50.4, 'z': 0}",0.37177804112434,0.20162685215473,"{'name': 'Dyogo Alves', 'slug': 'dyogo-alves', 'shortName': 'D. Alves', 'position': 'G', 'jerseyNumber': '49', 'userCount': 2385, 'gender': 'M', 'id': 1514629, 'fieldTranslations': {'nameTranslation': {'ar': 'ديغو ألفيس'}, 'shortNameTranslation': {'ar': 'د. ألفيس'}}}",6307143,21,,1239,"{'start': {'x': 48.1, 'y': 10.1}, 'block': {'x': 50.4, 'y': 0.3}, 'end': {'x': 51, 'y': 0}, 'goal': {'x': 51, 'y': 98.7}}",25,1461,1239,shot,,13472593
"{'name': 'Douglas Costa Telles', 'firstName': 'Douglas', 'lastName': 'Costa Telles', 'slug': 'douglas-costa-telles', 'shortName': 'D. C. Telles', 'position': 'F', 'jerseyNumber': '81', 'userCount': 1663, 'id': 1883297, 'fieldTranslations': {'nameTranslation': {'ar': 'دوغلاس كوستا تيليس'}, 'shortNameTranslation': {'ar': 'د. تيليس'}}}",False,miss,assisted,"{'x': 23.5, 'y': 68.3, 'z': 0}",left-foot,close-right,"{'x': 0, 'y': 41.8, 'z': 1.4}",,0.013976078480482,0.0,"{'name': 'Walter', 'slug': 'walter', 'shortName': 'Walter', 'position': 'G', 'jerseyNumber': '22', 'userCount': 771, 'gender': 'M', 'id': 329055, 'fieldTranslations': {'nameTranslation': {'ar': 'والتر'}, 'shortNameTranslation': {'ar': 'والتر'}}}",6307137,19,,1120,"{'start': {'x': 68.3, 'y': 23.5}, 'end': {'x': 58.2, 'y': 0}, 'goal': {'x': 58.2, 'y': 98.6}}",27,1580,1120,shot,,13472593
"{'name': 'Chico', 'firstName': '', 'lastName': '', 'slug': 'chico', 'shortName': 'Chico', 'position': 'M', 'jerseyNumber': '10', 'userCount': 732, 'gender': 'M', 'id': 880132, 'fieldTranslations': {'nameTranslation': {'ar': 'شيكو'}, 'shortNameTranslation': {'ar': 'شيكو'}}}",True,save,regular,"{'x': 12.6, 'y': 40.5, 'z': 0}",right-foot,high-centre,"{'x': 0, 'y': 48.8, 'z': 32.9}","{'x': 0.90000000000001, 'y': 49.6, 'z': 0}",0.042453948408365,0.13457989692688,"{'name': 'Dyogo Alves', 'slug': 'dyogo-alves', 'shortName': 'D. Alves', 'position': 'G', 'jerseyNumber': '49', 'userCount': 2385, 'gender': 'M', 'id': 1514629, 'fieldTranslations': {'nameTranslation': {'ar': 'ديغو ألفيس'}, 'shortNameTranslation': {'ar': 'د. ألفيس'}}}",6307083,17,,1006,"{'start': {'x': 40.5, 'y': 12.6}, 'block': {'x': 49.6, 'y': 0.90000000000001}, 'end': {'x': 51.2, 'y': 0}, 'goal': {'x': 51.2, 'y': 67.1}}",29,1694,1006,shot,,13472593
"{'name': 'Wallace Yan', 'firstName': 'Wallace', 'slug': 'wallace', 'shortName': 'Wallace', 'position': 'F', 'jerseyNumber': '64', 'userCount': 6407, 'gender': 'M', 'id': 1466084, 'fieldTranslations': {'nameTranslation': {'ar': 'والاس يان', 'bn': 'ওয়ালেস ইয়ান', 'hi': 'वालेस यान'}, 'shortNameTranslation': {'ar': 'والاس', 'bn': 'ওয়ালেস', 'hi': 'वालेस'}}}",False,miss,fast-break,"{'x': 15.2, 'y': 46.3, 'z': 0}",right-foot,right,"{'x': 0, 'y': 38.7, 'z': 4.2}",,0.67327952384949,0.0,"{'name': 'Walter', 'slug': 'walter', 'shortName': 'Walter', 'position': 'G', 'jerseyNumber': '22', 'userCount': 771, 'gender': 'M', 'id': 329055, 'fieldTranslations': {'nameTranslation': {'ar': 'والتر'}, 'shortNameTranslation': {'ar': 'والتر'}}}",6307078,15,,884,"{'start': {'x': 46.3, 'y': 15.2}, 'end': {'x': 61.3, 'y': 0}, 'goal': {'x': 61.3, 'y': 95.8}}",31,1816,884,shot,,13472593
"{'name': 'Chico', 'firstName': '', 'lastName': '', 'slug': 'chico', 'shortName': 'Chico', 'position': 'M', 'jerseyNumber': '10', 'userCount': 732, 'gender': 'M', 'id': 880132, 'fieldTranslations': {'nameTranslation': {'ar': 'شيكو'}, 'shortNameTranslation': {'ar': 'شيكو'}}}",True,goal,assisted,"{'x': 10.8, 'y': 32.1, 'z': 0}",left-foot,high-left,"{'x': 0, 'y': 53.6, 'z': 29.1}",,0.058015923947096,0.54573601484299,"{'name': 'Dyogo Alves', 'slug': 'dyogo-alves', 'shortName': 'D. Alves', 'position': 'G', 'jerseyNumber': '49', 'userCount': 2385, 'gender': 'M', 'id': 1514629, 'fieldTranslations': {'nameTranslation': {'ar': 'ديغو ألفيس'}, 'shortNameTranslation': {'ar': 'د. ألفيس'}}}",6307071,13,,745,"{'start': {'x': 32.1, 'y': 10.8}, 'end': {'x': 46.4, 'y': 0}, 'goal': {'x': 46.4, 'y': 70.9}}",33,1955,745,shot,regular,13472593
"{'name': 'Michael', 'slug': 'michael', 'shortName': 'Michael', 'position': 'M', 'jerseyNumber': '96', 'userCount': 8988, 'gender': 'M', 'sofascoreId': 'Michael19', 'id': 878084, 'fieldTranslations': {'nameTranslation': {'ar': 'مايكل', 'bn': 'মাইকেল', 'hi': 'माइकल'}, 'shortNameTranslation': {'ar': 'مايكل', 'bn': 'মাইকেল', 'hi': 'माइकल'}}}",False,save,assisted,"{'x': 9.2, 'y': 42.5, 'z': 0}",right-foot,low-centre,"{'x': 0, 'y': 49.7, 'z': 4.4}","{'x': 5.9, 'y': 45.1, 'z': 0}",0.54921066761017,0.30403110384941,"{'name': 'Walter', 'slug': 'walter', 'shortName': 'Walter', 'position': 'G', 'jerseyNumber': '22', 'userCount': 771, 'gender': 'M', 'id': 329055, 'fieldTranslations': {'nameTranslation': {'ar': 'والتر'}, 'shortNameTranslation': {'ar': 'والتر'}}}",6307059,10,,560,"{'start': {'x': 42.5, 'y': 9.2}, 'block': {'x': 45.1, 'y': 5.9}, 'end': {'x': 50.3, 'y': 0}, 'goal': {'x': 50.3, 'y': 95.6}}",36,2140,560,shot,,13472593
"{'name': 'Douglas Costa Telles', 'firstName': 'Douglas', 'lastName': 'Costa Telles', 'slug': 'douglas-costa-telles', 'shortName': 'D. C. Telles', 'position': 'F', 'jerseyNumber': '81', 'userCount': 1663, 'id': 1883297, 'fieldTranslations': {'nameTranslation': {'ar': 'دوغلاس كوستا تيليس'}, 'shortNameTranslation': {'ar': 'د. تيليس'}}}",False,goal,regular,"{'x': 3, 'y': 60.1, 'z': 0}",right-foot,low-right,"{'x': 0, 'y': 45.7, 'z': 3.2}",,0.21075239777565,0.83504033088684,"{'name': 'Walter', 'slug': 'walter', 'shortName': 'Walter', 'position': 'G', 'jerseyNumber': '22', 'userCount': 771, 'gender': 'M', 'id': 329055, 'fieldTranslations': {'nameTranslation': {'ar': 'والتر'}, 'shortNameTranslation': {'ar': 'والتر'}}}",6307049,8,,445,"{'start': {'x': 60.1, 'y': 3}, 'end': {'x': 54.3, 'y': 0}, 'goal': {'x': 54.3, 'y': 96.8}}",38,2255,445,shot,regular,13472593
"{'name': 'Iago Silva', 'slug': 'iago', 'shortName': 'Iago', 'position': 'D', 'jerseyNumber': '57', 'userCount': 3771, 'gender': 'M', 'id': 1647585, 'fieldTranslations': {'nameTranslation': {'ar': 'إياغو سيلفا'}, 'shortNameTranslation': {'ar': 'إ. سيلفا'}}}",False,miss,corner,"{'x': 8.5, 'y': 43.8, 'z': 0}",head,right,"{'x': 0, 'y': 36.5, 'z': 9.7}","{'x': 4.1, 'y': 56.9, 'z': 0}",0.034497696906328,0.0,"{'name': 'Walter', 'slug': 'walter', 'shortName': 'Walter', 'position': 'G', 'jerseyNumber': '22', 'userCount': 771, 'gender': 'M', 'id': 329055, 'fieldTranslations': {'nameTranslation': {'ar': 'والتر'}, 'shortNameTranslation': {'ar': 'والتر'}}}",6306989,3,,160,"{'start': {'x': 43.8, 'y': 8.5}, 'block': {'x': 56.9, 'y': 4.1}, 'end': {'x': 63.5, 'y': 0}, 'goal': {'x': 63.5, 'y': 90.3}}",43,2540,160,shot,,13472593
"{'name': 'Michael', 'slug': 'michael', 'shortName': 'Michael', 'position': 'M', 'jerseyNumber': '96', 'userCount': 8988, 'gender': 'M', 'sofascoreId': 'Michael19', 'id': 878084, 'fieldTranslations': {'nameTranslation': {'ar': 'مايكل', 'bn': 'মাইকেল', 'hi': 'माइकल'}, 'shortNameTranslation': {'ar': 'مايكل', 'bn': 'মাইকেল', 'hi': 'माइकल'}}}",False,block,assisted,"{'x': 14.4, 'y': 35.4, 'z': 0}",right-foot,low-left,"{'x': 0, 'y': 53.8, 'z': 13.9}","{'x': 12.1, 'y': 37.7, 'z': 0}",0.060313977301121,0.0,"{'name': 'Walter', 'slug': 'walter', 'shortName': 'Walter', 'position': 'G', 'jerseyNumber': '22', 'userCount': 771, 'gender': 'M', 'id': 329055, 'fieldTranslations': {'nameTranslation': {'ar': 'والتر'}, 'shortNameTranslation': {'ar': 'والتر'}}}",6306980,2,,101,"{'start': {'x': 35.4, 'y': 14.4}, 'block': {'x': 37.7, 'y': 12.1}, 'end': {'x': 46.2, 'y': 0}, 'goal': {'x': 46.2, 'y': 86.1}}",44,2599,101,shot,,13472593
"{'name': 'Eric Ramires', 'slug': 'eric-ramires', 'shortName': 'E. Ramires', 'position': 'M', 'jerseyNumber': '7', 'userCount': 387, 'gender': 'M', 'id': 950545, 'fieldTranslations': {'nameTranslation': {'ar': 'إريك راميريس', 'bn': 'এরিক রামিরেস', 'hi': 'एरिक रामिरेस'}, 'shortNameTranslation': {'ar': 'إ. راميريس', 'bn': 'এরিক রামিরেস', 'hi': 'एरिक रामिरेस'}}}",False,save,assisted,"{'x': 22.9, 'y': 33.9, 'z': 0}",left-foot,low-centre,"{'x': 0, 'y': 51.4, 'z': 3.2}","{'x': 1.6, 'y': 48.6, 'z': 0}",0.01453463640064,0.020241750404239,"{'name': 'Sergio Rochet', 'slug': 'sergio-rochet', 'shortName': 'S. Rochet', 'position': 'G', 'jerseyNumber': '1', 'userCount': 2616, 'gender': 'M', 'id': 581060, 'fieldTranslations': {'nameTranslation': {'ar': 'سيرجيو روشيت', 'bn': 'সার্জিও রোচেট', 'hi': 'सर्जियो रोशेट'}, 'shortNameTranslation': {'ar': 'س. روشيت', 'bn': 'সার্জিও রোচেট', 'hi': 'सर्जियो रोशेट'}}}",6314585,90,4.0,5620,"{'start': {'x': 33.9, 'y': 22.9}, 'block': {'x': 48.6, 'y': 1.6}, 'end': {'x': 48.6, 'y': 0}, 'goal': {'x': 48.6, 'y': 96.8}}",1,680,220,shot,,13472592
"{'name': 'Ricardo Mathias', 'firstName': 'Ricardo Mathias', 'slug': 'ricardo-mathias', 'shortName': 'R. Mathias', 'position': 'F', 'jerseyNumber': '77', 'userCount': 1828, 'gender': 'M', 'id': 1483340, 'fieldTranslations': {'nameTranslation': {'ar': 'ريكاردو ماثياس'}, 'shortNameTranslation': {'ar': 'ر. ماثياس'}}}",True,miss,set-piece,"{'x': 13.5, 'y': 40.5, 'z': 0}",right-foot,high-left,"{'x': 0, 'y': 56.1, 'z': 87.5}",,0.030474716797471,0.0,"{'name': 'Cleiton', 'slug': 'cleiton', 'shortName': 'Cleiton', 'position': 'G', 'jerseyNumber': '1', 'userCount': 552, 'gender': 'M', 'id': 844576, 'fieldTranslations': {'nameTranslation': {'ar': 'كليتون'}, 'shortNameTranslation': {'ar': 'كليتون'}}}",6314578,90,2.0,5519,"{'start': {'x': 40.5, 'y': 13.5}, 'end': {'x': 43.9, 'y': 0}, 'goal': {'x': 43.9, 'y': 12.5}}",1,781,119,shot,,13472592
"{'name': 'Jhon Jhon', 'firstName': 'Jhon Jhon', 'lastName': '', 'slug': 'jhon-jhon', 'shortName': 'Jhon Jhon', 'position': 'M', 'jerseyNumber': '10', 'userCount': 2837, 'gender': 'M', 'id': 1167069, 'fieldTranslations': {'nameTranslation': {'ar': 'جون جون', 'bn': 'ঝোঁ ঝোঁ', 'hi': 'झोन झोन'}, 'shortNameTranslation': {'ar': 'ج. جون', 'bn': 'ঝোঁ ঝোঁ', 'hi': 'झोन झोन'}}}",False,goal,assisted,"{'x': 24.1, 'y': 51.9, 'z': 0}",right-foot,high-right,"{'x': 0, 'y': 46.1, 'z': 25.3}",,0.03585385158658,0.38940504193306,"{'name': 'Sergio Rochet', 'slug': 'sergio-rochet', 'shortName': 'S. Rochet', 'position': 'G', 'jerseyNumber': '1', 'userCount': 2616, 'gender': 'M', 'id': 581060, 'fieldTranslations': {'nameTranslation': {'ar': 'سيرجيو روشيت', 'bn': 'সার্জিও রোচেট', 'hi': 'सर्जियो रोशेट'}, 'shortNameTranslation': {'ar': 'س. روشيت', 'bn': 'সার্জিও রোচেট', 'hi': 'सर्जियो रोशेट'}}}",6314536,87,,5219,"{'start': {'x': 51.9, 'y': 24.1}, 'end': {'x': 53.9, 'y': 0}, 'goal': {'x': 53.9, 'y': 74.7}}",4,181,2519,shot,regular,13472592
"{'name': 'Johan Carbonero', 'slug': 'carbonero-johan', 'shortName': 'J. Carbonero', 'position': 'F', 'jerseyNumber': '7', 'userCount': 2399, 'gender': 'M', 'id': 925125, 'fieldTranslations': {'nameTranslation': {'ar': 'يوهان كاربونيرو'}, 'shortNameTranslation': {'ar': 'ي. كاربونيرو'}}}",True,goal,fast-break,"{'x': 12.4, 'y': 42.7, 'z': 0}",right-foot,high-centre,"{'x': 0, 'y': 50.6, 'z': 21.5}",,0.36178430914879,0.19545476138592,"{'name': 'Cleiton', 'slug': 'cleiton', 'shortName': 'Cleiton', 'position': 'G', 'jerseyNumber': '1', 'userCount': 552, 'gender': 'M', 'id': 844576, 'fieldTranslations': {'nameTranslation': {'ar': 'كليتون'}, 'shortNameTranslation': {'ar': 'كليتون'}}}",6314509,81,,4823,"{'start': {'x': 42.7, 'y': 12.4}, 'end': {'x': 49.4, 'y': 0}, 'goal': {'x': 49.4, 'y': 78.5}}",10,577,2123,shot,regular,13472592
"{'name': 'Alan Patrick', 'slug': 'alan-patrick', 'shortName': 'A. Patrick', 'position': 'M', 'jerseyNumber': '10', 'userCount': 6629, 'gender': 'M', 'id': 124997, 'fieldTranslations': {'nameTranslation': {'ar': 'ألان باتريك', 'bn': 'অ্যালান প্যাট্রিক', 'hi': 'एलन पैट्रिक'}, 'shortNameTranslation': {'ar': 'أ. باتريك', 'bn': 'এ. প্যাট্রিক', 'hi': 'ए. पैट्रिक'}}}",True,goal,penalty,"{'x': 11.5, 'y': 50, 'z': 0}",right-foot,low-right,"{'x': 0, 'y': 46.5, 'z': 3.8}",,0.7884,0.80299824476242,"{'name': 'Cleiton', 'slug': 'cleiton', 'shortName': 'Cleiton', 'position': 'G', 'jerseyNumber': '1', 'userCount': 552, 'gender': 'M', 'id': 844576, 'fieldTranslations': {'nameTranslation': {'ar': 'كليتون'}, 'shortNameTranslation': {'ar': 'كليتون'}}}",6314475,78,,4621,"{'start': {'x': 50, 'y': 11.5}, 'end': {'x': 53.5, 'y': 0}, 'goal': {'x': 53.5, 'y': 96.2}}",13,779,1921,shot,penalty,13472592
"{'name': 'Juninho Capixaba', 'slug': 'juninho-capixaba', 'shortName': 'J. Capixaba', 'position': 'D', 'jerseyNumber': '29', 'userCount': 916, 'gender': 'M', 'id': 870556, 'fieldTranslations': {'nameTranslation': {'ar': 'جونينيو كابيكابا'}, 'shortNameTranslation': {'ar': 'ج. كابيكابا'}}}",False,miss,free-kick,"{'x': 23.3, 'y': 28.5, 'z': 0}",left-foot,close-left,"{'x': 0, 'y': 56.3, 'z': 25}",,0.041152738034725,0.0,"{'name': 'Sergio Rochet', 'slug': 'sergio-rochet', 'shortName': 'S. Rochet', 'position': 'G', 'jerseyNumber': '1', 'userCount': 2616, 'gender': 'M', 'id': 581060, 'fieldTranslations': {'nameTranslation': {'ar': 'سيرجيو روشيت', 'bn': 'সার্জিও রোচেট', 'hi': 'सर्जियो रोशेट'}, 'shortNameTranslation': {'ar': 'س. روشيت', 'bn': 'সার্জিও রোচেট', 'hi': 'सर्जियो रोशेट'}}}",6314451,73,,4361,"{'start': {'x': 28.5, 'y': 23.3}, 'end': {'x': 43.7, 'y': 0}, 'goal': {'x': 43.7, 'y': 75}}",18,1039,1661,shot,,13472592
"{'name': 'Alan Rodríguez', 'firstName': 'Alan', 'lastName': 'Rodríguez', 'slug': 'alan-rodriguez', 'shortName': 'Á. Rodríguez', 'position': 'M', 'jerseyNumber': '14', 'userCount': 552, 'gender': 'M', 'id': 874576, 'fieldTranslations': {'nameTranslation': {'ar': 'ألان رودريغيز'}, 'shortNameTranslation': {'ar': 'أ. رودريغيز'}}}",True,miss,regular,"{'x': 22, 'y': 17.6, 'z': 0}",right-foot,close-high,"{'x': 0, 'y': 50.1, 'z': 54.2}",,0.012800741009414,0.0,"{'name': 'Cleiton', 'slug': 'cleiton', 'shortName': 'Cleiton', 'position': 'G', 'jerseyNumber': '1', 'userCount': 552, 'gender': 'M', 'id': 844576, 'fieldTranslations': {'nameTranslation': {'ar': 'كليتون'}, 'shortNameTranslation': {'ar': 'كليتون'}}}",6314444,71,,4201,"{'start': {'x': 17.6, 'y': 22}, 'end': {'x': 49.9, 'y': 0}, 'goal': {'x': 49.9, 'y': 45.8}}",20,1199,1501,shot,,13472592
"{'name': 'Rafael Borré', 'slug': 'rafael-borre', 'shortName': 'R. Borré', 'position': 'F', 'jerseyNumber': '19', 'userCount': 5894, 'gender': 'M', 'sofascoreId': 'rafaelsantosborre', 'id': 560116, 'fieldTranslations': {'nameTranslation': {'ar': 'رافاييل بوري', 'bn': 'রাফায়েল বোরে', 'hi': 'राफेल बोरे'}, 'shortNameTranslation': {'ar': 'ر. بوري', 'bn': 'রাফায়েল বোরে', 'hi': 'राफेल बोरे'}}}",True,block,corner,"{'x': 13.5, 'y': 47.9, 'z': 0}",left-foot,low-right,"{'x': 0, 'y': 46.1, 'z': 18.1}","{'x': 12.1, 'y': 48.2, 'z': 0}",0.072237744927406,0.0,"{'name': 'Cleiton', 'slug': 'cleiton', 'shortName': 'Cleiton', 'position': 'G', 'jerseyNumber': '1', 'userCount': 552, 'gender': 'M', 'id': 844576, 'fieldTranslations': {'nameTranslation': {'ar': 'كليتون'}, 'shortNameTranslation': {'ar': 'كليتون'}}}",6314405,61,,3626,"{'start': {'x': 47.9, 'y': 13.5}, 'block': {'x': 48.2, 'y': 12.1}, 'end': {'x': 53.9, 'y': 0}, 'goal': {'x': 53.9, 'y': 81.9}}",30,1774,926,shot,,13472592
"{'name': 'Rafael Borré', 'slug': 'rafael-borre', 'shortName': 'R. Borré', 'position': 'F', 'jerseyNumber': '19', 'userCount': 5894, 'gender': 'M', 'sofascoreId': 'rafaelsantosborre', 'id': 560116, 'fieldTranslations': {'nameTranslation': {'ar': 'رافاييل بوري', 'bn': 'রাফায়েল বোরে', 'hi': 'राफेल बोरे'}, 'shortNameTranslation': {'ar': 'ر. بوري', 'bn': 'রাফায়েল বোরে', 'hi': 'राफेल बोरे'}}}",True,block,set-piece,"{'x': 4.8, 'y': 50.2, 'z': 0}",left-foot,low-left,"{'x': 0, 'y': 53.1, 'z': 19}","{'x': 3.5, 'y': 49.3, 'z': 0}",0.42797622084618,0.0,"{'name': 'Cleiton', 'slug': 'cleiton', 'shortName': 'Cleiton', 'position': 'G', 'jerseyNumber': '1', 'userCount': 552, 'gender': 'M', 'id': 844576, 'fieldTranslations': {'nameTranslation': {'ar': 'كليتون'}, 'shortNameTranslation': {'ar': 'كليتون'}}}",6314406,60,,3561,"{'start': {'x': 50.2, 'y': 4.8}, 'block': {'x': 49.3, 'y': 3.5}, 'end': {'x': 46.9, 'y': 0}, 'goal': {'x': 46.9, 'y': 81}}",31,1839,861,shot,,13472592
"{'name': 'Isidro Pitta', 'slug': 'isidro-pitta', 'shortName': 'I. Pitta', 'position': 'F', 'jerseyNumber': '9', 'userCount': 1807, 'gender': 'M', 'id': 979861, 'fieldTranslations': {'nameTranslation': {'ar': 'إيسيدرو بيتا', 'bn': 'ইসিদ্রো পিত্তা', 'hi': 'इसिड्रो पिट्टा'}, 'shortNameTranslation': {'ar': 'إ. بيتا', 'bn': 'আই. পিট্টা', 'hi': 'आई. पिट्टा'}}}",False,block,assisted,"{'x': 14, 'y': 66.5, 'z': 0}",left-foot,low-centre,"{'x': 0, 'y': 49.4, 'z': 19}","{'x': 12.7, 'y': 65, 'z': 0}",0.020378893241286,0.0,"{'name': 'Sergio Rochet', 'slug': 'sergio-rochet', 'shortName': 'S. Rochet', 'position': 'G', 'jerseyNumber': '1', 'userCount': 2616, 'gender': 'M', 'id': 581060, 'fieldTranslations': {'nameTranslation': {'ar': 'سيرجيو روشيت', 'bn': 'সার্জিও রোচেট', 'hi': 'सर्जियो रोशेट'}, 'shortNameTranslation': {'ar': 'س. روشيت', 'bn': 'সার্জিও রোচেট', 'hi': 'सर्जियो रोशेट'}}}",6314375,56,,3309,"{'start': {'x': 66.5, 'y': 14}, 'block': {'x': 65, 'y': 12.7}, 'end': {'x': 50.6, 'y': 0}, 'goal': {'x': 50.6, 'y': 81}}",35,2091,609,shot,,13472592
"{'name': 'Gabriel Mercado', 'slug': 'gabriel-mercado', 'shortName': 'G. Mercado', 'position': 'D', 'jerseyNumber': '25', 'userCount': 994, 'gender': 'M', 'id': 128376, 'fieldTranslations': {'nameTranslation': {'ar': 'غابرييل ميركادو'}, 'shortNameTranslation': {'ar': 'غ. ميركادو'}}}",True,goal,set-piece,"{'x': 8.2, 'y': 48.5, 'z': 0}",head,low-centre,"{'x': 0, 'y': 50.8, 'z': 9.5}",,0.1610531359911,0.14535109698772,"{'name': 'Cleiton', 'slug': 'cleiton', 'shortName': 'Cleiton', 'position': 'G', 'jerseyNumber': '1', 'userCount': 552, 'gender': 'M', 'id': 844576, 'fieldTranslations': {'nameTranslation': {'ar': 'كليتون'}, 'shortNameTranslation': {'ar': 'كليتون'}}}",6314327,50,,2949,"{'start': {'x': 48.5, 'y': 8.2}, 'end': {'x': 49.2, 'y': 0}, 'goal': {'x': 49.2, 'y': 90.5}}",41,2451,249,shot,regular,13472592
"{'name': 'Alan Rodríguez', 'firstName': 'Alan', 'lastName': 'Rodríguez', 'slug': 'alan-rodriguez', 'shortName': 'Á. Rodríguez', 'position': 'M', 'jerseyNumber': '14', 'userCount': 552, 'gender': 'M', 'id': 874576, 'fieldTranslations': {'nameTranslation': {'ar': 'ألان رودريغيز'}, 'shortNameTranslation': {'ar': 'أ. رودريغيز'}}}",True,block,set-piece,"{'x': 21.6, 'y': 52.8, 'z': 0}",right-foot,low-left,"{'x': 0, 'y': 53.9, 'z': 19}","{'x': 16, 'y': 51.1, 'z': 0}",0.018623195588589,0.0,"{'name': 'Cleiton', 'slug': 'cleiton', 'shortName': 'Cleiton', 'position': 'G', 'jerseyNumber': '1', 'userCount': 552, 'gender': 'M', 'id': 844576, 'fieldTranslations': {'nameTranslation': {'ar': 'كليتون'}, 'shortNameTranslation': {'ar': 'كليتون'}}}",6314322,49,,2939,"{'start': {'x': 52.8, 'y': 21.6}, 'block': {'x': 51.1, 'y': 16}, 'end': {'x': 46.1, 'y': 0}, 'goal': {'x': 46.1, 'y': 81}}",42,2461,239,shot,,13472592
"{'name': 'Vitão', 'slug': 'vitao', 'shortName': 'Vitão', 'position': 'D', 'jerseyNumber': '44', 'userCount': 3544, 'gender': 'M', 'id': 876625, 'fieldTranslations': {'nameTranslation': {'ar': 'فيتاو', 'bn': 'ভিটো', 'hi': 'विताओ'}, 'shortNameTranslation': {'ar': 'فيتاو', 'bn': 'ভিটো', 'hi': 'विताओ'}}}",True,miss,set-piece,"{'x': 9.2, 'y': 45.9, 'z': 0}",head,high,"{'x': 0, 'y': 50.4, 'z': 98.6}",,0.055444411933422,0.0,"{'name': 'Cleiton', 'slug': 'cleiton', 'shortName': 'Cleiton', 'position': 'G', 'jerseyNumber': '1', 'userCount': 552, 'gender': 'M', 'id': 844576, 'fieldTranslations': {'nameTranslation': {'ar': 'كليتون'}, 'shortNameTranslation': {'ar': 'كليتون'}}}",6314162,39,,2292,"{'start': {'x': 45.9, 'y': 9.2}, 'end': {'x': 49.6, 'y': 0}, 'goal': {'x': 49.6, 'y': 1.4}}",7,408,2292,shot,,13472592
"{'name': 'Gabriel Mercado', 'slug': 'gabriel-mercado', 'shortName': 'G. Mercado', 'position': 'D', 'jerseyNumber': '25', 'userCount': 994, 'gender': 'M', 'id': 128376, 'fieldTranslations': {'nameTranslation': {'ar': 'غابرييل ميركادو'}, 'shortNameTranslation': {'ar': 'غ. ميركادو'}}}",True,miss,corner,"{'x': 17.8, 'y': 45, 'z': 0}",left-foot,right,"{'x': 0, 'y': 38.7, 'z': 12.5}",,0.039982460439205,0.0,"{'name': 'Cleiton', 'slug': 'cleiton', 'shortName': 'Cleiton', 'position': 'G', 'jerseyNumber': '1', 'userCount': 552, 'gender': 'M', 'id': 844576, 'fieldTranslations': {'nameTranslation': {'ar': 'كليتون'}, 'shortNameTranslation': {'ar': 'كليتون'}}}",6314131,33,,1927,"{'start': {'x': 45, 'y': 17.8}, 'end': {'x': 61.3, 'y': 0}, 'goal': {'x': 61.3, 'y': 87.5}}",13,773,1927,shot,,13472592
"{'name': 'Bruno Gomes', 'slug': 'bruno-gomes', 'shortName': 'B. Gomes', 'position': 'D', 'jerseyNumber': '15', 'userCount': 903, 'gender': 'M', 'id': 995071, 'fieldTranslations': {'nameTranslation': {'ar': 'برونو غوميز'}, 'shortNameTranslation': {'ar': 'ب. غوميز'}}}",True,post,corner,"{'x': 15.7, 'y': 62.7, 'z': 0}",right-foot,high,"{'x': 0, 'y': 45, 'z': 38.6}",,0.037564367055893,0.0,"{'name': 'Cleiton', 'slug': 'cleiton', 'shortName': 'Cleiton', 'position': 'G', 'jerseyNumber': '1', 'userCount': 552, 'gender': 'M', 'id': 844576, 'fieldTranslations': {'nameTranslation': {'ar': 'كليتون'}, 'shortNameTranslation': {'ar': 'كليتون'}}}",6314130,33,,1924,"{'start': {'x': 62.7, 'y': 15.7}, 'end': {'x': 55, 'y': 0}, 'goal': {'x': 55, 'y': 61.4}}",13,776,1924,shot,,13472592
"{'name': 'Bruno Gomes', 'slug': 'bruno-gomes', 'shortName': 'B. Gomes', 'position': 'D', 'jerseyNumber': '15', 'userCount': 903, 'gender': 'M', 'id': 995071, 'fieldTranslations': {'nameTranslation': {'ar': 'برونو غوميز'}, 'shortNameTranslation': {'ar': 'ب. غوميز'}}}",True,block,assisted,"{'x': 30.2, 'y': 34.1, 'z': 0}",right-foot,low-centre,"{'x': 0, 'y': 48.4, 'z': 19}","{'x': 22.4, 'y': 38.6, 'z': 0}",0.015290185809135,0.0,"{'name': 'Cleiton', 'slug': 'cleiton', 'shortName': 'Cleiton', 'position': 'G', 'jerseyNumber': '1', 'userCount': 552, 'gender': 'M', 'id': 844576, 'fieldTranslations': {'nameTranslation': {'ar': 'كليتون'}, 'shortNameTranslation': {'ar': 'كليتون'}}}",6314080,31,,1807,"{'start': {'x': 34.1, 'y': 30.2}, 'block': {'x': 38.6, 'y': 22.4}, 'end': {'x': 51.6, 'y': 0}, 'goal': {'x': 51.6, 'y': 81}}",15,893,1807,shot,,13472592
"{'name': 'Eduardo Sasha', 'firstName': '', 'lastName': '', 'slug': 'eduardo-sasha', 'shortName': 'E. Sasha', 'position': 'F', 'jerseyNumber': '8', 'userCount': 1441, 'gender': 'M', 'id': 143846, 'fieldTranslations': {'nameTranslation': {'ar': 'إدواردو ساشا', 'bn': 'এডুয়ার্ডো সাশা', 'hi': 'एडुआर्डो साशा'}, 'shortNameTranslation': {'ar': 'إ. ساشا', 'bn': 'ই. সাশা', 'hi': 'ई. साशा'}}}",False,save,assisted,"{'x': 26.2, 'y': 48.5, 'z': 0}",right-foot,low-left,"{'x': 0, 'y': 54, 'z': 6.3}","{'x': 2.4, 'y': 49.8, 'z': 0}",0.030910838395357,0.17280273139477,"{'name': 'Sergio Rochet', 'slug': 'sergio-rochet', 'shortName': 'S. Rochet', 'position': 'G', 'jerseyNumber': '1', 'userCount': 2616, 'gender': 'M', 'id': 581060, 'fieldTranslations': {'nameTranslation': {'ar': 'سيرجيو روشيت', 'bn': 'সার্জিও রোচেট', 'hi': 'सर्जियो रोशेट'}, 'shortNameTranslation': {'ar': 'س. روشيت', 'bn': 'সার্জিও রোচেট', 'hi': 'सर्जियो रोशेट'}}}",6314057,27,,1591,"{'start': {'x': 48.5, 'y': 26.2}, 'block': {'x': 49.8, 'y': 2.4}, 'end': {'x': 46, 'y': 0}, 'goal': {'x': 46, 'y': 93.7}}",19,1109,1591,shot,,13472592
"{'name': 'Isidro Pitta', 'slug': 'isidro-pitta', 'shortName': 'I. Pitta', 'position': 'F', 'jerseyNumber': '9', 'userCount': 1807, 'gender': 'M', 'id': 979861, 'fieldTranslations': {'nameTranslation': {'ar': 'إيسيدرو بيتا', 'bn': 'ইসিদ্রো পিত্তা', 'hi': 'इसिड्रो पिट्टा'}, 'shortNameTranslation': {'ar': 'إ. بيتا', 'bn': 'আই. পিট্টা', 'hi': 'आई. पिट्टा'}}}",False,block,regular,"{'x': 12.9, 'y': 27.2, 'z': 0}",left-foot,low-centre,"{'x': 0, 'y': 48.2, 'z': 6.9}","{'x': 11.2, 'y': 29.8, 'z': 0}",0.032312445342541,0.0,"{'name': 'Sergio Rochet', 'slug': 'sergio-rochet', 'shortName': 'S. Rochet', 'position': 'G', 'jerseyNumber': '1', 'userCount': 2616, 'gender': 'M', 'id': 581060, 'fieldTranslations': {'nameTranslation': {'ar': 'سيرجيو روشيت', 'bn': 'সার্জিও রোচেট', 'hi': 'सर्जियो रोशेट'}, 'shortNameTranslation': {'ar': 'س. روشيت', 'bn': 'সার্জিও রোচেট', 'hi': 'सर्जियो रोशेट'}}}",6314060,26,,1558,"{'start': {'x': 27.2, 'y': 12.9}, 'block': {'x': 29.8, 'y': 11.2}, 'end': {'x': 51.8, 'y': 0}, 'goal': {'x': 51.8, 'y': 93.1}}",20,1142,1558,shot,,13472592
"{'name': 'Alan Rodríguez', 'firstName': 'Alan', 'lastName': 'Rodríguez', 'slug': 'alan-rodriguez', 'shortName': 'Á. Rodríguez', 'position': 'M', 'jerseyNumber': '14', 'userCount': 552, 'gender': 'M', 'id': 874576, 'fieldTranslations': {'nameTranslation': {'ar': 'ألان رودريغيز'}, 'shortNameTranslation': {'ar': 'أ. رودريغيز'}}}",True,save,assisted,"{'x': 29.2, 'y': 45.6, 'z': 0}",right-foot,low-right,"{'x': 0, 'y': 47.2, 'z': 2.5}","{'x': 1.6, 'y': 50, 'z': 0}",0.020409835502505,0.037124887108803,"{'name': 'Cleiton', 'slug': 'cleiton', 'shortName': 'Cleiton', 'position': 'G', 'jerseyNumber': '1', 'userCount': 552, 'gender': 'M', 'id': 844576, 'fieldTranslations': {'nameTranslation': {'ar': 'كليتون'}, 'shortNameTranslation': {'ar': 'كليتون'}}}",6314052,26,,1507,"{'start': {'x': 45.6, 'y': 29.2}, 'block': {'x': 50, 'y': 1.6}, 'end': {'x': 52.8, 'y': 0}, 'goal': {'x': 52.8, 'y': 97.5}}",20,1193,1507,shot,,13472592
"{'name': 'Braian Aguirre', 'firstName': 'Brian Aguirre', 'lastName': '', 'slug': 'braian-aguirre', 'shortName': 'B. Aguirre', 'position': 'D', 'jerseyNumber': '35', 'userCount': 797, 'gender': 'M', 'id': 1084963, 'fieldTranslations': {'nameTranslation': {'ar': 'برايان أغيري'}, 'shortNameTranslation': {'ar': 'ب. أغيري'}}}",True,miss,assisted,"{'x': 11.6, 'y': 66.2, 'z': 0}",right-foot,high,"{'x': 0, 'y': 50.4, 'z': 61.1}",,0.029924215748906,0.0,"{'name': 'Cleiton', 'slug': 'cleiton', 'shortName': 'Cleiton', 'position': 'G', 'jerseyNumber': '1', 'userCount': 552, 'gender': 'M', 'id': 844576, 'fieldTranslations': {'nameTranslation': {'ar': 'كليتون'}, 'shortNameTranslation': {'ar': 'كليتون'}}}",6313991,17,,975,"{'start': {'x': 66.2, 'y': 11.6}, 'end': {'x': 49.6, 'y': 0}, 'goal': {'x': 49.6, 'y': 38.9}}",29,1725,975,shot,,13472592
"{'name': 'Rafael Borré', 'slug': 'rafael-borre', 'shortName': 'R. Borré', 'position': 'F', 'jerseyNumber': '19', 'userCount': 5894, 'gender': 'M', 'sofascoreId': 'rafaelsantosborre', 'id': 560116, 'fieldTranslations': {'nameTranslation': {'ar': 'رافاييل بوري', 'bn': 'রাফায়েল বোরে', 'hi': 'राफेल बोरे'}, 'shortNameTranslation': {'ar': 'ر. بوري', 'bn': 'রাফায়েল বোরে', 'hi': 'राफेल बोरे'}}}",True,block,assisted,"{'x': 11.6, 'y': 58.8, 'z': 0}",right-foot,low-right,"{'x': 0, 'y': 47.5, 'z': 19}","{'x': 9.7, 'y': 57.8, 'z': 0}",0.065919384360313,0.0,"{'name': 'Cleiton', 'slug': 'cleiton', 'shortName': 'Cleiton', 'position': 'G', 'jerseyNumber': '1', 'userCount': 552, 'gender': 'M', 'id': 844576, 'fieldTranslations': {'nameTranslation': {'ar': 'كليتون'}, 'shortNameTranslation': {'ar': 'كليتون'}}}",6313926,3,,146,"{'start': {'x': 58.8, 'y': 11.6}, 'block': {'x': 57.8, 'y': 9.7}, 'end': {'x': 52.5, 'y': 0}, 'goal': {'x': 52.5, 'y': 81}}",43,2554,146,shot,,13472592
"{'name': 'Camilo', 'slug': 'camilo', 'shortName': 'Camilo', 'position': 'M', 'jerseyNumber': '27', 'userCount': 595, 'gender': 'M', 'id': 975319, 'fieldTranslations': {'nameTranslation': {'ar': 'كاميلو', 'bn': 'ক্যামিলো', 'hi': 'कैमिलो'}, 'shortNameTranslation': {'ar': 'كاميلو', 'bn': 'ক্যামিলো', 'hi': 'कैमिलो'}}}",False,save,regular,"{'x': 26.2, 'y': 46.8, 'z': 0}",right-foot,high-right,"{'x': 0, 'y': 47.1, 'z': 20.9}","{'x': 1.8, 'y': 49.6, 'z': 0}",0.034652560949326,0.11460975557566,"{'name': 'Caíque França', 'slug': 'caique-franca', 'shortName': 'C. França', 'position': 'G', 'jerseyNumber': '22', 'userCount': 462, 'gender': 'M', 'id': 799667, 'fieldTranslations': {'nameTranslation': {'ar': 'كاكي فرانسا'}, 'shortNameTranslation': {'ar': 'ك. فرانسا'}}}",6314546,90,1.0,5422,"{'start': {'x': 46.8, 'y': 26.2}, 'block': {'x': 49.6, 'y': 1.8}, 'end': {'x': 52.9, 'y': 0}, 'goal': {'x': 52.9, 'y': 79.1}}",1,878,22,shot,,13472607
"{'name': 'Sérgio Oliveira', 'slug': 'sergio-oliveira', 'shortName': 'S. Oliveira', 'position': 'M', 'jerseyNumber': '27', 'userCount': 1610, 'gender': 'M', 'id': 991493, 'fieldTranslations': {'nameTranslation': {'ar': 'سيرجيو أوليفيرا', 'bn': 'সার্জিও অলিভেইরা', 'hi': 'सेर्गियो ओलिवेरा'}, 'shortNameTranslation': {'ar': 'س. أوليفيرا', 'bn': 'এস. অলিভেইরা', 'hi': 'एस. ओलिवेरा'}}}",True,block,assisted,"{'x': 28.5, 'y': 34, 'z': 0}",right-foot,low-left,"{'x': 0, 'y': 52.1, 'z': 19}","{'x': 26.4, 'y': 35, 'z': 0}",0.0097626484930515,0.0,"{'name': 'Gabriel Grando', 'firstName': 'Gabriel Grando', 'slug': 'gabriel-grando', 'shortName': 'G. Grando', 'position': 'G', 'jerseyNumber': '12', 'userCount': 1328, 'gender': 'M', 'id': 1111770, 'fieldTranslations': {'nameTranslation': {'ar': 'غابرييل غراندو'}, 'shortNameTranslation': {'ar': 'غ. غراندو'}}}",6314520,82,,4914,"{'start': {'x': 34, 'y': 28.5}, 'block': {'x': 35, 'y': 26.4}, 'end': {'x': 47.9, 'y': 0}, 'goal': {'x': 47.9, 'y': 81}}",9,486,2214,shot,,13472607
"{'name': 'Gustavo Cuéllar', 'slug': 'gustavo-cuellar', 'shortName': 'G. Cuéllar', 'position': 'M', 'jerseyNumber': '6', 'userCount': 1946, 'gender': 'M', 'id': 180059, 'fieldTranslations': {'nameTranslation': {'ar': 'غوستافو كوييار', 'bn': 'গুস্তাভো কুয়েলার', 'hi': 'गुस्तावो क्यूएलर'}, 'shortNameTranslation': {'ar': 'غ. كوييار', 'bn': 'জি. কুয়েলার', 'hi': 'जी. क्यूएलर'}}}",False,save,assisted,"{'x': 15.4, 'y': 50.6, 'z': 0}",left-foot,low-centre,"{'x': 0, 'y': 50.4, 'z': 10.8}","{'x': 2.4, 'y': 48.7, 'z': 0}",0.12661401927471,0.075354538857937,"{'name': 'Caíque França', 'slug': 'caique-franca', 'shortName': 'C. França', 'position': 'G', 'jerseyNumber': '22', 'userCount': 462, 'gender': 'M', 'id': 799667, 'fieldTranslations': {'nameTranslation': {'ar': 'كاكي فرانسا'}, 'shortNameTranslation': {'ar': 'ك. فرانسا'}}}",6314462,76,,4514,"{'start': {'x': 50.6, 'y': 15.4}, 'block': {'x': 48.7, 'y': 2.4}, 'end': {'x': 49.6, 'y': 0}, 'goal': {'x': 49.6, 'y': 89.2}}",15,886,1814,shot,,13472607
"{'name': 'Cristian Pavón', 'firstName': '', 'lastName': '', 'slug': 'cristian-pavon', 'shortName': 'C. Pavón', 'position': 'M', 'jerseyNumber': '7', 'userCount': 2411, 'gender': 'M', 'id': 358956, 'fieldTranslations': {'nameTranslation': {'ar': 'كريستيان بافون', 'bn': 'ক্রিশ্চিয়ান পাভন', 'hi': 'क्रिस्टियन पावोन'}, 'shortNameTranslation': {'ar': 'ك. بافون', 'bn': 'সি. পাভন', 'hi': 'सी. पावोन'}}}",False,miss,regular,"{'x': 10.7, 'y': 72.8, 'z': 0}",left-foot,high-left,"{'x': 0, 'y': 69.6, 'z': 62.5}",,0.053176175802946,0.0,"{'name': 'Caíque França', 'slug': 'caique-franca', 'shortName': 'C. França', 'position': 'G', 'jerseyNumber': '22', 'userCount': 462, 'gender': 'M', 'id': 799667, 'fieldTranslations': {'nameTranslation': {'ar': 'كاكي فرانسا'}, 'shortNameTranslation': {'ar': 'ك. فرانسا'}}}",6314407,62,,3694,"{'start': {'x': 72.8, 'y': 10.7}, 'end': {'x': 30.4, 'y': 0}, 'goal': {'x': 30.4, 'y': 37.5}}",29,1706,994,shot,,13472607
"{'name': 'Léo Pereira', 'slug': 'leo-pereira', 'shortName': 'L. Pereira', 'position': 'M', 'jerseyNumber': '38', 'userCount': 373, 'gender': 'M', 'id': 1008491, 'fieldTranslations': {'nameTranslation': {'ar': 'ليو بيريرا'}, 'shortNameTranslation': {'ar': 'ل. بيريرا'}}}",True,save,assisted,"{'x': 22, 'y': 27.9, 'z': 0}",right-foot,low-right,"{'x': 0, 'y': 47.3, 'z': 13.3}","{'x': 2.4, 'y': 46.9, 'z': 0}",0.029164347797632,0.053351406008005,"{'name': 'Gabriel Grando', 'firstName': 'Gabriel Grando', 'slug': 'gabriel-grando', 'shortName': 'G. Grando', 'position': 'G', 'jerseyNumber': '12', 'userCount': 1328, 'gender': 'M', 'id': 1111770, 'fieldTranslations': {'nameTranslation': {'ar': 'غابرييل غراندو'}, 'shortNameTranslation': {'ar': 'غ. غراندو'}}}",6314377,59,,3529,"{'start': {'x': 27.9, 'y': 22}, 'block': {'x': 46.9, 'y': 2.4}, 'end': {'x': 52.7, 'y': 0}, 'goal': {'x': 52.7, 'y': 86.7}}",32,1871,829,shot,,13472607
"{'name': 'Franco Cristaldo', 'slug': 'franco-cristaldo', 'shortName': 'F. Cristaldo', 'position': 'M', 'jerseyNumber': '10', 'userCount': 2298, 'gender': 'M', 'id': 558820, 'fieldTranslations': {'nameTranslation': {'ar': 'فرانكو كريستالدو', 'bn': 'ফ্রাঙ্কো ক্রিস্টালদো', 'hi': 'फ्रेंको क्रिस्टाल्डो'}, 'shortNameTranslation': {'ar': 'ف. كريستالدو', 'bn': 'এফ ক্রিস্টালডো', 'hi': 'एफ. क्रिस्टाल्डो'}}}",False,goal,assisted,"{'x': 11.8, 'y': 52.8, 'z': 0}",right-foot,low-left,"{'x': 0, 'y': 53.2, 'z': 13.9}",,0.15297609567642,0.58739751577377,"{'name': 'Caíque França', 'slug': 'caique-franca', 'shortName': 'C. França', 'position': 'G', 'jerseyNumber': '22', 'userCount': 462, 'gender': 'M', 'id': 799667, 'fieldTranslations': {'nameTranslation': {'ar': 'كاكي فرانسا'}, 'shortNameTranslation': {'ar': 'ك. فرانسا'}}}",6314311,48,,2822,"{'start': {'x': 52.8, 'y': 11.8}, 'end': {'x': 46.8, 'y': 0}, 'goal': {'x': 46.8, 'y': 86.1}}",43,2578,122,shot,regular,13472607
"{'name': 'Cristian Pavón', 'firstName': '', 'lastName': '', 'slug': 'cristian-pavon', 'shortName': 'C. Pavón', 'position': 'M', 'jerseyNumber': '7', 'userCount': 2411, 'gender': 'M', 'id': 358956, 'fieldTranslations': {'nameTranslation': {'ar': 'كريستيان بافون', 'bn': 'ক্রিশ্চিয়ান পাভন', 'hi': 'क्रिस्टियन पावोन'}, 'shortNameTranslation': {'ar': 'ك. بافون', 'bn': 'সি. পাভন', 'hi': 'सी. पावोन'}}}",False,save,assisted,"{'x': 25.1, 'y': 55.2, 'z': 0}",right-foot,high-centre,"{'x': 0, 'y': 51.8, 'z': 20.9}","{'x': 1.9, 'y': 51.8, 'z': 0}",0.048947621136904,0.10016250610352,"{'name': 'Caíque França', 'slug': 'caique-franca', 'shortName': 'C. França', 'position': 'G', 'jerseyNumber': '22', 'userCount': 462, 'gender': 'M', 'id': 799667, 'fieldTranslations': {'nameTranslation': {'ar': 'كاكي فرانسا'}, 'shortNameTranslation': {'ar': 'ك. فرانسا'}}}",6314222,45,,2645,"{'start': {'x': 55.2, 'y': 25.1}, 'block': {'x': 51.8, 'y': 1.9}, 'end': {'x': 48.2, 'y': 0}, 'goal': {'x': 48.2, 'y': 79.1}}",1,55,2645,shot,,13472607
"{'name': 'Matheus Alexandre', 'firstName': '', 'lastName': '', 'slug': 'matheus-alexandre', 'shortName': 'M. Alexandre', 'position': 'D', 'jerseyNumber': '33', 'userCount': 291, 'gender': 'M', 'id': 953736, 'fieldTranslations': {'nameTranslation': {'ar': 'ماثيوس ألكسندر'}, 'shortNameTranslation': {'ar': 'م. ألكسندر'}}}",True,block,assisted,"{'x': 9.4, 'y': 65.7, 'z': 0}",left-foot,low-right,"{'x': 0, 'y': 47.5, 'z': 19}","{'x': 7.9, 'y': 63.5, 'z': 0}",0.032979346811771,0.0,"{'name': 'Gabriel Grando', 'firstName': 'Gabriel Grando', 'slug': 'gabriel-grando', 'shortName': 'G. Grando', 'position': 'G', 'jerseyNumber': '12', 'userCount': 1328, 'gender': 'M', 'id': 1111770, 'fieldTranslations': {'nameTranslation': {'ar': 'غابرييل غراندو'}, 'shortNameTranslation': {'ar': 'غ. غراندو'}}}",6314230,43,,2579,"{'start': {'x': 65.7, 'y': 9.4}, 'block': {'x': 63.5, 'y': 7.9}, 'end': {'x': 52.5, 'y': 0}, 'goal': {'x': 52.5, 'y': 81}}",3,121,2579,shot,,13472607
"{'name': 'Gonçalo Paciência', 'slug': 'goncalo-paciencia', 'shortName': 'G. Paciência', 'position': 'F', 'jerseyNumber': '39', 'userCount': 1121, 'gender': 'M', 'id': 138890, 'fieldTranslations': {'nameTranslation': {'ar': 'غونسالو باسينسيا', 'bn': 'গনসালো প্যাসিয়েন্সিয়া', 'hi': 'गोन्सालो पैसिएंसिया'}, 'shortNameTranslation': {'ar': 'غ. باسينسيا', 'bn': 'জি. প্যাসিনেসিয়া', 'hi': 'जी. पैसिएंसिया'}}}",True,block,assisted,"{'x': 23.1, 'y': 44.2, 'z': 0}",left-foot,low-right,"{'x': 0, 'y': 46.6, 'z': 19}","{'x': 21.2, 'y': 44.9, 'z': 0}",0.02652389369905,0.0,"{'name': 'Gabriel Grando', 'firstName': 'Gabriel Grando', 'slug': 'gabriel-grando', 'shortName': 'G. Grando', 'position': 'G', 'jerseyNumber': '12', 'userCount': 1328, 'gender': 'M', 'id': 1111770, 'fieldTranslations': {'nameTranslation': {'ar': 'غابرييل غراندو'}, 'shortNameTranslation': {'ar': 'غ. غراندو'}}}",6314218,43,,2567,"{'start': {'x': 44.2, 'y': 23.1}, 'block': {'x': 44.9, 'y': 21.2}, 'end': {'x': 53.4, 'y': 0}, 'goal': {'x': 53.4, 'y': 81}}",3,133,2567,shot,,13472607
"{'name': 'Gustavo Martins', 'firstName': 'Gustavo Martins', 'lastName': '', 'slug': 'gustavo-martins', 'shortName': 'G. Martins', 'position': 'D', 'jerseyNumber': '53', 'userCount': 1213, 'gender': 'M', 'id': 1105796, 'fieldTranslations': {'nameTranslation': {'ar': 'غوستافو مارتينز'}, 'shortNameTranslation': {'ar': 'غ. مارتينز'}}}",False,goal,corner,"{'x': 7.2, 'y': 45.2, 'z': 0}",head,low-right,"{'x': 0, 'y': 48, 'z': 3.8}",,0.083547189831734,0.4059317111969,"{'name': 'Caíque França', 'slug': 'caique-franca', 'shortName': 'C. França', 'position': 'G', 'jerseyNumber': '22', 'userCount': 462, 'gender': 'M', 'id': 799667, 'fieldTranslations': {'nameTranslation': {'ar': 'كاكي فرانسا'}, 'shortNameTranslation': {'ar': 'ك. فرانسا'}}}",6314179,42,,2469,"{'start': {'x': 45.2, 'y': 7.2}, 'end': {'x': 52, 'y': 0}, 'goal': {'x': 52, 'y': 96.2}}",4,231,2469,shot,regular,13472607
"{'name': 'Franco Cristaldo', 'slug': 'franco-cristaldo', 'shortName': 'F. Cristaldo', 'position': 'M', 'jerseyNumber': '10', 'userCount': 2298, 'gender': 'M', 'id': 558820, 'fieldTranslations': {'nameTranslation': {'ar': 'فرانكو كريستالدو', 'bn': 'ফ্রাঙ্কো ক্রিস্টালদো', 'hi': 'फ्रेंको क्रिस्टाल्डो'}, 'shortNameTranslation': {'ar': 'ف. كريستالدو', 'bn': 'এফ ক্রিস্টালডো', 'hi': 'एफ. क्रिस्टाल्डो'}}}",False,save,assisted,"{'x': 21.1, 'y': 36.4, 'z': 0}",right-foot,high-centre,"{'x': 0, 'y': 49.5, 'z': 22.8}","{'x': 1.2, 'y': 47.7, 'z': 0}",0.061346150934696,0.050822906196117,"{'name': 'Caíque França', 'slug': 'caique-franca', 'shortName': 'C. França', 'position': 'G', 'jerseyNumber': '22', 'userCount': 462, 'gender': 'M', 'id': 799667, 'fieldTranslations': {'nameTranslation': {'ar': 'كاكي فرانسا'}, 'shortNameTranslation': {'ar': 'ك. فرانسا'}}}",6314143,37,,2194,"{'start': {'x': 36.4, 'y': 21.1}, 'block': {'x': 47.7, 'y': 1.2}, 'end': {'x': 50.5, 'y': 0}, 'goal': {'x': 50.5, 'y': 77.2}}",9,506,2194,shot,,13472607
"{'name': 'Matheusinho', 'firstName': '', 'lastName': '', 'slug': 'matheusinho', 'shortName': 'Matheusinho', 'position': 'M', 'jerseyNumber': '98', 'userCount': 482, 'gender': 'M', 'id': 822523, 'fieldTranslations': {'nameTranslation': {'ar': 'Sales Cordoso, Matheus Leonardo'}, 'shortNameTranslation': {'ar': 'M. L. S. Cordoso'}}}",True,miss,regular,"{'x': 20.4, 'y': 54.2, 'z': 0}",right-foot,left,"{'x': 0, 'y': 63, 'z': 9.7}",,0.035011015832424,0.0,"{'name': 'Gabriel Grando', 'firstName': 'Gabriel Grando', 'slug': 'gabriel-grando', 'shortName': 'G. Grando', 'position': 'G', 'jerseyNumber': '12', 'userCount': 1328, 'gender': 'M', 'id': 1111770, 'fieldTranslations': {'nameTranslation': {'ar': 'غابرييل غراندو'}, 'shortNameTranslation': {'ar': 'غ. غراندو'}}}",6314148,36,,2146,"{'start': {'x': 54.2, 'y': 20.4}, 'end': {'x': 37, 'y': 0}, 'goal': {'x': 37, 'y': 90.3}}",10,554,2146,shot,,13472607
"{'name': 'Francis Amuzu', 'slug': 'amuzu-francis', 'shortName': 'F. Amuzu', 'position': 'M', 'jerseyNumber': '9', 'userCount': 1938, 'gender': 'M', 'id': 901889, 'fieldTranslations': {'nameTranslation': {'ar': 'أموزو، فرانسيس', 'bn': 'আমুজু, ফ্রান্সিস', 'hi': 'अमुज़ू, फ़्रांसिस'}, 'shortNameTranslation': {'ar': 'ف. أموزو', 'bn': 'এফ. আমুজু', 'hi': 'एफ. अमुज़ू'}}}",False,miss,fast-break,"{'x': 18.5, 'y': 36.6, 'z': 0}",right-foot,close-left,"{'x': 0, 'y': 57.8, 'z': 6.9}",,0.058096669614315,0.0,"{'name': 'Caíque França', 'slug': 'caique-franca', 'shortName': 'C. França', 'position': 'G', 'jerseyNumber': '22', 'userCount': 462, 'gender': 'M', 'id': 799667, 'fieldTranslations': {'nameTranslation': {'ar': 'كاكي فرانسا'}, 'shortNameTranslation': {'ar': 'ك. فرانسا'}}}",6314139,36,,2106,"{'start': {'x': 36.6, 'y': 18.5}, 'end': {'x': 42.2, 'y': 0}, 'goal': {'x': 42.2, 'y': 93.1}}",10,594,2106,shot,,13472607
"{'name': 'Carlos Vinícius', 'slug': 'carlos-vinicius', 'shortName': 'C. Vinícius', 'position': 'F', 'jerseyNumber': '95', 'userCount': 7258, 'gender': 'M', 'id': 891920, 'fieldTranslations': {'nameTranslation': {'ar': 'كارلوس فينيسيوس', 'bn': 'কার্লোস ভিনিসিয়াস', 'hi': 'कार्लोस विनीसियस'}, 'shortNameTranslation': {'ar': 'ك. فينيسيوس', 'bn': 'সি. ভিনিসিয়াস', 'hi': 'सी. विनीसियस'}}}",False,goal,assisted,"{'x': 7.9, 'y': 45.4, 'z': 0}",left-foot,low-centre,"{'x': 0, 'y': 48.3, 'z': 3.2}",,0.46322283148766,0.54735654592514,"{'name': 'Caíque França', 'slug': 'caique-franca', 'shortName': 'C. França', 'position': 'G', 'jerseyNumber': '22', 'userCount': 462, 'gender': 'M', 'id': 799667, 'fieldTranslations': {'nameTranslation': {'ar': 'كاكي فرانسا'}, 'shortNameTranslation': {'ar': 'ك. فرانسا'}}}",6314087,31,,1855,"{'start': {'x': 45.4, 'y': 7.9}, 'end': {'x': 51.7, 'y': 0}, 'goal': {'x': 51.7, 'y': 96.8}}",15,845,1855,shot,regular,13472607
"{'name': 'Carlos Vinícius', 'slug': 'carlos-vinicius', 'shortName': 'C. Vinícius', 'position': 'F', 'jerseyNumber': '95', 'userCount': 7258, 'gender': 'M', 'id': 891920, 'fieldTranslations': {'nameTranslation': {'ar': 'كارلوس فينيسيوس', 'bn': 'কার্লোস ভিনিসিয়াস', 'hi': 'कार्लोस विनीसियस'}, 'shortNameTranslation': {'ar': 'ك. فينيسيوس', 'bn': 'সি. ভিনিসিয়াস', 'hi': 'सी. विनीसियस'}}}",False,goal,assisted,"{'x': 13.6, 'y': 49.9, 'z': 0}",left-foot,high-left,"{'x': 0, 'y': 52.3, 'z': 32.9}",,0.31261274218559,0.72145438194275,"{'name': 'Caíque França', 'slug': 'caique-franca', 'shortName': 'C. França', 'position': 'G', 'jerseyNumber': '22', 'userCount': 462, 'gender': 'M', 'id': 799667, 'fieldTranslations': {'nameTranslation': {'ar': 'كاكي فرانسا'}, 'shortNameTranslation': {'ar': 'ك. فرانسا'}}}",6314074,29,,1693,"{'start': {'x': 49.9, 'y': 13.6}, 'end': {'x': 47.7, 'y': 0}, 'goal': {'x': 47.7, 'y': 67.1}}",17,1007,1693,shot,regular,13472607
"{'name': 'Igor Cariús', 'slug': 'igor-carius', 'shortName': 'I. Cariús', 'position': 'D', 'jerseyNumber': '16', 'userCount': 303, 'gender': 'M', 'id': 874195, 'fieldTranslations': {'nameTranslation': {'ar': 'إيغور كاريش'}, 'shortNameTranslation': {'ar': 'إ. كاريش'}}}",True,miss,set-piece,"{'x': 9, 'y': 53.8, 'z': 0}",head,high,"{'x': 0, 'y': 48.6, 'z': 72.2}",,0.063578732311726,0.0,"{'name': 'Gabriel Grando', 'firstName': 'Gabriel Grando', 'slug': 'gabriel-grando', 'shortName': 'G. Grando', 'position': 'G', 'jerseyNumber': '12', 'userCount': 1328, 'gender': 'M', 'id': 1111770, 'fieldTranslations': {'nameTranslation': {'ar': 'غابرييل غراندو'}, 'shortNameTranslation': {'ar': 'غ. غراندو'}}}",6314062,27,,1598,"{'start': {'x': 53.8, 'y': 9}, 'end': {'x': 51.4, 'y': 0}, 'goal': {'x': 51.4, 'y': 27.8}}",19,1102,1598,shot,,13472607
"{'name': 'Igor Cariús', 'slug': 'igor-carius', 'shortName': 'I. Cariús', 'position': 'D', 'jerseyNumber': '16', 'userCount': 303, 'gender': 'M', 'id': 874195, 'fieldTranslations': {'nameTranslation': {'ar': 'إيغور كاريش'}, 'shortNameTranslation': {'ar': 'إ. كاريش'}}}",True,block,assisted,"{'x': 8.9, 'y': 32.9, 'z': 0}",right-foot,low-left,"{'x': 0, 'y': 53.6, 'z': 19}","{'x': 7.9, 'y': 34.5, 'z': 0}",0.04124716296792,0.0,"{'name': 'Gabriel Grando', 'firstName': 'Gabriel Grando', 'slug': 'gabriel-grando', 'shortName': 'G. Grando', 'position': 'G', 'jerseyNumber': '12', 'userCount': 1328, 'gender': 'M', 'id': 1111770, 'fieldTranslations': {'nameTranslation': {'ar': 'غابرييل غراندو'}, 'shortNameTranslation': {'ar': 'غ. غراندو'}}}",6314086,25,,1498,"{'start': {'x': 32.9, 'y': 8.9}, 'block': {'x': 34.5, 'y': 7.9}, 'end': {'x': 46.4, 'y': 0}, 'goal': {'x': 46.4, 'y': 81}}",21,1202,1498,shot,,13472607
"{'name': 'Francis Amuzu', 'slug': 'amuzu-francis', 'shortName': 'F. Amuzu', 'position': 'M', 'jerseyNumber': '9', 'userCount': 1938, 'gender': 'M', 'id': 901889, 'fieldTranslations': {'nameTranslation': {'ar': 'أموزو، فرانسيس', 'bn': 'আমুজু, ফ্রান্সিস', 'hi': 'अमुज़ू, फ़्रांसिस'}, 'shortNameTranslation': {'ar': 'ف. أموزو', 'bn': 'এফ. আমুজু', 'hi': 'एफ. अमुज़ू'}}}",False,block,assisted,"{'x': 24, 'y': 52.6, 'z': 0}",right-foot,low-centre,"{'x': 0, 'y': 49.1, 'z': 19}","{'x': 15.5, 'y': 52, 'z': 0}",0.02879723906517,0.0,"{'name': 'Caíque França', 'slug': 'caique-franca', 'shortName': 'C. França', 'position': 'G', 'jerseyNumber': '22', 'userCount': 462, 'gender': 'M', 'id': 799667, 'fieldTranslations': {'nameTranslation': {'ar': 'كاكي فرانسا'}, 'shortNameTranslation': {'ar': 'ك. فرانسا'}}}",6314015,20,,1154,"{'start': {'x': 52.6, 'y': 24}, 'block': {'x': 52, 'y': 15.5}, 'end': {'x': 50.9, 'y': 0}, 'goal': {'x': 50.9, 'y': 81}}",26,1546,1154,shot,,13472607
"{'name': 'Igor Cariús', 'slug': 'igor-carius', 'shortName': 'I. Cariús', 'position': 'D', 'jerseyNumber': '16', 'userCount': 303, 'gender': 'M', 'id': 874195, 'fieldTranslations': {'nameTranslation': {'ar': 'إيغور كاريش'}, 'shortNameTranslation': {'ar': 'إ. كاريش'}}}",True,save,assisted,"{'x': 13.6, 'y': 57.7, 'z': 0}",right-foot,high-centre,"{'x': 0, 'y': 49.6, 'z': 23.4}","{'x': 2.4, 'y': 52.5, 'z': 0}",0.11047942191362,0.12445142120123,"{'name': 'Gabriel Grando', 'firstName': 'Gabriel Grando', 'slug': 'gabriel-grando', 'shortName': 'G. Grando', 'position': 'G', 'jerseyNumber': '12', 'userCount': 1328, 'gender': 'M', 'id': 1111770, 'fieldTranslations': {'nameTranslation': {'ar': 'غابرييل غراندو'}, 'shortNameTranslation': {'ar': 'غ. غراندو'}}}",6313979,16,,902,"{'start': {'x': 57.7, 'y': 13.6}, 'block': {'x': 52.5, 'y': 2.4}, 'end': {'x': 50.4, 'y': 0}, 'goal': {'x': 50.4, 'y': 76.6}}",30,1798,902,shot,,13472607
"{'name': 'Carlos Vinícius', 'slug': 'carlos-vinicius', 'shortName': 'C. Vinícius', 'position': 'F', 'jerseyNumber': '95', 'userCount': 7258, 'gender': 'M', 'id': 891920, 'fieldTranslations': {'nameTranslation': {'ar': 'كارلوس فينيسيوس', 'bn': 'কার্লোস ভিনিসিয়াস', 'hi': 'कार्लोस विनीसियस'}, 'shortNameTranslation': {'ar': 'ك. فينيسيوس', 'bn': 'সি. ভিনিসিয়াস', 'hi': 'सी. विनीसियस'}}}",False,block,corner,"{'x': 9.5, 'y': 47.4, 'z': 0}",left-foot,low-left,"{'x': 0, 'y': 52.1, 'z': 19}","{'x': 8, 'y': 47.5, 'z': 0}",0.081434823572636,0.0,"{'name': 'Caíque França', 'slug': 'caique-franca', 'shortName': 'C. França', 'position': 'G', 'jerseyNumber': '22', 'userCount': 462, 'gender': 'M', 'id': 799667, 'fieldTranslations': {'nameTranslation': {'ar': 'كاكي فرانسا'}, 'shortNameTranslation': {'ar': 'ك. فرانسا'}}}",6313973,12,,692,"{'start': {'x': 47.4, 'y': 9.5}, 'block': {'x': 47.5, 'y': 8}, 'end': {'x': 47.9, 'y': 0}, 'goal': {'x': 47.9, 'y': 81}}",34,2008,692,shot,,13472607
"{'name': 'Marcos Rocha', 'slug': 'marcos-rocha', 'shortName': 'M. Rocha', 'position': 'D', 'jerseyNumber': '14', 'userCount': 2458, 'gender': 'M', 'id': 82576, 'fieldTranslations': {'nameTranslation': {'ar': 'ماركوس روشا', 'bn': 'মার্কোস রোচা', 'hi': 'मार्कोस रोचा'}, 'shortNameTranslation': {'ar': 'م. روشا', 'bn': 'এম. রোচা', 'hi': 'एम. रोचा'}}}",False,block,assisted,"{'x': 25.7, 'y': 62.4, 'z': 0}",right-foot,low-right,"{'x': 0, 'y': 48.1, 'z': 19}","{'x': 18.8, 'y': 59.6, 'z': 0}",0.028462424874306,0.0,"{'name': 'Caíque França', 'slug': 'caique-franca', 'shortName': 'C. França', 'position': 'G', 'jerseyNumber': '22', 'userCount': 462, 'gender': 'M', 'id': 799667, 'fieldTranslations': {'nameTranslation': {'ar': 'كاكي فرانسا'}, 'shortNameTranslation': {'ar': 'ك. فرانسا'}}}",6313942,11,,641,"{'start': {'x': 62.4, 'y': 25.7}, 'block': {'x': 59.6, 'y': 18.8}, 'end': {'x': 51.9, 'y': 0}, 'goal': {'x': 51.9, 'y': 81}}",35,2059,641,shot,,13472607
"{'name': 'Gonçalo Paciência', 'slug': 'goncalo-paciencia', 'shortName': 'G. Paciência', 'position': 'F', 'jerseyNumber': '39', 'userCount': 1121, 'gender': 'M', 'id': 138890, 'fieldTranslations': {'nameTranslation': {'ar': 'غونسالو باسينسيا', 'bn': 'গনসালো প্যাসিয়েন্সিয়া', 'hi': 'गोन्सालो पैसिएंसिया'}, 'shortNameTranslation': {'ar': 'غ. باسينسيا', 'bn': 'জি. প্যাসিনেসিয়া', 'hi': 'जी. पैसिएंसिया'}}}",True,miss,set-piece,"{'x': 8.8, 'y': 52.3, 'z': 0}",head,high,"{'x': 0, 'y': 53.1, 'z': 63.9}",,0.12016286700964,0.0,"{'name': 'Gabriel Grando', 'firstName': 'Gabriel Grando', 'slug': 'gabriel-grando', 'shortName': 'G. Grando', 'position': 'G', 'jerseyNumber': '12', 'userCount': 1328, 'gender': 'M', 'id': 1111770, 'fieldTranslations': {'nameTranslation': {'ar': 'غابرييل غراندو'}, 'shortNameTranslation': {'ar': 'غ. غراندو'}}}",6313888,4,,214,"{'start': {'x': 52.3, 'y': 8.8}, 'end': {'x': 46.9, 'y': 0}, 'goal': {'x': 46.9, 'y': 36.1}}",42,2486,214,shot,,13472607
"{'name': 'Pedro Augusto', 'slug': 'pedro-augusto', 'shortName': 'P. Augusto', 'position': 'M', 'jerseyNumber': '28', 'userCount': 301, 'gender': 'M', 'id': 922556, 'fieldTranslations': {'nameTranslation': {'ar': 'بيدرو أوغستو'}, 'shortNameTranslation': {'ar': 'ب. أوغستو'}}}",True,save,assisted,"{'x': 29.7, 'y': 43.8, 'z': 0}",left-foot,high-centre,"{'x': 0, 'y': 50.3, 'z': 20.3}","{'x': 2.2, 'y': 50.2, 'z': 0}",0.018461275845766,0.010643272660673,"{'name': 'Gabriel Grando', 'firstName': 'Gabriel Grando', 'slug': 'gabriel-grando', 'shortName': 'G. Grando', 'position': 'G', 'jerseyNumber': '12', 'userCount': 1328, 'gender': 'M', 'id': 1111770, 'fieldTranslations': {'nameTranslation': {'ar': 'غابرييل غراندو'}, 'shortNameTranslation': {'ar': 'غ. غراندو'}}}",6313876,2,,91,"{'start': {'x': 43.8, 'y': 29.7}, 'block': {'x': 50.2, 'y': 2.2}, 'end': {'x': 49.7, 'y': 0}, 'goal': {'x': 49.7, 'y': 79.7}}",44,2609,91,shot,,13472607
"{'name': 'Gonçalo Paciência', 'slug': 'goncalo-paciencia', 'shortName': 'G. Paciência', 'position': 'F', 'jerseyNumber': '39', 'userCount': 1121, 'gender': 'M', 'id': 138890, 'fieldTranslations': {'nameTranslation': {'ar': 'غونسالو باسينسيا', 'bn': 'গনসালো প্যাসিয়েন্সিয়া', 'hi': 'गोन्सालो पैसिएंसिया'}, 'shortNameTranslation': {'ar': 'غ. باسينسيا', 'bn': 'জি. প্যাসিনেসিয়া', 'hi': 'जी. पैसिएंसिया'}}}",True,block,assisted,"{'x': 16.4, 'y': 57.3, 'z': 0}",right-foot,low-centre,"{'x': 0, 'y': 50.9, 'z': 19}","{'x': 13.7, 'y': 56, 'z': 0}",0.094103954732418,0.0,"{'name': 'Gabriel Grando', 'firstName': 'Gabriel Grando', 'slug': 'gabriel-grando', 'shortName': 'G. Grando', 'position': 'G', 'jerseyNumber': '12', 'userCount': 1328, 'gender': 'M', 'id': 1111770, 'fieldTranslations': {'nameTranslation': {'ar': 'غابرييل غراندو'}, 'shortNameTranslation': {'ar': 'غ. غراندو'}}}",6313875,2,,82,"{'start': {'x': 57.3, 'y': 16.4}, 'block': {'x': 56, 'y': 13.7}, 'end': {'x': 49.1, 'y': 0}, 'goal': {'x': 49.1, 'y': 81}}",44,2618,82,shot,,13472607
"{'name': 'Mateo Ponte', 'slug': 'mateo-ponte', 'shortName': 'M. Ponte', 'position': 'D', 'jerseyNumber': '4', 'userCount': 1432, 'gender': 'M', 'id': 1099163, 'fieldTranslations': {'nameTranslation': {'ar': 'ماتيو بونتي'}, 'shortNameTranslation': {'ar': 'م. بونتي'}}}",True,goal,fast-break,"{'x': 6.8, 'y': 56.2, 'z': 0}",right-foot,high-right,"{'x': 0, 'y': 47.4, 'z': 30.4}",,0.50524568557739,0.86311459541321,"{'name': 'Brenno', 'slug': 'brenno', 'shortName': 'Brenno', 'position': 'G', 'jerseyNumber': '12', 'userCount': 502, 'gender': 'M', 'id': 914481, 'fieldTranslations': {'nameTranslation': {'ar': 'برينو', 'bn': 'ব্রেনো', 'hi': 'ब्रेनो'}, 'shortNameTranslation': {'ar': 'ب. برينو', 'bn': 'ব্রেনো', 'hi': 'ब्रेनो'}}}",6314589,90,5.0,5654,"{'start': {'x': 56.2, 'y': 6.8}, 'end': {'x': 52.6, 'y': 0}, 'goal': {'x': 52.6, 'y': 69.6}}",1,646,254,shot,regular,13472610
"{'name': 'Marlon Freitas', 'slug': 'marlon-freitas', 'shortName': 'M. Freitas', 'position': 'M', 'jerseyNumber': '17', 'userCount': 3158, 'gender': 'M', 'id': 840202, 'fieldTranslations': {'nameTranslation': {'ar': 'مارلون فريتاس', 'bn': 'মারলন ফ্রেইটাস', 'hi': 'मार्लोन फ्रीटास'}, 'shortNameTranslation': {'ar': 'م. فريتاس', 'bn': 'এম. ফ্রেইটাস', 'hi': 'एम. फ्रीटास'}}}",True,miss,assisted,"{'x': 21.5, 'y': 56, 'z': 0}",right-foot,high,"{'x': 0, 'y': 45.2, 'z': 66.7}",,0.062571600079536,0.0,"{'name': 'Brenno', 'slug': 'brenno', 'shortName': 'Brenno', 'position': 'G', 'jerseyNumber': '12', 'userCount': 502, 'gender': 'M', 'id': 914481, 'fieldTranslations': {'nameTranslation': {'ar': 'برينو', 'bn': 'ব্রেনো', 'hi': 'ब्रेनो'}, 'shortNameTranslation': {'ar': 'ب. برينو', 'bn': 'ব্রেনো', 'hi': 'ब्रेनो'}}}",6314580,90,3.0,5533,"{'start': {'x': 56, 'y': 21.5}, 'end': {'x': 54.8, 'y': 0}, 'goal': {'x': 54.8, 'y': 33.3}}",1,767,133,shot,,13472610
"{'name': 'Marçal', 'slug': 'marcal', 'shortName': 'Marçal', 'position': 'D', 'jerseyNumber': '21', 'userCount': 1065, 'gender': 'M', 'id': 143593, 'fieldTranslations': {'nameTranslation': {'ar': 'مارسال', 'bn': 'মার্চাল', 'hi': 'मार्शल'}, 'shortNameTranslation': {'ar': 'مارسال', 'bn': 'মার্চাল', 'hi': 'मार्शल'}}}",True,goal,corner,"{'x': 6.4, 'y': 52.1, 'z': 0}",head,low-right,"{'x': 0, 'y': 46.1, 'z': 16.5}",,0.14561755955219,0.81720566749573,"{'name': 'Brenno', 'slug': 'brenno', 'shortName': 'Brenno', 'position': 'G', 'jerseyNumber': '12', 'userCount': 502, 'gender': 'M', 'id': 914481, 'fieldTranslations': {'nameTranslation': {'ar': 'برينو', 'bn': 'ব্রেনো', 'hi': 'ब्रेनो'}, 'shortNameTranslation': {'ar': 'ب. برينو', 'bn': 'ব্রেনো', 'hi': 'ब्रेनो'}}}",6314528,84,,5003,"{'start': {'x': 52.1, 'y': 6.4}, 'end': {'x': 53.9, 'y': 0}, 'goal': {'x': 53.9, 'y': 83.5}}",7,397,2303,shot,regular,13472610
"{'name': 'Álvaro Montoro', 'firstName': 'Álvaro Montoro', 'slug': 'alvaro-montoro', 'shortName': 'Á. Montoro', 'position': 'M', 'jerseyNumber': '10', 'userCount': 4517, 'gender': 'M', 'id': 1650770, 'fieldTranslations': {'nameTranslation': {'ar': 'ألفارو مونتورو'}, 'shortNameTranslation': {'ar': 'أ. مونتورو'}}}",True,block,assisted,"{'x': 22.6, 'y': 55.6, 'z': 0}",right-foot,low-centre,"{'x': 0, 'y': 50.6, 'z': 19}","{'x': 20.9, 'y': 55.1, 'z': 0}",0.024509636685252,0.0,"{'name': 'Brenno', 'slug': 'brenno', 'shortName': 'Brenno', 'position': 'G', 'jerseyNumber': '12', 'userCount': 502, 'gender': 'M', 'id': 914481, 'fieldTranslations': {'nameTranslation': {'ar': 'برينو', 'bn': 'ব্রেনো', 'hi': 'ब्रेनो'}, 'shortNameTranslation': {'ar': 'ب. برينو', 'bn': 'ব্রেনো', 'hi': 'ब्रेनो'}}}",6314490,80,,4759,"{'start': {'x': 55.6, 'y': 22.6}, 'block': {'x': 55.1, 'y': 20.9}, 'end': {'x': 49.4, 'y': 0}, 'goal': {'x': 49.4, 'y': 81}}",11,641,2059,shot,,13472610
"{'name': 'Tomás Pochettino', 'firstName': '', 'lastName': '', 'slug': 'tomas-pochettino', 'shortName': 'T. Pochettino', 'position': 'M', 'jerseyNumber': '7', 'userCount': 989, 'gender': 'M', 'id': 824626, 'fieldTranslations': {'nameTranslation': {'ar': 'توماس بوتشيتينو', 'bn': 'টমাস পোচেত্তিনো', 'hi': 'टॉमस पोचेतीनो'}, 'shortNameTranslation': {'ar': 'ت. بوتشيتينو', 'bn': 'টি. পোচেত্তিনো', 'hi': 'टी. पोचेतीनो'}}}",False,save,assisted,"{'x': 11.9, 'y': 50.9, 'z': 0}",head,low-left,"{'x': 0, 'y': 53, 'z': 18.4}","{'x': 1, 'y': 51.4, 'z': 0}",0.046657796949148,0.26131656765938,"{'name': 'Raúl', 'slug': 'raul', 'shortName': 'Raúl', 'position': 'G', 'jerseyNumber': '1', 'userCount': 540, 'gender': 'M', 'id': 866736, 'fieldTranslations': {'nameTranslation': {'ar': 'راؤول'}, 'shortNameTranslation': {'ar': 'راؤول'}}}",6314485,79,,4734,"{'start': {'x': 50.9, 'y': 11.9}, 'block': {'x': 51.4, 'y': 1}, 'end': {'x': 47, 'y': 0}, 'goal': {'x': 47, 'y': 81.6}}",12,666,2034,shot,,13472610
"{'name': 'Breno Lopes', 'slug': 'breno-lopes', 'shortName': 'B. Lopes', 'position': 'M', 'jerseyNumber': '26', 'userCount': 1396, 'gender': 'M', 'id': 937552, 'fieldTranslations': {'nameTranslation': {'ar': 'برينو لوبيس'}, 'shortNameTranslation': {'ar': 'ب. لوبيس'}}}",False,miss,fast-break,"{'x': 15, 'y': 73.2, 'z': 0}",right-foot,close-left,"{'x': 0, 'y': 59, 'z': 2.8}",,0.0422069914639,0.0,"{'name': 'Raúl', 'slug': 'raul', 'shortName': 'Raúl', 'position': 'G', 'jerseyNumber': '1', 'userCount': 540, 'gender': 'M', 'id': 866736, 'fieldTranslations': {'nameTranslation': {'ar': 'راؤول'}, 'shortNameTranslation': {'ar': 'راؤول'}}}",6314473,77,,4605,"{'start': {'x': 73.2, 'y': 15}, 'end': {'x': 41, 'y': 0}, 'goal': {'x': 41, 'y': 97.2}}",14,795,1905,shot,,13472610
"{'name': 'Artur', 'slug': 'artur', 'shortName': 'Artur', 'position': 'M', 'jerseyNumber': '7', 'userCount': 3071, 'gender': 'M', 'id': 841128, 'fieldTranslations': {'nameTranslation': {'ar': 'أرثور'}, 'shortNameTranslation': {'ar': 'أرثور'}}}",True,miss,assisted,"{'x': 18.4, 'y': 65.8, 'z': 0}",left-foot,close-left,"{'x': 0, 'y': 57.3, 'z': 11.1}",,0.022561218589544,0.0,"{'name': 'Brenno', 'slug': 'brenno', 'shortName': 'Brenno', 'position': 'G', 'jerseyNumber': '12', 'userCount': 502, 'gender': 'M', 'id': 914481, 'fieldTranslations': {'nameTranslation': {'ar': 'برينو', 'bn': 'ব্রেনো', 'hi': 'ब्रेनो'}, 'shortNameTranslation': {'ar': 'ب. برينو', 'bn': 'ব্রেনো', 'hi': 'ब्रेनो'}}}",6314436,67,,4018,"{'start': {'x': 65.8, 'y': 18.4}, 'end': {'x': 42.7, 'y': 0}, 'goal': {'x': 42.7, 'y': 88.9}}",24,1382,1318,shot,,13472610
"{'name': 'Vitinho', 'slug': 'vitinho', 'shortName': 'Vitinho', 'position': 'D', 'jerseyNumber': '2', 'userCount': 3627, 'gender': 'M', 'id': 914477, 'fieldTranslations': {'nameTranslation': {'ar': 'فيتينيو', 'bn': 'ভিতিনহো', 'hi': 'विटिन्हो'}, 'shortNameTranslation': {'ar': 'فيتينيو', 'bn': 'ভিতিনহো', 'hi': 'विटिन्हो'}}}",True,save,assisted,"{'x': 9.5, 'y': 84.8, 'z': 0}",right-foot,high-centre,"{'x': 0, 'y': 48.6, 'z': 25.9}","{'x': 1.5, 'y': 54.5, 'z': 0}",0.014524728991091,0.060789544135332,"{'name': 'Brenno', 'slug': 'brenno', 'shortName': 'Brenno', 'position': 'G', 'jerseyNumber': '12', 'userCount': 502, 'gender': 'M', 'id': 914481, 'fieldTranslations': {'nameTranslation': {'ar': 'برينو', 'bn': 'ব্রেনো', 'hi': 'ब्रेनो'}, 'shortNameTranslation': {'ar': 'ب. برينو', 'bn': 'ব্রেনো', 'hi': 'ब्रेनो'}}}",6314455,61,,3613,"{'start': {'x': 84.8, 'y': 9.5}, 'block': {'x': 54.5, 'y': 1.5}, 'end': {'x': 51.4, 'y': 0}, 'goal': {'x': 51.4, 'y': 74.1}}",30,1787,913,shot,,13472610
"{'name': 'Gastón Ávila', 'slug': 'gaston-avila', 'shortName': 'G. Ávila', 'position': 'D', 'jerseyNumber': '13', 'userCount': 1200, 'gender': 'M', 'id': 975526, 'fieldTranslations': {'nameTranslation': {'ar': 'غاستون أفيلّا', 'bn': 'গ্যাস্টন আভিলা', 'hi': 'गैस्टन एविला'}, 'shortNameTranslation': {'ar': 'غ. أفيلّا', 'bn': 'জি. আভিলা', 'hi': 'जी. एविला'}}}",False,miss,set-piece,"{'x': 7.9, 'y': 28.6, 'z': 0}",head,high,"{'x': 0, 'y': 54.5, 'z': 81.9}",,0.0048661818727851,0.0,"{'name': 'Raúl', 'slug': 'raul', 'shortName': 'Raúl', 'position': 'G', 'jerseyNumber': '1', 'userCount': 540, 'gender': 'M', 'id': 866736, 'fieldTranslations': {'nameTranslation': {'ar': 'راؤول'}, 'shortNameTranslation': {'ar': 'راؤول'}}}",6314379,60,,3572,"{'start': {'x': 28.6, 'y': 7.9}, 'end': {'x': 45.5, 'y': 0}, 'goal': {'x': 45.5, 'y': 18.1}}",31,1828,872,shot,,13472610
"{'name': 'Arthur Cabral', 'slug': 'arthur-cabral', 'shortName': 'A. Cabral', 'position': 'F', 'jerseyNumber': '19', 'userCount': 4955, 'gender': 'M', 'sofascoreId': 'arthurcabral9', 'id': 870762, 'fieldTranslations': {'nameTranslation': {'ar': 'أرثر كابرال', 'bn': 'আর্থার ক্যাব্রাল', 'hi': 'आर्थर कैब्राल'}, 'shortNameTranslation': {'ar': 'أ. كابرال', 'bn': 'এ. ক্যাব্রাল', 'hi': 'ए. कैब्राल'}}}",True,miss,assisted,"{'x': 6.4, 'y': 50.9, 'z': 0}",head,high,"{'x': 0, 'y': 55.8, 'z': 77.8}",,0.1790826767683,0.0,"{'name': 'Brenno', 'slug': 'brenno', 'shortName': 'Brenno', 'position': 'G', 'jerseyNumber': '12', 'userCount': 502, 'gender': 'M', 'id': 914481, 'fieldTranslations': {'nameTranslation': {'ar': 'برينو', 'bn': 'ব্রেনো', 'hi': 'ब्रेनो'}, 'shortNameTranslation': {'ar': 'ب. برينو', 'bn': 'ব্রেনো', 'hi': 'ब्रेनो'}}}",6314373,59,,3493,"{'start': {'x': 50.9, 'y': 6.4}, 'end': {'x': 44.2, 'y': 0}, 'goal': {'x': 44.2, 'y': 22.2}}",32,1907,793,shot,,13472610
"{'name': 'Adam Bareiro', 'slug': 'adam-bareiro', 'shortName': 'A. Bareiro', 'position': 'F', 'jerseyNumber': '9', 'userCount': 1294, 'gender': 'M', 'id': 871580, 'fieldTranslations': {'nameTranslation': {'ar': 'آدم باريرو', 'bn': 'অ্যাডাম বেরেইরো', 'hi': 'एडम बरेरो'}, 'shortNameTranslation': {'ar': 'آ. باريرو', 'bn': 'এ. বারেইরো', 'hi': 'ए. बरेरो'}}}",False,goal,penalty,"{'x': 11.5, 'y': 50, 'z': 0}",right-foot,high-left,"{'x': 0, 'y': 51.9, 'z': 24.7}",,0.7884,0.98518651723862,"{'name': 'Raúl', 'slug': 'raul', 'shortName': 'Raúl', 'position': 'G', 'jerseyNumber': '1', 'userCount': 540, 'gender': 'M', 'id': 866736, 'fieldTranslations': {'nameTranslation': {'ar': 'راؤول'}, 'shortNameTranslation': {'ar': 'راؤول'}}}",6314360,56,,3357,"{'start': {'x': 50, 'y': 11.5}, 'end': {'x': 48.1, 'y': 0}, 'goal': {'x': 48.1, 'y': 75.3}}",35,2043,657,shot,penalty,13472610
"{'name': 'Lucas Gazal', 'firstName': '', 'lastName': '', 'slug': 'lucas-gazal', 'shortName': 'L. Gazal', 'position': 'D', 'jerseyNumber': '3', 'userCount': 195, 'gender': 'M', 'id': 1103705, 'fieldTranslations': {'nameTranslation': {'ar': 'لوكاس غزال'}, 'shortNameTranslation': {'ar': 'ل. غزال'}}}",False,block,corner,"{'x': 11.1, 'y': 49.3, 'z': 0}",head,low-left,"{'x': 0, 'y': 53.4, 'z': 19}","{'x': 11, 'y': 47.1, 'z': 0}",0.022267740219831,0.0,"{'name': 'Raúl', 'slug': 'raul', 'shortName': 'Raúl', 'position': 'G', 'jerseyNumber': '1', 'userCount': 540, 'gender': 'M', 'id': 866736, 'fieldTranslations': {'nameTranslation': {'ar': 'راؤول'}, 'shortNameTranslation': {'ar': 'راؤول'}}}",6314334,52,,3085,"{'start': {'x': 49.3, 'y': 11.1}, 'block': {'x': 47.1, 'y': 11}, 'end': {'x': 46.6, 'y': 0}, 'goal': {'x': 46.6, 'y': 81}}",39,2315,385,shot,,13472610
"{'name': 'Arthur Cabral', 'slug': 'arthur-cabral', 'shortName': 'A. Cabral', 'position': 'F', 'jerseyNumber': '19', 'userCount': 4955, 'gender': 'M', 'sofascoreId': 'arthurcabral9', 'id': 870762, 'fieldTranslations': {'nameTranslation': {'ar': 'أرثر كابرال', 'bn': 'আর্থার ক্যাব্রাল', 'hi': 'आर्थर कैब्राल'}, 'shortNameTranslation': {'ar': 'أ. كابرال', 'bn': 'এ. ক্যাব্রাল', 'hi': 'ए. कैब्राल'}}}",True,goal,assisted,"{'x': 5.7, 'y': 53.2, 'z': 0}",head,low-left,"{'x': 0, 'y': 54.2, 'z': 10.8}",,0.18869318068027,0.94370710849762,"{'name': 'Brenno', 'slug': 'brenno', 'shortName': 'Brenno', 'position': 'G', 'jerseyNumber': '12', 'userCount': 502, 'gender': 'M', 'id': 914481, 'fieldTranslations': {'nameTranslation': {'ar': 'برينو', 'bn': 'ব্রেনো', 'hi': 'ब्रेनो'}, 'shortNameTranslation': {'ar': 'ب. برينو', 'bn': 'ব্রেনো', 'hi': 'ब्रेनो'}}}",6314318,48,,2863,"{'start': {'x': 53.2, 'y': 5.7}, 'end': {'x': 45.8, 'y': 0}, 'goal': {'x': 45.8, 'y': 89.2}}",43,2537,163,shot,regular,13472610
"{'name': 'Tomás Pochettino', 'firstName': '', 'lastName': '', 'slug': 'tomas-pochettino', 'shortName': 'T. Pochettino', 'position': 'M', 'jerseyNumber': '7', 'userCount': 989, 'gender': 'M', 'id': 824626, 'fieldTranslations': {'nameTranslation': {'ar': 'توماس بوتشيتينو', 'bn': 'টমাস পোচেত্তিনো', 'hi': 'टॉमस पोचेतीनो'}, 'shortNameTranslation': {'ar': 'ت. بوتشيتينو', 'bn': 'টি. পোচেত্তিনো', 'hi': 'टी. पोचेतीनो'}}}",False,miss,assisted,"{'x': 19.7, 'y': 34.2, 'z': 0}",right-foot,high,"{'x': 0, 'y': 50.3, 'z': 77.8}",,0.020995812490582,0.0,"{'name': 'Raúl', 'slug': 'raul', 'shortName': 'Raúl', 'position': 'G', 'jerseyNumber': '1', 'userCount': 540, 'gender': 'M', 'id': 866736, 'fieldTranslations': {'nameTranslation': {'ar': 'راؤول'}, 'shortNameTranslation': {'ar': 'راؤول'}}}",6314306,47,,2808,"{'start': {'x': 34.2, 'y': 19.7}, 'end': {'x': 49.7, 'y': 0}, 'goal': {'x': 49.7, 'y': 22.2}}",44,2592,108,shot,,13472610
"{'name': 'Álvaro Montoro', 'firstName': 'Álvaro Montoro', 'slug': 'alvaro-montoro', 'shortName': 'Á. Montoro', 'position': 'M', 'jerseyNumber': '10', 'userCount': 4517, 'gender': 'M', 'id': 1650770, 'fieldTranslations': {'nameTranslation': {'ar': 'ألفارو مونتورو'}, 'shortNameTranslation': {'ar': 'أ. مونتورو'}}}",True,goal,regular,"{'x': 13.2, 'y': 38.7, 'z': 0}",right-foot,high-right,"{'x': 0, 'y': 46.1, 'z': 26.6}",,0.083699032664299,0.83737796545029,"{'name': 'Brenno', 'slug': 'brenno', 'shortName': 'Brenno', 'position': 'G', 'jerseyNumber': '12', 'userCount': 502, 'gender': 'M', 'id': 914481, 'fieldTranslations': {'nameTranslation': {'ar': 'برينو', 'bn': 'ব্রেনো', 'hi': 'ब्रेनो'}, 'shortNameTranslation': {'ar': 'ب. برينو', 'bn': 'ব্রেনো', 'hi': 'ब्रेनो'}}}",6314257,45,5.0,2963,"{'start': {'x': 38.7, 'y': 13.2}, 'end': {'x': 53.9, 'y': 0}, 'goal': {'x': 53.9, 'y': 73.4}}",1,2437,263,shot,regular,13472610
"{'name': 'Marlon Freitas', 'slug': 'marlon-freitas', 'shortName': 'M. Freitas', 'position': 'M', 'jerseyNumber': '17', 'userCount': 3158, 'gender': 'M', 'id': 840202, 'fieldTranslations': {'nameTranslation': {'ar': 'مارلون فريتاس', 'bn': 'মারলন ফ্রেইটাস', 'hi': 'मार्लोन फ्रीटास'}, 'shortNameTranslation': {'ar': 'م. فريتاس', 'bn': 'এম. ফ্রেইটাস', 'hi': 'एम. फ्रीटास'}}}",True,miss,assisted,"{'x': 13.4, 'y': 37.3, 'z': 0}",right-foot,close-left,"{'x': 0, 'y': 56.8, 'z': 5.6}",,0.038102746009827,0.0,"{'name': 'Brenno', 'slug': 'brenno', 'shortName': 'Brenno', 'position': 'G', 'jerseyNumber': '12', 'userCount': 502, 'gender': 'M', 'id': 914481, 'fieldTranslations': {'nameTranslation': {'ar': 'برينو', 'bn': 'ব্রেনো', 'hi': 'ब्रेनो'}, 'shortNameTranslation': {'ar': 'ب. برينو', 'bn': 'ব্রেনো', 'hi': 'ब्रेनो'}}}",6314075,29,,1729,"{'start': {'x': 37.3, 'y': 13.4}, 'end': {'x': 43.2, 'y': 0}, 'goal': {'x': 43.2, 'y': 94.4}}",17,971,1729,shot,,13472610
"{'name': 'Álvaro Montoro', 'firstName': 'Álvaro Montoro', 'slug': 'alvaro-montoro', 'shortName': 'Á. Montoro', 'position': 'M', 'jerseyNumber': '10', 'userCount': 4517, 'gender': 'M', 'id': 1650770, 'fieldTranslations': {'nameTranslation': {'ar': 'ألفارو مونتورو'}, 'shortNameTranslation': {'ar': 'أ. مونتورو'}}}",True,miss,regular,"{'x': 16.3, 'y': 45.6, 'z': 0}",left-foot,high-left,"{'x': 0, 'y': 58.5, 'z': 83.3}",,0.11173677444458,0.0,"{'name': 'Brenno', 'slug': 'brenno', 'shortName': 'Brenno', 'position': 'G', 'jerseyNumber': '12', 'userCount': 502, 'gender': 'M', 'id': 914481, 'fieldTranslations': {'nameTranslation': {'ar': 'برينو', 'bn': 'ব্রেনো', 'hi': 'ब्रेनो'}, 'shortNameTranslation': {'ar': 'ب. برينو', 'bn': 'ব্রেনো', 'hi': 'ब्रेनो'}}}",6314059,27,,1579,"{'start': {'x': 45.6, 'y': 16.3}, 'end': {'x': 41.5, 'y': 0}, 'goal': {'x': 41.5, 'y': 16.7}}",19,1121,1579,shot,,13472610
"{'name': 'Artur', 'slug': 'artur', 'shortName': 'Artur', 'position': 'M', 'jerseyNumber': '7', 'userCount': 3071, 'gender': 'M', 'id': 841128, 'fieldTranslations': {'nameTranslation': {'ar': 'أرثور'}, 'shortNameTranslation': {'ar': 'أرثور'}}}",True,post,assisted,"{'x': 8.2, 'y': 57.7, 'z': 0}",head,high,"{'x': 0, 'y': 46.2, 'z': 38.6}",,0.061846937984228,0.0,"{'name': 'Brenno', 'slug': 'brenno', 'shortName': 'Brenno', 'position': 'G', 'jerseyNumber': '12', 'userCount': 502, 'gender': 'M', 'id': 914481, 'fieldTranslations': {'nameTranslation': {'ar': 'برينو', 'bn': 'ব্রেনো', 'hi': 'ब्रेनो'}, 'shortNameTranslation': {'ar': 'ب. برينو', 'bn': 'ব্রেনো', 'hi': 'ब्रेनो'}}}",6314055,27,,1577,"{'start': {'x': 57.7, 'y': 8.2}, 'end': {'x': 53.8, 'y': 0}, 'goal': {'x': 53.8, 'y': 61.4}}",19,1123,1577,shot,,13472610
"{'name': 'Arthur Cabral', 'slug': 'arthur-cabral', 'shortName': 'A. Cabral', 'position': 'F', 'jerseyNumber': '19', 'userCount': 4955, 'gender': 'M', 'sofascoreId': 'arthurcabral9', 'id': 870762, 'fieldTranslations': {'nameTranslation': {'ar': 'أرثر كابرال', 'bn': 'আর্থার ক্যাব্রাল', 'hi': 'आर्थर कैब्राल'}, 'shortNameTranslation': {'ar': 'أ. كابرال', 'bn': 'এ. ক্যাব্রাল', 'hi': 'ए. कैब्राल'}}}",True,block,assisted,"{'x': 3, 'y': 36.8, 'z': 0}",right-foot,low-left,"{'x': 0, 'y': 52.4, 'z': 19}","{'x': 2.5, 'y': 38.4, 'z': 0}",0.054257594048977,0.0,"{'name': 'Brenno', 'slug': 'brenno', 'shortName': 'Brenno', 'position': 'G', 'jerseyNumber': '12', 'userCount': 502, 'gender': 'M', 'id': 914481, 'fieldTranslations': {'nameTranslation': {'ar': 'برينو', 'bn': 'ব্রেনো', 'hi': 'ब्रेनो'}, 'shortNameTranslation': {'ar': 'ب. برينو', 'bn': 'ব্রেনো', 'hi': 'ब्रेनो'}}}",6314033,23,,1344,"{'start': {'x': 36.8, 'y': 3}, 'block': {'x': 38.4, 'y': 2.5}, 'end': {'x': 47.6, 'y': 0}, 'goal': {'x': 47.6, 'y': 81}}",23,1356,1344,shot,,13472610
"{'name': 'Breno Lopes', 'slug': 'breno-lopes', 'shortName': 'B. Lopes', 'position': 'M', 'jerseyNumber': '26', 'userCount': 1396, 'gender': 'M', 'id': 937552, 'fieldTranslations': {'nameTranslation': {'ar': 'برينو لوبيس'}, 'shortNameTranslation': {'ar': 'ب. لوبيس'}}}",False,goal,assisted,"{'x': 20.9, 'y': 54.2, 'z': 0}",right-foot,high-left,"{'x': 0, 'y': 52.8, 'z': 27.2}",,0.094633318483829,0.34539431333542,"{'name': 'Raúl', 'slug': 'raul', 'shortName': 'Raúl', 'position': 'G', 'jerseyNumber': '1', 'userCount': 540, 'gender': 'M', 'id': 866736, 'fieldTranslations': {'nameTranslation': {'ar': 'راؤول'}, 'shortNameTranslation': {'ar': 'راؤول'}}}",6313997,17,,989,"{'start': {'x': 54.2, 'y': 20.9}, 'end': {'x': 47.2, 'y': 0}, 'goal': {'x': 47.2, 'y': 72.8}}",29,1711,989,shot,regular,13472610
"{'name': 'Álvaro Montoro', 'firstName': 'Álvaro Montoro', 'slug': 'alvaro-montoro', 'shortName': 'Á. Montoro', 'position': 'M', 'jerseyNumber': '10', 'userCount': 4517, 'gender': 'M', 'id': 1650770, 'fieldTranslations': {'nameTranslation': {'ar': 'ألفارو مونتورو'}, 'shortNameTranslation': {'ar': 'أ. مونتورو'}}}",True,block,assisted,"{'x': 20.3, 'y': 24.6, 'z': 0}",right-foot,low-left,"{'x': 0, 'y': 51.9, 'z': 19}","{'x': 14, 'y': 31.9, 'z': 0}",0.018167139962316,0.0,"{'name': 'Brenno', 'slug': 'brenno', 'shortName': 'Brenno', 'position': 'G', 'jerseyNumber': '12', 'userCount': 502, 'gender': 'M', 'id': 914481, 'fieldTranslations': {'nameTranslation': {'ar': 'برينو', 'bn': 'ব্রেনো', 'hi': 'ब्रेनो'}, 'shortNameTranslation': {'ar': 'ب. برينو', 'bn': 'ব্রেনো', 'hi': 'ब्रेनो'}}}",6313952,13,,723,"{'start': {'x': 24.6, 'y': 20.3}, 'block': {'x': 31.9, 'y': 14}, 'end': {'x': 48.1, 'y': 0}, 'goal': {'x': 48.1, 'y': 81}}",33,1977,723,shot,,13472610
"{'name': 'Jordan Barrera', 'firstName': 'Jordan Andres', 'lastName': 'Barrera Herrera', 'slug': 'jordan-andres-barrera-herrera', 'shortName': 'J. Barrera', 'position': 'M', 'jerseyNumber': '14', 'userCount': 2295, 'gender': 'M', 'id': 1899902, 'fieldTranslations': {'nameTranslation': {'ar': 'جوردان باريرا'}, 'shortNameTranslation': {'ar': 'ج. باريرا'}}}",True,save,assisted,"{'x': 18.1, 'y': 39.2, 'z': 0}",right-foot,low-left,"{'x': 0, 'y': 51.9, 'z': 0.6}","{'x': 1.8, 'y': 50.2, 'z': 0}",0.048361539840698,0.14293685555458,"{'name': 'Brenno', 'slug': 'brenno', 'shortName': 'Brenno', 'position': 'G', 'jerseyNumber': '12', 'userCount': 502, 'gender': 'M', 'id': 914481, 'fieldTranslations': {'nameTranslation': {'ar': 'برينو', 'bn': 'ব্রেনো', 'hi': 'ब्रेनो'}, 'shortNameTranslation': {'ar': 'ب. برينو', 'bn': 'ব্রেনো', 'hi': 'ब्रेनो'}}}",6313939,11,,650,"{'start': {'x': 39.2, 'y': 18.1}, 'block': {'x': 50.2, 'y': 1.8}, 'end': {'x': 48.1, 'y': 0}, 'goal': {'x': 48.1, 'y': 99.4}}",35,2050,650,shot,,13472610
"{'name': 'Tomás Pochettino', 'firstName': '', 'lastName': '', 'slug': 'tomas-pochettino', 'shortName': 'T. Pochettino', 'position': 'M', 'jerseyNumber': '7', 'userCount': 989, 'gender': 'M', 'id': 824626, 'fieldTranslations': {'nameTranslation': {'ar': 'توماس بوتشيتينو', 'bn': 'টমাস পোচেত্তিনো', 'hi': 'टॉमस पोचेतीनो'}, 'shortNameTranslation': {'ar': 'ت. بوتشيتينو', 'bn': 'টি. পোচেত্তিনো', 'hi': 'टी. पोचेतीनो'}}}",False,save,assisted,"{'x': 22.9, 'y': 22.5, 'z': 0}",right-foot,high-centre,"{'x': 0, 'y': 49.8, 'z': 20.9}","{'x': 2.5, 'y': 47.5, 'z': 0}",0.013458712026477,0.01033797301352,"{'name': 'Raúl', 'slug': 'raul', 'shortName': 'Raúl', 'position': 'G', 'jerseyNumber': '1', 'userCount': 540, 'gender': 'M', 'id': 866736, 'fieldTranslations': {'nameTranslation': {'ar': 'راؤول'}, 'shortNameTranslation': {'ar': 'راؤول'}}}",6313925,9,,505,"{'start': {'x': 22.5, 'y': 22.9}, 'block': {'x': 47.5, 'y': 2.5}, 'end': {'x': 50.2, 'y': 0}, 'goal': {'x': 50.2, 'y': 79.1}}",37,2195,505,shot,,13472610
"{'name': 'Alexsander', 'firstName': 'Alexsander', 'slug': 'alexsander', 'shortName': 'Alexsander', 'position': 'M', 'jerseyNumber': '5', 'userCount': 1979, 'gender': 'M', 'id': 1185617, 'fieldTranslations': {'nameTranslation': {'ar': 'Gomes da Costa, Alexsander Cristhian'}, 'shortNameTranslation': {'ar': 'A. C. G. d. Costa'}}}",True,save,corner,"{'x': 31.2, 'y': 54.6, 'z': 0}",left-foot,low-left,"{'x': 0, 'y': 53.6, 'z': 13.9}","{'x': 2, 'y': 50.5, 'z': 0}",0.010345401242375,0.11768490076065,"{'name': 'Daniel Fuzato', 'slug': 'daniel-fuzato', 'shortName': 'D. Fuzato', 'position': 'G', 'jerseyNumber': '13', 'userCount': 953, 'gender': 'M', 'id': 863276, 'fieldTranslations': {'nameTranslation': {'ar': 'دانيال فوزاتو', 'bn': 'ড্যানিয়েল ফুজাতো', 'hi': 'डैनियल फ़ुज़ातो'}, 'shortNameTranslation': {'ar': 'د. فوزاتو', 'bn': 'ডি. ফুজাতো', 'hi': 'डी. फ़ुज़ातो'}}}",6314527,85,,5052,"{'start': {'x': 54.6, 'y': 31.2}, 'block': {'x': 50.5, 'y': 2}, 'end': {'x': 46.4, 'y': 0}, 'goal': {'x': 46.4, 'y': 86.1}}",6,348,2352,shot,,13472596
"{'name': 'Tomás Cuello', 'slug': 'tomas-cuello', 'shortName': 'T. Cuello', 'position': 'M', 'jerseyNumber': '28', 'userCount': 1945, 'gender': 'M', 'id': 871273, 'fieldTranslations': {'nameTranslation': {'ar': 'توماس كويلو', 'bn': 'টমাস কুয়েলো', 'hi': 'टॉमस कुएल्लो'}, 'shortNameTranslation': {'ar': 'ت. كويلو', 'bn': 'টি. কুয়েলো', 'hi': 'टी. कुएल्लो'}}}",True,miss,assisted,"{'x': 4.5, 'y': 41, 'z': 0}",head,close-right,"{'x': 0, 'y': 42.5, 'z': 8.3}",,0.18674005568027,0.0,"{'name': 'Daniel Fuzato', 'slug': 'daniel-fuzato', 'shortName': 'D. Fuzato', 'position': 'G', 'jerseyNumber': '13', 'userCount': 953, 'gender': 'M', 'id': 863276, 'fieldTranslations': {'nameTranslation': {'ar': 'دانيال فوزاتو', 'bn': 'ড্যানিয়েল ফুজাতো', 'hi': 'डैनियल फ़ुज़ातो'}, 'shortNameTranslation': {'ar': 'د. فوزاتو', 'bn': 'ডি. ফুজাতো', 'hi': 'डी. फ़ुज़ातो'}}}",6314517,83,,4963,"{'start': {'x': 41, 'y': 4.5}, 'end': {'x': 57.5, 'y': 0}, 'goal': {'x': 57.5, 'y': 91.7}}",8,437,2263,shot,,13472596
"{'name': 'Gustavo Scarpa', 'slug': 'gustavo-scarpa', 'shortName': 'G. Scarpa', 'position': 'M', 'jerseyNumber': '10', 'userCount': 5526, 'gender': 'M', 'sofascoreId': 'gustavoscarpa10', 'id': 559036, 'fieldTranslations': {'nameTranslation': {'ar': 'غوستافو سكاربا', 'bn': 'গুস্তাভো স্কারপা', 'hi': 'गुस्तावो स्कार्पा'}, 'shortNameTranslation': {'ar': 'غوستافو سكاربا', 'bn': 'গুস্তাভো স্কারপা', 'hi': 'गुस्तावो स्कार्पा'}}}",True,block,set-piece,"{'x': 21.6, 'y': 59.5, 'z': 0}",left-foot,low-left,"{'x': 0, 'y': 53.6, 'z': 19}","{'x': 10.7, 'y': 54.3, 'z': 0}",0.036095164716244,0.0,"{'name': 'Daniel Fuzato', 'slug': 'daniel-fuzato', 'shortName': 'D. Fuzato', 'position': 'G', 'jerseyNumber': '13', 'userCount': 953, 'gender': 'M', 'id': 863276, 'fieldTranslations': {'nameTranslation': {'ar': 'دانيال فوزاتو', 'bn': 'ড্যানিয়েল ফুজাতো', 'hi': 'डैनियल फ़ुज़ातो'}, 'shortNameTranslation': {'ar': 'د. فوزاتو', 'bn': 'ডি. ফুজাতো', 'hi': 'डी. फ़ुज़ातो'}}}",6314489,80,,4767,"{'start': {'x': 59.5, 'y': 21.6}, 'block': {'x': 54.3, 'y': 10.7}, 'end': {'x': 46.4, 'y': 0}, 'goal': {'x': 46.4, 'y': 81}}",11,633,2067,shot,,13472596
"{'name': 'Tomás Cuello', 'slug': 'tomas-cuello', 'shortName': 'T. Cuello', 'position': 'M', 'jerseyNumber': '28', 'userCount': 1945, 'gender': 'M', 'id': 871273, 'fieldTranslations': {'nameTranslation': {'ar': 'توماس كويلو', 'bn': 'টমাস কুয়েলো', 'hi': 'टॉमस कुएल्लो'}, 'shortNameTranslation': {'ar': 'ت. كويلو', 'bn': 'টি. কুয়েলো', 'hi': 'टी. कुएल्लो'}}}",True,block,assisted,"{'x': 25, 'y': 31.7, 'z': 0}",right-foot,low-centre,"{'x': 0, 'y': 49.1, 'z': 19}","{'x': 19.3, 'y': 33.9, 'z': 0}",0.025362428277731,0.0,"{'name': 'Daniel Fuzato', 'slug': 'daniel-fuzato', 'shortName': 'D. Fuzato', 'position': 'G', 'jerseyNumber': '13', 'userCount': 953, 'gender': 'M', 'id': 863276, 'fieldTranslations': {'nameTranslation': {'ar': 'دانيال فوزاتو', 'bn': 'ড্যানিয়েল ফুজাতো', 'hi': 'डैनियल फ़ुज़ातो'}, 'shortNameTranslation': {'ar': 'د. فوزاتو', 'bn': 'ডি. ফুজাতো', 'hi': 'डी. फ़ुज़ातो'}}}",6314484,79,,4692,"{'start': {'x': 31.7, 'y': 25}, 'block': {'x': 33.9, 'y': 19.3}, 'end': {'x': 50.9, 'y': 0}, 'goal': {'x': 50.9, 'y': 81}}",12,708,1992,shot,,13472596
"{'name': 'Victor Luis', 'slug': 'victor-luis', 'shortName': 'V. Luis', 'position': 'D', 'jerseyNumber': '12', 'userCount': 1058, 'gender': 'M', 'id': 252781, 'fieldTranslations': {'nameTranslation': {'ar': 'فيكتور لويس'}, 'shortNameTranslation': {'ar': 'ف. لويس'}}}",True,goal,regular,"{'x': 4.9, 'y': 53.4, 'z': 0}",right-foot,low-right,"{'x': 0, 'y': 46.6, 'z': 2.5}",,,,"{'name': 'Daniel Fuzato', 'slug': 'daniel-fuzato', 'shortName': 'D. Fuzato', 'position': 'G', 'jerseyNumber': '13', 'userCount': 953, 'gender': 'M', 'id': 863276, 'fieldTranslations': {'nameTranslation': {'ar': 'دانيال فوزاتو', 'bn': 'ড্যানিয়েল ফুজাতো', 'hi': 'डैनियल फ़ुज़ातो'}, 'shortNameTranslation': {'ar': 'د. فوزاتو', 'bn': 'ডি. ফুজাতো', 'hi': 'डी. फ़ुज़ातो'}}}",6314466,75,,4469,"{'start': {'x': 53.4, 'y': 4.9}, 'end': {'x': 53.4, 'y': 0}, 'goal': {'x': 53.4, 'y': 97.5}}",16,931,1769,shot,own,13472596
"{'name': 'Hulk', 'slug': 'hulk', 'shortName': 'Hulk', 'position': 'F', 'jerseyNumber': '7', 'userCount': 24430, 'gender': 'M', 'sofascoreId': 'Hulk', 'id': 34705, 'fieldTranslations': {'nameTranslation': {'ar': 'هولك'}, 'shortNameTranslation': {'ar': 'هولك'}}}",True,miss,assisted,"{'x': 9.1, 'y': 48.1, 'z': 0}",left-foot,right,"{'x': 0, 'y': 24.9, 'z': 4.2}","{'x': 6.3, 'y': 53.1, 'z': 0}",0.288484364748,0.0,"{'name': 'Daniel Fuzato', 'slug': 'daniel-fuzato', 'shortName': 'D. Fuzato', 'position': 'G', 'jerseyNumber': '13', 'userCount': 953, 'gender': 'M', 'id': 863276, 'fieldTranslations': {'nameTranslation': {'ar': 'دانيال فوزاتو', 'bn': 'ড্যানিয়েল ফুজাতো', 'hi': 'डैनियल फ़ुज़ातो'}, 'shortNameTranslation': {'ar': 'د. فوزاتو', 'bn': 'ডি. ফুজাতো', 'hi': 'डी. फ़ुज़ातो'}}}",6314514,75,,4467,"{'start': {'x': 48.1, 'y': 9.1}, 'block': {'x': 53.1, 'y': 6.3}, 'end': {'x': 75.1, 'y': 0}, 'goal': {'x': 75.1, 'y': 95.8}}",16,933,1767,shot,,13472596
"{'name': 'Guilherme Arana', 'slug': 'guilherme-arana', 'shortName': 'G. Arana', 'position': 'D', 'jerseyNumber': '13', 'userCount': 4924, 'gender': 'M', 'sofascoreId': 'guiarana', 'id': 1127439, 'fieldTranslations': {'nameTranslation': {'ar': 'غيليرمي أرنا', 'bn': 'গুইলহার্ম আরনা', 'hi': 'गिल्हर्मे अराना'}, 'shortNameTranslation': {'ar': 'غ. أرنا', 'bn': 'জি. আরানা', 'hi': 'जी. अराना'}}}",True,miss,regular,"{'x': 11.5, 'y': 27.2, 'z': 0}",left-foot,right,"{'x': 0, 'y': 20, 'z': 18.1}","{'x': 7.7, 'y': 51.4, 'z': 0}",0.02782098017633,0.0,"{'name': 'Daniel Fuzato', 'slug': 'daniel-fuzato', 'shortName': 'D. Fuzato', 'position': 'G', 'jerseyNumber': '13', 'userCount': 953, 'gender': 'M', 'id': 863276, 'fieldTranslations': {'nameTranslation': {'ar': 'دانيال فوزاتو', 'bn': 'ড্যানিয়েল ফুজাতো', 'hi': 'डैनियल फ़ुज़ातो'}, 'shortNameTranslation': {'ar': 'د. فوزاتو', 'bn': 'ডি. ফুজাতো', 'hi': 'डी. फ़ुज़ातो'}}}",6314459,75,,4466,"{'start': {'x': 27.2, 'y': 11.5}, 'block': {'x': 51.4, 'y': 7.7}, 'end': {'x': 80, 'y': 0}, 'goal': {'x': 80, 'y': 81.9}}",16,934,1766,shot,,13472596
"{'name': 'Dudu', 'slug': 'dudu', 'shortName': 'Dudu', 'position': 'F', 'jerseyNumber': '92', 'userCount': 5173, 'gender': 'M', 'sofascoreId': '7_dudu', 'id': 147464, 'fieldTranslations': {'nameTranslation': {'ar': 'دودو'}, 'shortNameTranslation': {'ar': 'دودو'}}}",True,goal,assisted,"{'x': 8.3, 'y': 48.5, 'z': 0}",right-foot,low-centre,"{'x': 0, 'y': 48.3, 'z': 17.1}",,0.22923792898655,0.32700979709625,"{'name': 'Daniel Fuzato', 'slug': 'daniel-fuzato', 'shortName': 'D. Fuzato', 'position': 'G', 'jerseyNumber': '13', 'userCount': 953, 'gender': 'M', 'id': 863276, 'fieldTranslations': {'nameTranslation': {'ar': 'دانيال فوزاتو', 'bn': 'ড্যানিয়েল ফুজাতো', 'hi': 'डैनियल फ़ुज़ातो'}, 'shortNameTranslation': {'ar': 'د. فوزاتو', 'bn': 'ডি. ফুজাতো', 'hi': 'डी. फ़ुज़ातो'}}}",6314441,69,,4104,"{'start': {'x': 48.5, 'y': 8.3}, 'end': {'x': 51.7, 'y': 0}, 'goal': {'x': 51.7, 'y': 82.9}}",22,1296,1404,shot,regular,13472596
"{'name': 'Hulk', 'slug': 'hulk', 'shortName': 'Hulk', 'position': 'F', 'jerseyNumber': '7', 'userCount': 24430, 'gender': 'M', 'sofascoreId': 'Hulk', 'id': 34705, 'fieldTranslations': {'nameTranslation': {'ar': 'هولك'}, 'shortNameTranslation': {'ar': 'هولك'}}}",True,miss,assisted,"{'x': 23.1, 'y': 55.5, 'z': 0}",left-foot,close-left,"{'x': 0, 'y': 58.7, 'z': 8.3}",,0.073276229202747,0.0,"{'name': 'Daniel Fuzato', 'slug': 'daniel-fuzato', 'shortName': 'D. Fuzato', 'position': 'G', 'jerseyNumber': '13', 'userCount': 953, 'gender': 'M', 'id': 863276, 'fieldTranslations': {'nameTranslation': {'ar': 'دانيال فوزاتو', 'bn': 'ড্যানিয়েল ফুজাতো', 'hi': 'डैनियल फ़ुज़ातो'}, 'shortNameTranslation': {'ar': 'د. فوزاتو', 'bn': 'ডি. ফুজাতো', 'hi': 'डी. फ़ुज़ातो'}}}",6314336,53,,3148,"{'start': {'x': 55.5, 'y': 23.1}, 'end': {'x': 41.3, 'y': 0}, 'goal': {'x': 41.3, 'y': 91.7}}",38,2252,448,shot,,13472596
"{'name': 'Dudu', 'slug': 'dudu', 'shortName': 'Dudu', 'position': 'F', 'jerseyNumber': '92', 'userCount': 5173, 'gender': 'M', 'sofascoreId': '7_dudu', 'id': 147464, 'fieldTranslations': {'nameTranslation': {'ar': 'دودو'}, 'shortNameTranslation': {'ar': 'دودو'}}}",True,goal,assisted,"{'x': 9.8, 'y': 34, 'z': 0}",right-foot,low-centre,"{'x': 0, 'y': 49.1, 'z': 1.9}",,0.11345634609461,0.28042149543762,"{'name': 'Daniel Fuzato', 'slug': 'daniel-fuzato', 'shortName': 'D. Fuzato', 'position': 'G', 'jerseyNumber': '13', 'userCount': 953, 'gender': 'M', 'id': 863276, 'fieldTranslations': {'nameTranslation': {'ar': 'دانيال فوزاتو', 'bn': 'ড্যানিয়েল ফুজাতো', 'hi': 'डैनियल फ़ुज़ातो'}, 'shortNameTranslation': {'ar': 'د. فوزاتو', 'bn': 'ডি. ফুজাতো', 'hi': 'डी. फ़ुज़ातो'}}}",6314317,49,,2884,"{'start': {'x': 34, 'y': 9.8}, 'end': {'x': 50.9, 'y': 0}, 'goal': {'x': 50.9, 'y': 98.1}}",42,2516,184,shot,regular,13472596
"{'name': 'Junior Alonso', 'slug': 'junior-alonso', 'shortName': 'J. Alonso', 'position': 'D', 'jerseyNumber': '6', 'userCount': 1792, 'gender': 'M', 'id': 333275, 'fieldTranslations': {'nameTranslation': {'ar': 'جونيور ألونسو', 'bn': 'জুনিয়র আলোনসো', 'hi': 'जूनियर अलोंसो'}, 'shortNameTranslation': {'ar': 'ج. ألونسو', 'bn': 'জে. অ্যালোনসো', 'hi': 'जे. अलोंसो'}}}",True,miss,corner,"{'x': 3.2, 'y': 61.5, 'z': 0}",head,high,"{'x': 0, 'y': 50.6, 'z': 68.1}",,0.036231875419617,0.0,"{'name': 'Daniel Fuzato', 'slug': 'daniel-fuzato', 'shortName': 'D. Fuzato', 'position': 'G', 'jerseyNumber': '13', 'userCount': 953, 'gender': 'M', 'id': 863276, 'fieldTranslations': {'nameTranslation': {'ar': 'دانيال فوزاتو', 'bn': 'ড্যানিয়েল ফুজাতো', 'hi': 'डैनियल फ़ुज़ातो'}, 'shortNameTranslation': {'ar': 'د. فوزاتو', 'bn': 'ডি. ফুজাতো', 'hi': 'डी. फ़ुज़ातो'}}}",6314221,44,,2624,"{'start': {'x': 61.5, 'y': 3.2}, 'end': {'x': 49.4, 'y': 0}, 'goal': {'x': 49.4, 'y': 31.9}}",2,76,2624,shot,,13472596
"{'name': 'Hulk', 'slug': 'hulk', 'shortName': 'Hulk', 'position': 'F', 'jerseyNumber': '7', 'userCount': 24430, 'gender': 'M', 'sofascoreId': 'Hulk', 'id': 34705, 'fieldTranslations': {'nameTranslation': {'ar': 'هولك'}, 'shortNameTranslation': {'ar': 'هولك'}}}",True,post,assisted,"{'x': 23.2, 'y': 61.7, 'z': 0}",left-foot,high,"{'x': 0, 'y': 54.2, 'z': 40.5}",,0.027756175026298,0.0,"{'name': 'Daniel Fuzato', 'slug': 'daniel-fuzato', 'shortName': 'D. Fuzato', 'position': 'G', 'jerseyNumber': '13', 'userCount': 953, 'gender': 'M', 'id': 863276, 'fieldTranslations': {'nameTranslation': {'ar': 'دانيال فوزاتو', 'bn': 'ড্যানিয়েল ফুজাতো', 'hi': 'डैनियल फ़ुज़ातो'}, 'shortNameTranslation': {'ar': 'د. فوزاتو', 'bn': 'ডি. ফুজাতো', 'hi': 'डी. फ़ुज़ातो'}}}",6314191,43,,2548,"{'start': {'x': 61.7, 'y': 23.2}, 'end': {'x': 45.8, 'y': 0}, 'goal': {'x': 45.8, 'y': 59.5}}",3,152,2548,shot,,13472596
"{'name': 'Hulk', 'slug': 'hulk', 'shortName': 'Hulk', 'position': 'F', 'jerseyNumber': '7', 'userCount': 24430, 'gender': 'M', 'sofascoreId': 'Hulk', 'id': 34705, 'fieldTranslations': {'nameTranslation': {'ar': 'هولك'}, 'shortNameTranslation': {'ar': 'هولك'}}}",True,goal,free-kick,"{'x': 30.4, 'y': 31.2, 'z': 0}",left-foot,low-right,"{'x': 0, 'y': 46.1, 'z': 13.9}",,0.02648588269949,0.072048135101795,"{'name': 'Daniel Fuzato', 'slug': 'daniel-fuzato', 'shortName': 'D. Fuzato', 'position': 'G', 'jerseyNumber': '13', 'userCount': 953, 'gender': 'M', 'id': 863276, 'fieldTranslations': {'nameTranslation': {'ar': 'دانيال فوزاتو', 'bn': 'ড্যানিয়েল ফুজাতো', 'hi': 'डैनियल फ़ुज़ातो'}, 'shortNameTranslation': {'ar': 'د. فوزاتو', 'bn': 'ডি. ফুজাতো', 'hi': 'डी. फ़ुज़ातो'}}}",6314091,32,,1900,"{'start': {'x': 31.2, 'y': 30.4}, 'end': {'x': 53.9, 'y': 0}, 'goal': {'x': 53.9, 'y': 86.1}}",14,800,1900,shot,regular,13472596
"{'name': 'Matheus França', 'firstName': 'Matheus França', 'slug': 'matheus-franca', 'shortName': 'Matheus França', 'position': 'F', 'jerseyNumber': '9', 'userCount': 3714, 'gender': 'M', 'id': 1116593, 'fieldTranslations': {'nameTranslation': {'ar': 'ماتيوس فرانكا', 'bn': 'ম্যাথিউস ফ্রাঙ্কা', 'hi': 'मैथियस फ्रांस'}, 'shortNameTranslation': {'ar': 'م. فرانكا', 'bn': 'ম্যাথিউস ফ্রাঙ্কা', 'hi': 'मैथियस फ्रांस'}}}",False,miss,assisted,"{'x': 30.8, 'y': 34.2, 'z': 0}",right-foot,high-right,"{'x': 0, 'y': 33.3, 'z': 63.9}",,0.016079094260931,0.0,"{'name': 'Everson', 'slug': 'everson', 'shortName': 'Everson', 'position': 'G', 'jerseyNumber': '22', 'userCount': 2199, 'gender': 'M', 'id': 870748, 'fieldTranslations': {'nameTranslation': {'ar': 'إيفرسون', 'bn': 'এভারসন', 'hi': 'एवरसन'}, 'shortNameTranslation': {'ar': 'إيفرسون', 'bn': 'এভারসন', 'hi': 'एवरसन'}}}",6314058,26,,1558,"{'start': {'x': 34.2, 'y': 30.8}, 'end': {'x': 66.7, 'y': 0}, 'goal': {'x': 66.7, 'y': 36.1}}",20,1142,1558,shot,,13472596
"{'name': 'Junior Alonso', 'slug': 'junior-alonso', 'shortName': 'J. Alonso', 'position': 'D', 'jerseyNumber': '6', 'userCount': 1792, 'gender': 'M', 'id': 333275, 'fieldTranslations': {'nameTranslation': {'ar': 'جونيور ألونسو', 'bn': 'জুনিয়র আলোনসো', 'hi': 'जूनियर अलोंसो'}, 'shortNameTranslation': {'ar': 'ج. ألونسو', 'bn': 'জে. অ্যালোনসো', 'hi': 'जे. अलोंसो'}}}",True,goal,corner,"{'x': 9.8, 'y': 47, 'z': 0}",right-foot,low-centre,"{'x': 0, 'y': 50.3, 'z': 3.8}",,0.071532115340233,0.19381900131702,"{'name': 'Daniel Fuzato', 'slug': 'daniel-fuzato', 'shortName': 'D. Fuzato', 'position': 'G', 'jerseyNumber': '13', 'userCount': 953, 'gender': 'M', 'id': 863276, 'fieldTranslations': {'nameTranslation': {'ar': 'دانيال فوزاتو', 'bn': 'ড্যানিয়েল ফুজাতো', 'hi': 'डैनियल फ़ुज़ातो'}, 'shortNameTranslation': {'ar': 'د. فوزاتو', 'bn': 'ডি. ফুজাতো', 'hi': 'डी. फ़ुज़ातो'}}}",6314008,19,,1137,"{'start': {'x': 47, 'y': 9.8}, 'end': {'x': 49.7, 'y': 0}, 'goal': {'x': 49.7, 'y': 96.2}}",27,1563,1137,shot,regular,13472596
"{'name': 'Rony', 'slug': 'rony', 'shortName': 'Rony', 'position': 'F', 'jerseyNumber': '11', 'userCount': 5649, 'gender': 'M', 'sofascoreId': 'Rony', 'id': 835260, 'fieldTranslations': {'nameTranslation': {'ar': 'روني', 'bn': 'রনি', 'hi': 'रोनी'}, 'shortNameTranslation': {'ar': 'روني', 'bn': 'রনি', 'hi': 'रोनी'}}}",True,save,corner,"{'x': 7.6, 'y': 44.8, 'z': 0}",left-foot,low-centre,"{'x': 0, 'y': 49.6, 'z': 8.9}","{'x': 1.4, 'y': 50.2, 'z': 0}",0.36411848664284,0.21481515467167,"{'name': 'Daniel Fuzato', 'slug': 'daniel-fuzato', 'shortName': 'D. Fuzato', 'position': 'G', 'jerseyNumber': '13', 'userCount': 953, 'gender': 'M', 'id': 863276, 'fieldTranslations': {'nameTranslation': {'ar': 'دانيال فوزاتو', 'bn': 'ড্যানিয়েল ফুজাতো', 'hi': 'डैनियल फ़ुज़ातो'}, 'shortNameTranslation': {'ar': 'د. فوزاتو', 'bn': 'ডি. ফুজাতো', 'hi': 'डी. फ़ुज़ातो'}}}",6314012,18,,1076,"{'start': {'x': 44.8, 'y': 7.6}, 'block': {'x': 50.2, 'y': 1.4}, 'end': {'x': 50.4, 'y': 0}, 'goal': {'x': 50.4, 'y': 91.1}}",28,1624,1076,shot,,13472596
"{'name': 'Igor Gomes', 'slug': 'igor-gomes', 'shortName': 'I. Gomes', 'position': 'M', 'jerseyNumber': '17', 'userCount': 1156, 'gender': 'M', 'id': 913598, 'fieldTranslations': {'nameTranslation': {'ar': 'إيغور غوميز'}, 'shortNameTranslation': {'ar': 'إ. غوميز'}}}",True,miss,corner,"{'x': 20.7, 'y': 66.6, 'z': 0}",right-foot,left,"{'x': 0, 'y': 68.6, 'z': 18.1}","{'x': 7.6, 'y': 46, 'z': 0}",0.014119652099907,0.0,"{'name': 'Daniel Fuzato', 'slug': 'daniel-fuzato', 'shortName': 'D. Fuzato', 'position': 'G', 'jerseyNumber': '13', 'userCount': 953, 'gender': 'M', 'id': 863276, 'fieldTranslations': {'nameTranslation': {'ar': 'دانيال فوزاتو', 'bn': 'ড্যানিয়েল ফুজাতো', 'hi': 'डैनियल फ़ुज़ातो'}, 'shortNameTranslation': {'ar': 'د. فوزاتو', 'bn': 'ডি. ফুজাতো', 'hi': 'डी. फ़ुज़ातो'}}}",6314002,18,,1075,"{'start': {'x': 66.6, 'y': 20.7}, 'block': {'x': 46, 'y': 7.6}, 'end': {'x': 31.4, 'y': 0}, 'goal': {'x': 31.4, 'y': 81.9}}",28,1625,1075,shot,,13472596
"{'name': 'Hulk', 'slug': 'hulk', 'shortName': 'Hulk', 'position': 'F', 'jerseyNumber': '7', 'userCount': 24430, 'gender': 'M', 'sofascoreId': 'Hulk', 'id': 34705, 'fieldTranslations': {'nameTranslation': {'ar': 'هولك'}, 'shortNameTranslation': {'ar': 'هولك'}}}",True,block,assisted,"{'x': 8.6, 'y': 31, 'z': 0}",left-foot,low-centre,"{'x': 0, 'y': 49.3, 'z': 19}","{'x': 7.5, 'y': 33.6, 'z': 0}",0.031171044334769,0.0,"{'name': 'Daniel Fuzato', 'slug': 'daniel-fuzato', 'shortName': 'D. Fuzato', 'position': 'G', 'jerseyNumber': '13', 'userCount': 953, 'gender': 'M', 'id': 863276, 'fieldTranslations': {'nameTranslation': {'ar': 'دانيال فوزاتو', 'bn': 'ড্যানিয়েল ফুজাতো', 'hi': 'डैनियल फ़ुज़ातो'}, 'shortNameTranslation': {'ar': 'د. فوزاتو', 'bn': 'ডি. ফুজাতো', 'hi': 'डी. फ़ुज़ातो'}}}",6313999,18,,1033,"{'start': {'x': 31, 'y': 8.6}, 'block': {'x': 33.6, 'y': 7.5}, 'end': {'x': 50.7, 'y': 0}, 'goal': {'x': 50.7, 'y': 81}}",28,1667,1033,shot,,13472596
"{'name': 'Dudu', 'slug': 'dudu', 'shortName': 'Dudu', 'position': 'F', 'jerseyNumber': '92', 'userCount': 5173, 'gender': 'M', 'sofascoreId': '7_dudu', 'id': 147464, 'fieldTranslations': {'nameTranslation': {'ar': 'دودو'}, 'shortNameTranslation': {'ar': 'دودو'}}}",True,block,fast-break,"{'x': 26.9, 'y': 47.9, 'z': 0}",right-foot,low-centre,"{'x': 0, 'y': 51.2, 'z': 19}","{'x': 18, 'y': 48.2, 'z': 0}",0.055532582104206,0.0,"{'name': 'Daniel Fuzato', 'slug': 'daniel-fuzato', 'shortName': 'D. Fuzato', 'position': 'G', 'jerseyNumber': '13', 'userCount': 953, 'gender': 'M', 'id': 863276, 'fieldTranslations': {'nameTranslation': {'ar': 'دانيال فوزاتو', 'bn': 'ড্যানিয়েল ফুজাতো', 'hi': 'डैनियल फ़ुज़ातो'}, 'shortNameTranslation': {'ar': 'د. فوزاتو', 'bn': 'ডি. ফুজাতো', 'hi': 'डी. फ़ुज़ातो'}}}",6313944,11,,634,"{'start': {'x': 47.9, 'y': 26.9}, 'block': {'x': 48.2, 'y': 18}, 'end': {'x': 48.8, 'y': 0}, 'goal': {'x': 48.8, 'y': 81}}",35,2066,634,shot,,13472596
"{'name': 'Junior Alonso', 'slug': 'junior-alonso', 'shortName': 'J. Alonso', 'position': 'D', 'jerseyNumber': '6', 'userCount': 1792, 'gender': 'M', 'id': 333275, 'fieldTranslations': {'nameTranslation': {'ar': 'جونيور ألونسو', 'bn': 'জুনিয়র আলোনসো', 'hi': 'जूनियर अलोंसो'}, 'shortNameTranslation': {'ar': 'ج. ألونسو', 'bn': 'জে. অ্যালোনসো', 'hi': 'जे. अलोंसो'}}}",True,block,regular,"{'x': 17.5, 'y': 35, 'z': 0}",left-foot,high-centre,"{'x': 0, 'y': 49.7, 'z': 22.2}","{'x': 5.1, 'y': 47.7, 'z': 0}",0.049038544297218,0.0,"{'name': 'Daniel Fuzato', 'slug': 'daniel-fuzato', 'shortName': 'D. Fuzato', 'position': 'G', 'jerseyNumber': '13', 'userCount': 953, 'gender': 'M', 'id': 863276, 'fieldTranslations': {'nameTranslation': {'ar': 'دانيال فوزاتو', 'bn': 'ড্যানিয়েল ফুজাতো', 'hi': 'डैनियल फ़ुज़ातो'}, 'shortNameTranslation': {'ar': 'د. فوزاتو', 'bn': 'ডি. ফুজাতো', 'hi': 'डी. फ़ुज़ातो'}}}",6313901,4,,209,"{'start': {'x': 35, 'y': 17.5}, 'block': {'x': 47.7, 'y': 5.1}, 'end': {'x': 50.3, 'y': 0}, 'goal': {'x': 50.3, 'y': 77.8}}",42,2491,209,shot,,13472596
"{'name': 'Hulk', 'slug': 'hulk', 'shortName': 'Hulk', 'position': 'F', 'jerseyNumber': '7', 'userCount': 24430, 'gender': 'M', 'sofascoreId': 'Hulk', 'id': 34705, 'fieldTranslations': {'nameTranslation': {'ar': 'هولك'}, 'shortNameTranslation': {'ar': 'هولك'}}}",True,post,assisted,"{'x': 4.2, 'y': 53.3, 'z': 0}",head,high,"{'x': 0, 'y': 48.4, 'z': 38.6}",,0.28584995865822,0.0,"{'name': 'Daniel Fuzato', 'slug': 'daniel-fuzato', 'shortName': 'D. Fuzato', 'position': 'G', 'jerseyNumber': '13', 'userCount': 953, 'gender': 'M', 'id': 863276, 'fieldTranslations': {'nameTranslation': {'ar': 'دانيال فوزاتو', 'bn': 'ড্যানিয়েল ফুজাতো', 'hi': 'डैनियल फ़ुज़ातो'}, 'shortNameTranslation': {'ar': 'د. فوزاتو', 'bn': 'ডি. ফুজাতো', 'hi': 'डी. फ़ुज़ातो'}}}",6313898,4,,204,"{'start': {'x': 53.3, 'y': 4.2}, 'end': {'x': 51.6, 'y': 0}, 'goal': {'x': 51.6, 'y': 61.4}}",42,2496,204,shot,,13472596
"{'name': 'Thiago Silva', 'slug': 'thiago-silva', 'shortName': 'T. Silva', 'position': 'D', 'jerseyNumber': '3', 'userCount': 42280, 'gender': 'M', 'sofascoreId': 'ThiagoSilva', 'id': 33541, 'fieldTranslations': {'nameTranslation': {'ar': 'تياغو سيلفا', 'bn': 'থিয়াগো সিলভা', 'hi': 'थियागो सिल्वा'}, 'shortNameTranslation': {'ar': 'ت. سيلفا', 'bn': 'টি. সিলভা', 'hi': 'टी. सिल्वा'}}}",True,goal,set-piece,"{'x': 5.1, 'y': 51.3, 'z': 0}",head,low-centre,"{'x': 0, 'y': 48.5, 'z': 12.7}",,0.23071819543839,0.27915462851524,"{'name': 'Ronaldo', 'slug': 'ronaldo', 'shortName': 'Ronaldo', 'position': 'G', 'jerseyNumber': '96', 'userCount': 1023, 'gender': 'M', 'id': 840106, 'fieldTranslations': {'nameTranslation': {'ar': 'رونالدو'}, 'shortNameTranslation': {'ar': 'رونالدو'}}}",6314516,83,,4947,"{'start': {'x': 51.3, 'y': 5.1}, 'end': {'x': 51.5, 'y': 0}, 'goal': {'x': 51.5, 'y': 87.3}}",8,453,2247,shot,regular,13472602
"{'name': 'Luciano Juba', 'slug': 'luciano-juba', 'shortName': 'L. Juba', 'position': 'D', 'jerseyNumber': '46', 'userCount': 3668, 'gender': 'M', 'id': 1017264, 'fieldTranslations': {'nameTranslation': {'ar': 'لوسيانو جوبا', 'bn': 'লুসিয়ানো জুবা', 'hi': 'लुसियानो जुबा'}, 'shortNameTranslation': {'ar': 'ل. جوبا', 'bn': 'এল. জুবা', 'hi': 'एल. जुबा'}}}",False,miss,corner,"{'x': 23.9, 'y': 27.4, 'z': 0}",left-foot,close-high,"{'x': 0, 'y': 46.7, 'z': 48.6}",,0.012471433728933,0.0,"{'name': 'Fábio', 'firstName': '', 'lastName': '', 'slug': 'fabio', 'shortName': 'Fábio', 'position': 'G', 'jerseyNumber': '1', 'userCount': 4343, 'gender': 'M', 'id': 17785, 'fieldTranslations': {'nameTranslation': {'ar': 'فابيو', 'bn': 'ফ্যাবিও', 'hi': 'फैबियो'}, 'shortNameTranslation': {'ar': 'فابيو', 'bn': 'ফ্যাবিও', 'hi': 'फैबियो'}}}",6314482,78,,4661,"{'start': {'x': 27.4, 'y': 23.9}, 'end': {'x': 53.3, 'y': 0}, 'goal': {'x': 53.3, 'y': 51.4}}",13,739,1961,shot,,13472602
"{'name': 'Rodrigo Nestor', 'slug': 'rodrigo-nestor', 'shortName': 'R. Nestor', 'position': 'M', 'jerseyNumber': '11', 'userCount': 2062, 'gender': 'M', 'id': 905461, 'fieldTranslations': {'nameTranslation': {'ar': 'رودريغو نيستور', 'bn': 'রদ্রিগো নেস্টর', 'hi': 'रोड्रिगो नेस्टर'}, 'shortNameTranslation': {'ar': 'ر. نيستور', 'bn': 'আর. নেস্টর', 'hi': 'आर. नेस्टर'}}}",False,save,assisted,"{'x': 24.6, 'y': 68.5, 'z': 0}",left-foot,high-centre,"{'x': 0, 'y': 48.5, 'z': 28.5}","{'x': 0.7, 'y': 52.3, 'z': 0}",0.017275491729379,0.046180255711079,"{'name': 'Fábio', 'firstName': '', 'lastName': '', 'slug': 'fabio', 'shortName': 'Fábio', 'position': 'G', 'jerseyNumber': '1', 'userCount': 4343, 'gender': 'M', 'id': 17785, 'fieldTranslations': {'nameTranslation': {'ar': 'فابيو', 'bn': 'ফ্যাবিও', 'hi': 'फैबियो'}, 'shortNameTranslation': {'ar': 'فابيو', 'bn': 'ফ্যাবিও', 'hi': 'फैबियो'}}}",6314476,78,,4627,"{'start': {'x': 68.5, 'y': 24.6}, 'block': {'x': 52.3, 'y': 0.7}, 'end': {'x': 51.5, 'y': 0}, 'goal': {'x': 51.5, 'y': 71.5}}",13,773,1927,shot,,13472602
"{'name': 'Ganso', 'slug': 'ganso', 'shortName': 'Ganso', 'position': 'M', 'jerseyNumber': '10', 'userCount': 3285, 'gender': 'M', 'id': 116853, 'fieldTranslations': {'nameTranslation': {'ar': 'غانسو'}, 'shortNameTranslation': {'ar': 'غانسو'}}}",True,goal,regular,"{'x': 14.1, 'y': 55.1, 'z': 0}",left-foot,low-centre,"{'x': 0, 'y': 50.2, 'z': 5.1}",,0.36500063538551,0.25046998262405,"{'name': 'Ronaldo', 'slug': 'ronaldo', 'shortName': 'Ronaldo', 'position': 'G', 'jerseyNumber': '96', 'userCount': 1023, 'gender': 'M', 'id': 840106, 'fieldTranslations': {'nameTranslation': {'ar': 'رونالدو'}, 'shortNameTranslation': {'ar': 'رونالدو'}}}",6314463,75,,4490,"{'start': {'x': 55.1, 'y': 14.1}, 'end': {'x': 49.8, 'y': 0}, 'goal': {'x': 49.8, 'y': 94.9}}",16,910,1790,shot,regular,13472602
"{'name': 'Erick Pulga', 'firstName': 'Erick', 'lastName': 'Pulga', 'slug': 'erick-pulga', 'shortName': 'E. Pulga', 'position': 'M', 'jerseyNumber': '16', 'userCount': 4849, 'gender': 'M', 'id': 1104070, 'fieldTranslations': {'nameTranslation': {'ar': 'إريك بولغا', 'bn': 'এরিক পুলগা', 'hi': 'एरिक पुल्गा'}, 'shortNameTranslation': {'ar': 'إ. بولغا', 'bn': 'ই. পুলগা', 'hi': 'ई. पुल्गा'}}}",False,save,assisted,"{'x': 11.9, 'y': 65.4, 'z': 0}",right-foot,low-centre,"{'x': 0, 'y': 49.8, 'z': 3.8}","{'x': 2.2, 'y': 53.4, 'z': 0}",0.03805797919631,0.029418352991343,"{'name': 'Fábio', 'firstName': '', 'lastName': '', 'slug': 'fabio', 'shortName': 'Fábio', 'position': 'G', 'jerseyNumber': '1', 'userCount': 4343, 'gender': 'M', 'id': 17785, 'fieldTranslations': {'nameTranslation': {'ar': 'فابيو', 'bn': 'ফ্যাবিও', 'hi': 'फैबियो'}, 'shortNameTranslation': {'ar': 'فابيو', 'bn': 'ফ্যাবিও', 'hi': 'फैबियो'}}}",6314440,70,,4149,"{'start': {'x': 65.4, 'y': 11.9}, 'block': {'x': 53.4, 'y': 2.2}, 'end': {'x': 50.2, 'y': 0}, 'goal': {'x': 50.2, 'y': 96.2}}",21,1251,1449,shot,,13472602
"{'name': 'Agustín Canobbio', 'firstName': '', 'lastName': '', 'slug': 'agustin-canobbio', 'shortName': 'A. Canobbio', 'position': 'M', 'jerseyNumber': '17', 'userCount': 3096, 'gender': 'M', 'id': 846413, 'fieldTranslations': {'nameTranslation': {'ar': 'أغوستين كانوبيو', 'bn': 'অগাস্টিন ক্যানোবিও', 'hi': 'अगस्टिन कैनोबियो'}, 'shortNameTranslation': {'ar': 'أ. كانوبيو', 'bn': 'এ. ক্যানোবিও', 'hi': 'ए. कैनोबियो'}}}",True,save,corner,"{'x': 12.7, 'y': 30.8, 'z': 0}",left-foot,low-centre,"{'x': 0, 'y': 51.6, 'z': 9.5}","{'x': 1.9, 'y': 46.4, 'z': 0}",0.028681825846434,0.028217311948538,"{'name': 'Ronaldo', 'slug': 'ronaldo', 'shortName': 'Ronaldo', 'position': 'G', 'jerseyNumber': '96', 'userCount': 1023, 'gender': 'M', 'id': 840106, 'fieldTranslations': {'nameTranslation': {'ar': 'رونالدو'}, 'shortNameTranslation': {'ar': 'رونالدو'}}}",6314427,66,,3912,"{'start': {'x': 30.8, 'y': 12.7}, 'block': {'x': 46.4, 'y': 1.9}, 'end': {'x': 48.4, 'y': 0}, 'goal': {'x': 48.4, 'y': 90.5}}",25,1488,1212,shot,,13472602
"{'name': 'Yeferson Soteldo', 'slug': 'yeferson-soteldo', 'shortName': 'Y. Soteldo', 'position': 'M', 'jerseyNumber': '7', 'userCount': 11177, 'gender': 'M', 'sofascoreId': 'yefersonsoteldo1006', 'id': 789960, 'fieldTranslations': {'nameTranslation': {'ar': 'يفرسون سوتيلدو', 'bn': 'ইয়েফারসন সোটেলডো', 'hi': 'येफरसन सोतेल्डो'}, 'shortNameTranslation': {'ar': 'ي. سوتيلدو', 'bn': 'ওয়াই. সোটেলডো', 'hi': 'वाई. सोतेल्डो'}}}",True,block,corner,"{'x': 11.4, 'y': 64.8, 'z': 0}",left-foot,low-centre,"{'x': 0, 'y': 48.6, 'z': 19}","{'x': 7.9, 'y': 60.7, 'z': 0}",0.050734672695398,0.0,"{'name': 'Ronaldo', 'slug': 'ronaldo', 'shortName': 'Ronaldo', 'position': 'G', 'jerseyNumber': '96', 'userCount': 1023, 'gender': 'M', 'id': 840106, 'fieldTranslations': {'nameTranslation': {'ar': 'رونالدو'}, 'shortNameTranslation': {'ar': 'رونالدو'}}}",6314428,65,,3873,"{'start': {'x': 64.8, 'y': 11.4}, 'block': {'x': 60.7, 'y': 7.9}, 'end': {'x': 51.4, 'y': 0}, 'goal': {'x': 51.4, 'y': 81}}",26,1527,1173,shot,,13472602
"{'name': 'Thiago Silva', 'slug': 'thiago-silva', 'shortName': 'T. Silva', 'position': 'D', 'jerseyNumber': '3', 'userCount': 42280, 'gender': 'M', 'sofascoreId': 'ThiagoSilva', 'id': 33541, 'fieldTranslations': {'nameTranslation': {'ar': 'تياغو سيلفا', 'bn': 'থিয়াগো সিলভা', 'hi': 'थियागो सिल्वा'}, 'shortNameTranslation': {'ar': 'ت. سيلفا', 'bn': 'টি. সিলভা', 'hi': 'टी. सिल्वा'}}}",True,miss,set-piece,"{'x': 10.1, 'y': 54, 'z': 0}",left-foot,right,"{'x': 0, 'y': 32.9, 'z': 26.4}","{'x': 6, 'y': 63, 'z': 0}",0.35691812634468,0.0,"{'name': 'Ronaldo', 'slug': 'ronaldo', 'shortName': 'Ronaldo', 'position': 'G', 'jerseyNumber': '96', 'userCount': 1023, 'gender': 'M', 'id': 840106, 'fieldTranslations': {'nameTranslation': {'ar': 'رونالدو'}, 'shortNameTranslation': {'ar': 'رونالدو'}}}",6314420,65,,3847,"{'start': {'x': 54, 'y': 10.1}, 'block': {'x': 63, 'y': 6}, 'end': {'x': 67.1, 'y': 0}, 'goal': {'x': 67.1, 'y': 73.6}}",26,1553,1147,shot,,13472602
"{'name': 'Erick Pulga', 'firstName': 'Erick', 'lastName': 'Pulga', 'slug': 'erick-pulga', 'shortName': 'E. Pulga', 'position': 'M', 'jerseyNumber': '16', 'userCount': 4849, 'gender': 'M', 'id': 1104070, 'fieldTranslations': {'nameTranslation': {'ar': 'إريك بولغا', 'bn': 'এরিক পুলগা', 'hi': 'एरिक पुल्गा'}, 'shortNameTranslation': {'ar': 'إ. بولغا', 'bn': 'ই. পুলগা', 'hi': 'ई. पुल्गा'}}}",False,block,assisted,"{'x': 19.4, 'y': 52.6, 'z': 0}",left-foot,low-centre,"{'x': 0, 'y': 49.4, 'z': 19}","{'x': 17, 'y': 52.3, 'z': 0}",0.059814531356096,0.0,"{'name': 'Fábio', 'firstName': '', 'lastName': '', 'slug': 'fabio', 'shortName': 'Fábio', 'position': 'G', 'jerseyNumber': '1', 'userCount': 4343, 'gender': 'M', 'id': 17785, 'fieldTranslations': {'nameTranslation': {'ar': 'فابيو', 'bn': 'ফ্যাবিও', 'hi': 'फैबियो'}, 'shortNameTranslation': {'ar': 'فابيو', 'bn': 'ফ্যাবিও', 'hi': 'फैबियो'}}}",6314365,56,,3350,"{'start': {'x': 52.6, 'y': 19.4}, 'block': {'x': 52.3, 'y': 17}, 'end': {'x': 50.6, 'y': 0}, 'goal': {'x': 50.6, 'y': 81}}",35,2050,650,shot,,13472602
"{'name': 'Everton Ribeiro', 'slug': 'everton-ribeiro', 'shortName': 'E. Ribeiro', 'position': 'M', 'jerseyNumber': '10', 'userCount': 5841, 'gender': 'M', 'sofascoreId': 'evertonri', 'id': 145063, 'fieldTranslations': {'nameTranslation': {'ar': 'إيفرتون ريبييرو', 'bn': 'এভারটন রিবেইরো', 'hi': 'एवर्टन रिबेरो'}, 'shortNameTranslation': {'ar': 'إيفرتون ريبييرو', 'bn': 'এভারটন রিবেইরো', 'hi': 'एवर्टन रिबेरो'}}}",False,miss,fast-break,"{'x': 10.7, 'y': 61.5, 'z': 0}",head,left,"{'x': 0, 'y': 67.2, 'z': 20.8}","{'x': 1.9, 'y': 34.7, 'z': 0}",0.035674884915352,0.0,"{'name': 'Fábio', 'firstName': '', 'lastName': '', 'slug': 'fabio', 'shortName': 'Fábio', 'position': 'G', 'jerseyNumber': '1', 'userCount': 4343, 'gender': 'M', 'id': 17785, 'fieldTranslations': {'nameTranslation': {'ar': 'فابيو', 'bn': 'ফ্যাবিও', 'hi': 'फैबियो'}, 'shortNameTranslation': {'ar': 'فابيو', 'bn': 'ফ্যাবিও', 'hi': 'फैबियो'}}}",6314409,52,,3085,"{'start': {'x': 61.5, 'y': 10.7}, 'block': {'x': 34.7, 'y': 1.9}, 'end': {'x': 32.8, 'y': 0}, 'goal': {'x': 32.8, 'y': 79.2}}",39,2315,385,shot,,13472602
"{'name': 'Tiago Souza', 'slug': 'tiago-souza', 'shortName': 'T. Souza', 'position': 'F', 'jerseyNumber': '11', 'userCount': 958, 'gender': 'M', 'id': 1469531, 'fieldTranslations': {'nameTranslation': {'ar': 'تياغو سوزا'}, 'shortNameTranslation': {'ar': 'ت. سوزا'}}}",False,miss,corner,"{'x': 3.3, 'y': 60.1, 'z': 0}",head,left,"{'x': 0, 'y': 70.6, 'z': 9.7}",,0.056169003248215,0.0,"{'name': 'Fábio', 'firstName': '', 'lastName': '', 'slug': 'fabio', 'shortName': 'Fábio', 'position': 'G', 'jerseyNumber': '1', 'userCount': 4343, 'gender': 'M', 'id': 17785, 'fieldTranslations': {'nameTranslation': {'ar': 'فابيو', 'bn': 'ফ্যাবিও', 'hi': 'फैबियो'}, 'shortNameTranslation': {'ar': 'فابيو', 'bn': 'ফ্যাবিও', 'hi': 'फैबियो'}}}",6314325,50,,2976,"{'start': {'x': 60.1, 'y': 3.3}, 'end': {'x': 29.4, 'y': 0}, 'goal': {'x': 29.4, 'y': 90.3}}",41,2424,276,shot,,13472602
"{'name': 'Jean Lucas', 'slug': 'jean-lucas', 'shortName': 'J. Lucas', 'position': 'M', 'jerseyNumber': '6', 'userCount': 3757, 'gender': 'M', 'id': 927975, 'fieldTranslations': {'nameTranslation': {'ar': 'جان لوكاس', 'bn': 'জিন লুকাস', 'hi': 'जीन लुकास'}, 'shortNameTranslation': {'ar': 'ج. لوكاس', 'bn': 'জে লুকাস', 'hi': 'जे. लुकास'}}}",False,save,assisted,"{'x': 21, 'y': 27.6, 'z': 0}",right-foot,low-right,"{'x': 0, 'y': 46.6, 'z': 5.1}","{'x': 1.1, 'y': 48, 'z': 0}",0.019355328753591,0.10011880844831,"{'name': 'Fábio', 'firstName': '', 'lastName': '', 'slug': 'fabio', 'shortName': 'Fábio', 'position': 'G', 'jerseyNumber': '1', 'userCount': 4343, 'gender': 'M', 'id': 17785, 'fieldTranslations': {'nameTranslation': {'ar': 'فابيو', 'bn': 'ফ্যাবিও', 'hi': 'फैबियो'}, 'shortNameTranslation': {'ar': 'فابيو', 'bn': 'ফ্যাবিও', 'hi': 'फैबियो'}}}",6314323,50,,2942,"{'start': {'x': 27.6, 'y': 21}, 'block': {'x': 48, 'y': 1.1}, 'end': {'x': 53.4, 'y': 0}, 'goal': {'x': 53.4, 'y': 94.9}}",41,2458,242,shot,,13472602
"{'name': 'Kevin Serna', 'slug': 'serna-kevin', 'shortName': 'K. Serna', 'position': 'M', 'jerseyNumber': '90', 'userCount': 3455, 'gender': 'M', 'id': 981374, 'fieldTranslations': {'nameTranslation': {'ar': 'كيفن سيرنا', 'bn': 'কেভিন সেরনা', 'hi': 'केविन सेरना'}, 'shortNameTranslation': {'ar': 'ك. سيرنا', 'bn': 'কে. সেরনা', 'hi': 'के. सेरना'}}}",True,miss,assisted,"{'x': 14.5, 'y': 35.4, 'z': 0}",right-foot,high-right,"{'x': 0, 'y': 38.8, 'z': 58.3}",,0.078317120671272,0.0,"{'name': 'Ronaldo', 'slug': 'ronaldo', 'shortName': 'Ronaldo', 'position': 'G', 'jerseyNumber': '96', 'userCount': 1023, 'gender': 'M', 'id': 840106, 'fieldTranslations': {'nameTranslation': {'ar': 'رونالدو'}, 'shortNameTranslation': {'ar': 'رونالدو'}}}",6314312,48,,2868,"{'start': {'x': 35.4, 'y': 14.5}, 'end': {'x': 61.2, 'y': 0}, 'goal': {'x': 61.2, 'y': 41.7}}",43,2532,168,shot,,13472602
"{'name': 'Willian José', 'slug': 'willian-jose', 'shortName': 'W. José', 'position': 'F', 'jerseyNumber': '12', 'userCount': 3014, 'gender': 'M', 'id': 123223, 'fieldTranslations': {'nameTranslation': {'ar': 'ويليان جوزيه', 'bn': 'উইলিয়ান জোস', 'hi': 'विलीयन जोस'}, 'shortNameTranslation': {'ar': 'و. جوزيه', 'bn': 'ডব্লিউ. জোসে', 'hi': 'डब्लू. जोस'}}}",False,save,assisted,"{'x': 18.4, 'y': 46.8, 'z': 0}",right-foot,low-left,"{'x': 0, 'y': 53.1, 'z': 0.6}","{'x': 5.4, 'y': 48.6, 'z': 0}",0.1117052808404,0.24433486163616,"{'name': 'Fábio', 'firstName': '', 'lastName': '', 'slug': 'fabio', 'shortName': 'Fábio', 'position': 'G', 'jerseyNumber': '1', 'userCount': 4343, 'gender': 'M', 'id': 17785, 'fieldTranslations': {'nameTranslation': {'ar': 'فابيو', 'bn': 'ফ্যাবিও', 'hi': 'फैबियो'}, 'shortNameTranslation': {'ar': 'فابيو', 'bn': 'ফ্যাবিও', 'hi': 'फैबियो'}}}",6314181,42,,2489,"{'start': {'x': 46.8, 'y': 18.4}, 'block': {'x': 48.6, 'y': 5.4}, 'end': {'x': 46.9, 'y': 0}, 'goal': {'x': 46.9, 'y': 99.4}}",4,211,2489,shot,,13472602
"{'name': 'Willian José', 'slug': 'willian-jose', 'shortName': 'W. José', 'position': 'F', 'jerseyNumber': '12', 'userCount': 3014, 'gender': 'M', 'id': 123223, 'fieldTranslations': {'nameTranslation': {'ar': 'ويليان جوزيه', 'bn': 'উইলিয়ান জোস', 'hi': 'विलीयन जोस'}, 'shortNameTranslation': {'ar': 'و. جوزيه', 'bn': 'ডব্লিউ. জোসে', 'hi': 'डब्लू. जोस'}}}",False,block,regular,"{'x': 8.6, 'y': 55.6, 'z': 0}",right-foot,low-centre,"{'x': 0, 'y': 48.6, 'z': 19}","{'x': 6.4, 'y': 54.2, 'z': 0}",0.1309200078249,0.0,"{'name': 'Fábio', 'firstName': '', 'lastName': '', 'slug': 'fabio', 'shortName': 'Fábio', 'position': 'G', 'jerseyNumber': '1', 'userCount': 4343, 'gender': 'M', 'id': 17785, 'fieldTranslations': {'nameTranslation': {'ar': 'فابيو', 'bn': 'ফ্যাবিও', 'hi': 'फैबियो'}, 'shortNameTranslation': {'ar': 'فابيو', 'bn': 'ফ্যাবিও', 'hi': 'फैबियो'}}}",6314137,35,,2097,"{'start': {'x': 55.6, 'y': 8.6}, 'block': {'x': 54.2, 'y': 6.4}, 'end': {'x': 51.4, 'y': 0}, 'goal': {'x': 51.4, 'y': 81}}",11,603,2097,shot,,13472602
"{'name': 'Erick Pulga', 'firstName': 'Erick', 'lastName': 'Pulga', 'slug': 'erick-pulga', 'shortName': 'E. Pulga', 'position': 'M', 'jerseyNumber': '16', 'userCount': 4849, 'gender': 'M', 'id': 1104070, 'fieldTranslations': {'nameTranslation': {'ar': 'إريك بولغا', 'bn': 'এরিক পুলগা', 'hi': 'एरिक पुल्गा'}, 'shortNameTranslation': {'ar': 'إ. بولغا', 'bn': 'ই. পুলগা', 'hi': 'ई. पुल्गा'}}}",False,save,assisted,"{'x': 9.6, 'y': 25, 'z': 0}",left-foot,low-centre,"{'x': 0, 'y': 48.4, 'z': 6.3}","{'x': 1.5, 'y': 45.5, 'z': 0}",0.023363022133708,0.17099025845528,"{'name': 'Fábio', 'firstName': '', 'lastName': '', 'slug': 'fabio', 'shortName': 'Fábio', 'position': 'G', 'jerseyNumber': '1', 'userCount': 4343, 'gender': 'M', 'id': 17785, 'fieldTranslations': {'nameTranslation': {'ar': 'فابيو', 'bn': 'ফ্যাবিও', 'hi': 'फैबियो'}, 'shortNameTranslation': {'ar': 'فابيو', 'bn': 'ফ্যাবিও', 'hi': 'फैबियो'}}}",6314138,35,,2095,"{'start': {'x': 25, 'y': 9.6}, 'block': {'x': 45.5, 'y': 1.5}, 'end': {'x': 51.6, 'y': 0}, 'goal': {'x': 51.6, 'y': 93.7}}",11,605,2095,shot,,13472602
"{'name': 'Luciano Acosta', 'slug': 'luciano-acosta', 'shortName': 'L. F. Acosta', 'position': 'M', 'jerseyNumber': '32', 'userCount': 3392, 'gender': 'M', 'id': 548030, 'fieldTranslations': {'nameTranslation': {'ar': 'لوسيانو أكوستا', 'bn': 'লুসিয়ানো অ্যাকোস্টা', 'hi': 'लुसियानो अकोस्टा'}, 'shortNameTranslation': {'ar': 'ل. ف. أكوستا', 'bn': 'এল.এফ. অ্যাকোস্টা', 'hi': 'एल. एफ. अकोस्टा'}}}",True,miss,free-kick,"{'x': 22.7, 'y': 27.4, 'z': 0}",right-foot,high-right,"{'x': 0, 'y': 43.2, 'z': 77.8}",,0.040769319981337,0.0,"{'name': 'Ronaldo', 'slug': 'ronaldo', 'shortName': 'Ronaldo', 'position': 'G', 'jerseyNumber': '96', 'userCount': 1023, 'gender': 'M', 'id': 840106, 'fieldTranslations': {'nameTranslation': {'ar': 'رونالدو'}, 'shortNameTranslation': {'ar': 'رونالدو'}}}",6314092,33,,1948,"{'start': {'x': 27.4, 'y': 22.7}, 'end': {'x': 56.8, 'y': 0}, 'goal': {'x': 56.8, 'y': 22.2}}",13,752,1948,shot,,13472602
"{'name': 'Luciano Acosta', 'slug': 'luciano-acosta', 'shortName': 'L. F. Acosta', 'position': 'M', 'jerseyNumber': '32', 'userCount': 3392, 'gender': 'M', 'id': 548030, 'fieldTranslations': {'nameTranslation': {'ar': 'لوسيانو أكوستا', 'bn': 'লুসিয়ানো অ্যাকোস্টা', 'hi': 'लुसियानो अकोस्टा'}, 'shortNameTranslation': {'ar': 'ل. ف. أكوستا', 'bn': 'এল.এফ. অ্যাকোস্টা', 'hi': 'एल. एफ. अकोस्टा'}}}",True,block,assisted,"{'x': 16.6, 'y': 27.6, 'z': 0}",right-foot,low-left,"{'x': 0, 'y': 53.3, 'z': 19}","{'x': 13.4, 'y': 31.2, 'z': 0}",0.026191648095846,0.0,"{'name': 'Ronaldo', 'slug': 'ronaldo', 'shortName': 'Ronaldo', 'position': 'G', 'jerseyNumber': '96', 'userCount': 1023, 'gender': 'M', 'id': 840106, 'fieldTranslations': {'nameTranslation': {'ar': 'رونالدو'}, 'shortNameTranslation': {'ar': 'رونالدو'}}}",6314078,30,,1763,"{'start': {'x': 27.6, 'y': 16.6}, 'block': {'x': 31.2, 'y': 13.4}, 'end': {'x': 46.7, 'y': 0}, 'goal': {'x': 46.7, 'y': 81}}",16,937,1763,shot,,13472602
"{'name': 'Everaldo', 'firstName': '', 'lastName': '', 'slug': 'everaldo', 'shortName': 'Everaldo', 'position': 'F', 'jerseyNumber': '27', 'userCount': 2419, 'gender': 'M', 'id': 386212, 'fieldTranslations': {'nameTranslation': {'ar': 'إيفيرالدو', 'bn': 'এভারালডো', 'hi': 'एवराल्डो'}, 'shortNameTranslation': {'ar': 'إيفيرالدو', 'bn': 'এভারালডো', 'hi': 'एवराल्डो'}}}",True,save,regular,"{'x': 11.7, 'y': 68.3, 'z': 0}",right-foot,low-centre,"{'x': 0, 'y': 48.5, 'z': 19.6}","{'x': 1.6, 'y': 52.7, 'z': 0}",0.060594595968723,0.07177995890379,"{'name': 'Ronaldo', 'slug': 'ronaldo', 'shortName': 'Ronaldo', 'position': 'G', 'jerseyNumber': '96', 'userCount': 1023, 'gender': 'M', 'id': 840106, 'fieldTranslations': {'nameTranslation': {'ar': 'رونالدو'}, 'shortNameTranslation': {'ar': 'رونالدو'}}}",6314076,30,,1745,"{'start': {'x': 68.3, 'y': 11.7}, 'block': {'x': 52.7, 'y': 1.6}, 'end': {'x': 51.5, 'y': 0}, 'goal': {'x': 51.5, 'y': 80.4}}",16,955,1745,shot,,13472602
"{'name': 'Luciano Acosta', 'slug': 'luciano-acosta', 'shortName': 'L. F. Acosta', 'position': 'M', 'jerseyNumber': '32', 'userCount': 3392, 'gender': 'M', 'id': 548030, 'fieldTranslations': {'nameTranslation': {'ar': 'لوسيانو أكوستا', 'bn': 'লুসিয়ানো অ্যাকোস্টা', 'hi': 'लुसियानो अकोस्टा'}, 'shortNameTranslation': {'ar': 'ل. ف. أكوستا', 'bn': 'এল.এফ. অ্যাকোস্টা', 'hi': 'एल. एफ. अकोस्टा'}}}",True,miss,fast-break,"{'x': 27.5, 'y': 37, 'z': 0}",left-foot,high,"{'x': 0, 'y': 52.3, 'z': 90.3}",,0.14138714969158,0.0,"{'name': 'Ronaldo', 'slug': 'ronaldo', 'shortName': 'Ronaldo', 'position': 'G', 'jerseyNumber': '96', 'userCount': 1023, 'gender': 'M', 'id': 840106, 'fieldTranslations': {'nameTranslation': {'ar': 'رونالدو'}, 'shortNameTranslation': {'ar': 'رونالدو'}}}",6314063,27,,1597,"{'start': {'x': 37, 'y': 27.5}, 'end': {'x': 47.7, 'y': 0}, 'goal': {'x': 47.7, 'y': 9.7}}",19,1103,1597,shot,,13472602
"{'name': 'Kevin Serna', 'slug': 'serna-kevin', 'shortName': 'K. Serna', 'position': 'M', 'jerseyNumber': '90', 'userCount': 3455, 'gender': 'M', 'id': 981374, 'fieldTranslations': {'nameTranslation': {'ar': 'كيفن سيرنا', 'bn': 'কেভিন সেরনা', 'hi': 'केविन सेरना'}, 'shortNameTranslation': {'ar': 'ك. سيرنا', 'bn': 'কে. সেরনা', 'hi': 'के. सेरना'}}}",True,save,fast-break,"{'x': 21.2, 'y': 42.7, 'z': 0}",right-foot,low-centre,"{'x': 0, 'y': 49.6, 'z': 5.7}","{'x': 16.4, 'y': 44.2, 'z': 0}",0.4363180398941,0.26541629433632,"{'name': 'Ronaldo', 'slug': 'ronaldo', 'shortName': 'Ronaldo', 'position': 'G', 'jerseyNumber': '96', 'userCount': 1023, 'gender': 'M', 'id': 840106, 'fieldTranslations': {'nameTranslation': {'ar': 'رونالدو'}, 'shortNameTranslation': {'ar': 'رونالدو'}}}",6314061,27,,1589,"{'start': {'x': 42.7, 'y': 21.2}, 'block': {'x': 44.2, 'y': 16.4}, 'end': {'x': 50.4, 'y': 0}, 'goal': {'x': 50.4, 'y': 94.3}}",19,1111,1589,shot,,13472602
"{'name': 'Luciano Juba', 'slug': 'luciano-juba', 'shortName': 'L. Juba', 'position': 'D', 'jerseyNumber': '46', 'userCount': 3668, 'gender': 'M', 'id': 1017264, 'fieldTranslations': {'nameTranslation': {'ar': 'لوسيانو جوبا', 'bn': 'লুসিয়ানো জুবা', 'hi': 'लुसियानो जुबा'}, 'shortNameTranslation': {'ar': 'ل. جوبا', 'bn': 'এল. জুবা', 'hi': 'एल. जुबा'}}}",False,miss,corner,"{'x': 21.4, 'y': 61.6, 'z': 0}",left-foot,left,"{'x': 0, 'y': 93.6, 'z': 5.6}","{'x': 9.9, 'y': 16.2, 'z': 0}",0.016849029809237,0.0,"{'name': 'Fábio', 'firstName': '', 'lastName': '', 'slug': 'fabio', 'shortName': 'Fábio', 'position': 'G', 'jerseyNumber': '1', 'userCount': 4343, 'gender': 'M', 'id': 17785, 'fieldTranslations': {'nameTranslation': {'ar': 'فابيو', 'bn': 'ফ্যাবিও', 'hi': 'फैबियो'}, 'shortNameTranslation': {'ar': 'فابيو', 'bn': 'ফ্যাবিও', 'hi': 'फैबियो'}}}",6314054,26,,1532,"{'start': {'x': 61.6, 'y': 21.4}, 'block': {'x': 16.2, 'y': 9.9}, 'end': {'x': 6.4, 'y': 0}, 'goal': {'x': 6.4, 'y': 94.4}}",20,1168,1532,shot,,13472602
"{'name': 'Luciano Juba', 'slug': 'luciano-juba', 'shortName': 'L. Juba', 'position': 'D', 'jerseyNumber': '46', 'userCount': 3668, 'gender': 'M', 'id': 1017264, 'fieldTranslations': {'nameTranslation': {'ar': 'لوسيانو جوبا', 'bn': 'লুসিয়ানো জুবা', 'hi': 'लुसियानो जुबा'}, 'shortNameTranslation': {'ar': 'ل. جوبا', 'bn': 'এল. জুবা', 'hi': 'एल. जुबा'}}}",False,block,assisted,"{'x': 28.7, 'y': 50.3, 'z': 0}",left-foot,low-centre,"{'x': 0, 'y': 50.4, 'z': 19}","{'x': 23.4, 'y': 50.2, 'z': 0}",0.022165276110172,0.0,"{'name': 'Fábio', 'firstName': '', 'lastName': '', 'slug': 'fabio', 'shortName': 'Fábio', 'position': 'G', 'jerseyNumber': '1', 'userCount': 4343, 'gender': 'M', 'id': 17785, 'fieldTranslations': {'nameTranslation': {'ar': 'فابيو', 'bn': 'ফ্যাবিও', 'hi': 'फैबियो'}, 'shortNameTranslation': {'ar': 'فابيو', 'bn': 'ফ্যাবিও', 'hi': 'फैबियो'}}}",6314051,25,,1488,"{'start': {'x': 50.3, 'y': 28.7}, 'block': {'x': 50.2, 'y': 23.4}, 'end': {'x': 49.6, 'y': 0}, 'goal': {'x': 49.6, 'y': 81}}",21,1212,1488,shot,,13472602
"{'name': 'Willian José', 'slug': 'willian-jose', 'shortName': 'W. José', 'position': 'F', 'jerseyNumber': '12', 'userCount': 3014, 'gender': 'M', 'id': 123223, 'fieldTranslations': {'nameTranslation': {'ar': 'ويليان جوزيه', 'bn': 'উইলিয়ান জোস', 'hi': 'विलीयन जोस'}, 'shortNameTranslation': {'ar': 'و. جوزيه', 'bn': 'ডব্লিউ. জোসে', 'hi': 'डब्लू. जोस'}}}",False,miss,assisted,"{'x': 10.4, 'y': 52.8, 'z': 0}",head,left,"{'x': 0, 'y': 75.6, 'z': 5.6}","{'x': 4.2, 'y': 29.1, 'z': 0}",0.042121116071939,0.0,"{'name': 'Fábio', 'firstName': '', 'lastName': '', 'slug': 'fabio', 'shortName': 'Fábio', 'position': 'G', 'jerseyNumber': '1', 'userCount': 4343, 'gender': 'M', 'id': 17785, 'fieldTranslations': {'nameTranslation': {'ar': 'فابيو', 'bn': 'ফ্যাবিও', 'hi': 'फैबियो'}, 'shortNameTranslation': {'ar': 'فابيو', 'bn': 'ফ্যাবিও', 'hi': 'फैबियो'}}}",6314029,22,,1308,"{'start': {'x': 52.8, 'y': 10.4}, 'block': {'x': 29.1, 'y': 4.2}, 'end': {'x': 24.4, 'y': 0}, 'goal': {'x': 24.4, 'y': 94.4}}",24,1392,1308,shot,,13472602
"{'name': 'Ademir', 'slug': 'ademir', 'shortName': 'Ademir', 'position': 'F', 'jerseyNumber': '7', 'userCount': 1702, 'gender': 'M', 'id': 922546, 'fieldTranslations': {'nameTranslation': {'ar': 'أديمير'}, 'shortNameTranslation': {'ar': 'أديمير'}}}",False,block,fast-break,"{'x': 24, 'y': 73.5, 'z': 0}",left-foot,low-centre,"{'x': 0, 'y': 48.7, 'z': 19}","{'x': 20.1, 'y': 69.9, 'z': 0}",0.014197538606822,0.0,"{'name': 'Fábio', 'firstName': '', 'lastName': '', 'slug': 'fabio', 'shortName': 'Fábio', 'position': 'G', 'jerseyNumber': '1', 'userCount': 4343, 'gender': 'M', 'id': 17785, 'fieldTranslations': {'nameTranslation': {'ar': 'فابيو', 'bn': 'ফ্যাবিও', 'hi': 'फैबियो'}, 'shortNameTranslation': {'ar': 'فابيو', 'bn': 'ফ্যাবিও', 'hi': 'फैबियो'}}}",6314026,22,,1289,"{'start': {'x': 73.5, 'y': 24}, 'block': {'x': 69.9, 'y': 20.1}, 'end': {'x': 51.3, 'y': 0}, 'goal': {'x': 51.3, 'y': 81}}",24,1411,1289,shot,,13472602
"{'name': 'Agustín Canobbio', 'firstName': '', 'lastName': '', 'slug': 'agustin-canobbio', 'shortName': 'A. Canobbio', 'position': 'M', 'jerseyNumber': '17', 'userCount': 3096, 'gender': 'M', 'id': 846413, 'fieldTranslations': {'nameTranslation': {'ar': 'أغوستين كانوبيو', 'bn': 'অগাস্টিন ক্যানোবিও', 'hi': 'अगस्टिन कैनोबियो'}, 'shortNameTranslation': {'ar': 'أ. كانوبيو', 'bn': 'এ. ক্যানোবিও', 'hi': 'ए. कैनोबियो'}}}",True,block,assisted,"{'x': 15.1, 'y': 66.2, 'z': 0}",left-foot,low-centre,"{'x': 0, 'y': 48.7, 'z': 19}","{'x': 11.5, 'y': 62.6, 'z': 0}",0.045280333608389,0.0,"{'name': 'Ronaldo', 'slug': 'ronaldo', 'shortName': 'Ronaldo', 'position': 'G', 'jerseyNumber': '96', 'userCount': 1023, 'gender': 'M', 'id': 840106, 'fieldTranslations': {'nameTranslation': {'ar': 'رونالدو'}, 'shortNameTranslation': {'ar': 'رونالدو'}}}",6313877,2,,109,"{'start': {'x': 66.2, 'y': 15.1}, 'block': {'x': 62.6, 'y': 11.5}, 'end': {'x': 51.3, 'y': 0}, 'goal': {'x': 51.3, 'y': 81}}",44,2591,109,shot,,13472602
"{'name': 'Lucca', 'firstName': 'Lucca', 'slug': 'lucca', 'shortName': 'Lucca', 'position': 'M', 'jerseyNumber': '45', 'userCount': 1633, 'gender': 'M', 'id': 2162243, 'fieldTranslations': {'nameTranslation': {'ar': 'لوكا'}, 'shortNameTranslation': {'ar': 'لوكا'}}}",False,block,assisted,"{'x': 26.5, 'y': 25, 'z': 0}",right-foot,low-centre,"{'x': 0, 'y': 49.1, 'z': 19}","{'x': 15.5, 'y': 35.7, 'z': 0}",0.010256871581078,0.0,"{'name': 'Thiago Couto', 'slug': 'thiago-couto', 'shortName': 'T. Couto', 'position': 'G', 'jerseyNumber': '12', 'userCount': 419, 'gender': 'M', 'id': 871291, 'fieldTranslations': {'nameTranslation': {'ar': 'تياغو كوتو'}, 'shortNameTranslation': {'ar': 'ت. كوتو'}}}",6314544,90,,5390,"{'start': {'x': 25, 'y': 26.5}, 'block': {'x': 35.7, 'y': 15.5}, 'end': {'x': 50.9, 'y': 0}, 'goal': {'x': 50.9, 'y': 81}}",1,10,2690,shot,,13472635
"{'name': 'Marcos Antônio', 'slug': 'marcos-antonio', 'shortName': 'M. Antônio', 'position': 'M', 'jerseyNumber': '8', 'userCount': 3087, 'gender': 'M', 'id': 905453, 'fieldTranslations': {'nameTranslation': {'ar': 'ماركوس أنطونيو', 'bn': 'মার্কোস আন্তোনিও', 'hi': 'मार्कोस एंटोनियो'}, 'shortNameTranslation': {'ar': 'م. أنطونيو', 'bn': 'এম. আন্তোনিও', 'hi': 'एम. एंटोनियो'}}}",False,save,assisted,"{'x': 26.8, 'y': 28.4, 'z': 0}",right-foot,high-centre,"{'x': 0, 'y': 50.9, 'z': 29.1}","{'x': 1.4, 'y': 49.6, 'z': 0}",0.012671063654125,0.044445041567087,"{'name': 'Thiago Couto', 'slug': 'thiago-couto', 'shortName': 'T. Couto', 'position': 'G', 'jerseyNumber': '12', 'userCount': 419, 'gender': 'M', 'id': 871291, 'fieldTranslations': {'nameTranslation': {'ar': 'تياغو كوتو'}, 'shortNameTranslation': {'ar': 'ت. كوتو'}}}",6314541,89,,5317,"{'start': {'x': 28.4, 'y': 26.8}, 'block': {'x': 49.6, 'y': 1.4}, 'end': {'x': 49.1, 'y': 0}, 'goal': {'x': 49.1, 'y': 70.9}}",2,83,2617,shot,,13472635
"{'name': 'Emiliano Rigoni', 'firstName': '', 'lastName': '', 'slug': 'emiliano-rigoni', 'shortName': 'Emiliano Rigoni', 'position': 'M', 'jerseyNumber': '24', 'userCount': 1524, 'gender': 'M', 'id': 257587, 'fieldTranslations': {'nameTranslation': {'ar': 'إميليانو ريغوني', 'bn': 'এমিলিয়ানো রিগোনি', 'hi': 'एमिलियानो रिगोनी'}, 'shortNameTranslation': {'ar': 'إميليانو ريغوني', 'bn': 'এমিলিয়ানো রিগোনি', 'hi': 'एमिलियानो रिगोनी'}}}",False,miss,free-kick,"{'x': 25.7, 'y': 35.2, 'z': 0}",right-foot,high,"{'x': 0, 'y': 54.8, 'z': 72.2}",,0.037924911826849,0.0,"{'name': 'Thiago Couto', 'slug': 'thiago-couto', 'shortName': 'T. Couto', 'position': 'G', 'jerseyNumber': '12', 'userCount': 419, 'gender': 'M', 'id': 871291, 'fieldTranslations': {'nameTranslation': {'ar': 'تياغو كوتو'}, 'shortNameTranslation': {'ar': 'ت. كوتو'}}}",6314519,84,,5001,"{'start': {'x': 35.2, 'y': 25.7}, 'end': {'x': 45.2, 'y': 0}, 'goal': {'x': 45.2, 'y': 27.8}}",7,399,2301,shot,,13472635
"{'name': 'Dudu', 'slug': 'dudu', 'shortName': 'D. Rodrigues', 'position': 'M', 'jerseyNumber': '21', 'userCount': 536, 'gender': 'M', 'id': 1124220, 'fieldTranslations': {'nameTranslation': {'ar': 'دودو'}, 'shortNameTranslation': {'ar': 'دودو'}}}",True,miss,assisted,"{'x': 11.4, 'y': 54.2, 'z': 0}",left-foot,left,"{'x': 0, 'y': 69.2, 'z': 23.6}",,0.10069174319506,0.0,"{'name': 'Rafael', 'slug': 'rafael', 'shortName': 'Rafael', 'position': 'G', 'jerseyNumber': '23', 'userCount': 4259, 'gender': 'M', 'id': 33132, 'fieldTranslations': {'nameTranslation': {'ar': 'رافاييل', 'bn': 'রাফায়েল', 'hi': 'राफेल'}, 'shortNameTranslation': {'ar': 'رافاييل', 'bn': 'রাফায়েল', 'hi': 'राफेल'}}}",6314487,79,,4732,"{'start': {'x': 54.2, 'y': 11.4}, 'end': {'x': 30.8, 'y': 0}, 'goal': {'x': 30.8, 'y': 76.4}}",12,668,2032,shot,,13472635
"{'name': 'Renzo López', 'slug': 'renzo-lopez', 'shortName': 'R. López', 'position': 'F', 'jerseyNumber': '31', 'userCount': 441, 'gender': 'M', 'id': 926513, 'fieldTranslations': {'nameTranslation': {'ar': 'رينزو لوبيز', 'bn': 'রেনজো লোপেজ', 'hi': 'रेन्ज़ो लोपेज़'}, 'shortNameTranslation': {'ar': 'ر. لوبيز', 'bn': 'আর. লোপেজ', 'hi': 'आर. लोपेज़'}}}",True,save,fast-break,"{'x': 15.3, 'y': 51.1, 'z': 0}",right-foot,low-centre,"{'x': 0, 'y': 51.5, 'z': 6.3}","{'x': 1.4, 'y': 50.2, 'z': 0}",0.2733128964901,0.19879885017872,"{'name': 'Rafael', 'slug': 'rafael', 'shortName': 'Rafael', 'position': 'G', 'jerseyNumber': '23', 'userCount': 4259, 'gender': 'M', 'id': 33132, 'fieldTranslations': {'nameTranslation': {'ar': 'رافاييل', 'bn': 'রাফায়েল', 'hi': 'राफेल'}, 'shortNameTranslation': {'ar': 'رافاييل', 'bn': 'রাফায়েল', 'hi': 'राफेल'}}}",6314456,74,,4396,"{'start': {'x': 51.1, 'y': 15.3}, 'block': {'x': 50.2, 'y': 1.4}, 'end': {'x': 48.5, 'y': 0}, 'goal': {'x': 48.5, 'y': 93.7}}",17,1004,1696,shot,,13472635
"{'name': 'Gabriel Baralhas', 'slug': 'gabriel-baralhas', 'shortName': 'G. Baralhas', 'position': 'M', 'jerseyNumber': '44', 'userCount': 850, 'gender': 'M', 'id': 922575, 'fieldTranslations': {'nameTranslation': {'ar': 'غابرييل بارالهاس'}, 'shortNameTranslation': {'ar': 'غ. بارالهاس'}}}",True,goal,assisted,"{'x': 9.7, 'y': 55.6, 'z': 0}",right-foot,low-left,"{'x': 0, 'y': 52.5, 'z': 3.2}",,0.53372031450272,0.78766441345215,"{'name': 'Rafael', 'slug': 'rafael', 'shortName': 'Rafael', 'position': 'G', 'jerseyNumber': '23', 'userCount': 4259, 'gender': 'M', 'id': 33132, 'fieldTranslations': {'nameTranslation': {'ar': 'رافاييل', 'bn': 'রাফায়েল', 'hi': 'राफेल'}, 'shortNameTranslation': {'ar': 'رافاييل', 'bn': 'রাফায়েল', 'hi': 'राफेल'}}}",6314437,68,,4034,"{'start': {'x': 55.6, 'y': 9.7}, 'end': {'x': 47.5, 'y': 0}, 'goal': {'x': 47.5, 'y': 96.8}}",23,1366,1334,shot,regular,13472635
"{'name': 'Fabrício Santos', 'firstName': '', 'lastName': '', 'slug': 'fabricio-santos', 'shortName': 'F. Santos', 'position': 'F', 'jerseyNumber': '23', 'userCount': 463, 'gender': 'M', 'id': 975351, 'fieldTranslations': {'nameTranslation': {'ar': 'فابريشيو سانتوس'}, 'shortNameTranslation': {'ar': 'ف. سانتوس'}}}",True,miss,regular,"{'x': 25.6, 'y': 43.4, 'z': 0}",right-foot,high,"{'x': 0, 'y': 44.9, 'z': 86.1}",,0.034652560949326,0.0,"{'name': 'Rafael', 'slug': 'rafael', 'shortName': 'Rafael', 'position': 'G', 'jerseyNumber': '23', 'userCount': 4259, 'gender': 'M', 'id': 33132, 'fieldTranslations': {'nameTranslation': {'ar': 'رافاييل', 'bn': 'রাফায়েল', 'hi': 'राफेल'}, 'shortNameTranslation': {'ar': 'رافاييل', 'bn': 'রাফায়েল', 'hi': 'राफेल'}}}",6314433,67,,3990,"{'start': {'x': 43.4, 'y': 25.6}, 'end': {'x': 55.1, 'y': 0}, 'goal': {'x': 55.1, 'y': 13.9}}",24,1410,1290,shot,,13472635
"{'name': 'Pablo Maia', 'firstName': 'Pablo Maia', 'lastName': '', 'slug': 'pablo-maia', 'shortName': 'P. Maia', 'position': 'M', 'jerseyNumber': '29', 'userCount': 3216, 'gender': 'M', 'id': 1120721, 'fieldTranslations': {'nameTranslation': {'ar': 'بابلو مايا', 'bn': 'পাবলো মাইয়া', 'hi': 'पाब्लो माइया'}, 'shortNameTranslation': {'ar': 'ب. مايا', 'bn': 'পি. মাইয়া', 'hi': 'पी. माइया'}}}",False,miss,assisted,"{'x': 18.9, 'y': 46.8, 'z': 0}",left-foot,close-right,"{'x': 0, 'y': 43.2, 'z': 5.6}",,0.053978744894266,0.0,"{'name': 'Thiago Couto', 'slug': 'thiago-couto', 'shortName': 'T. Couto', 'position': 'G', 'jerseyNumber': '12', 'userCount': 419, 'gender': 'M', 'id': 871291, 'fieldTranslations': {'nameTranslation': {'ar': 'تياغو كوتو'}, 'shortNameTranslation': {'ar': 'ت. كوتو'}}}",6314426,66,,3907,"{'start': {'x': 46.8, 'y': 18.9}, 'end': {'x': 56.8, 'y': 0}, 'goal': {'x': 56.8, 'y': 94.4}}",25,1493,1207,shot,,13472635
"{'name': 'Emiliano Rigoni', 'firstName': '', 'lastName': '', 'slug': 'emiliano-rigoni', 'shortName': 'Emiliano Rigoni', 'position': 'M', 'jerseyNumber': '24', 'userCount': 1524, 'gender': 'M', 'id': 257587, 'fieldTranslations': {'nameTranslation': {'ar': 'إميليانو ريغوني', 'bn': 'এমিলিয়ানো রিগোনি', 'hi': 'एमिलियानो रिगोनी'}, 'shortNameTranslation': {'ar': 'إميليانو ريغوني', 'bn': 'এমিলিয়ানো রিগোনি', 'hi': 'एमिलियानो रिगोनी'}}}",False,miss,regular,"{'x': 4.9, 'y': 69.1, 'z': 0}",right-foot,close-right,"{'x': 0, 'y': 44, 'z': 25}",,0.034035865217447,0.0,"{'name': 'Thiago Couto', 'slug': 'thiago-couto', 'shortName': 'T. Couto', 'position': 'G', 'jerseyNumber': '12', 'userCount': 419, 'gender': 'M', 'id': 871291, 'fieldTranslations': {'nameTranslation': {'ar': 'تياغو كوتو'}, 'shortNameTranslation': {'ar': 'ت. كوتو'}}}",6314411,64,,3816,"{'start': {'x': 69.1, 'y': 4.9}, 'end': {'x': 56, 'y': 0}, 'goal': {'x': 56, 'y': 75}}",27,1584,1116,shot,,13472635
"{'name': 'Erick', 'firstName': '', 'lastName': '', 'slug': 'erick', 'shortName': 'Erick', 'position': 'F', 'jerseyNumber': '33', 'userCount': 1393, 'gender': 'M', 'id': 895650, 'fieldTranslations': {'nameTranslation': {'ar': 'إريك', 'bn': 'এরিক', 'hi': 'एरिक'}, 'shortNameTranslation': {'ar': 'إريك', 'bn': 'এরিক', 'hi': 'एरिक'}}}",True,miss,fast-break,"{'x': 13.3, 'y': 66.7, 'z': 0}",left-foot,close-left,"{'x': 0, 'y': 58.3, 'z': 13.9}",,0.063145563006401,0.0,"{'name': 'Rafael', 'slug': 'rafael', 'shortName': 'Rafael', 'position': 'G', 'jerseyNumber': '23', 'userCount': 4259, 'gender': 'M', 'id': 33132, 'fieldTranslations': {'nameTranslation': {'ar': 'رافاييل', 'bn': 'রাফায়েল', 'hi': 'राफेल'}, 'shortNameTranslation': {'ar': 'رافاييل', 'bn': 'রাফায়েল', 'hi': 'राफेल'}}}",6314363,57,,3371,"{'start': {'x': 66.7, 'y': 13.3}, 'end': {'x': 41.7, 'y': 0}, 'goal': {'x': 41.7, 'y': 86.1}}",34,2029,671,shot,,13472635
"{'name': 'Dudu', 'slug': 'dudu', 'shortName': 'D. Rodrigues', 'position': 'M', 'jerseyNumber': '21', 'userCount': 536, 'gender': 'M', 'id': 1124220, 'fieldTranslations': {'nameTranslation': {'ar': 'دودو'}, 'shortNameTranslation': {'ar': 'دودو'}}}",True,block,corner,"{'x': 12.5, 'y': 64.2, 'z': 0}",left-foot,low-left,"{'x': 0, 'y': 52.2, 'z': 19}","{'x': 10.1, 'y': 61, 'z': 0}",0.019082613289356,0.0,"{'name': 'Rafael', 'slug': 'rafael', 'shortName': 'Rafael', 'position': 'G', 'jerseyNumber': '23', 'userCount': 4259, 'gender': 'M', 'id': 33132, 'fieldTranslations': {'nameTranslation': {'ar': 'رافاييل', 'bn': 'রাফায়েল', 'hi': 'राफेल'}, 'shortNameTranslation': {'ar': 'رافاييل', 'bn': 'রাফায়েল', 'hi': 'राफेल'}}}",6314353,54,,3203,"{'start': {'x': 64.2, 'y': 12.5}, 'block': {'x': 61, 'y': 10.1}, 'end': {'x': 47.8, 'y': 0}, 'goal': {'x': 47.8, 'y': 81}}",37,2197,503,shot,,13472635
"{'name': 'Erick', 'firstName': '', 'lastName': '', 'slug': 'erick', 'shortName': 'Erick', 'position': 'F', 'jerseyNumber': '33', 'userCount': 1393, 'gender': 'M', 'id': 895650, 'fieldTranslations': {'nameTranslation': {'ar': 'إريك', 'bn': 'এরিক', 'hi': 'एरिक'}, 'shortNameTranslation': {'ar': 'إريك', 'bn': 'এরিক', 'hi': 'एरिक'}}}",True,block,assisted,"{'x': 4.3, 'y': 65.8, 'z': 0}",right-foot,low-centre,"{'x': 0, 'y': 48.6, 'z': 19}","{'x': 3.8, 'y': 64.3, 'z': 0}",0.045299399644136,0.0,"{'name': 'Rafael', 'slug': 'rafael', 'shortName': 'Rafael', 'position': 'G', 'jerseyNumber': '23', 'userCount': 4259, 'gender': 'M', 'id': 33132, 'fieldTranslations': {'nameTranslation': {'ar': 'رافاييل', 'bn': 'রাফায়েল', 'hi': 'राफेल'}, 'shortNameTranslation': {'ar': 'رافاييل', 'bn': 'রাফায়েল', 'hi': 'राफेल'}}}",6314340,53,,3176,"{'start': {'x': 65.8, 'y': 4.3}, 'block': {'x': 64.3, 'y': 3.8}, 'end': {'x': 51.4, 'y': 0}, 'goal': {'x': 51.4, 'y': 81}}",38,2224,476,shot,,13472635
"{'name': 'Dudu', 'slug': 'dudu', 'shortName': 'D. Rodrigues', 'position': 'M', 'jerseyNumber': '21', 'userCount': 536, 'gender': 'M', 'id': 1124220, 'fieldTranslations': {'nameTranslation': {'ar': 'دودو'}, 'shortNameTranslation': {'ar': 'دودو'}}}",True,block,throw-in-set-piece,"{'x': 23.7, 'y': 35.2, 'z': 0}",left-foot,low-centre,"{'x': 0, 'y': 49.6, 'z': 19}","{'x': 13.3, 'y': 41.9, 'z': 0}",0.013898247852921,0.0,"{'name': 'Rafael', 'slug': 'rafael', 'shortName': 'Rafael', 'position': 'G', 'jerseyNumber': '23', 'userCount': 4259, 'gender': 'M', 'id': 33132, 'fieldTranslations': {'nameTranslation': {'ar': 'رافاييل', 'bn': 'রাফায়েল', 'hi': 'राफेल'}, 'shortNameTranslation': {'ar': 'رافاييل', 'bn': 'রাফায়েল', 'hi': 'राफेल'}}}",6314307,47,,2796,"{'start': {'x': 35.2, 'y': 23.7}, 'block': {'x': 41.9, 'y': 13.3}, 'end': {'x': 50.4, 'y': 0}, 'goal': {'x': 50.4, 'y': 81}}",44,2604,96,shot,,13472635
"{'name': 'Ramon', 'firstName': '', 'lastName': '', 'slug': 'ramon', 'shortName': 'Ramon', 'position': 'D', 'jerseyNumber': '13', 'userCount': 859, 'gender': 'M', 'id': 980761, 'fieldTranslations': {'nameTranslation': {'ar': 'رامون', 'bn': 'রমন', 'hi': 'रेमन'}, 'shortNameTranslation': {'ar': 'رامون', 'bn': 'রমন', 'hi': 'रेमन'}}}",True,miss,assisted,"{'x': 20.7, 'y': 42.4, 'z': 0}",left-foot,high,"{'x': 0, 'y': 45.7, 'z': 73.6}",,0.063156239688396,0.0,"{'name': 'Rafael', 'slug': 'rafael', 'shortName': 'Rafael', 'position': 'G', 'jerseyNumber': '23', 'userCount': 4259, 'gender': 'M', 'id': 33132, 'fieldTranslations': {'nameTranslation': {'ar': 'رافاييل', 'bn': 'রাফায়েল', 'hi': 'राफेल'}, 'shortNameTranslation': {'ar': 'رافاييل', 'bn': 'রাফায়েল', 'hi': 'राफेल'}}}",6314244,45,4.0,2923,"{'start': {'x': 42.4, 'y': 20.7}, 'end': {'x': 54.3, 'y': 0}, 'goal': {'x': 54.3, 'y': 26.4}}",1,2477,223,shot,,13472635
"{'name': 'Gonzalo Tapia', 'firstName': '', 'lastName': '', 'slug': 'tapia-gonzalo', 'shortName': 'G. Tapia', 'position': 'F', 'jerseyNumber': '14', 'userCount': 4061, 'gender': 'M', 'id': 1002947, 'fieldTranslations': {'nameTranslation': {'ar': 'تابيا، غونزالو', 'bn': 'তাপিয়া, গঞ্জালো', 'hi': 'तापिया, गोंजालो'}, 'shortNameTranslation': {'ar': 'ت. غونزالو', 'bn': 'জি. তাপিয়া', 'hi': 'जी. तापिया'}}}",False,save,fast-break,"{'x': 10.2, 'y': 34.8, 'z': 0}",left-foot,low-centre,"{'x': 0, 'y': 51.1, 'z': 17.7}","{'x': 5.3, 'y': 41, 'z': 0}",0.32483053207397,0.18316760659218,"{'name': 'Thiago Couto', 'slug': 'thiago-couto', 'shortName': 'T. Couto', 'position': 'G', 'jerseyNumber': '12', 'userCount': 419, 'gender': 'M', 'id': 871291, 'fieldTranslations': {'nameTranslation': {'ar': 'تياغو كوتو'}, 'shortNameTranslation': {'ar': 'ت. كوتو'}}}",6314234,45,2.0,2796,"{'start': {'x': 34.8, 'y': 10.2}, 'block': {'x': 41, 'y': 5.3}, 'end': {'x': 48.9, 'y': 0}, 'goal': {'x': 48.9, 'y': 82.3}}",1,2604,96,shot,,13472635
"{'name': 'Gabriel Baralhas', 'slug': 'gabriel-baralhas', 'shortName': 'G. Baralhas', 'position': 'M', 'jerseyNumber': '44', 'userCount': 850, 'gender': 'M', 'id': 922575, 'fieldTranslations': {'nameTranslation': {'ar': 'غابرييل بارالهاس'}, 'shortNameTranslation': {'ar': 'غ. بارالهاس'}}}",True,save,corner,"{'x': 14.5, 'y': 39.5, 'z': 0}",left-foot,low-left,"{'x': 0, 'y': 53.1, 'z': 6.3}","{'x': 1, 'y': 47.1, 'z': 0}",0.069386832416058,0.094714142382145,"{'name': 'Rafael', 'slug': 'rafael', 'shortName': 'Rafael', 'position': 'G', 'jerseyNumber': '23', 'userCount': 4259, 'gender': 'M', 'id': 33132, 'fieldTranslations': {'nameTranslation': {'ar': 'رافاييل', 'bn': 'রাফায়েল', 'hi': 'राफेल'}, 'shortNameTranslation': {'ar': 'رافاييل', 'bn': 'রাফায়েল', 'hi': 'राफेल'}}}",6314155,38,,2269,"{'start': {'x': 39.5, 'y': 14.5}, 'block': {'x': 47.1, 'y': 1}, 'end': {'x': 46.9, 'y': 0}, 'goal': {'x': 46.9, 'y': 93.7}}",8,431,2269,shot,,13472635
"{'name': 'Neris', 'slug': 'neris', 'shortName': 'Neris', 'position': 'D', 'jerseyNumber': '77', 'userCount': 330, 'gender': 'M', 'id': 840247, 'fieldTranslations': {'nameTranslation': {'ar': 'نيريس', 'bn': 'নেরিস', 'hi': 'नेरिस'}, 'shortNameTranslation': {'ar': 'نيريس', 'bn': 'নেরিস', 'hi': 'नेरिस'}}}",True,block,corner,"{'x': 2, 'y': 59.3, 'z': 0}",head,low-centre,"{'x': 0, 'y': 51.4, 'z': 19}","{'x': 1.6, 'y': 58.7, 'z': 0}",0.074745401740074,0.0,"{'name': 'Rafael', 'slug': 'rafael', 'shortName': 'Rafael', 'position': 'G', 'jerseyNumber': '23', 'userCount': 4259, 'gender': 'M', 'id': 33132, 'fieldTranslations': {'nameTranslation': {'ar': 'رافاييل', 'bn': 'রাফায়েল', 'hi': 'राफेल'}, 'shortNameTranslation': {'ar': 'رافاييل', 'bn': 'রাফায়েল', 'hi': 'राफेल'}}}",6314152,38,,2250,"{'start': {'x': 59.3, 'y': 2}, 'block': {'x': 58.7, 'y': 1.6}, 'end': {'x': 48.6, 'y': 0}, 'goal': {'x': 48.6, 'y': 81}}",8,450,2250,shot,,13472635
"{'name': 'Aitor Cantalapiedra', 'slug': 'aitor-cantalapiedra', 'shortName': 'A. Cantalapiedra', 'position': 'F', 'jerseyNumber': '17', 'userCount': 883, 'gender': 'M', 'id': 823831, 'fieldTranslations': {'nameTranslation': {'ar': 'أيتور كانتالابييدرا', 'bn': 'অ্যাটিটর ক্যান্টালাপিয়েড্রা', 'hi': 'एटोर कैंटालैपीड्रा'}, 'shortNameTranslation': {'ar': 'أ. كانتالابييدرا', 'bn': 'এ. ক্যান্টালাপিয়েড্রা', 'hi': 'ए. कैंटालैपीड्रा'}}}",True,block,regular,"{'x': 22.8, 'y': 26.4, 'z': 0}",left-foot,low-centre,"{'x': 0, 'y': 51, 'z': 19}","{'x': 15, 'y': 34.1, 'z': 0}",0.024633083492517,0.0,"{'name': 'Rafael', 'slug': 'rafael', 'shortName': 'Rafael', 'position': 'G', 'jerseyNumber': '23', 'userCount': 4259, 'gender': 'M', 'id': 33132, 'fieldTranslations': {'nameTranslation': {'ar': 'رافاييل', 'bn': 'রাফায়েল', 'hi': 'राफेल'}, 'shortNameTranslation': {'ar': 'رافاييل', 'bn': 'রাফায়েল', 'hi': 'राफेल'}}}",6314160,36,,2131,"{'start': {'x': 26.4, 'y': 22.8}, 'block': {'x': 34.1, 'y': 15}, 'end': {'x': 49, 'y': 0}, 'goal': {'x': 49, 'y': 81}}",10,569,2131,shot,,13472635
"{'name': 'Gonzalo Tapia', 'firstName': '', 'lastName': '', 'slug': 'tapia-gonzalo', 'shortName': 'G. Tapia', 'position': 'F', 'jerseyNumber': '14', 'userCount': 4061, 'gender': 'M', 'id': 1002947, 'fieldTranslations': {'nameTranslation': {'ar': 'تابيا، غونزالو', 'bn': 'তাপিয়া, গঞ্জালো', 'hi': 'तापिया, गोंजालो'}, 'shortNameTranslation': {'ar': 'ت. غونزالو', 'bn': 'জি. তাপিয়া', 'hi': 'जी. तापिया'}}}",False,miss,assisted,"{'x': 8.8, 'y': 54.2, 'z': 0}",head,right,"{'x': 0, 'y': 39.8, 'z': 12.5}",,0.063379094004631,0.0,"{'name': 'Thiago Couto', 'slug': 'thiago-couto', 'shortName': 'T. Couto', 'position': 'G', 'jerseyNumber': '12', 'userCount': 419, 'gender': 'M', 'id': 871291, 'fieldTranslations': {'nameTranslation': {'ar': 'تياغو كوتو'}, 'shortNameTranslation': {'ar': 'ت. كوتو'}}}",6314128,34,,2012,"{'start': {'x': 54.2, 'y': 8.8}, 'end': {'x': 60.2, 'y': 0}, 'goal': {'x': 60.2, 'y': 87.5}}",12,688,2012,shot,,13472635
"{'name': 'Ramon', 'firstName': '', 'lastName': '', 'slug': 'ramon', 'shortName': 'Ramon', 'position': 'D', 'jerseyNumber': '13', 'userCount': 859, 'gender': 'M', 'id': 980761, 'fieldTranslations': {'nameTranslation': {'ar': 'رامون', 'bn': 'রমন', 'hi': 'रेमन'}, 'shortNameTranslation': {'ar': 'رامون', 'bn': 'রমন', 'hi': 'रेमन'}}}",True,miss,corner,"{'x': 22.9, 'y': 34.1, 'z': 0}",left-foot,close-high-left,"{'x': 0, 'y': 57, 'z': 56.9}",,0.0095223551616073,0.0,"{'name': 'Rafael', 'slug': 'rafael', 'shortName': 'Rafael', 'position': 'G', 'jerseyNumber': '23', 'userCount': 4259, 'gender': 'M', 'id': 33132, 'fieldTranslations': {'nameTranslation': {'ar': 'رافاييل', 'bn': 'রাফায়েল', 'hi': 'राफेल'}, 'shortNameTranslation': {'ar': 'رافاييل', 'bn': 'রাফায়েল', 'hi': 'राफेल'}}}",6314090,33,,1934,"{'start': {'x': 34.1, 'y': 22.9}, 'end': {'x': 43, 'y': 0}, 'goal': {'x': 43, 'y': 43.1}}",13,766,1934,shot,,13472635
"{'name': 'Willian Oliveira', 'slug': 'willian-oliveira', 'shortName': 'W. Oliveira', 'position': 'M', 'jerseyNumber': '29', 'userCount': 411, 'gender': 'M', 'id': 295167, 'fieldTranslations': {'nameTranslation': {'ar': 'ويليان أوليفيرا'}, 'shortNameTranslation': {'ar': 'و. أوليفيرا'}}}",True,save,regular,"{'x': 20.4, 'y': 62.6, 'z': 0}",right-foot,low-left,"{'x': 0, 'y': 52.8, 'z': 4.4}","{'x': 1.2, 'y': 51.8, 'z': 0}",0.068646006286144,0.18313208222389,"{'name': 'Rafael', 'slug': 'rafael', 'shortName': 'Rafael', 'position': 'G', 'jerseyNumber': '23', 'userCount': 4259, 'gender': 'M', 'id': 33132, 'fieldTranslations': {'nameTranslation': {'ar': 'رافاييل', 'bn': 'রাফায়েল', 'hi': 'राफेल'}, 'shortNameTranslation': {'ar': 'رافاييل', 'bn': 'রাফায়েল', 'hi': 'राफेल'}}}",6314089,32,,1904,"{'start': {'x': 62.6, 'y': 20.4}, 'block': {'x': 51.8, 'y': 1.2}, 'end': {'x': 47.2, 'y': 0}, 'goal': {'x': 47.2, 'y': 95.6}}",14,796,1904,shot,,13472635
"{'name': 'Ramon', 'firstName': '', 'lastName': '', 'slug': 'ramon', 'shortName': 'Ramon', 'position': 'D', 'jerseyNumber': '13', 'userCount': 859, 'gender': 'M', 'id': 980761, 'fieldTranslations': {'nameTranslation': {'ar': 'رامون', 'bn': 'রমন', 'hi': 'रेमन'}, 'shortNameTranslation': {'ar': 'رامون', 'bn': 'রমন', 'hi': 'रेमन'}}}",True,block,assisted,"{'x': 12.5, 'y': 32.6, 'z': 0}",left-foot,low-centre,"{'x': 0, 'y': 49.3, 'z': 19}","{'x': 10.3, 'y': 35.7, 'z': 0}",0.051543559879065,0.0,"{'name': 'Rafael', 'slug': 'rafael', 'shortName': 'Rafael', 'position': 'G', 'jerseyNumber': '23', 'userCount': 4259, 'gender': 'M', 'id': 33132, 'fieldTranslations': {'nameTranslation': {'ar': 'رافاييل', 'bn': 'রাফায়েল', 'hi': 'राफेल'}, 'shortNameTranslation': {'ar': 'رافاييل', 'bn': 'রাফায়েল', 'hi': 'राफेल'}}}",6314067,28,,1674,"{'start': {'x': 32.6, 'y': 12.5}, 'block': {'x': 35.7, 'y': 10.3}, 'end': {'x': 50.7, 'y': 0}, 'goal': {'x': 50.7, 'y': 81}}",18,1026,1674,shot,,13472635
"{'name': 'Erick', 'firstName': '', 'lastName': '', 'slug': 'erick', 'shortName': 'Erick', 'position': 'F', 'jerseyNumber': '33', 'userCount': 1393, 'gender': 'M', 'id': 895650, 'fieldTranslations': {'nameTranslation': {'ar': 'إريك', 'bn': 'এরিক', 'hi': 'एरिक'}, 'shortNameTranslation': {'ar': 'إريك', 'bn': 'এরিক', 'hi': 'एरिक'}}}",True,save,assisted,"{'x': 25.7, 'y': 57.5, 'z': 0}",left-foot,high-left,"{'x': 0, 'y': 52.9, 'z': 32.9}","{'x': 1.2, 'y': 50.2, 'z': 0}",0.034114792943001,0.26372888684273,"{'name': 'Rafael', 'slug': 'rafael', 'shortName': 'Rafael', 'position': 'G', 'jerseyNumber': '23', 'userCount': 4259, 'gender': 'M', 'id': 33132, 'fieldTranslations': {'nameTranslation': {'ar': 'رافاييل', 'bn': 'রাফায়েল', 'hi': 'राफेल'}, 'shortNameTranslation': {'ar': 'رافاييل', 'bn': 'রাফায়েল', 'hi': 'राफेल'}}}",6314032,23,,1357,"{'start': {'x': 57.5, 'y': 25.7}, 'block': {'x': 50.2, 'y': 1.2}, 'end': {'x': 47.1, 'y': 0}, 'goal': {'x': 47.1, 'y': 67.1}}",23,1343,1357,shot,,13472635
"{'name': 'Renato Kayzer', 'slug': 'renato-kayzer', 'shortName': 'R. Kayzer', 'position': 'F', 'jerseyNumber': '79', 'userCount': 1334, 'gender': 'M', 'id': 814723, 'fieldTranslations': {'nameTranslation': {'ar': 'ريناتو كايزر'}, 'shortNameTranslation': {'ar': 'ر. كايزر'}}}",True,save,regular,"{'x': 3.2, 'y': 55, 'z': 0}",right-foot,low-right,"{'x': 0, 'y': 47.1, 'z': 3.8}","{'x': 0.90000000000001, 'y': 53.2, 'z': 0}",0.56537532806396,0.64150393009186,"{'name': 'Rafael', 'slug': 'rafael', 'shortName': 'Rafael', 'position': 'G', 'jerseyNumber': '23', 'userCount': 4259, 'gender': 'M', 'id': 33132, 'fieldTranslations': {'nameTranslation': {'ar': 'رافاييل', 'bn': 'রাফায়েল', 'hi': 'राफेल'}, 'shortNameTranslation': {'ar': 'رافاييل', 'bn': 'রাফায়েল', 'hi': 'राफेल'}}}",6314001,19,,1082,"{'start': {'x': 55, 'y': 3.2}, 'block': {'x': 53.2, 'y': 0.90000000000001}, 'end': {'x': 52.9, 'y': 0}, 'goal': {'x': 52.9, 'y': 96.2}}",27,1618,1082,shot,,13472635
"{'name': 'Willian Oliveira', 'slug': 'willian-oliveira', 'shortName': 'W. Oliveira', 'position': 'M', 'jerseyNumber': '29', 'userCount': 411, 'gender': 'M', 'id': 295167, 'fieldTranslations': {'nameTranslation': {'ar': 'ويليان أوليفيرا'}, 'shortNameTranslation': {'ar': 'و. أوليفيرا'}}}",True,miss,assisted,"{'x': 7.7, 'y': 51.5, 'z': 0}",right-foot,close-right,"{'x': 0, 'y': 41.7, 'z': 15.3}","{'x': 2.2, 'y': 58.7, 'z': 0}",0.14597409963608,0.0,"{'name': 'Rafael', 'slug': 'rafael', 'shortName': 'Rafael', 'position': 'G', 'jerseyNumber': '23', 'userCount': 4259, 'gender': 'M', 'id': 33132, 'fieldTranslations': {'nameTranslation': {'ar': 'رافاييل', 'bn': 'রাফায়েল', 'hi': 'राफेल'}, 'shortNameTranslation': {'ar': 'رافاييل', 'bn': 'রাফায়েল', 'hi': 'राफेल'}}}",6314031,18,,1079,"{'start': {'x': 51.5, 'y': 7.7}, 'block': {'x': 58.7, 'y': 2.2}, 'end': {'x': 58.3, 'y': 0}, 'goal': {'x': 58.3, 'y': 84.7}}",28,1621,1079,shot,,13472635
"{'name': 'Willian Oliveira', 'slug': 'willian-oliveira', 'shortName': 'W. Oliveira', 'position': 'M', 'jerseyNumber': '29', 'userCount': 411, 'gender': 'M', 'id': 295167, 'fieldTranslations': {'nameTranslation': {'ar': 'ويليان أوليفيرا'}, 'shortNameTranslation': {'ar': 'و. أوليفيرا'}}}",True,save,assisted,"{'x': 27.5, 'y': 48.3, 'z': 0}",left-foot,low-left,"{'x': 0, 'y': 54, 'z': 2.5}","{'x': 1.8, 'y': 50, 'z': 0}",0.023016763851047,0.16565544903278,"{'name': 'Rafael', 'slug': 'rafael', 'shortName': 'Rafael', 'position': 'G', 'jerseyNumber': '23', 'userCount': 4259, 'gender': 'M', 'id': 33132, 'fieldTranslations': {'nameTranslation': {'ar': 'رافاييل', 'bn': 'রাফায়েল', 'hi': 'राफेल'}, 'shortNameTranslation': {'ar': 'رافاييل', 'bn': 'রাফায়েল', 'hi': 'राफेल'}}}",6314016,17,,1009,"{'start': {'x': 48.3, 'y': 27.5}, 'block': {'x': 50, 'y': 1.8}, 'end': {'x': 46, 'y': 0}, 'goal': {'x': 46, 'y': 97.5}}",29,1691,1009,shot,,13472635
"{'name': 'Marcos Antônio', 'slug': 'marcos-antonio', 'shortName': 'M. Antônio', 'position': 'M', 'jerseyNumber': '8', 'userCount': 3087, 'gender': 'M', 'id': 905453, 'fieldTranslations': {'nameTranslation': {'ar': 'ماركوس أنطونيو', 'bn': 'মার্কোস আন্তোনিও', 'hi': 'मार्कोस एंटोनियो'}, 'shortNameTranslation': {'ar': 'م. أنطونيو', 'bn': 'এম. আন্তোনিও', 'hi': 'एम. एंटोनियो'}}}",False,miss,set-piece,"{'x': 23.5, 'y': 46.8, 'z': 0}",left-foot,left,"{'x': 0, 'y': 60.7, 'z': 22.2}",,0.012710932642221,0.0,"{'name': 'Thiago Couto', 'slug': 'thiago-couto', 'shortName': 'T. Couto', 'position': 'G', 'jerseyNumber': '12', 'userCount': 419, 'gender': 'M', 'id': 871291, 'fieldTranslations': {'nameTranslation': {'ar': 'تياغو كوتو'}, 'shortNameTranslation': {'ar': 'ت. كوتو'}}}",6313983,16,,931,"{'start': {'x': 46.8, 'y': 23.5}, 'end': {'x': 39.3, 'y': 0}, 'goal': {'x': 39.3, 'y': 77.8}}",30,1769,931,shot,,13472635
"{'name': 'Gabriel Baralhas', 'slug': 'gabriel-baralhas', 'shortName': 'G. Baralhas', 'position': 'M', 'jerseyNumber': '44', 'userCount': 850, 'gender': 'M', 'id': 922575, 'fieldTranslations': {'nameTranslation': {'ar': 'غابرييل بارالهاس'}, 'shortNameTranslation': {'ar': 'غ. بارالهاس'}}}",True,block,corner,"{'x': 18.4, 'y': 46.1, 'z': 0}",right-foot,low-centre,"{'x': 0, 'y': 50.9, 'z': 19}","{'x': 6.7, 'y': 48, 'z': 0}",0.027831718325615,0.0,"{'name': 'Rafael', 'slug': 'rafael', 'shortName': 'Rafael', 'position': 'G', 'jerseyNumber': '23', 'userCount': 4259, 'gender': 'M', 'id': 33132, 'fieldTranslations': {'nameTranslation': {'ar': 'رافاييل', 'bn': 'রাফায়েল', 'hi': 'राफेल'}, 'shortNameTranslation': {'ar': 'رافاييل', 'bn': 'রাফায়েল', 'hi': 'राफेल'}}}",6313940,11,,631,"{'start': {'x': 46.1, 'y': 18.4}, 'block': {'x': 48, 'y': 6.7}, 'end': {'x': 49.1, 'y': 0}, 'goal': {'x': 49.1, 'y': 81}}",35,2069,631,shot,,13472635
"{'name': 'Erick', 'firstName': '', 'lastName': '', 'slug': 'erick', 'shortName': 'Erick', 'position': 'F', 'jerseyNumber': '33', 'userCount': 1393, 'gender': 'M', 'id': 895650, 'fieldTranslations': {'nameTranslation': {'ar': 'إريك', 'bn': 'এরিক', 'hi': 'एरिक'}, 'shortNameTranslation': {'ar': 'إريك', 'bn': 'এরিক', 'hi': 'एरिक'}}}",True,save,regular,"{'x': 13.3, 'y': 63.9, 'z': 0}",left-foot,low-centre,"{'x': 0, 'y': 50, 'z': 12}","{'x': 1.4, 'y': 51.1, 'z': 0}",0.036045625805855,0.018803142011166,"{'name': 'Rafael', 'slug': 'rafael', 'shortName': 'Rafael', 'position': 'G', 'jerseyNumber': '23', 'userCount': 4259, 'gender': 'M', 'id': 33132, 'fieldTranslations': {'nameTranslation': {'ar': 'رافاييل', 'bn': 'রাফায়েল', 'hi': 'राफेल'}, 'shortNameTranslation': {'ar': 'رافاييل', 'bn': 'রাফায়েল', 'hi': 'राफेल'}}}",6313900,5,,295,"{'start': {'x': 63.9, 'y': 13.3}, 'block': {'x': 51.1, 'y': 1.4}, 'end': {'x': 50, 'y': 0}, 'goal': {'x': 50, 'y': 88}}",41,2405,295,shot,,13472635
"{'name': 'Raniele', 'firstName': '', 'lastName': '', 'slug': 'raniele', 'shortName': 'Raniele', 'position': 'M', 'jerseyNumber': '14', 'userCount': 6199, 'gender': 'M', 'sofascoreId': 'R14niele', 'id': 866392, 'fieldTranslations': {'nameTranslation': {'ar': 'رانيل', 'bn': 'রানিয়েল', 'hi': 'रानीले'}, 'shortNameTranslation': {'ar': 'رانيل', 'bn': 'রানিয়েল', 'hi': 'रानीले'}}}",True,miss,corner,"{'x': 7.3, 'y': 43.5, 'z': 0}",right-foot,right,"{'x': 0, 'y': 40.5, 'z': 26.4}",,0.33032780885696,0.0,"{'name': 'Jandrei', 'firstName': '', 'lastName': '', 'slug': 'jandrei', 'shortName': 'Jandrei', 'position': 'G', 'jerseyNumber': '93', 'userCount': 1017, 'gender': 'M', 'id': 874979, 'fieldTranslations': {'nameTranslation': {'ar': 'جاندري', 'bn': 'জান্দ্রেই', 'hi': 'जन्द्रेई'}, 'shortNameTranslation': {'ar': 'جاندري', 'bn': 'জান্দ্রেই', 'hi': 'जन्द्रेई'}}}",6314586,90,4.0,5596,"{'start': {'x': 43.5, 'y': 7.3}, 'end': {'x': 59.5, 'y': 0}, 'goal': {'x': 59.5, 'y': 73.6}}",1,704,196,shot,,13472600
"{'name': 'João Pedro Tchoca', 'slug': 'joao-pedro', 'shortName': 'J. Pedro', 'position': 'D', 'jerseyNumber': '4', 'userCount': 3436, 'gender': 'M', 'id': 1411150, 'fieldTranslations': {'nameTranslation': {'ar': 'جواو بيدرو تشوكا', 'bn': 'জোয়াও পেদ্রো চোকা', 'hi': 'जोआओ पेड्रो चोका'}, 'shortNameTranslation': {'ar': 'ج. بيدرو', 'bn': 'জে. পেড্রো', 'hi': 'जे. पेड्रो'}}}",True,block,corner,"{'x': 14.1, 'y': 50.3, 'z': 0}",head,low-centre,"{'x': 0, 'y': 49, 'z': 19}","{'x': 5.3, 'y': 50.7, 'z': 0}",0.011442391201854,0.0,"{'name': 'Jandrei', 'firstName': '', 'lastName': '', 'slug': 'jandrei', 'shortName': 'Jandrei', 'position': 'G', 'jerseyNumber': '93', 'userCount': 1017, 'gender': 'M', 'id': 874979, 'fieldTranslations': {'nameTranslation': {'ar': 'جاندري', 'bn': 'জান্দ্রেই', 'hi': 'जन्द्रेई'}, 'shortNameTranslation': {'ar': 'جاندري', 'bn': 'জান্দ্রেই', 'hi': 'जन्द्रेई'}}}",6314582,90,4.0,5594,"{'start': {'x': 50.3, 'y': 14.1}, 'block': {'x': 50.7, 'y': 5.3}, 'end': {'x': 51, 'y': 0}, 'goal': {'x': 51, 'y': 81}}",1,706,194,shot,,13472600
"{'name': 'Edison Negueba', 'firstName': 'Edison Negueba', 'lastName': '', 'slug': 'edison-negueba', 'shortName': 'E. Negueba', 'position': 'M', 'jerseyNumber': '87', 'userCount': 134, 'gender': 'M', 'id': 1200594, 'fieldTranslations': {'nameTranslation': {'ar': 'إيديسون نيغويبا'}, 'shortNameTranslation': {'ar': 'إ. نيغويبا'}}}",False,miss,regular,"{'x': 11.6, 'y': 59.3, 'z': 0}",right-foot,high-left,"{'x': 0, 'y': 60.2, 'z': 72.2}",,0.11107183247805,0.0,"{'name': 'Kauê', 'firstName': 'Kauê', 'lastName': '', 'slug': 'kaue', 'shortName': 'Kauê', 'position': 'G', 'jerseyNumber': '51', 'userCount': 1663, 'gender': 'M', 'id': 1382923, 'fieldTranslations': {'nameTranslation': {'ar': 'كاوي'}, 'shortNameTranslation': {'ar': 'كاوي'}}}",6314575,90,2.0,5485,"{'start': {'x': 59.3, 'y': 11.6}, 'end': {'x': 39.8, 'y': 0}, 'goal': {'x': 39.8, 'y': 27.8}}",1,815,85,shot,,13472600
"{'name': 'Kayke Ferrari', 'slug': 'kayke-ferrari', 'shortName': 'Kayke', 'position': 'F', 'jerseyNumber': '31', 'userCount': 2799, 'gender': 'M', 'id': 1411152, 'fieldTranslations': {'nameTranslation': {'ar': 'كاكي فيراري'}, 'shortNameTranslation': {'ar': 'ك. فيراري'}}}",True,block,assisted,"{'x': 17.2, 'y': 30.1, 'z': 0}",left-foot,low-centre,"{'x': 0, 'y': 50, 'z': 19}","{'x': 12.8, 'y': 35.2, 'z': 0}",0.032910514622927,0.0,"{'name': 'Jandrei', 'firstName': '', 'lastName': '', 'slug': 'jandrei', 'shortName': 'Jandrei', 'position': 'G', 'jerseyNumber': '93', 'userCount': 1017, 'gender': 'M', 'id': 874979, 'fieldTranslations': {'nameTranslation': {'ar': 'جاندري', 'bn': 'জান্দ্রেই', 'hi': 'जन्द्रेई'}, 'shortNameTranslation': {'ar': 'جاندري', 'bn': 'জান্দ্রেই', 'hi': 'जन्द्रेई'}}}",6314574,90,1.0,5440,"{'start': {'x': 30.1, 'y': 17.2}, 'block': {'x': 35.2, 'y': 12.8}, 'end': {'x': 50, 'y': 0}, 'goal': {'x': 50, 'y': 81}}",1,860,40,shot,,13472600
"{'name': 'Edison Negueba', 'firstName': 'Edison Negueba', 'lastName': '', 'slug': 'edison-negueba', 'shortName': 'E. Negueba', 'position': 'M', 'jerseyNumber': '87', 'userCount': 134, 'gender': 'M', 'id': 1200594, 'fieldTranslations': {'nameTranslation': {'ar': 'إيديسون نيغويبا'}, 'shortNameTranslation': {'ar': 'إ. نيغويبا'}}}",False,goal,assisted,"{'x': 6.7, 'y': 51.2, 'z': 0}",head,low-centre,"{'x': 0, 'y': 49, 'z': 18.4}",,0.1583785712719,0.33526682853699,"{'name': 'Kauê', 'firstName': 'Kauê', 'lastName': '', 'slug': 'kaue', 'shortName': 'Kauê', 'position': 'G', 'jerseyNumber': '51', 'userCount': 1663, 'gender': 'M', 'id': 1382923, 'fieldTranslations': {'nameTranslation': {'ar': 'كاوي'}, 'shortNameTranslation': {'ar': 'كاوي'}}}",6314538,88,,5220,"{'start': {'x': 51.2, 'y': 6.7}, 'end': {'x': 51, 'y': 0}, 'goal': {'x': 51, 'y': 81.6}}",3,180,2520,shot,regular,13472600
"{'name': 'Giovanny', 'slug': 'giovanny', 'shortName': 'Giovanny', 'position': 'M', 'jerseyNumber': '11', 'userCount': 202, 'gender': 'M', 'id': 797649, 'fieldTranslations': {'nameTranslation': {'ar': 'جيوفاني'}, 'shortNameTranslation': {'ar': 'جيوفاني'}}}",False,block,assisted,"{'x': 10.3, 'y': 37.1, 'z': 0}",left-foot,low-left,"{'x': 0, 'y': 53.4, 'z': 19}","{'x': 8.3, 'y': 39, 'z': 0}",0.06332141906023,0.0,"{'name': 'Kauê', 'firstName': 'Kauê', 'lastName': '', 'slug': 'kaue', 'shortName': 'Kauê', 'position': 'G', 'jerseyNumber': '51', 'userCount': 1663, 'gender': 'M', 'id': 1382923, 'fieldTranslations': {'nameTranslation': {'ar': 'كاوي'}, 'shortNameTranslation': {'ar': 'كاوي'}}}",6314531,85,,5080,"{'start': {'x': 37.1, 'y': 10.3}, 'block': {'x': 39, 'y': 8.3}, 'end': {'x': 46.6, 'y': 0}, 'goal': {'x': 46.6, 'y': 81}}",6,320,2380,shot,,13472600
"{'name': 'Matheus Babi', 'firstName': '', 'lastName': '', 'slug': 'matheus-babi', 'shortName': 'Matheus Babi', 'position': 'F', 'jerseyNumber': '17', 'userCount': 465, 'gender': 'M', 'id': 1007431, 'fieldTranslations': {'nameTranslation': {'ar': 'ماثيوس بابي'}, 'shortNameTranslation': {'ar': 'م. بابي'}}}",False,miss,corner,"{'x': 10.2, 'y': 52.1, 'z': 0}",head,high,"{'x': 0, 'y': 51.8, 'z': 70.8}",,0.032752942293882,0.0,"{'name': 'Kauê', 'firstName': 'Kauê', 'lastName': '', 'slug': 'kaue', 'shortName': 'Kauê', 'position': 'G', 'jerseyNumber': '51', 'userCount': 1663, 'gender': 'M', 'id': 1382923, 'fieldTranslations': {'nameTranslation': {'ar': 'كاوي'}, 'shortNameTranslation': {'ar': 'كاوي'}}}",6314524,84,,5016,"{'start': {'x': 52.1, 'y': 10.2}, 'end': {'x': 48.2, 'y': 0}, 'goal': {'x': 48.2, 'y': 29.2}}",7,384,2316,shot,,13472600
"{'name': 'Gabriel Taliari', 'slug': 'gabriel-taliari', 'shortName': 'G. Taliari', 'position': 'F', 'jerseyNumber': '19', 'userCount': 442, 'gender': 'M', 'id': 933955, 'fieldTranslations': {'nameTranslation': {'ar': 'غابرييل تاليارى'}, 'shortNameTranslation': {'ar': 'غ. تاليارى'}}}",False,block,regular,"{'x': 21.8, 'y': 47, 'z': 0}",right-foot,low-centre,"{'x': 0, 'y': 50.2, 'z': 19}","{'x': 18.1, 'y': 47.5, 'z': 0}",0.04754825308919,0.0,"{'name': 'Kauê', 'firstName': 'Kauê', 'lastName': '', 'slug': 'kaue', 'shortName': 'Kauê', 'position': 'G', 'jerseyNumber': '51', 'userCount': 1663, 'gender': 'M', 'id': 1382923, 'fieldTranslations': {'nameTranslation': {'ar': 'كاوي'}, 'shortNameTranslation': {'ar': 'كاوي'}}}",6314529,83,,4972,"{'start': {'x': 47, 'y': 21.8}, 'block': {'x': 47.5, 'y': 18.1}, 'end': {'x': 49.8, 'y': 0}, 'goal': {'x': 49.8, 'y': 81}}",8,428,2272,shot,,13472600
"{'name': 'Matheus Babi', 'firstName': '', 'lastName': '', 'slug': 'matheus-babi', 'shortName': 'Matheus Babi', 'position': 'F', 'jerseyNumber': '17', 'userCount': 465, 'gender': 'M', 'id': 1007431, 'fieldTranslations': {'nameTranslation': {'ar': 'ماثيوس بابي'}, 'shortNameTranslation': {'ar': 'م. بابي'}}}",False,block,assisted,"{'x': 13.2, 'y': 37.8, 'z': 0}",right-foot,low-right,"{'x': 0, 'y': 47.5, 'z': 19}","{'x': 11.5, 'y': 39.7, 'z': 0}",0.04577013105154,0.0,"{'name': 'Kauê', 'firstName': 'Kauê', 'lastName': '', 'slug': 'kaue', 'shortName': 'Kauê', 'position': 'G', 'jerseyNumber': '51', 'userCount': 1663, 'gender': 'M', 'id': 1382923, 'fieldTranslations': {'nameTranslation': {'ar': 'كاوي'}, 'shortNameTranslation': {'ar': 'كاوي'}}}",6314488,80,,4758,"{'start': {'x': 37.8, 'y': 13.2}, 'block': {'x': 39.7, 'y': 11.5}, 'end': {'x': 52.5, 'y': 0}, 'goal': {'x': 52.5, 'y': 81}}",11,642,2058,shot,,13472600
"{'name': 'Memphis Depay', 'slug': 'memphis-depay', 'shortName': 'M. Depay', 'position': 'F', 'jerseyNumber': '10', 'userCount': 75888, 'gender': 'M', 'sofascoreId': 'Memphis', 'id': 138833, 'fieldTranslations': {'nameTranslation': {'ar': 'ممفيس ديباي', 'bn': 'মেমফিস ডিপে', 'hi': 'मेम्फिस डीपे'}, 'shortNameTranslation': {'ar': 'م. ديباي', 'bn': 'এম. ডিপে', 'hi': 'एम. डीपे'}}}",True,block,regular,"{'x': 6.9, 'y': 33.3, 'z': 0}",left-foot,low-centre,"{'x': 0, 'y': 51.7, 'z': 19}","{'x': 5.5, 'y': 36.3, 'z': 0}",0.048576630651951,0.0,"{'name': 'Jandrei', 'firstName': '', 'lastName': '', 'slug': 'jandrei', 'shortName': 'Jandrei', 'position': 'G', 'jerseyNumber': '93', 'userCount': 1017, 'gender': 'M', 'id': 874979, 'fieldTranslations': {'nameTranslation': {'ar': 'جاندري', 'bn': 'জান্দ্রেই', 'hi': 'जन्द्रेई'}, 'shortNameTranslation': {'ar': 'جاندري', 'bn': 'জান্দ্রেই', 'hi': 'जन्द्रेई'}}}",6314478,77,,4615,"{'start': {'x': 33.3, 'y': 6.9}, 'block': {'x': 36.3, 'y': 5.5}, 'end': {'x': 48.3, 'y': 0}, 'goal': {'x': 48.3, 'y': 81}}",14,785,1915,shot,,13472600
"{'name': 'Matheuzinho', 'slug': 'matheuzinho', 'shortName': 'Matheuzinho', 'position': 'D', 'jerseyNumber': '2', 'userCount': 7300, 'gender': 'M', 'sofascoreId': 'mateuzinhoo', 'id': 931540, 'fieldTranslations': {'nameTranslation': {'ar': 'ماثيوزينهو'}, 'shortNameTranslation': {'ar': 'ماثيوزينهو'}}}",True,save,fast-break,"{'x': 12.8, 'y': 70.3, 'z': 0}",right-foot,low-centre,"{'x': 0, 'y': 50.2, 'z': 19}","{'x': 1.1, 'y': 51.6, 'z': 0}",0.10912971198559,0.0,"{'name': 'Jandrei', 'firstName': '', 'lastName': '', 'slug': 'jandrei', 'shortName': 'Jandrei', 'position': 'G', 'jerseyNumber': '93', 'userCount': 1017, 'gender': 'M', 'id': 874979, 'fieldTranslations': {'nameTranslation': {'ar': 'جاندري', 'bn': 'জান্দ্রেই', 'hi': 'जन्द्रेई'}, 'shortNameTranslation': {'ar': 'جاندري', 'bn': 'জান্দ্রেই', 'hi': 'जन्द्रेई'}}}",6314474,77,,4607,"{'start': {'x': 70.3, 'y': 12.8}, 'block': {'x': 51.6, 'y': 1.1}, 'end': {'x': 49.8, 'y': 0}, 'goal': {'x': 49.8, 'y': 81}}",14,793,1907,shot,,13472600
"{'name': 'Gabriel Taliari', 'slug': 'gabriel-taliari', 'shortName': 'G. Taliari', 'position': 'F', 'jerseyNumber': '19', 'userCount': 442, 'gender': 'M', 'id': 933955, 'fieldTranslations': {'nameTranslation': {'ar': 'غابرييل تاليارى'}, 'shortNameTranslation': {'ar': 'غ. تاليارى'}}}",False,miss,assisted,"{'x': 11, 'y': 46.4, 'z': 0}",head,high-right,"{'x': 0, 'y': 41.2, 'z': 61.1}",,0.052640125155449,0.0,"{'name': 'Kauê', 'firstName': 'Kauê', 'lastName': '', 'slug': 'kaue', 'shortName': 'Kauê', 'position': 'G', 'jerseyNumber': '51', 'userCount': 1663, 'gender': 'M', 'id': 1382923, 'fieldTranslations': {'nameTranslation': {'ar': 'كاوي'}, 'shortNameTranslation': {'ar': 'كاوي'}}}",6314465,76,,4522,"{'start': {'x': 46.4, 'y': 11}, 'end': {'x': 58.8, 'y': 0}, 'goal': {'x': 58.8, 'y': 38.9}}",15,878,1822,shot,,13472600
"{'name': 'Peixoto', 'slug': 'peixoto', 'shortName': 'Peixoto', 'position': 'M', 'jerseyNumber': '72', 'userCount': 94, 'gender': 'M', 'id': 1049781, 'fieldTranslations': {'nameTranslation': {'ar': 'بيكسوتو'}, 'shortNameTranslation': {'ar': 'بيكسوتو'}}}",False,miss,assisted,"{'x': 26.9, 'y': 38.7, 'z': 0}",right-foot,high,"{'x': 0, 'y': 49.2, 'z': 88.9}",,0.013543942011893,0.0,"{'name': 'Kauê', 'firstName': 'Kauê', 'lastName': '', 'slug': 'kaue', 'shortName': 'Kauê', 'position': 'G', 'jerseyNumber': '51', 'userCount': 1663, 'gender': 'M', 'id': 1382923, 'fieldTranslations': {'nameTranslation': {'ar': 'كاوي'}, 'shortNameTranslation': {'ar': 'كاوي'}}}",6314458,75,,4467,"{'start': {'x': 38.7, 'y': 26.9}, 'end': {'x': 50.8, 'y': 0}, 'goal': {'x': 50.8, 'y': 11.1}}",16,933,1767,shot,,13472600
"{'name': 'Kayke Ferrari', 'slug': 'kayke-ferrari', 'shortName': 'Kayke', 'position': 'F', 'jerseyNumber': '31', 'userCount': 2799, 'gender': 'M', 'id': 1411152, 'fieldTranslations': {'nameTranslation': {'ar': 'كاكي فيراري'}, 'shortNameTranslation': {'ar': 'ك. فيراري'}}}",True,miss,assisted,"{'x': 8.2, 'y': 55.4, 'z': 0}",left-foot,left,"{'x': 0, 'y': 64.7, 'z': 23.6}",,0.33060309290886,0.0,"{'name': 'Jandrei', 'firstName': '', 'lastName': '', 'slug': 'jandrei', 'shortName': 'Jandrei', 'position': 'G', 'jerseyNumber': '93', 'userCount': 1017, 'gender': 'M', 'id': 874979, 'fieldTranslations': {'nameTranslation': {'ar': 'جاندري', 'bn': 'জান্দ্রেই', 'hi': 'जन्द्रेई'}, 'shortNameTranslation': {'ar': 'جاندري', 'bn': 'জান্দ্রেই', 'hi': 'जन्द्रेई'}}}",6314438,69,,4093,"{'start': {'x': 55.4, 'y': 8.2}, 'end': {'x': 35.3, 'y': 0}, 'goal': {'x': 35.3, 'y': 76.4}}",22,1307,1393,shot,,13472600
"{'name': 'Hugo', 'slug': 'hugo', 'shortName': 'Hugo', 'position': 'D', 'userCount': 3176, 'gender': 'M', 'id': 1017827, 'fieldTranslations': {'nameTranslation': {'ar': 'هوغو', 'bn': 'হুগো', 'hi': 'ह्यूगो'}, 'shortNameTranslation': {'ar': 'هوغو', 'bn': 'হুগো', 'hi': 'ह्यूगो'}}}",True,miss,assisted,"{'x': 5.2, 'y': 28.9, 'z': 0}",left-foot,right,"{'x': 0, 'y': 29.6, 'z': 9.7}",,0.062378849834204,0.0,"{'name': 'Jandrei', 'firstName': '', 'lastName': '', 'slug': 'jandrei', 'shortName': 'Jandrei', 'position': 'G', 'jerseyNumber': '93', 'userCount': 1017, 'gender': 'M', 'id': 874979, 'fieldTranslations': {'nameTranslation': {'ar': 'جاندري', 'bn': 'জান্দ্রেই', 'hi': 'जन्द्रेई'}, 'shortNameTranslation': {'ar': 'جاندري', 'bn': 'জান্দ্রেই', 'hi': 'जन्द्रेई'}}}",6314431,67,,3990,"{'start': {'x': 28.9, 'y': 5.2}, 'end': {'x': 70.4, 'y': 0}, 'goal': {'x': 70.4, 'y': 90.3}}",24,1410,1290,shot,,13472600
"{'name': 'Ewerthon', 'slug': 'ewerton', 'shortName': 'Ewerthon', 'position': 'D', 'jerseyNumber': '7', 'userCount': 182, 'gender': 'M', 'id': 992512, 'fieldTranslations': {'nameTranslation': {'ar': 'إيويرثون'}, 'shortNameTranslation': {'ar': 'إيويرثون'}}}",False,miss,assisted,"{'x': 21.5, 'y': 76.5, 'z': 0}",right-foot,high,"{'x': 0, 'y': 48.7, 'z': 77.8}",,0.023692168295383,0.0,"{'name': 'Kauê', 'firstName': 'Kauê', 'lastName': '', 'slug': 'kaue', 'shortName': 'Kauê', 'position': 'G', 'jerseyNumber': '51', 'userCount': 1663, 'gender': 'M', 'id': 1382923, 'fieldTranslations': {'nameTranslation': {'ar': 'كاوي'}, 'shortNameTranslation': {'ar': 'كاوي'}}}",6314422,66,,3919,"{'start': {'x': 76.5, 'y': 21.5}, 'end': {'x': 51.3, 'y': 0}, 'goal': {'x': 51.3, 'y': 22.2}}",25,1481,1219,shot,,13472600
"{'name': 'Rodrigo Sam', 'firstName': '', 'lastName': '', 'slug': 'rodrigo-sam', 'shortName': 'R. Sam', 'position': 'D', 'jerseyNumber': '34', 'userCount': 112, 'gender': 'M', 'id': 794640, 'fieldTranslations': {'nameTranslation': {'ar': 'رودريغو سام'}, 'shortNameTranslation': {'ar': 'ر. سام'}}}",False,save,corner,"{'x': 12.2, 'y': 39.5, 'z': 0}",head,low-centre,"{'x': 0, 'y': 49.7, 'z': 8.2}","{'x': 1, 'y': 50.4, 'z': 0}",0.0092016374692321,0.0098151359707117,"{'name': 'Kauê', 'firstName': 'Kauê', 'lastName': '', 'slug': 'kaue', 'shortName': 'Kauê', 'position': 'G', 'jerseyNumber': '51', 'userCount': 1663, 'gender': 'M', 'id': 1382923, 'fieldTranslations': {'nameTranslation': {'ar': 'كاوي'}, 'shortNameTranslation': {'ar': 'كاوي'}}}",6314412,64,,3823,"{'start': {'x': 39.5, 'y': 12.2}, 'block': {'x': 50.4, 'y': 1}, 'end': {'x': 50.3, 'y': 0}, 'goal': {'x': 50.3, 'y': 91.8}}",27,1577,1123,shot,,13472600
"{'name': 'Hugo', 'slug': 'hugo', 'shortName': 'Hugo', 'position': 'D', 'userCount': 3176, 'gender': 'M', 'id': 1017827, 'fieldTranslations': {'nameTranslation': {'ar': 'هوغو', 'bn': 'হুগো', 'hi': 'ह्यूगो'}, 'shortNameTranslation': {'ar': 'هوغو', 'bn': 'হুগো', 'hi': 'ह्यूगो'}}}",True,miss,assisted,"{'x': 6.4, 'y': 44.3, 'z': 0}",head,high,"{'x': 0, 'y': 47.4, 'z': 62.5}",,0.1999945640564,0.0,"{'name': 'Jandrei', 'firstName': '', 'lastName': '', 'slug': 'jandrei', 'shortName': 'Jandrei', 'position': 'G', 'jerseyNumber': '93', 'userCount': 1017, 'gender': 'M', 'id': 874979, 'fieldTranslations': {'nameTranslation': {'ar': 'جاندري', 'bn': 'জান্দ্রেই', 'hi': 'जन्द्रेई'}, 'shortNameTranslation': {'ar': 'جاندري', 'bn': 'জান্দ্রেই', 'hi': 'जन्द्रेई'}}}",6314368,58,,3456,"{'start': {'x': 44.3, 'y': 6.4}, 'end': {'x': 52.6, 'y': 0}, 'goal': {'x': 52.6, 'y': 37.5}}",33,1944,756,shot,,13472600
"{'name': 'Ewerthon', 'slug': 'ewerton', 'shortName': 'Ewerthon', 'position': 'D', 'jerseyNumber': '7', 'userCount': 182, 'gender': 'M', 'id': 992512, 'fieldTranslations': {'nameTranslation': {'ar': 'إيويرثون'}, 'shortNameTranslation': {'ar': 'إيويرثون'}}}",False,save,free-kick,"{'x': 29.6, 'y': 36.2, 'z': 0}",right-foot,low-centre,"{'x': 0, 'y': 50.5, 'z': 1.3}","{'x': 1.2, 'y': 50.2, 'z': 0}",0.031112637370825,0.014191253110766,"{'name': 'Kauê', 'firstName': 'Kauê', 'lastName': '', 'slug': 'kaue', 'shortName': 'Kauê', 'position': 'G', 'jerseyNumber': '51', 'userCount': 1663, 'gender': 'M', 'id': 1382923, 'fieldTranslations': {'nameTranslation': {'ar': 'كاوي'}, 'shortNameTranslation': {'ar': 'كاوي'}}}",6314352,56,,3301,"{'start': {'x': 36.2, 'y': 29.6}, 'block': {'x': 50.2, 'y': 1.2}, 'end': {'x': 49.5, 'y': 0}, 'goal': {'x': 49.5, 'y': 98.7}}",35,2099,601,shot,,13472600
"{'name': 'Raniele', 'firstName': '', 'lastName': '', 'slug': 'raniele', 'shortName': 'Raniele', 'position': 'M', 'jerseyNumber': '14', 'userCount': 6199, 'gender': 'M', 'sofascoreId': 'R14niele', 'id': 866392, 'fieldTranslations': {'nameTranslation': {'ar': 'رانيل', 'bn': 'রানিয়েল', 'hi': 'रानीले'}, 'shortNameTranslation': {'ar': 'رانيل', 'bn': 'রানিয়েল', 'hi': 'रानीले'}}}",True,save,fast-break,"{'x': 13.7, 'y': 76.2, 'z': 0}",right-foot,low-centre,"{'x': 0, 'y': 50.6, 'z': 1.3}","{'x': 1.2, 'y': 52, 'z': 0}",0.017458017915487,0.01372729614377,"{'name': 'Jandrei', 'firstName': '', 'lastName': '', 'slug': 'jandrei', 'shortName': 'Jandrei', 'position': 'G', 'jerseyNumber': '93', 'userCount': 1017, 'gender': 'M', 'id': 874979, 'fieldTranslations': {'nameTranslation': {'ar': 'جاندري', 'bn': 'জান্দ্রেই', 'hi': 'जन्द्रेई'}, 'shortNameTranslation': {'ar': 'جاندري', 'bn': 'জান্দ্রেই', 'hi': 'जन्द्रेई'}}}",6314339,54,,3181,"{'start': {'x': 76.2, 'y': 13.7}, 'block': {'x': 52, 'y': 1.2}, 'end': {'x': 49.4, 'y': 0}, 'goal': {'x': 49.4, 'y': 98.7}}",37,2219,481,shot,,13472600
"{'name': 'Gabriel Taliari', 'slug': 'gabriel-taliari', 'shortName': 'G. Taliari', 'position': 'F', 'jerseyNumber': '19', 'userCount': 442, 'gender': 'M', 'id': 933955, 'fieldTranslations': {'nameTranslation': {'ar': 'غابرييل تاليارى'}, 'shortNameTranslation': {'ar': 'غ. تاليارى'}}}",False,miss,assisted,"{'x': 4.5, 'y': 45.4, 'z': 0}",left-foot,high,"{'x': 0, 'y': 52.3, 'z': 93.1}",,0.49916246533394,0.0,"{'name': 'Kauê', 'firstName': 'Kauê', 'lastName': '', 'slug': 'kaue', 'shortName': 'Kauê', 'position': 'G', 'jerseyNumber': '51', 'userCount': 1663, 'gender': 'M', 'id': 1382923, 'fieldTranslations': {'nameTranslation': {'ar': 'كاوي'}, 'shortNameTranslation': {'ar': 'كاوي'}}}",6314335,53,,3121,"{'start': {'x': 45.4, 'y': 4.5}, 'end': {'x': 47.7, 'y': 0}, 'goal': {'x': 47.7, 'y': 6.9}}",38,2279,421,shot,,13472600
"{'name': 'Talles Magno', 'firstName': '', 'lastName': '', 'slug': 'talles-magno', 'shortName': 'T. Magno', 'position': 'F', 'jerseyNumber': '11', 'userCount': 7630, 'gender': 'M', 'sofascoreId': 'TallesMagico', 'id': 985860, 'fieldTranslations': {'nameTranslation': {'ar': 'تالس ماغنو'}, 'shortNameTranslation': {'ar': 'ت. ماغنو'}}}",True,miss,regular,"{'x': 11.9, 'y': 44.2, 'z': 0}",right-foot,close-left,"{'x': 0, 'y': 57, 'z': 6.9}",,0.44637313485146,0.0,"{'name': 'Jandrei', 'firstName': '', 'lastName': '', 'slug': 'jandrei', 'shortName': 'Jandrei', 'position': 'G', 'jerseyNumber': '93', 'userCount': 1017, 'gender': 'M', 'id': 874979, 'fieldTranslations': {'nameTranslation': {'ar': 'جاندري', 'bn': 'জান্দ্রেই', 'hi': 'जन्द्रेई'}, 'shortNameTranslation': {'ar': 'جاندري', 'bn': 'জান্দ্রেই', 'hi': 'जन्द्रेई'}}}",6314310,48,,2850,"{'start': {'x': 44.2, 'y': 11.9}, 'end': {'x': 43, 'y': 0}, 'goal': {'x': 43, 'y': 93.1}}",43,2550,150,shot,,13472600
"{'name': 'Talles Magno', 'firstName': '', 'lastName': '', 'slug': 'talles-magno', 'shortName': 'T. Magno', 'position': 'F', 'jerseyNumber': '11', 'userCount': 7630, 'gender': 'M', 'sofascoreId': 'TallesMagico', 'id': 985860, 'fieldTranslations': {'nameTranslation': {'ar': 'تالس ماغنو'}, 'shortNameTranslation': {'ar': 'ت. ماغنو'}}}",True,save,assisted,"{'x': 7.1, 'y': 51.4, 'z': 0}",right-foot,high-centre,"{'x': 0, 'y': 51.1, 'z': 21.5}","{'x': 4.2, 'y': 51.1, 'z': 0}",0.65501588582993,0.69832640886307,"{'name': 'Jandrei', 'firstName': '', 'lastName': '', 'slug': 'jandrei', 'shortName': 'Jandrei', 'position': 'G', 'jerseyNumber': '93', 'userCount': 1017, 'gender': 'M', 'id': 874979, 'fieldTranslations': {'nameTranslation': {'ar': 'جاندري', 'bn': 'জান্দ্রেই', 'hi': 'जन्द्रेई'}, 'shortNameTranslation': {'ar': 'جاندري', 'bn': 'জান্দ্রেই', 'hi': 'जन्द्रेई'}}}",6314219,44,,2605,"{'start': {'x': 51.4, 'y': 7.1}, 'block': {'x': 51.1, 'y': 4.2}, 'end': {'x': 48.9, 'y': 0}, 'goal': {'x': 48.9, 'y': 78.5}}",2,95,2605,shot,,13472600
"{'name': 'Marcelo Hermes', 'slug': 'marcelo-hermes', 'shortName': 'M. Hermes', 'position': 'D', 'jerseyNumber': '22', 'userCount': 288, 'gender': 'M', 'id': 783490, 'fieldTranslations': {'nameTranslation': {'ar': 'مارسيلو هيرميس'}, 'shortNameTranslation': {'ar': 'م. هيرميس'}}}",False,miss,corner,"{'x': 19.6, 'y': 49.9, 'z': 0}",left-foot,high-right,"{'x': 0, 'y': 40, 'z': 72.2}",,0.017893388867378,0.0,"{'name': 'Kauê', 'firstName': 'Kauê', 'lastName': '', 'slug': 'kaue', 'shortName': 'Kauê', 'position': 'G', 'jerseyNumber': '51', 'userCount': 1663, 'gender': 'M', 'id': 1382923, 'fieldTranslations': {'nameTranslation': {'ar': 'كاوي'}, 'shortNameTranslation': {'ar': 'كاوي'}}}",6314135,35,,2072,"{'start': {'x': 49.9, 'y': 19.6}, 'end': {'x': 60, 'y': 0}, 'goal': {'x': 60, 'y': 27.8}}",11,628,2072,shot,,13472600
"{'name': 'Luis Mandaca', 'firstName': 'Luis Mandaca', 'slug': 'luis-mandaca', 'shortName': 'L. Mandaca', 'position': 'M', 'jerseyNumber': '44', 'userCount': 391, 'gender': 'M', 'id': 1116677, 'fieldTranslations': {'nameTranslation': {'ar': 'لويس ماندكا'}, 'shortNameTranslation': {'ar': 'ل. ماندكا'}}}",False,miss,set-piece,"{'x': 6, 'y': 68.2, 'z': 0}",head,right,"{'x': 0, 'y': 37.5, 'z': 4.2}","{'x': 5.4, 'y': 62.5, 'z': 0}",0.013066061772406,0.0,"{'name': 'Kauê', 'firstName': 'Kauê', 'lastName': '', 'slug': 'kaue', 'shortName': 'Kauê', 'position': 'G', 'jerseyNumber': '51', 'userCount': 1663, 'gender': 'M', 'id': 1382923, 'fieldTranslations': {'nameTranslation': {'ar': 'كاوي'}, 'shortNameTranslation': {'ar': 'كاوي'}}}",6314158,34,,2037,"{'start': {'x': 68.2, 'y': 6}, 'block': {'x': 62.5, 'y': 5.4}, 'end': {'x': 62.5, 'y': 0}, 'goal': {'x': 62.5, 'y': 95.8}}",12,663,2037,shot,,13472600
"{'name': 'Igor Formiga', 'firstName': '', 'lastName': '', 'slug': 'igor-formiga', 'shortName': 'Igor Formiga', 'position': 'D', 'jerseyNumber': '32', 'userCount': 273, 'gender': 'M', 'id': 1009030, 'fieldTranslations': {'nameTranslation': {'ar': 'إيغور فورميغا'}, 'shortNameTranslation': {'ar': 'إ. فورميغا'}}}",False,save,free-kick,"{'x': 18.4, 'y': 14.9, 'z': 0}",right-foot,high-right,"{'x': 0, 'y': 46.1, 'z': 32.9}","{'x': 1, 'y': 48, 'z': 0}",0.036515880376101,0.43904170393944,"{'name': 'Kauê', 'firstName': 'Kauê', 'lastName': '', 'slug': 'kaue', 'shortName': 'Kauê', 'position': 'G', 'jerseyNumber': '51', 'userCount': 1663, 'gender': 'M', 'id': 1382923, 'fieldTranslations': {'nameTranslation': {'ar': 'كاوي'}, 'shortNameTranslation': {'ar': 'كاوي'}}}",6314082,32,,1867,"{'start': {'x': 14.9, 'y': 18.4}, 'block': {'x': 48, 'y': 1}, 'end': {'x': 53.9, 'y': 0}, 'goal': {'x': 53.9, 'y': 67.1}}",14,833,1867,shot,,13472600
"{'name': 'José Martínez', 'slug': 'jose-martinez', 'shortName': 'J. Martínez', 'position': 'M', 'jerseyNumber': '70', 'userCount': 7380, 'gender': 'M', 'sofascoreId': 'elBrujo', 'id': 979325, 'fieldTranslations': {'nameTranslation': {'ar': 'خوسيه مارتينيز', 'bn': 'হোসে মার্টিনেজ', 'hi': 'जोस मार्टिनेज'}, 'shortNameTranslation': {'ar': 'خ. مارتينيز', 'bn': 'জে. মার্টিনেজ', 'hi': 'जे. मार्टिनेज'}}}",True,goal,assisted,"{'x': 18.7, 'y': 45.8, 'z': 0}",right-foot,high-left,"{'x': 0, 'y': 53.7, 'z': 20.9}",,0.1319671869278,0.54341161251068,"{'name': 'Jandrei', 'firstName': '', 'lastName': '', 'slug': 'jandrei', 'shortName': 'Jandrei', 'position': 'G', 'jerseyNumber': '93', 'userCount': 1017, 'gender': 'M', 'id': 874979, 'fieldTranslations': {'nameTranslation': {'ar': 'جاندري', 'bn': 'জান্দ্রেই', 'hi': 'जन्द्रेई'}, 'shortNameTranslation': {'ar': 'جاندري', 'bn': 'জান্দ্রেই', 'hi': 'जन्द्रेई'}}}",6314042,23,,1367,"{'start': {'x': 45.8, 'y': 18.7}, 'end': {'x': 46.3, 'y': 0}, 'goal': {'x': 46.3, 'y': 79.1}}",23,1333,1367,shot,regular,13472600
"{'name': 'Ángel Romero', 'slug': 'angel-romero', 'shortName': 'Á. Romero', 'position': 'F', 'jerseyNumber': '29', 'userCount': 10588, 'gender': 'M', 'sofascoreId': 'ÁRomero', 'id': 1197041, 'fieldTranslations': {'nameTranslation': {'ar': 'أنخيل روميرو', 'bn': 'অ্যাঞ্জেল রোমেরো', 'hi': 'एंजेल रोमेरो'}, 'shortNameTranslation': {'ar': 'أ. روميرو', 'bn': 'অ্যাঞ্জেল রোমেরো', 'hi': 'एंजेल रोमेरो'}}}",True,miss,regular,"{'x': 18.5, 'y': 48.8, 'z': 0}",left-foot,high,"{'x': 0, 'y': 53.4, 'z': 86.1}",,0.087763674557209,0.0,"{'name': 'Jandrei', 'firstName': '', 'lastName': '', 'slug': 'jandrei', 'shortName': 'Jandrei', 'position': 'G', 'jerseyNumber': '93', 'userCount': 1017, 'gender': 'M', 'id': 874979, 'fieldTranslations': {'nameTranslation': {'ar': 'جاندري', 'bn': 'জান্দ্রেই', 'hi': 'जन्द्रेई'}, 'shortNameTranslation': {'ar': 'جاندري', 'bn': 'জান্দ্রেই', 'hi': 'जन्द्रेई'}}}",6314007,19,,1117,"{'start': {'x': 48.8, 'y': 18.5}, 'end': {'x': 46.6, 'y': 0}, 'goal': {'x': 46.6, 'y': 13.9}}",27,1583,1117,shot,,13472600
"{'name': 'Talles Magno', 'firstName': '', 'lastName': '', 'slug': 'talles-magno', 'shortName': 'T. Magno', 'position': 'F', 'jerseyNumber': '11', 'userCount': 7630, 'gender': 'M', 'sofascoreId': 'TallesMagico', 'id': 985860, 'fieldTranslations': {'nameTranslation': {'ar': 'تالس ماغنو'}, 'shortNameTranslation': {'ar': 'ت. ماغنو'}}}",True,block,assisted,"{'x': 9.5, 'y': 62.6, 'z': 0}",right-foot,low-right,"{'x': 0, 'y': 47.2, 'z': 19}","{'x': 7.6, 'y': 60.7, 'z': 0}",0.14644148945808,0.0,"{'name': 'Jandrei', 'firstName': '', 'lastName': '', 'slug': 'jandrei', 'shortName': 'Jandrei', 'position': 'G', 'jerseyNumber': '93', 'userCount': 1017, 'gender': 'M', 'id': 874979, 'fieldTranslations': {'nameTranslation': {'ar': 'جاندري', 'bn': 'জান্দ্রেই', 'hi': 'जन्द्रेई'}, 'shortNameTranslation': {'ar': 'جاندري', 'bn': 'জান্দ্রেই', 'hi': 'जन्द्रेई'}}}",6314006,19,,1116,"{'start': {'x': 62.6, 'y': 9.5}, 'block': {'x': 60.7, 'y': 7.6}, 'end': {'x': 52.8, 'y': 0}, 'goal': {'x': 52.8, 'y': 81}}",27,1584,1116,shot,,13472600
"{'name': 'Gabriel Taliari', 'slug': 'gabriel-taliari', 'shortName': 'G. Taliari', 'position': 'F', 'jerseyNumber': '19', 'userCount': 442, 'gender': 'M', 'id': 933955, 'fieldTranslations': {'nameTranslation': {'ar': 'غابرييل تاليارى'}, 'shortNameTranslation': {'ar': 'غ. تاليارى'}}}",False,block,assisted,"{'x': 6.9, 'y': 53, 'z': 0}",right-foot,low-centre,"{'x': 0, 'y': 50, 'z': 19}","{'x': 5.4, 'y': 52.3, 'z': 0}",0.39253133535385,0.0,"{'name': 'Kauê', 'firstName': 'Kauê', 'lastName': '', 'slug': 'kaue', 'shortName': 'Kauê', 'position': 'G', 'jerseyNumber': '51', 'userCount': 1663, 'gender': 'M', 'id': 1382923, 'fieldTranslations': {'nameTranslation': {'ar': 'كاوي'}, 'shortNameTranslation': {'ar': 'كاوي'}}}",6313914,7,,407,"{'start': {'x': 53, 'y': 6.9}, 'block': {'x': 52.3, 'y': 5.4}, 'end': {'x': 50, 'y': 0}, 'goal': {'x': 50, 'y': 81}}",39,2293,407,shot,,13472600
"{'name': 'Matheus Henrique', 'slug': 'matheus-henrique', 'shortName': 'M. Henrique', 'position': 'M', 'jerseyNumber': '8', 'userCount': 2968, 'gender': 'M', 'id': 912786, 'fieldTranslations': {'nameTranslation': {'ar': 'ماثيوس هنريك', 'bn': 'ম্যাথিউস হেনরিক', 'hi': 'मैथियस हेनरिक'}, 'shortNameTranslation': {'ar': 'ماثيوس هنريك', 'bn': 'ম্যাথিউস হেনরিক', 'hi': 'मैथियस हेनरिक'}}}",False,save,assisted,"{'x': 21.6, 'y': 55, 'z': 0}",right-foot,high-right,"{'x': 0, 'y': 47.6, 'z': 30.4}","{'x': 1.6, 'y': 50.5, 'z': 0}",0.029793722555041,0.13697761297226,"{'name': 'Gabriel Brazão', 'firstName': '', 'lastName': '', 'slug': 'gabriel-brazao', 'shortName': 'G. Brazão', 'position': 'G', 'jerseyNumber': '77', 'userCount': 3103, 'gender': 'M', 'id': 905448, 'fieldTranslations': {'nameTranslation': {'ar': 'غابرييل برازاو', 'bn': 'গ্যাব্রিয়েল ব্রাজাও', 'hi': 'गेब्रियल ब्राज़ाओ'}, 'shortNameTranslation': {'ar': 'غ. برازاو', 'bn': 'জি. ব্রাজাও', 'hi': 'जी. ब्राज़ाओ'}}}",6314543,90,,5358,"{'start': {'x': 55, 'y': 21.6}, 'block': {'x': 50.5, 'y': 1.6}, 'end': {'x': 52.4, 'y': 0}, 'goal': {'x': 52.4, 'y': 69.6}}",1,42,2658,shot,,13472633
"{'name': 'Benjamín Rollheiser', 'slug': 'benjamin-rollheiser', 'shortName': 'B. Rollheiser', 'position': 'M', 'jerseyNumber': '32', 'userCount': 4264, 'gender': 'M', 'id': 922454, 'fieldTranslations': {'nameTranslation': {'ar': 'بنجامين رولهايسر', 'bn': 'বেঞ্জামিন রোলহাইজার', 'hi': 'बेंजामिन रोलहेसर'}, 'shortNameTranslation': {'ar': 'ب. رولهايسر', 'bn': 'বি. রোলহাইজার', 'hi': 'बी. रोलहेसर'}}}",True,save,regular,"{'x': 14.1, 'y': 45.4, 'z': 0}",right-foot,low-centre,"{'x': 0, 'y': 50, 'z': 9.5}","{'x': 1.4, 'y': 49.8, 'z': 0}",0.099839627742767,0.035655301064253,"{'name': 'Léo Aragão', 'firstName': 'Leonardo', 'slug': 'leo-aragao', 'shortName': 'L. Aragão', 'position': 'G', 'jerseyNumber': '41', 'userCount': 772, 'gender': 'M', 'id': 1488035, 'fieldTranslations': {'nameTranslation': {'ar': 'ليو أراجاو'}, 'shortNameTranslation': {'ar': 'ل. أراجاو'}}}",6314539,88,,5247,"{'start': {'x': 45.4, 'y': 14.1}, 'block': {'x': 49.8, 'y': 1.4}, 'end': {'x': 50, 'y': 0}, 'goal': {'x': 50, 'y': 90.5}}",3,153,2547,shot,,13472633
"{'name': 'Kaique Kenji', 'slug': 'kenji', 'shortName': 'K. Kenji', 'position': 'M', 'jerseyNumber': '70', 'userCount': 1285, 'gender': 'M', 'id': 1647579, 'fieldTranslations': {'nameTranslation': {'ar': 'كايك كينجي'}, 'shortNameTranslation': {'ar': 'ك. كينجي'}}}",False,block,assisted,"{'x': 22.2, 'y': 40.3, 'z': 0}",right-foot,low-centre,"{'x': 0, 'y': 50.2, 'z': 19}","{'x': 11, 'y': 45.1, 'z': 0}",0.086105071008205,0.0,"{'name': 'Gabriel Brazão', 'firstName': '', 'lastName': '', 'slug': 'gabriel-brazao', 'shortName': 'G. Brazão', 'position': 'G', 'jerseyNumber': '77', 'userCount': 3103, 'gender': 'M', 'id': 905448, 'fieldTranslations': {'nameTranslation': {'ar': 'غابرييل برازاو', 'bn': 'গ্যাব্রিয়েল ব্রাজাও', 'hi': 'गेब्रियल ब्राज़ाओ'}, 'shortNameTranslation': {'ar': 'غ. برازاو', 'bn': 'জি. ব্রাজাও', 'hi': 'जी. ब्राज़ाओ'}}}",6314533,87,,5172,"{'start': {'x': 40.3, 'y': 22.2}, 'block': {'x': 45.1, 'y': 11}, 'end': {'x': 49.8, 'y': 0}, 'goal': {'x': 49.8, 'y': 81}}",4,228,2472,shot,,13472633
"{'name': 'Matheus Henrique', 'slug': 'matheus-henrique', 'shortName': 'M. Henrique', 'position': 'M', 'jerseyNumber': '8', 'userCount': 2968, 'gender': 'M', 'id': 912786, 'fieldTranslations': {'nameTranslation': {'ar': 'ماثيوس هنريك', 'bn': 'ম্যাথিউস হেনরিক', 'hi': 'मैथियस हेनरिक'}, 'shortNameTranslation': {'ar': 'ماثيوس هنريك', 'bn': 'ম্যাথিউস হেনরিক', 'hi': 'मैथियस हेनरिक'}}}",False,miss,assisted,"{'x': 22.4, 'y': 57.9, 'z': 0}",right-foot,high-left,"{'x': 0, 'y': 58.8, 'z': 76.4}",,0.041323821991682,0.0,"{'name': 'Gabriel Brazão', 'firstName': '', 'lastName': '', 'slug': 'gabriel-brazao', 'shortName': 'G. Brazão', 'position': 'G', 'jerseyNumber': '77', 'userCount': 3103, 'gender': 'M', 'id': 905448, 'fieldTranslations': {'nameTranslation': {'ar': 'غابرييل برازاو', 'bn': 'গ্যাব্রিয়েল ব্রাজাও', 'hi': 'गेब्रियल ब्राज़ाओ'}, 'shortNameTranslation': {'ar': 'غ. برازاو', 'bn': 'জি. ব্রাজাও', 'hi': 'जी. ब्राज़ाओ'}}}",6314491,81,,4817,"{'start': {'x': 57.9, 'y': 22.4}, 'end': {'x': 41.2, 'y': 0}, 'goal': {'x': 41.2, 'y': 23.6}}",10,583,2117,shot,,13472633
"{'name': 'Kaique Kenji', 'slug': 'kenji', 'shortName': 'K. Kenji', 'position': 'M', 'jerseyNumber': '70', 'userCount': 1285, 'gender': 'M', 'id': 1647579, 'fieldTranslations': {'nameTranslation': {'ar': 'كايك كينجي'}, 'shortNameTranslation': {'ar': 'ك. كينجي'}}}",False,save,assisted,"{'x': 14.4, 'y': 27.8, 'z': 0}",right-foot,low-right,"{'x': 0, 'y': 48.1, 'z': 1.9}","{'x': 0.59999999999999, 'y': 48.2, 'z': 0}",0.028512086719275,0.048440277576447,"{'name': 'Gabriel Brazão', 'firstName': '', 'lastName': '', 'slug': 'gabriel-brazao', 'shortName': 'G. Brazão', 'position': 'G', 'jerseyNumber': '77', 'userCount': 3103, 'gender': 'M', 'id': 905448, 'fieldTranslations': {'nameTranslation': {'ar': 'غابرييل برازاو', 'bn': 'গ্যাব্রিয়েল ব্রাজাও', 'hi': 'गेब्रियल ब्राज़ाओ'}, 'shortNameTranslation': {'ar': 'غ. برازاو', 'bn': 'জি. ব্রাজাও', 'hi': 'जी. ब्राज़ाओ'}}}",6314457,74,,4435,"{'start': {'x': 27.8, 'y': 14.4}, 'block': {'x': 48.2, 'y': 0.59999999999999}, 'end': {'x': 51.9, 'y': 0}, 'goal': {'x': 51.9, 'y': 98.1}}",17,965,1735,shot,,13472633
"{'name': 'Neymar', 'slug': 'neymar', 'shortName': 'Neymar', 'position': 'F', 'jerseyNumber': '10', 'userCount': 1013524, 'gender': 'M', 'sofascoreId': 'Neymar', 'id': 124712, 'fieldTranslations': {'nameTranslation': {'ar': 'نيمار', 'bn': 'নেইমার', 'hi': 'नेमार'}, 'shortNameTranslation': {'ar': 'نيمار', 'bn': 'নেইমার', 'hi': 'नेमार'}}}",True,block,assisted,"{'x': 12, 'y': 42.4, 'z': 0}",right-foot,low-centre,"{'x': 0, 'y': 50.2, 'z': 19}","{'x': 8.8, 'y': 44.4, 'z': 0}",0.14786513149738,0.0,"{'name': 'Léo Aragão', 'firstName': 'Leonardo', 'slug': 'leo-aragao', 'shortName': 'L. Aragão', 'position': 'G', 'jerseyNumber': '41', 'userCount': 772, 'gender': 'M', 'id': 1488035, 'fieldTranslations': {'nameTranslation': {'ar': 'ليو أراجاو'}, 'shortNameTranslation': {'ar': 'ل. أراجاو'}}}",6314448,72,,4315,"{'start': {'x': 42.4, 'y': 12}, 'block': {'x': 44.4, 'y': 8.8}, 'end': {'x': 49.8, 'y': 0}, 'goal': {'x': 49.8, 'y': 81}}",19,1085,1615,shot,,13472633
"{'name': 'Guilherme', 'slug': 'guilherme', 'shortName': 'Guilherme', 'position': 'M', 'jerseyNumber': '20', 'userCount': 3597, 'gender': 'M', 'id': 844605, 'fieldTranslations': {'nameTranslation': {'ar': 'غيليرمي أوغوستو', 'bn': 'গুইলহার্ম অগোস্তু', 'hi': 'गिल्हर्मे ऑगस्टो'}, 'shortNameTranslation': {'ar': 'غ. أوغوستو', 'bn': 'উইলিয়াম অগোস্তু', 'hi': 'गिल्हर्मे ऑगस्टो'}}}",True,block,regular,"{'x': 10, 'y': 31.5, 'z': 0}",right-foot,low-left,"{'x': 0, 'y': 52, 'z': 19}","{'x': 7.9, 'y': 35, 'z': 0}",0.027531415224075,0.0,"{'name': 'Léo Aragão', 'firstName': 'Leonardo', 'slug': 'leo-aragao', 'shortName': 'L. Aragão', 'position': 'G', 'jerseyNumber': '41', 'userCount': 772, 'gender': 'M', 'id': 1488035, 'fieldTranslations': {'nameTranslation': {'ar': 'ليو أراجاو'}, 'shortNameTranslation': {'ar': 'ل. أراجاو'}}}",6314446,71,,4235,"{'start': {'x': 31.5, 'y': 10}, 'block': {'x': 35, 'y': 7.9}, 'end': {'x': 48, 'y': 0}, 'goal': {'x': 48, 'y': 81}}",20,1165,1535,shot,,13472633
"{'name': 'Neymar', 'slug': 'neymar', 'shortName': 'Neymar', 'position': 'F', 'jerseyNumber': '10', 'userCount': 1013524, 'gender': 'M', 'sofascoreId': 'Neymar', 'id': 124712, 'fieldTranslations': {'nameTranslation': {'ar': 'نيمار', 'bn': 'নেইমার', 'hi': 'नेमार'}, 'shortNameTranslation': {'ar': 'نيمار', 'bn': 'নেইমার', 'hi': 'नेमार'}}}",True,miss,assisted,"{'x': 18.6, 'y': 34, 'z': 0}",right-foot,close-high-right,"{'x': 0, 'y': 42, 'z': 52.8}",,0.022443596273661,0.0,"{'name': 'Léo Aragão', 'firstName': 'Leonardo', 'slug': 'leo-aragao', 'shortName': 'L. Aragão', 'position': 'G', 'jerseyNumber': '41', 'userCount': 772, 'gender': 'M', 'id': 1488035, 'fieldTranslations': {'nameTranslation': {'ar': 'ليو أراجاو'}, 'shortNameTranslation': {'ar': 'ل. أراجاو'}}}",6314425,66,,3915,"{'start': {'x': 34, 'y': 18.6}, 'end': {'x': 58, 'y': 0}, 'goal': {'x': 58, 'y': 47.2}}",25,1485,1215,shot,,13472633
"{'name': 'João Schmidt', 'slug': 'joao-schmidt', 'shortName': 'J. Schmidt', 'position': 'M', 'jerseyNumber': '5', 'userCount': 1086, 'gender': 'M', 'id': 244591, 'fieldTranslations': {'nameTranslation': {'ar': 'جواو شميت'}, 'shortNameTranslation': {'ar': 'ج. شميت'}}}",True,goal,corner,"{'x': 4.6, 'y': 45.8, 'z': 0}",head,low-right,"{'x': 0, 'y': 46.9, 'z': 11.4}",,0.16380807757378,0.67313861846924,"{'name': 'Léo Aragão', 'firstName': 'Leonardo', 'slug': 'leo-aragao', 'shortName': 'L. Aragão', 'position': 'G', 'jerseyNumber': '41', 'userCount': 772, 'gender': 'M', 'id': 1488035, 'fieldTranslations': {'nameTranslation': {'ar': 'ليو أراجاو'}, 'shortNameTranslation': {'ar': 'ل. أراجاو'}}}",6314404,60,,3598,"{'start': {'x': 45.8, 'y': 4.6}, 'end': {'x': 53.1, 'y': 0}, 'goal': {'x': 53.1, 'y': 88.6}}",31,1802,898,shot,regular,13472633
"{'name': 'Thaciano', 'slug': 'thaciano', 'shortName': 'Thaciano', 'position': 'M', 'jerseyNumber': '16', 'userCount': 1810, 'gender': 'M', 'id': 872039, 'fieldTranslations': {'nameTranslation': {'ar': 'ثاسيانو'}, 'shortNameTranslation': {'ar': 'ثاسيانو'}}}",True,block,set-piece,"{'x': 14.2, 'y': 49.7, 'z': 0}",right-foot,low-left,"{'x': 0, 'y': 52.4, 'z': 6.9}","{'x': 11, 'y': 49.6, 'z': 0}",0.088432312011719,0.0,"{'name': 'Léo Aragão', 'firstName': 'Leonardo', 'slug': 'leo-aragao', 'shortName': 'L. Aragão', 'position': 'G', 'jerseyNumber': '41', 'userCount': 772, 'gender': 'M', 'id': 1488035, 'fieldTranslations': {'nameTranslation': {'ar': 'ليو أراجاو'}, 'shortNameTranslation': {'ar': 'ل. أراجاو'}}}",6314378,59,,3535,"{'start': {'x': 49.7, 'y': 14.2}, 'block': {'x': 49.6, 'y': 11}, 'end': {'x': 47.6, 'y': 0}, 'goal': {'x': 47.6, 'y': 93.1}}",32,1865,835,shot,,13472633
"{'name': 'Thaciano', 'slug': 'thaciano', 'shortName': 'Thaciano', 'position': 'M', 'jerseyNumber': '16', 'userCount': 1810, 'gender': 'M', 'id': 872039, 'fieldTranslations': {'nameTranslation': {'ar': 'ثاسيانو'}, 'shortNameTranslation': {'ar': 'ثاسيانو'}}}",True,save,set-piece,"{'x': 3.6, 'y': 57.3, 'z': 0}",head,low-centre,"{'x': 0, 'y': 49.6, 'z': 16.5}","{'x': 0, 'y': 49.1, 'z': 0}",0.22349604964256,0.17972974479198,"{'name': 'Léo Aragão', 'firstName': 'Leonardo', 'slug': 'leo-aragao', 'shortName': 'L. Aragão', 'position': 'G', 'jerseyNumber': '41', 'userCount': 772, 'gender': 'M', 'id': 1488035, 'fieldTranslations': {'nameTranslation': {'ar': 'ليو أراجاو'}, 'shortNameTranslation': {'ar': 'ل. أراجاو'}}}",6314362,57,,3375,"{'start': {'x': 57.3, 'y': 3.6}, 'block': {'x': 49.1, 'y': 0}, 'end': {'x': 50.4, 'y': 0}, 'goal': {'x': 50.4, 'y': 83.5}}",34,2025,675,shot,,13472633
"{'name': 'Neymar', 'slug': 'neymar', 'shortName': 'Neymar', 'position': 'F', 'jerseyNumber': '10', 'userCount': 1013524, 'gender': 'M', 'sofascoreId': 'Neymar', 'id': 124712, 'fieldTranslations': {'nameTranslation': {'ar': 'نيمار', 'bn': 'নেইমার', 'hi': 'नेमार'}, 'shortNameTranslation': {'ar': 'نيمار', 'bn': 'নেইমার', 'hi': 'नेमार'}}}",True,block,fast-break,"{'x': 8.6, 'y': 35.6, 'z': 0}",left-foot,low-right,"{'x': 0, 'y': 47.6, 'z': 19}","{'x': 7.6, 'y': 37.5, 'z': 0}",0.093885712325573,0.0,"{'name': 'Léo Aragão', 'firstName': 'Leonardo', 'slug': 'leo-aragao', 'shortName': 'L. Aragão', 'position': 'G', 'jerseyNumber': '41', 'userCount': 772, 'gender': 'M', 'id': 1488035, 'fieldTranslations': {'nameTranslation': {'ar': 'ليو أراجاو'}, 'shortNameTranslation': {'ar': 'ل. أراجاو'}}}",6314345,54,,3215,"{'start': {'x': 35.6, 'y': 8.6}, 'block': {'x': 37.5, 'y': 7.6}, 'end': {'x': 52.4, 'y': 0}, 'goal': {'x': 52.4, 'y': 81}}",37,2185,515,shot,,13472633
"{'name': 'Guilherme', 'slug': 'guilherme', 'shortName': 'Guilherme', 'position': 'M', 'jerseyNumber': '20', 'userCount': 3597, 'gender': 'M', 'id': 844605, 'fieldTranslations': {'nameTranslation': {'ar': 'غيليرمي أوغوستو', 'bn': 'গুইলহার্ম অগোস্তু', 'hi': 'गिल्हर्मे ऑगस्टो'}, 'shortNameTranslation': {'ar': 'غ. أوغوستو', 'bn': 'উইলিয়াম অগোস্তু', 'hi': 'गिल्हर्मे ऑगस्टो'}}}",True,save,assisted,"{'x': 10.5, 'y': 33.6, 'z': 0}",right-foot,low-centre,"{'x': 0, 'y': 50.4, 'z': 3.8}","{'x': 5, 'y': 42.1, 'z': 0}",0.16512361168861,0.13747251033783,"{'name': 'Léo Aragão', 'firstName': 'Leonardo', 'slug': 'leo-aragao', 'shortName': 'L. Aragão', 'position': 'G', 'jerseyNumber': '41', 'userCount': 772, 'gender': 'M', 'id': 1488035, 'fieldTranslations': {'nameTranslation': {'ar': 'ليو أراجاو'}, 'shortNameTranslation': {'ar': 'ل. أراجاو'}}}",6314236,45,2.0,2806,"{'start': {'x': 33.6, 'y': 10.5}, 'block': {'x': 42.1, 'y': 5}, 'end': {'x': 49.6, 'y': 0}, 'goal': {'x': 49.6, 'y': 96.2}}",1,2594,106,shot,,13472633
"{'name': 'Rayan Lelis', 'firstName': 'Rayan', 'lastName': 'Lelis', 'slug': 'rayan-passaglia-lelis', 'shortName': 'R. Lelis', 'position': 'M', 'jerseyNumber': '57', 'userCount': 317, 'gender': 'M', 'id': 1831101, 'fieldTranslations': {'nameTranslation': {'ar': 'رايان باسيليا ليليس'}, 'shortNameTranslation': {'ar': 'ر. ليليس'}}}",False,miss,assisted,"{'x': 23.9, 'y': 30.1, 'z': 0}",right-foot,high,"{'x': 0, 'y': 51.8, 'z': 80.6}",,0.016770914196968,0.0,"{'name': 'Gabriel Brazão', 'firstName': '', 'lastName': '', 'slug': 'gabriel-brazao', 'shortName': 'G. Brazão', 'position': 'G', 'jerseyNumber': '77', 'userCount': 3103, 'gender': 'M', 'id': 905448, 'fieldTranslations': {'nameTranslation': {'ar': 'غابرييل برازاو', 'bn': 'গ্যাব্রিয়েল ব্রাজাও', 'hi': 'गेब्रियल ब्राज़ाओ'}, 'shortNameTranslation': {'ar': 'غ. برازاو', 'bn': 'জি. ব্রাজাও', 'hi': 'जी. ब्राज़ाओ'}}}",6314231,45,2.0,2760,"{'start': {'x': 30.1, 'y': 23.9}, 'end': {'x': 48.2, 'y': 0}, 'goal': {'x': 48.2, 'y': 19.4}}",1,2640,60,shot,,13472633
"{'name': 'Souza', 'firstName': 'Souza', 'lastName': '', 'slug': 'souza', 'shortName': 'Souza', 'position': 'D', 'jerseyNumber': '38', 'userCount': 2933, 'gender': 'M', 'id': 1482340, 'fieldTranslations': {'nameTranslation': {'ar': 'سوزا'}, 'shortNameTranslation': {'ar': 'سوزا'}}}",True,miss,assisted,"{'x': 9.7, 'y': 29.1, 'z': 0}",left-foot,right,"{'x': 0, 'y': 12.4, 'z': 4.2}",,0.061715982854366,0.0,"{'name': 'Léo Aragão', 'firstName': 'Leonardo', 'slug': 'leo-aragao', 'shortName': 'L. Aragão', 'position': 'G', 'jerseyNumber': '41', 'userCount': 772, 'gender': 'M', 'id': 1488035, 'fieldTranslations': {'nameTranslation': {'ar': 'ليو أراجاو'}, 'shortNameTranslation': {'ar': 'ل. أراجاو'}}}",6314232,45,,2657,"{'start': {'x': 29.1, 'y': 9.7}, 'end': {'x': 87.6, 'y': 0}, 'goal': {'x': 87.6, 'y': 95.8}}",1,43,2657,shot,,13472633
"{'name': 'Álvaro Barreal', 'slug': 'alvaro-barreal', 'shortName': 'Á. Barreal', 'position': 'M', 'jerseyNumber': '22', 'userCount': 2824, 'gender': 'M', 'id': 949687, 'fieldTranslations': {'nameTranslation': {'ar': 'ألفارو باريال', 'bn': 'আলভারো ব্যারিয়াল', 'hi': 'अल्वारो बरियल'}, 'shortNameTranslation': {'ar': 'أ. باريال', 'bn': 'এ. ব্যারিয়াল', 'hi': 'आ. बरियल'}}}",True,miss,corner,"{'x': 23.5, 'y': 36.9, 'z': 0}",left-foot,right,"{'x': 0, 'y': 8.1, 'z': 4.2}",,0.010266596451402,0.0,"{'name': 'Léo Aragão', 'firstName': 'Leonardo', 'slug': 'leo-aragao', 'shortName': 'L. Aragão', 'position': 'G', 'jerseyNumber': '41', 'userCount': 772, 'gender': 'M', 'id': 1488035, 'fieldTranslations': {'nameTranslation': {'ar': 'ليو أراجاو'}, 'shortNameTranslation': {'ar': 'ل. أراجاو'}}}",6314170,40,,2345,"{'start': {'x': 36.9, 'y': 23.5}, 'end': {'x': 91.9, 'y': 0}, 'goal': {'x': 91.9, 'y': 95.8}}",6,355,2345,shot,,13472633
"{'name': 'Guilherme', 'slug': 'guilherme', 'shortName': 'Guilherme', 'position': 'M', 'jerseyNumber': '20', 'userCount': 3597, 'gender': 'M', 'id': 844605, 'fieldTranslations': {'nameTranslation': {'ar': 'غيليرمي أوغوستو', 'bn': 'গুইলহার্ম অগোস্তু', 'hi': 'गिल्हर्मे ऑगस्टो'}, 'shortNameTranslation': {'ar': 'غ. أوغوستو', 'bn': 'উইলিয়াম অগোস্তু', 'hi': 'गिल्हर्मे ऑगस्टो'}}}",True,save,regular,"{'x': 10.2, 'y': 33.3, 'z': 0}",right-foot,low-centre,"{'x': 0, 'y': 50, 'z': 8.2}","{'x': 1.5, 'y': 48, 'z': 0}",0.036647953093052,0.023917810991406,"{'name': 'Léo Aragão', 'firstName': 'Leonardo', 'slug': 'leo-aragao', 'shortName': 'L. Aragão', 'position': 'G', 'jerseyNumber': '41', 'userCount': 772, 'gender': 'M', 'id': 1488035, 'fieldTranslations': {'nameTranslation': {'ar': 'ليو أراجاو'}, 'shortNameTranslation': {'ar': 'ل. أراجاو'}}}",6314163,39,,2305,"{'start': {'x': 33.3, 'y': 10.2}, 'block': {'x': 48, 'y': 1.5}, 'end': {'x': 50, 'y': 0}, 'goal': {'x': 50, 'y': 91.8}}",7,395,2305,shot,,13472633
"{'name': 'Gabriel Barbosa', 'slug': 'gabriel-barbosa', 'shortName': 'G. Barbosa', 'position': 'F', 'jerseyNumber': '9', 'userCount': 37025, 'gender': 'M', 'sofascoreId': 'Gabigol', 'id': 358554, 'fieldTranslations': {'nameTranslation': {'ar': 'غابرييل باربوسا', 'bn': 'গ্যাব্রিয়েল বারবোসা', 'hi': 'गेब्रियल बारबोसा'}, 'shortNameTranslation': {'ar': 'غ. باربوسا', 'bn': 'জি. বারবোসা', 'hi': 'जी. बारबोसा'}}}",False,save,assisted,"{'x': 19.3, 'y': 64.8, 'z': 0}",left-foot,low-centre,"{'x': 0, 'y': 51, 'z': 19}","{'x': 1.4, 'y': 51.3, 'z': 0}",0.037370305508375,0.030421067029238,"{'name': 'Gabriel Brazão', 'firstName': '', 'lastName': '', 'slug': 'gabriel-brazao', 'shortName': 'G. Brazão', 'position': 'G', 'jerseyNumber': '77', 'userCount': 3103, 'gender': 'M', 'id': 905448, 'fieldTranslations': {'nameTranslation': {'ar': 'غابرييل برازاو', 'bn': 'গ্যাব্রিয়েল ব্রাজাও', 'hi': 'गेब्रियल ब्राज़ाओ'}, 'shortNameTranslation': {'ar': 'غ. برازاو', 'bn': 'জি. ব্রাজাও', 'hi': 'जी. ब्राज़ाओ'}}}",6314147,37,,2212,"{'start': {'x': 64.8, 'y': 19.3}, 'block': {'x': 51.3, 'y': 1.4}, 'end': {'x': 49, 'y': 0}, 'goal': {'x': 49, 'y': 81}}",9,488,2212,shot,,13472633
"{'name': 'Willian Arão', 'firstName': '', 'lastName': '', 'slug': 'willian-arao', 'shortName': 'Willian Arão', 'position': 'M', 'jerseyNumber': '15', 'userCount': 1906, 'gender': 'M', 'id': 242213, 'fieldTranslations': {'nameTranslation': {'ar': 'ويليان أراو', 'bn': 'উইলিয়ান আরাও', 'hi': 'विलीयन अराओ'}, 'shortNameTranslation': {'ar': 'و. أراو', 'bn': 'উইলিয়ান. আরাও', 'hi': 'विलीयन अराओ'}}}",True,miss,corner,"{'x': 7.3, 'y': 36.8, 'z': 0}",head,right,"{'x': 0, 'y': 39, 'z': 6.9}","{'x': 2.4, 'y': 50.5, 'z': 0}",0.017191898077726,0.0,"{'name': 'Léo Aragão', 'firstName': 'Leonardo', 'slug': 'leo-aragao', 'shortName': 'L. Aragão', 'position': 'G', 'jerseyNumber': '41', 'userCount': 772, 'gender': 'M', 'id': 1488035, 'fieldTranslations': {'nameTranslation': {'ar': 'ليو أراجاو'}, 'shortNameTranslation': {'ar': 'ل. أراجاو'}}}",6314129,33,,1925,"{'start': {'x': 36.8, 'y': 7.3}, 'block': {'x': 50.5, 'y': 2.4}, 'end': {'x': 61, 'y': 0}, 'goal': {'x': 61, 'y': 93.1}}",13,775,1925,shot,,13472633
"{'name': 'Thaciano', 'slug': 'thaciano', 'shortName': 'Thaciano', 'position': 'M', 'jerseyNumber': '16', 'userCount': 1810, 'gender': 'M', 'id': 872039, 'fieldTranslations': {'nameTranslation': {'ar': 'ثاسيانو'}, 'shortNameTranslation': {'ar': 'ثاسيانو'}}}",True,goal,assisted,"{'x': 9.4, 'y': 55.1, 'z': 0}",right-foot,low-centre,"{'x': 0, 'y': 51.3, 'z': 0.6}",,0.19056329131126,0.70457476377487,"{'name': 'Léo Aragão', 'firstName': 'Leonardo', 'slug': 'leo-aragao', 'shortName': 'L. Aragão', 'position': 'G', 'jerseyNumber': '41', 'userCount': 772, 'gender': 'M', 'id': 1488035, 'fieldTranslations': {'nameTranslation': {'ar': 'ليو أراجاو'}, 'shortNameTranslation': {'ar': 'ل. أراجاو'}}}",6314071,28,,1625,"{'start': {'x': 55.1, 'y': 9.4}, 'end': {'x': 48.7, 'y': 0}, 'goal': {'x': 48.7, 'y': 99.4}}",18,1075,1625,shot,regular,13472633
"{'name': 'Thaciano', 'slug': 'thaciano', 'shortName': 'Thaciano', 'position': 'M', 'jerseyNumber': '16', 'userCount': 1810, 'gender': 'M', 'id': 872039, 'fieldTranslations': {'nameTranslation': {'ar': 'ثاسيانو'}, 'shortNameTranslation': {'ar': 'ثاسيانو'}}}",True,goal,corner,"{'x': 4.5, 'y': 44.8, 'z': 0}",head,low-right,"{'x': 0, 'y': 47.5, 'z': 11.4}",,0.14239722490311,0.56078064441681,"{'name': 'Léo Aragão', 'firstName': 'Leonardo', 'slug': 'leo-aragao', 'shortName': 'L. Aragão', 'position': 'G', 'jerseyNumber': '41', 'userCount': 772, 'gender': 'M', 'id': 1488035, 'fieldTranslations': {'nameTranslation': {'ar': 'ليو أراجاو'}, 'shortNameTranslation': {'ar': 'ل. أراجاو'}}}",6314056,26,,1524,"{'start': {'x': 44.8, 'y': 4.5}, 'end': {'x': 52.5, 'y': 0}, 'goal': {'x': 52.5, 'y': 88.6}}",20,1176,1524,shot,regular,13472633
"{'name': 'Álvaro Barreal', 'slug': 'alvaro-barreal', 'shortName': 'Á. Barreal', 'position': 'M', 'jerseyNumber': '22', 'userCount': 2824, 'gender': 'M', 'id': 949687, 'fieldTranslations': {'nameTranslation': {'ar': 'ألفارو باريال', 'bn': 'আলভারো ব্যারিয়াল', 'hi': 'अल्वारो बरियल'}, 'shortNameTranslation': {'ar': 'أ. باريال', 'bn': 'এ. ব্যারিয়াল', 'hi': 'आ. बरियल'}}}",True,block,assisted,"{'x': 10.5, 'y': 60.1, 'z': 0}",left-foot,low-right,"{'x': 0, 'y': 46.3, 'z': 19}","{'x': 9, 'y': 59.2, 'z': 0}",0.081647947430611,0.0,"{'name': 'Léo Aragão', 'firstName': 'Leonardo', 'slug': 'leo-aragao', 'shortName': 'L. Aragão', 'position': 'G', 'jerseyNumber': '41', 'userCount': 772, 'gender': 'M', 'id': 1488035, 'fieldTranslations': {'nameTranslation': {'ar': 'ليو أراجاو'}, 'shortNameTranslation': {'ar': 'ل. أراجاو'}}}",6314048,25,,1448,"{'start': {'x': 60.1, 'y': 10.5}, 'block': {'x': 59.2, 'y': 9}, 'end': {'x': 53.7, 'y': 0}, 'goal': {'x': 53.7, 'y': 81}}",21,1252,1448,shot,,13472633
"{'name': 'Rayan Lelis', 'firstName': 'Rayan', 'lastName': 'Lelis', 'slug': 'rayan-passaglia-lelis', 'shortName': 'R. Lelis', 'position': 'M', 'jerseyNumber': '57', 'userCount': 317, 'gender': 'M', 'id': 1831101, 'fieldTranslations': {'nameTranslation': {'ar': 'رايان باسيليا ليليس'}, 'shortNameTranslation': {'ar': 'ر. ليليس'}}}",False,block,corner,"{'x': 21.5, 'y': 47.4, 'z': 0}",left-foot,low-centre,"{'x': 0, 'y': 51.8, 'z': 5.6}","{'x': 9.9, 'y': 47.8, 'z': 0}",0.060385104268789,0.0,"{'name': 'Gabriel Brazão', 'firstName': '', 'lastName': '', 'slug': 'gabriel-brazao', 'shortName': 'G. Brazão', 'position': 'G', 'jerseyNumber': '77', 'userCount': 3103, 'gender': 'M', 'id': 905448, 'fieldTranslations': {'nameTranslation': {'ar': 'غابرييل برازاو', 'bn': 'গ্যাব্রিয়েল ব্রাজাও', 'hi': 'गेब्रियल ब्राज़ाओ'}, 'shortNameTranslation': {'ar': 'غ. برازاو', 'bn': 'জি. ব্রাজাও', 'hi': 'जी. ब्राज़ाओ'}}}",6314036,23,,1353,"{'start': {'x': 47.4, 'y': 21.5}, 'block': {'x': 47.8, 'y': 9.9}, 'end': {'x': 48.2, 'y': 0}, 'goal': {'x': 48.2, 'y': 94.4}}",23,1347,1353,shot,,13472633
"{'name': 'Álvaro Barreal', 'slug': 'alvaro-barreal', 'shortName': 'Á. Barreal', 'position': 'M', 'jerseyNumber': '22', 'userCount': 2824, 'gender': 'M', 'id': 949687, 'fieldTranslations': {'nameTranslation': {'ar': 'ألفارو باريال', 'bn': 'আলভারো ব্যারিয়াল', 'hi': 'अल्वारो बरियल'}, 'shortNameTranslation': {'ar': 'أ. باريال', 'bn': 'এ. ব্যারিয়াল', 'hi': 'आ. बरियल'}}}",True,miss,corner,"{'x': 14.1, 'y': 47.4, 'z': 0}",left-foot,right,"{'x': 0, 'y': 39.5, 'z': 23.6}",,0.097680531442165,0.0,"{'name': 'Léo Aragão', 'firstName': 'Leonardo', 'slug': 'leo-aragao', 'shortName': 'L. Aragão', 'position': 'G', 'jerseyNumber': '41', 'userCount': 772, 'gender': 'M', 'id': 1488035, 'fieldTranslations': {'nameTranslation': {'ar': 'ليو أراجاو'}, 'shortNameTranslation': {'ar': 'ل. أراجاو'}}}",6313980,15,,898,"{'start': {'x': 47.4, 'y': 14.1}, 'end': {'x': 60.5, 'y': 0}, 'goal': {'x': 60.5, 'y': 76.4}}",31,1802,898,shot,,13472633
"{'name': 'Neymar', 'slug': 'neymar', 'shortName': 'Neymar', 'position': 'F', 'jerseyNumber': '10', 'userCount': 1013524, 'gender': 'M', 'sofascoreId': 'Neymar', 'id': 124712, 'fieldTranslations': {'nameTranslation': {'ar': 'نيمار', 'bn': 'নেইমার', 'hi': 'नेमार'}, 'shortNameTranslation': {'ar': 'نيمار', 'bn': 'নেইমার', 'hi': 'नेमार'}}}",True,miss,assisted,"{'x': 14.2, 'y': 44.5, 'z': 0}",right-foot,left,"{'x': 0, 'y': 60.3, 'z': 8.3}",,0.18784634768963,0.0,"{'name': 'Léo Aragão', 'firstName': 'Leonardo', 'slug': 'leo-aragao', 'shortName': 'L. Aragão', 'position': 'G', 'jerseyNumber': '41', 'userCount': 772, 'gender': 'M', 'id': 1488035, 'fieldTranslations': {'nameTranslation': {'ar': 'ليو أراجاو'}, 'shortNameTranslation': {'ar': 'ل. أراجاو'}}}",6313960,13,,776,"{'start': {'x': 44.5, 'y': 14.2}, 'end': {'x': 39.7, 'y': 0}, 'goal': {'x': 39.7, 'y': 91.7}}",33,1924,776,shot,,13472633
"{'name': 'Japa', 'slug': 'joao-wellington-japa', 'shortName': 'Japa', 'position': 'M', 'jerseyNumber': '77', 'userCount': 1251, 'gender': 'M', 'id': 1459623, 'fieldTranslations': {'nameTranslation': {'ar': 'جابا'}, 'shortNameTranslation': {'ar': 'جابا'}}}",False,save,assisted,"{'x': 28.4, 'y': 68.9, 'z': 0}",left-foot,low-right,"{'x': 0, 'y': 47.3, 'z': 5.1}","{'x': 3.8, 'y': 51.3, 'z': 0}",0.015452434308827,0.051337324082851,"{'name': 'Gabriel Brazão', 'firstName': '', 'lastName': '', 'slug': 'gabriel-brazao', 'shortName': 'G. Brazão', 'position': 'G', 'jerseyNumber': '77', 'userCount': 3103, 'gender': 'M', 'id': 905448, 'fieldTranslations': {'nameTranslation': {'ar': 'غابرييل برازاو', 'bn': 'গ্যাব্রিয়েল ব্রাজাও', 'hi': 'गेब्रियल ब्राज़ाओ'}, 'shortNameTranslation': {'ar': 'غ. برازاو', 'bn': 'জি. ব্রাজাও', 'hi': 'जी. ब्राज़ाओ'}}}",6313951,13,,724,"{'start': {'x': 68.9, 'y': 28.4}, 'block': {'x': 51.3, 'y': 3.8}, 'end': {'x': 52.7, 'y': 0}, 'goal': {'x': 52.7, 'y': 94.9}}",33,1976,724,shot,,13472633
"{'name': 'Thaciano', 'slug': 'thaciano', 'shortName': 'Thaciano', 'position': 'M', 'jerseyNumber': '16', 'userCount': 1810, 'gender': 'M', 'id': 872039, 'fieldTranslations': {'nameTranslation': {'ar': 'ثاسيانو'}, 'shortNameTranslation': {'ar': 'ثاسيانو'}}}",True,miss,assisted,"{'x': 9.7, 'y': 51.1, 'z': 0}",head,right,"{'x': 0, 'y': 35.1, 'z': 13.9}",,0.060138992965221,0.0,"{'name': 'Léo Aragão', 'firstName': 'Leonardo', 'slug': 'leo-aragao', 'shortName': 'L. Aragão', 'position': 'G', 'jerseyNumber': '41', 'userCount': 772, 'gender': 'M', 'id': 1488035, 'fieldTranslations': {'nameTranslation': {'ar': 'ليو أراجاو'}, 'shortNameTranslation': {'ar': 'ل. أراجاو'}}}",6313891,4,,226,"{'start': {'x': 51.1, 'y': 9.7}, 'end': {'x': 64.9, 'y': 0}, 'goal': {'x': 64.9, 'y': 86.1}}",42,2474,226,shot,,13472633
"{'name': 'Luighi Hanri', 'firstName': 'Luighi', 'slug': 'luighi', 'shortName': 'Luighi', 'position': 'F', 'jerseyNumber': '31', 'userCount': 3805, 'gender': 'M', 'id': 1597267, 'fieldTranslations': {'nameTranslation': {'ar': 'لويغي هنري', 'bn': 'লুইহি হ্যানরি', 'hi': 'लुइगी हेनरी'}, 'shortNameTranslation': {'ar': 'ل. هنري', 'bn': 'লুইঝি', 'hi': 'लुइगी'}}}",False,save,assisted,"{'x': 4.3, 'y': 36, 'z': 0}",left-foot,low-right,"{'x': 0, 'y': 47.4, 'z': 3.8}","{'x': 2.9, 'y': 40.1, 'z': 0}",0.074316434562206,0.21843203902245,"{'name': 'Bruno Ferreira', 'firstName': 'Bruno Ferreira', 'lastName': 'Ventura Diniz', 'slug': 'bruno-ferreira', 'shortName': 'B. Ferreira', 'position': 'G', 'jerseyNumber': '94', 'userCount': 352, 'gender': 'M', 'id': 1066241, 'fieldTranslations': {'nameTranslation': {'ar': 'برونو فيريرا'}, 'shortNameTranslation': {'ar': 'ب. فيريرا'}}}",6314581,90,3.0,5541,"{'start': {'x': 36, 'y': 4.3}, 'block': {'x': 40.1, 'y': 2.9}, 'end': {'x': 52.6, 'y': 0}, 'goal': {'x': 52.6, 'y': 96.2}}",1,759,141,shot,,13472591
"{'name': 'Vina', 'firstName': '', 'lastName': '', 'slug': 'vina', 'shortName': 'Vina', 'position': 'M', 'jerseyNumber': '29', 'userCount': 1453, 'gender': 'M', 'id': 1101714, 'fieldTranslations': {'nameTranslation': {'ar': 'فينا', 'bn': 'ভিনা', 'hi': 'वीना'}, 'shortNameTranslation': {'ar': 'فينا', 'bn': 'ভিনা', 'hi': 'वीना'}}}",True,block,assisted,"{'x': 14.7, 'y': 56.5, 'z': 0}",right-foot,low-left,"{'x': 0, 'y': 53.8, 'z': 8.3}","{'x': 12.1, 'y': 55.4, 'z': 0}",0.061159458011389,0.0,"{'name': 'Marcelo Lomba', 'firstName': '', 'lastName': '', 'slug': 'marcelo-lomba', 'shortName': 'M. Lomba', 'position': 'G', 'jerseyNumber': '14', 'userCount': 2248, 'gender': 'M', 'id': 34141, 'fieldTranslations': {'nameTranslation': {'ar': 'مارسيلو لومبا', 'bn': 'মার্সেলো লোম্বা', 'hi': 'मार्सेलो लोम्बा'}, 'shortNameTranslation': {'ar': 'م. لومبا', 'bn': 'এম. লোম্বা', 'hi': 'एम. लोम्बा'}}}",6314587,90,2.0,5461,"{'start': {'x': 56.5, 'y': 14.7}, 'block': {'x': 55.4, 'y': 12.1}, 'end': {'x': 46.2, 'y': 0}, 'goal': {'x': 46.2, 'y': 91.7}}",1,839,61,shot,,13472591
"{'name': 'Lourenço', 'firstName': '', 'lastName': '', 'slug': 'lourenco', 'shortName': 'Lourenço', 'position': 'M', 'jerseyNumber': '97', 'userCount': 376, 'gender': 'M', 'id': 879871, 'fieldTranslations': {'nameTranslation': {'ar': 'لورينسو'}, 'shortNameTranslation': {'ar': 'لورينسو'}}}",True,post,free-kick,"{'x': 23.4, 'y': 36, 'z': 0}",right-foot,left,"{'x': 0, 'y': 55.5, 'z': 20.3}",,0.053727731108665,0.0,"{'name': 'Marcelo Lomba', 'firstName': '', 'lastName': '', 'slug': 'marcelo-lomba', 'shortName': 'M. Lomba', 'position': 'G', 'jerseyNumber': '14', 'userCount': 2248, 'gender': 'M', 'id': 34141, 'fieldTranslations': {'nameTranslation': {'ar': 'مارسيلو لومبا', 'bn': 'মার্সেলো লোম্বা', 'hi': 'मार्सेलो लोम्बा'}, 'shortNameTranslation': {'ar': 'م. لومبا', 'bn': 'এম. লোম্বা', 'hi': 'एम. लोम्बा'}}}",6314535,87,,5203,"{'start': {'x': 36, 'y': 23.4}, 'end': {'x': 44.5, 'y': 0}, 'goal': {'x': 44.5, 'y': 79.7}}",4,197,2503,shot,,13472591
"{'name': 'Aylon', 'slug': 'aylon', 'shortName': 'Aylon', 'position': 'F', 'jerseyNumber': '11', 'userCount': 460, 'gender': 'M', 'id': 364528, 'fieldTranslations': {'nameTranslation': {'ar': 'أيلون'}, 'shortNameTranslation': {'ar': 'أيلون'}}}",True,miss,corner,"{'x': 8.1, 'y': 47.1, 'z': 0}",head,right,"{'x': 0, 'y': 37.5, 'z': 36.1}",,0.07722482085228,0.0,"{'name': 'Marcelo Lomba', 'firstName': '', 'lastName': '', 'slug': 'marcelo-lomba', 'shortName': 'M. Lomba', 'position': 'G', 'jerseyNumber': '14', 'userCount': 2248, 'gender': 'M', 'id': 34141, 'fieldTranslations': {'nameTranslation': {'ar': 'مارسيلو لومبا', 'bn': 'মার্সেলো লোম্বা', 'hi': 'मार्सेलो लोम्बा'}, 'shortNameTranslation': {'ar': 'م. لومبا', 'bn': 'এম. লোম্বা', 'hi': 'एम. लोम्बा'}}}",6314530,85,,5074,"{'start': {'x': 47.1, 'y': 8.1}, 'end': {'x': 62.5, 'y': 0}, 'goal': {'x': 62.5, 'y': 63.9}}",6,326,2374,shot,,13472591
"{'name': 'Luighi Hanri', 'firstName': 'Luighi', 'slug': 'luighi', 'shortName': 'Luighi', 'position': 'F', 'jerseyNumber': '31', 'userCount': 3805, 'gender': 'M', 'id': 1597267, 'fieldTranslations': {'nameTranslation': {'ar': 'لويغي هنري', 'bn': 'লুইহি হ্যানরি', 'hi': 'लुइगी हेनरी'}, 'shortNameTranslation': {'ar': 'ل. هنري', 'bn': 'লুইঝি', 'hi': 'लुइगी'}}}",False,save,corner,"{'x': 10.3, 'y': 57.7, 'z': 0}",head,low-left,"{'x': 0, 'y': 52.9, 'z': 11.4}","{'x': 1.5, 'y': 53.6, 'z': 0}",0.064811892807484,0.47345662117004,"{'name': 'Bruno Ferreira', 'firstName': 'Bruno Ferreira', 'lastName': 'Ventura Diniz', 'slug': 'bruno-ferreira', 'shortName': 'B. Ferreira', 'position': 'G', 'jerseyNumber': '94', 'userCount': 352, 'gender': 'M', 'id': 1066241, 'fieldTranslations': {'nameTranslation': {'ar': 'برونو فيريرا'}, 'shortNameTranslation': {'ar': 'ب. فيريرا'}}}",6314518,84,,4995,"{'start': {'x': 57.7, 'y': 10.3}, 'block': {'x': 53.6, 'y': 1.5}, 'end': {'x': 47.1, 'y': 0}, 'goal': {'x': 47.1, 'y': 88.6}}",7,405,2295,shot,,13472591
"{'name': 'Vinicius Zanocelo', 'slug': 'vinicius-zanocelo', 'shortName': 'Vinicius Zanocelo', 'position': 'M', 'jerseyNumber': '25', 'userCount': 589, 'gender': 'M', 'id': 973841, 'fieldTranslations': {'nameTranslation': {'ar': 'فينيسيوس زانوكولو'}, 'shortNameTranslation': {'ar': 'ف. زانوكولو'}}}",True,block,assisted,"{'x': 15.1, 'y': 46, 'z': 0}",right-foot,low-left,"{'x': 0, 'y': 52.6, 'z': 9.7}","{'x': 10.1, 'y': 47.3, 'z': 0}",0.055474400520325,0.0,"{'name': 'Marcelo Lomba', 'firstName': '', 'lastName': '', 'slug': 'marcelo-lomba', 'shortName': 'M. Lomba', 'position': 'G', 'jerseyNumber': '14', 'userCount': 2248, 'gender': 'M', 'id': 34141, 'fieldTranslations': {'nameTranslation': {'ar': 'مارسيلو لومبا', 'bn': 'মার্সেলো লোম্বা', 'hi': 'मार्सेलो लोम्बा'}, 'shortNameTranslation': {'ar': 'م. لومبا', 'bn': 'এম. লোম্বা', 'hi': 'एम. लोम्बा'}}}",6314515,83,,4945,"{'start': {'x': 46, 'y': 15.1}, 'block': {'x': 47.3, 'y': 10.1}, 'end': {'x': 47.4, 'y': 0}, 'goal': {'x': 47.4, 'y': 90.3}}",8,455,2245,shot,,13472591
"{'name': 'Bruno Rodrigues', 'slug': 'bruno-rodrigues', 'shortName': 'B. Rodrigues', 'position': 'F', 'jerseyNumber': '20', 'userCount': 3412, 'gender': 'M', 'id': 817650, 'fieldTranslations': {'nameTranslation': {'ar': 'برونو رودريغيز', 'bn': 'ব্রুনো রদ্রিগেস', 'hi': 'ब्रूनो रोड्रिग्स'}, 'shortNameTranslation': {'ar': 'ب. رودريغيز', 'bn': 'বি রদ্রিগেস', 'hi': 'बी. रोड्रिग्स'}}}",False,save,assisted,"{'x': 16.9, 'y': 65.6, 'z': 0}",right-foot,high-right,"{'x': 0, 'y': 47.1, 'z': 27.2}","{'x': 1.2, 'y': 52.2, 'z': 0}",0.055895734578371,0.27643638849258,"{'name': 'Bruno Ferreira', 'firstName': 'Bruno Ferreira', 'lastName': 'Ventura Diniz', 'slug': 'bruno-ferreira', 'shortName': 'B. Ferreira', 'position': 'G', 'jerseyNumber': '94', 'userCount': 352, 'gender': 'M', 'id': 1066241, 'fieldTranslations': {'nameTranslation': {'ar': 'برونو فيريرا'}, 'shortNameTranslation': {'ar': 'ب. فيريرا'}}}",6314510,82,,4903,"{'start': {'x': 65.6, 'y': 16.9}, 'block': {'x': 52.2, 'y': 1.2}, 'end': {'x': 52.9, 'y': 0}, 'goal': {'x': 52.9, 'y': 72.8}}",9,497,2203,shot,,13472591
"{'name': 'Pedro Raul', 'slug': 'pedro-raul', 'shortName': 'P. Raul', 'position': 'F', 'jerseyNumber': '18', 'userCount': 7093, 'gender': 'M', 'id': 866911, 'fieldTranslations': {'nameTranslation': {'ar': 'بيدرو راوول', 'bn': 'পেদ্রো রাউল', 'hi': 'पेड्रो राउल'}, 'shortNameTranslation': {'ar': 'ب. راوول', 'bn': 'পি. রাউল', 'hi': 'पी. राउल'}}}",True,save,corner,"{'x': 8, 'y': 55.7, 'z': 0}",head,high-right,"{'x': 0, 'y': 47.4, 'z': 23.4}","{'x': 1.5, 'y': 52, 'z': 0}",0.055375255644321,0.28933256864548,"{'name': 'Marcelo Lomba', 'firstName': '', 'lastName': '', 'slug': 'marcelo-lomba', 'shortName': 'M. Lomba', 'position': 'G', 'jerseyNumber': '14', 'userCount': 2248, 'gender': 'M', 'id': 34141, 'fieldTranslations': {'nameTranslation': {'ar': 'مارسيلو لومبا', 'bn': 'মার্সেলো লোম্বা', 'hi': 'मार्सेलो लोम्बा'}, 'shortNameTranslation': {'ar': 'م. لومبا', 'bn': 'এম. লোম্বা', 'hi': 'एम. लोम्बा'}}}",6314480,77,,4618,"{'start': {'x': 55.7, 'y': 8}, 'block': {'x': 52, 'y': 1.5}, 'end': {'x': 52.6, 'y': 0}, 'goal': {'x': 52.6, 'y': 76.6}}",14,782,1918,shot,,13472591
"{'name': 'Fernando Sobral', 'slug': 'fernando-sobral', 'shortName': 'F. Sobral', 'position': 'M', 'jerseyNumber': '88', 'userCount': 657, 'gender': 'M', 'id': 931479, 'fieldTranslations': {'nameTranslation': {'ar': 'فرناندو سوبرا'}, 'shortNameTranslation': {'ar': 'ف. سوبرا'}}}",True,save,corner,"{'x': 17.9, 'y': 58.3, 'z': 0}",right-foot,low-left,"{'x': 0, 'y': 52.9, 'z': 17.1}","{'x': 1, 'y': 52, 'z': 0}",0.041421964764595,0.30649787187576,"{'name': 'Marcelo Lomba', 'firstName': '', 'lastName': '', 'slug': 'marcelo-lomba', 'shortName': 'M. Lomba', 'position': 'G', 'jerseyNumber': '14', 'userCount': 2248, 'gender': 'M', 'id': 34141, 'fieldTranslations': {'nameTranslation': {'ar': 'مارسيلو لومبا', 'bn': 'মার্সেলো লোম্বা', 'hi': 'मार्सेलो लोम्बा'}, 'shortNameTranslation': {'ar': 'م. لومبا', 'bn': 'এম. লোম্বা', 'hi': 'एम. लोम्बा'}}}",6314477,77,,4613,"{'start': {'x': 58.3, 'y': 17.9}, 'block': {'x': 52, 'y': 1}, 'end': {'x': 47.1, 'y': 0}, 'goal': {'x': 47.1, 'y': 82.9}}",14,787,1913,shot,,13472591
"{'name': 'Marcos Victor', 'firstName': 'Marcos Victor', 'slug': 'marcos-victor', 'shortName': 'M. Victor', 'position': 'D', 'jerseyNumber': '44', 'userCount': 516, 'gender': 'M', 'id': 1174196, 'fieldTranslations': {'nameTranslation': {'ar': 'Ferreira da Silva, Marcos Victor'}, 'shortNameTranslation': {'ar': 'M. V. F. d. Silva'}}}",True,miss,corner,"{'x': 5.5, 'y': 46.4, 'z': 0}",head,right,"{'x': 0, 'y': 13.8, 'z': 13.9}","{'x': 4, 'y': 54.2, 'z': 0}",0.13895201683044,0.0,"{'name': 'Marcelo Lomba', 'firstName': '', 'lastName': '', 'slug': 'marcelo-lomba', 'shortName': 'M. Lomba', 'position': 'G', 'jerseyNumber': '14', 'userCount': 2248, 'gender': 'M', 'id': 34141, 'fieldTranslations': {'nameTranslation': {'ar': 'مارسيلو لومبا', 'bn': 'মার্সেলো লোম্বা', 'hi': 'मार्सेलो लोम्बा'}, 'shortNameTranslation': {'ar': 'م. لومبا', 'bn': 'এম. লোম্বা', 'hi': 'एम. लोम्बा'}}}",6314576,77,,4610,"{'start': {'x': 46.4, 'y': 5.5}, 'block': {'x': 54.2, 'y': 4}, 'end': {'x': 86.2, 'y': 0}, 'goal': {'x': 86.2, 'y': 86.1}}",14,790,1910,shot,,13472591
"{'name': 'Pedro Raul', 'slug': 'pedro-raul', 'shortName': 'P. Raul', 'position': 'F', 'jerseyNumber': '18', 'userCount': 7093, 'gender': 'M', 'id': 866911, 'fieldTranslations': {'nameTranslation': {'ar': 'بيدرو راوول', 'bn': 'পেদ্রো রাউল', 'hi': 'पेड्रो राउल'}, 'shortNameTranslation': {'ar': 'ب. راوول', 'bn': 'পি. রাউল', 'hi': 'पी. राउल'}}}",True,miss,assisted,"{'x': 23.1, 'y': 40.7, 'z': 0}",left-foot,high-left,"{'x': 0, 'y': 56.1, 'z': 84.7}",,0.029606400057673,0.0,"{'name': 'Marcelo Lomba', 'firstName': '', 'lastName': '', 'slug': 'marcelo-lomba', 'shortName': 'M. Lomba', 'position': 'G', 'jerseyNumber': '14', 'userCount': 2248, 'gender': 'M', 'id': 34141, 'fieldTranslations': {'nameTranslation': {'ar': 'مارسيلو لومبا', 'bn': 'মার্সেলো লোম্বা', 'hi': 'मार्सेलो लोम्बा'}, 'shortNameTranslation': {'ar': 'م. لومبا', 'bn': 'এম. লোম্বা', 'hi': 'एम. लोम्बा'}}}",6314467,76,,4527,"{'start': {'x': 40.7, 'y': 23.1}, 'end': {'x': 43.9, 'y': 0}, 'goal': {'x': 43.9, 'y': 15.3}}",15,873,1827,shot,,13472591
"{'name': 'Fernando Sobral', 'slug': 'fernando-sobral', 'shortName': 'F. Sobral', 'position': 'M', 'jerseyNumber': '88', 'userCount': 657, 'gender': 'M', 'id': 931479, 'fieldTranslations': {'nameTranslation': {'ar': 'فرناندو سوبرا'}, 'shortNameTranslation': {'ar': 'ف. سوبرا'}}}",True,miss,assisted,"{'x': 30, 'y': 55.6, 'z': 0}",right-foot,right,"{'x': 0, 'y': 38.3, 'z': 22.2}",,0.014149487018585,0.0,"{'name': 'Marcelo Lomba', 'firstName': '', 'lastName': '', 'slug': 'marcelo-lomba', 'shortName': 'M. Lomba', 'position': 'G', 'jerseyNumber': '14', 'userCount': 2248, 'gender': 'M', 'id': 34141, 'fieldTranslations': {'nameTranslation': {'ar': 'مارسيلو لومبا', 'bn': 'মার্সেলো লোম্বা', 'hi': 'मार्सेलो लोम्बा'}, 'shortNameTranslation': {'ar': 'م. لومبا', 'bn': 'এম. লোম্বা', 'hi': 'एम. लोम्बा'}}}",6314449,73,,4330,"{'start': {'x': 55.6, 'y': 30}, 'end': {'x': 61.7, 'y': 0}, 'goal': {'x': 61.7, 'y': 77.8}}",18,1070,1630,shot,,13472591
"{'name': 'Luighi Hanri', 'firstName': 'Luighi', 'slug': 'luighi', 'shortName': 'Luighi', 'position': 'F', 'jerseyNumber': '31', 'userCount': 3805, 'gender': 'M', 'id': 1597267, 'fieldTranslations': {'nameTranslation': {'ar': 'لويغي هنري', 'bn': 'লুইহি হ্যানরি', 'hi': 'लुइगी हेनरी'}, 'shortNameTranslation': {'ar': 'ل. هنري', 'bn': 'লুইঝি', 'hi': 'लुइगी'}}}",False,miss,corner,"{'x': 2.4, 'y': 42.5, 'z': 0}",head,high-left,"{'x': 0, 'y': 61, 'z': 75}",,0.12592531740665,0.0,"{'name': 'Bruno Ferreira', 'firstName': 'Bruno Ferreira', 'lastName': 'Ventura Diniz', 'slug': 'bruno-ferreira', 'shortName': 'B. Ferreira', 'position': 'G', 'jerseyNumber': '94', 'userCount': 352, 'gender': 'M', 'id': 1066241, 'fieldTranslations': {'nameTranslation': {'ar': 'برونو فيريرا'}, 'shortNameTranslation': {'ar': 'ب. فيريرا'}}}",6314447,71,,4242,"{'start': {'x': 42.5, 'y': 2.4}, 'end': {'x': 39, 'y': 0}, 'goal': {'x': 39, 'y': 25}}",20,1158,1542,shot,,13472591
"{'name': 'Allan', 'firstName': 'Allan', 'slug': 'allan', 'shortName': 'Allan', 'position': 'F', 'jerseyNumber': '40', 'userCount': 4678, 'gender': 'M', 'id': 1835889, 'fieldTranslations': {'nameTranslation': {'ar': 'ألان'}, 'shortNameTranslation': {'ar': 'ألان'}}}",False,block,corner,"{'x': 19.7, 'y': 36.4, 'z': 0}",left-foot,low-right,"{'x': 0, 'y': 46.1, 'z': 12.5}","{'x': 18.1, 'y': 37.4, 'z': 0}",0.013704107142985,0.0,"{'name': 'Bruno Ferreira', 'firstName': 'Bruno Ferreira', 'lastName': 'Ventura Diniz', 'slug': 'bruno-ferreira', 'shortName': 'B. Ferreira', 'position': 'G', 'jerseyNumber': '94', 'userCount': 352, 'gender': 'M', 'id': 1066241, 'fieldTranslations': {'nameTranslation': {'ar': 'برونو فيريرا'}, 'shortNameTranslation': {'ar': 'ب. فيريرا'}}}",6314445,71,,4221,"{'start': {'x': 36.4, 'y': 19.7}, 'block': {'x': 37.4, 'y': 18.1}, 'end': {'x': 53.9, 'y': 0}, 'goal': {'x': 53.9, 'y': 87.5}}",20,1179,1521,shot,,13472591
"{'name': 'Pedro Raul', 'slug': 'pedro-raul', 'shortName': 'P. Raul', 'position': 'F', 'jerseyNumber': '18', 'userCount': 7093, 'gender': 'M', 'id': 866911, 'fieldTranslations': {'nameTranslation': {'ar': 'بيدرو راوول', 'bn': 'পেদ্রো রাউল', 'hi': 'पेड्रो राउल'}, 'shortNameTranslation': {'ar': 'ب. راوول', 'bn': 'পি. রাউল', 'hi': 'पी. राउल'}}}",True,miss,assisted,"{'x': 6.7, 'y': 35.6, 'z': 0}",right-foot,high,"{'x': 0, 'y': 44.4, 'z': 76.4}",,0.12807984650135,0.0,"{'name': 'Marcelo Lomba', 'firstName': '', 'lastName': '', 'slug': 'marcelo-lomba', 'shortName': 'M. Lomba', 'position': 'G', 'jerseyNumber': '14', 'userCount': 2248, 'gender': 'M', 'id': 34141, 'fieldTranslations': {'nameTranslation': {'ar': 'مارسيلو لومبا', 'bn': 'মার্সেলো লোম্বা', 'hi': 'मार्सेलो लोम्बा'}, 'shortNameTranslation': {'ar': 'م. لومبا', 'bn': 'এম. লোম্বা', 'hi': 'एम. लोम्बा'}}}",6314429,66,,3946,"{'start': {'x': 35.6, 'y': 6.7}, 'end': {'x': 55.6, 'y': 0}, 'goal': {'x': 55.6, 'y': 23.6}}",25,1454,1246,shot,,13472591
"{'name': 'José López', 'firstName': 'José López', 'slug': 'jose-lopez', 'shortName': 'J. López', 'position': 'F', 'jerseyNumber': '42', 'userCount': 16808, 'gender': 'M', 'id': 1094179, 'fieldTranslations': {'nameTranslation': {'ar': 'خوسيه لوبيز', 'bn': 'হোসে লোপেজ', 'hi': 'जोस लोपेज़'}, 'shortNameTranslation': {'ar': 'خ. لوبيز', 'bn': 'জে. লোপেজ', 'hi': 'जे. लोपेज़'}}}",False,goal,assisted,"{'x': 7.5, 'y': 52.6, 'z': 0}",left-foot,low-centre,"{'x': 0, 'y': 50.3, 'z': 2.5}",,0.42419391870499,0.50519180297852,"{'name': 'Bruno Ferreira', 'firstName': 'Bruno Ferreira', 'lastName': 'Ventura Diniz', 'slug': 'bruno-ferreira', 'shortName': 'B. Ferreira', 'position': 'G', 'jerseyNumber': '94', 'userCount': 352, 'gender': 'M', 'id': 1066241, 'fieldTranslations': {'nameTranslation': {'ar': 'برونو فيريرا'}, 'shortNameTranslation': {'ar': 'ب. فيريرا'}}}",6314421,65,,3843,"{'start': {'x': 52.6, 'y': 7.5}, 'end': {'x': 49.7, 'y': 0}, 'goal': {'x': 49.7, 'y': 97.5}}",26,1557,1143,shot,regular,13472591
"{'name': 'Ramón Sosa', 'slug': 'ramon-sosa', 'shortName': 'R. Sosa', 'position': 'F', 'jerseyNumber': '19', 'userCount': 8373, 'gender': 'M', 'id': 1015733, 'fieldTranslations': {'nameTranslation': {'ar': 'رامون سوسا', 'bn': 'রামন সোসা', 'hi': 'रामोन सोसा'}, 'shortNameTranslation': {'ar': 'ر. سوسا', 'bn': 'আর. সোসা', 'hi': 'आर. सोसा'}}}",False,goal,free-kick,"{'x': 18.3, 'y': 44.8, 'z': 0}",right-foot,low-right,"{'x': 0, 'y': 46.8, 'z': 5.7}",,0.16060411930084,0.23600396513939,"{'name': 'Bruno Ferreira', 'firstName': 'Bruno Ferreira', 'lastName': 'Ventura Diniz', 'slug': 'bruno-ferreira', 'shortName': 'B. Ferreira', 'position': 'G', 'jerseyNumber': '94', 'userCount': 352, 'gender': 'M', 'id': 1066241, 'fieldTranslations': {'nameTranslation': {'ar': 'برونو فيريرا'}, 'shortNameTranslation': {'ar': 'ب. فيريرا'}}}",6314381,60,,3590,"{'start': {'x': 44.8, 'y': 18.3}, 'end': {'x': 53.2, 'y': 0}, 'goal': {'x': 53.2, 'y': 94.3}}",31,1810,890,shot,regular,13472591
"{'name': 'Mauricio', 'slug': 'mauricio', 'shortName': 'Mauricio', 'position': 'M', 'jerseyNumber': '18', 'userCount': 5697, 'gender': 'M', 'id': 986233, 'fieldTranslations': {'nameTranslation': {'ar': 'ماوريسيو', 'bn': 'মাউরিসিও', 'hi': 'मौरिसियो'}, 'shortNameTranslation': {'ar': 'ماوريسيو', 'bn': 'মাউরিসিও', 'hi': 'मौरिसियो'}}}",False,block,regular,"{'x': 17.9, 'y': 47.2, 'z': 0}",right-foot,low-right,"{'x': 0, 'y': 47.4, 'z': 19}","{'x': 9.8, 'y': 49.6, 'z': 0}",0.10592184960842,0.0,"{'name': 'Bruno Ferreira', 'firstName': 'Bruno Ferreira', 'lastName': 'Ventura Diniz', 'slug': 'bruno-ferreira', 'shortName': 'B. Ferreira', 'position': 'G', 'jerseyNumber': '94', 'userCount': 352, 'gender': 'M', 'id': 1066241, 'fieldTranslations': {'nameTranslation': {'ar': 'برونو فيريرا'}, 'shortNameTranslation': {'ar': 'ب. فيريرا'}}}",6314371,58,,3473,"{'start': {'x': 47.2, 'y': 17.9}, 'block': {'x': 49.6, 'y': 9.8}, 'end': {'x': 52.6, 'y': 0}, 'goal': {'x': 52.6, 'y': 81}}",33,1927,773,shot,,13472591
"{'name': 'José López', 'firstName': 'José López', 'slug': 'jose-lopez', 'shortName': 'J. López', 'position': 'F', 'jerseyNumber': '42', 'userCount': 16808, 'gender': 'M', 'id': 1094179, 'fieldTranslations': {'nameTranslation': {'ar': 'خوسيه لوبيز', 'bn': 'হোসে লোপেজ', 'hi': 'जोस लोपेज़'}, 'shortNameTranslation': {'ar': 'خ. لوبيز', 'bn': 'জে. লোপেজ', 'hi': 'जे. लोपेज़'}}}",False,miss,assisted,"{'x': 10.5, 'y': 48.9, 'z': 0}",head,left,"{'x': 0, 'y': 60.3, 'z': 12.5}",,0.046625226736069,0.0,"{'name': 'Bruno Ferreira', 'firstName': 'Bruno Ferreira', 'lastName': 'Ventura Diniz', 'slug': 'bruno-ferreira', 'shortName': 'B. Ferreira', 'position': 'G', 'jerseyNumber': '94', 'userCount': 352, 'gender': 'M', 'id': 1066241, 'fieldTranslations': {'nameTranslation': {'ar': 'برونو فيريرا'}, 'shortNameTranslation': {'ar': 'ب. فيريرا'}}}",6314351,55,,3257,"{'start': {'x': 48.9, 'y': 10.5}, 'end': {'x': 39.7, 'y': 0}, 'goal': {'x': 39.7, 'y': 87.5}}",36,2143,557,shot,,13472591
"{'name': 'Fernandinho', 'firstName': '', 'lastName': '', 'slug': 'fernandinho', 'shortName': 'Fernandinho', 'position': 'M', 'jerseyNumber': '11', 'userCount': 371, 'gender': 'M', 'id': 871219, 'fieldTranslations': {'nameTranslation': {'ar': 'فيرناندينيو'}, 'shortNameTranslation': {'ar': 'فيرناندينيو'}}}",True,block,assisted,"{'x': 15.1, 'y': 38.1, 'z': 0}",right-foot,low-centre,"{'x': 0, 'y': 50.5, 'z': 19}","{'x': 13.4, 'y': 39.3, 'z': 0}",0.036778774112463,0.0,"{'name': 'Marcelo Lomba', 'firstName': '', 'lastName': '', 'slug': 'marcelo-lomba', 'shortName': 'M. Lomba', 'position': 'G', 'jerseyNumber': '14', 'userCount': 2248, 'gender': 'M', 'id': 34141, 'fieldTranslations': {'nameTranslation': {'ar': 'مارسيلو لومبا', 'bn': 'মার্সেলো লোম্বা', 'hi': 'मार्सेलो लोम्बा'}, 'shortNameTranslation': {'ar': 'م. لومبا', 'bn': 'এম. লোম্বা', 'hi': 'एम. लोम्बा'}}}",6314308,48,,2849,"{'start': {'x': 38.1, 'y': 15.1}, 'block': {'x': 39.3, 'y': 13.4}, 'end': {'x': 49.5, 'y': 0}, 'goal': {'x': 49.5, 'y': 81}}",43,2551,149,shot,,13472591
"{'name': 'Ramón Sosa', 'slug': 'ramon-sosa', 'shortName': 'R. Sosa', 'position': 'F', 'jerseyNumber': '19', 'userCount': 8373, 'gender': 'M', 'id': 1015733, 'fieldTranslations': {'nameTranslation': {'ar': 'رامون سوسا', 'bn': 'রামন সোসা', 'hi': 'रामोन सोसा'}, 'shortNameTranslation': {'ar': 'ر. سوسا', 'bn': 'আর. সোসা', 'hi': 'आर. सोसा'}}}",False,save,fast-break,"{'x': 24.3, 'y': 71.1, 'z': 0}",right-foot,low-centre,"{'x': 0, 'y': 50.5, 'z': 17.1}","{'x': 1.6, 'y': 50.9, 'z': 0}",0.022495497018099,0.033899866044521,"{'name': 'Bruno Ferreira', 'firstName': 'Bruno Ferreira', 'lastName': 'Ventura Diniz', 'slug': 'bruno-ferreira', 'shortName': 'B. Ferreira', 'position': 'G', 'jerseyNumber': '94', 'userCount': 352, 'gender': 'M', 'id': 1066241, 'fieldTranslations': {'nameTranslation': {'ar': 'برونو فيريرا'}, 'shortNameTranslation': {'ar': 'ب. فيريرا'}}}",6314228,45,,2689,"{'start': {'x': 71.1, 'y': 24.3}, 'block': {'x': 50.9, 'y': 1.6}, 'end': {'x': 49.5, 'y': 0}, 'goal': {'x': 49.5, 'y': 82.9}}",1,11,2689,shot,,13472591
"{'name': 'Vinicius Zanocelo', 'slug': 'vinicius-zanocelo', 'shortName': 'Vinicius Zanocelo', 'position': 'M', 'jerseyNumber': '25', 'userCount': 589, 'gender': 'M', 'id': 973841, 'fieldTranslations': {'nameTranslation': {'ar': 'فينيسيوس زانوكولو'}, 'shortNameTranslation': {'ar': 'ف. زانوكولو'}}}",True,miss,corner,"{'x': 13.9, 'y': 56, 'z': 0}",head,left,"{'x': 0, 'y': 59.7, 'z': 22.2}",,0.015656122937799,0.0,"{'name': 'Marcelo Lomba', 'firstName': '', 'lastName': '', 'slug': 'marcelo-lomba', 'shortName': 'M. Lomba', 'position': 'G', 'jerseyNumber': '14', 'userCount': 2248, 'gender': 'M', 'id': 34141, 'fieldTranslations': {'nameTranslation': {'ar': 'مارسيلو لومبا', 'bn': 'মার্সেলো লোম্বা', 'hi': 'मार्सेलो लोम्बा'}, 'shortNameTranslation': {'ar': 'م. لومبا', 'bn': 'এম. লোম্বা', 'hi': 'एम. लोम्बा'}}}",6314177,41,,2449,"{'start': {'x': 56, 'y': 13.9}, 'end': {'x': 40.3, 'y': 0}, 'goal': {'x': 40.3, 'y': 77.8}}",5,251,2449,shot,,13472591
"{'name': 'José López', 'firstName': 'José López', 'slug': 'jose-lopez', 'shortName': 'J. López', 'position': 'F', 'jerseyNumber': '42', 'userCount': 16808, 'gender': 'M', 'id': 1094179, 'fieldTranslations': {'nameTranslation': {'ar': 'خوسيه لوبيز', 'bn': 'হোসে লোপেজ', 'hi': 'जोस लोपेज़'}, 'shortNameTranslation': {'ar': 'خ. لوبيز', 'bn': 'জে. লোপেজ', 'hi': 'जे. लोपेज़'}}}",False,block,assisted,"{'x': 23.8, 'y': 54.6, 'z': 0}",left-foot,low-centre,"{'x': 0, 'y': 51.8, 'z': 19}","{'x': 12.7, 'y': 51.6, 'z': 0}",0.020451180636883,0.0,"{'name': 'Bruno Ferreira', 'firstName': 'Bruno Ferreira', 'lastName': 'Ventura Diniz', 'slug': 'bruno-ferreira', 'shortName': 'B. Ferreira', 'position': 'G', 'jerseyNumber': '94', 'userCount': 352, 'gender': 'M', 'id': 1066241, 'fieldTranslations': {'nameTranslation': {'ar': 'برونو فيريرا'}, 'shortNameTranslation': {'ar': 'ب. فيريرا'}}}",6314171,40,,2360,"{'start': {'x': 54.6, 'y': 23.8}, 'block': {'x': 51.6, 'y': 12.7}, 'end': {'x': 48.2, 'y': 0}, 'goal': {'x': 48.2, 'y': 81}}",6,340,2360,shot,,13472591
"{'name': 'Fernandinho', 'firstName': '', 'lastName': '', 'slug': 'fernandinho', 'shortName': 'Fernandinho', 'position': 'M', 'jerseyNumber': '11', 'userCount': 371, 'gender': 'M', 'id': 871219, 'fieldTranslations': {'nameTranslation': {'ar': 'فيرناندينيو'}, 'shortNameTranslation': {'ar': 'فيرناندينيو'}}}",True,save,assisted,"{'x': 13.8, 'y': 33.6, 'z': 0}",right-foot,low-left,"{'x': 0, 'y': 53.7, 'z': 3.8}","{'x': 2, 'y': 47.8, 'z': 0}",0.066598810255527,0.44434881210327,"{'name': 'Marcelo Lomba', 'firstName': '', 'lastName': '', 'slug': 'marcelo-lomba', 'shortName': 'M. Lomba', 'position': 'G', 'jerseyNumber': '14', 'userCount': 2248, 'gender': 'M', 'id': 34141, 'fieldTranslations': {'nameTranslation': {'ar': 'مارسيلو لومبا', 'bn': 'মার্সেলো লোম্বা', 'hi': 'मार्सेलो लोम्बा'}, 'shortNameTranslation': {'ar': 'م. لومبا', 'bn': 'এম. লোম্বা', 'hi': 'एम. लोम्बा'}}}",6314145,37,,2200,"{'start': {'x': 33.6, 'y': 13.8}, 'block': {'x': 47.8, 'y': 2}, 'end': {'x': 46.3, 'y': 0}, 'goal': {'x': 46.3, 'y': 96.2}}",9,500,2200,shot,,13472591
"{'name': 'Vinicius Zanocelo', 'slug': 'vinicius-zanocelo', 'shortName': 'Vinicius Zanocelo', 'position': 'M', 'jerseyNumber': '25', 'userCount': 589, 'gender': 'M', 'id': 973841, 'fieldTranslations': {'nameTranslation': {'ar': 'فينيسيوس زانوكولو'}, 'shortNameTranslation': {'ar': 'ف. زانوكولو'}}}",True,block,assisted,"{'x': 15.4, 'y': 66.7, 'z': 0}",right-foot,low-left,"{'x': 0, 'y': 52.3, 'z': 8.3}","{'x': 13.1, 'y': 64.4, 'z': 0}",0.070661999285221,0.0,"{'name': 'Marcelo Lomba', 'firstName': '', 'lastName': '', 'slug': 'marcelo-lomba', 'shortName': 'M. Lomba', 'position': 'G', 'jerseyNumber': '14', 'userCount': 2248, 'gender': 'M', 'id': 34141, 'fieldTranslations': {'nameTranslation': {'ar': 'مارسيلو لومبا', 'bn': 'মার্সেলো লোম্বা', 'hi': 'मार्सेलो लोम्बा'}, 'shortNameTranslation': {'ar': 'م. لومبا', 'bn': 'এম. লোম্বা', 'hi': 'एम. लोम्बा'}}}",6314085,32,,1872,"{'start': {'x': 66.7, 'y': 15.4}, 'block': {'x': 64.4, 'y': 13.1}, 'end': {'x': 47.7, 'y': 0}, 'goal': {'x': 47.7, 'y': 91.7}}",14,828,1872,shot,,13472591
"{'name': 'Larson', 'firstName': 'Larson', 'slug': 'larson', 'shortName': 'Larson', 'position': 'M', 'jerseyNumber': '48', 'userCount': 1015, 'gender': 'M', 'id': 2057364, 'fieldTranslations': {'nameTranslation': {'ar': 'لارسون'}, 'shortNameTranslation': {'ar': 'لارسون'}}}",False,miss,corner,"{'x': 26.9, 'y': 41.3, 'z': 0}",right-foot,left,"{'x': 0, 'y': 61.2, 'z': 5.6}",,0.022426282986999,0.0,"{'name': 'Bruno Ferreira', 'firstName': 'Bruno Ferreira', 'lastName': 'Ventura Diniz', 'slug': 'bruno-ferreira', 'shortName': 'B. Ferreira', 'position': 'G', 'jerseyNumber': '94', 'userCount': 352, 'gender': 'M', 'id': 1066241, 'fieldTranslations': {'nameTranslation': {'ar': 'برونو فيريرا'}, 'shortNameTranslation': {'ar': 'ب. فيريرا'}}}",6314069,29,,1684,"{'start': {'x': 41.3, 'y': 26.9}, 'end': {'x': 38.8, 'y': 0}, 'goal': {'x': 38.8, 'y': 94.4}}",17,1016,1684,shot,,13472591
"{'name': 'Matheus Bahia', 'slug': 'matheus-bahia', 'shortName': 'M. Bahia', 'position': 'D', 'jerseyNumber': '79', 'userCount': 705, 'gender': 'M', 'id': 1047204, 'fieldTranslations': {'nameTranslation': {'ar': 'ماثيوس باهيا'}, 'shortNameTranslation': {'ar': 'م. باهيا'}}}",True,save,assisted,"{'x': 31.3, 'y': 27.8, 'z': 0}",left-foot,low-right,"{'x': 0, 'y': 47.8, 'z': 5.7}","{'x': 2, 'y': 48.2, 'z': 0}",0.015353715978563,0.033947993069887,"{'name': 'Marcelo Lomba', 'firstName': '', 'lastName': '', 'slug': 'marcelo-lomba', 'shortName': 'M. Lomba', 'position': 'G', 'jerseyNumber': '14', 'userCount': 2248, 'gender': 'M', 'id': 34141, 'fieldTranslations': {'nameTranslation': {'ar': 'مارسيلو لومبا', 'bn': 'মার্সেলো লোম্বা', 'hi': 'मार्सेलो लोम्बा'}, 'shortNameTranslation': {'ar': 'م. لومبا', 'bn': 'এম. লোম্বা', 'hi': 'एम. लोम्बा'}}}",6314047,25,,1462,"{'start': {'x': 27.8, 'y': 31.3}, 'block': {'x': 48.2, 'y': 2}, 'end': {'x': 52.2, 'y': 0}, 'goal': {'x': 52.2, 'y': 94.3}}",21,1238,1462,shot,,13472591
"{'name': 'Pedro Raul', 'slug': 'pedro-raul', 'shortName': 'P. Raul', 'position': 'F', 'jerseyNumber': '18', 'userCount': 7093, 'gender': 'M', 'id': 866911, 'fieldTranslations': {'nameTranslation': {'ar': 'بيدرو راوول', 'bn': 'পেদ্রো রাউল', 'hi': 'पेड्रो राउल'}, 'shortNameTranslation': {'ar': 'ب. راوول', 'bn': 'পি. রাউল', 'hi': 'पी. राउल'}}}",True,block,assisted,"{'x': 15.2, 'y': 49.3, 'z': 0}",left-foot,low-centre,"{'x': 0, 'y': 49.3, 'z': 19}","{'x': 13.4, 'y': 49.5, 'z': 0}",0.062195878475904,0.0,"{'name': 'Marcelo Lomba', 'firstName': '', 'lastName': '', 'slug': 'marcelo-lomba', 'shortName': 'M. Lomba', 'position': 'G', 'jerseyNumber': '14', 'userCount': 2248, 'gender': 'M', 'id': 34141, 'fieldTranslations': {'nameTranslation': {'ar': 'مارسيلو لومبا', 'bn': 'মার্সেলো লোম্বা', 'hi': 'मार्सेलो लोम्बा'}, 'shortNameTranslation': {'ar': 'م. لومبا', 'bn': 'এম. লোম্বা', 'hi': 'एम. लोम्बा'}}}",6314025,22,,1278,"{'start': {'x': 49.3, 'y': 15.2}, 'block': {'x': 49.5, 'y': 13.4}, 'end': {'x': 50.7, 'y': 0}, 'goal': {'x': 50.7, 'y': 81}}",24,1422,1278,shot,,13472591
"{'name': 'Dieguinho', 'firstName': '', 'lastName': '', 'slug': 'dieguinho', 'shortName': 'Dieguinho', 'position': 'M', 'jerseyNumber': '20', 'userCount': 468, 'gender': 'M', 'id': 1016930, 'fieldTranslations': {'nameTranslation': {'ar': 'ديغوينيو'}, 'shortNameTranslation': {'ar': 'ديغوينيو'}}}",True,block,assisted,"{'x': 25.2, 'y': 71.9, 'z': 0}",right-foot,low-left,"{'x': 0, 'y': 53.6, 'z': 11.1}","{'x': 15.8, 'y': 63.9, 'z': 0}",0.020870847627521,0.0,"{'name': 'Marcelo Lomba', 'firstName': '', 'lastName': '', 'slug': 'marcelo-lomba', 'shortName': 'M. Lomba', 'position': 'G', 'jerseyNumber': '14', 'userCount': 2248, 'gender': 'M', 'id': 34141, 'fieldTranslations': {'nameTranslation': {'ar': 'مارسيلو لومبا', 'bn': 'মার্সেলো লোম্বা', 'hi': 'मार्सेलो लोम्बा'}, 'shortNameTranslation': {'ar': 'م. لومبا', 'bn': 'এম. লোম্বা', 'hi': 'एम. लोम्बा'}}}",6314041,20,,1160,"{'start': {'x': 71.9, 'y': 25.2}, 'block': {'x': 63.9, 'y': 15.8}, 'end': {'x': 46.4, 'y': 0}, 'goal': {'x': 46.4, 'y': 88.9}}",26,1540,1160,shot,,13472591
"{'name': 'Facundo Torres', 'firstName': '', 'lastName': '', 'slug': 'facundo-torres', 'shortName': 'F. Torres', 'position': 'M', 'jerseyNumber': '11', 'userCount': 5922, 'gender': 'M', 'id': 874572, 'fieldTranslations': {'nameTranslation': {'ar': 'فاكوندو توريس', 'bn': 'ফ্যাকুন্ডো টরেস', 'hi': 'फ़ाकंडो टोरेस'}, 'shortNameTranslation': {'ar': 'ف. توريس', 'bn': 'এফ. টরেস', 'hi': 'एफ. टोरेस'}}}",False,goal,throw-in-set-piece,"{'x': 9.3, 'y': 41.2, 'z': 0}",left-foot,low-left,"{'x': 0, 'y': 53.8, 'z': 17.1}",,0.19113233685493,0.23193293809891,"{'name': 'Bruno Ferreira', 'firstName': 'Bruno Ferreira', 'lastName': 'Ventura Diniz', 'slug': 'bruno-ferreira', 'shortName': 'B. Ferreira', 'position': 'G', 'jerseyNumber': '94', 'userCount': 352, 'gender': 'M', 'id': 1066241, 'fieldTranslations': {'nameTranslation': {'ar': 'برونو فيريرا'}, 'shortNameTranslation': {'ar': 'ب. فيريرا'}}}",6313995,17,,980,"{'start': {'x': 41.2, 'y': 9.3}, 'end': {'x': 46.2, 'y': 0}, 'goal': {'x': 46.2, 'y': 82.9}}",29,1720,980,shot,regular,13472591
"{'name': 'Pedro Raul', 'slug': 'pedro-raul', 'shortName': 'P. Raul', 'position': 'F', 'jerseyNumber': '18', 'userCount': 7093, 'gender': 'M', 'id': 866911, 'fieldTranslations': {'nameTranslation': {'ar': 'بيدرو راوول', 'bn': 'পেদ্রো রাউল', 'hi': 'पेड्रो राउल'}, 'shortNameTranslation': {'ar': 'ب. راوول', 'bn': 'পি. রাউল', 'hi': 'पी. राउल'}}}",True,goal,set-piece,"{'x': 1.6, 'y': 52, 'z': 0}",other,low-centre,"{'x': 0, 'y': 48.7, 'z': 10.8}",,0.94749200344086,0.99329316616058,"{'name': 'Marcelo Lomba', 'firstName': '', 'lastName': '', 'slug': 'marcelo-lomba', 'shortName': 'M. Lomba', 'position': 'G', 'jerseyNumber': '14', 'userCount': 2248, 'gender': 'M', 'id': 34141, 'fieldTranslations': {'nameTranslation': {'ar': 'مارسيلو لومبا', 'bn': 'মার্সেলো লোম্বা', 'hi': 'मार्सेलो लोम्बा'}, 'shortNameTranslation': {'ar': 'م. لومبا', 'bn': 'এম. লোম্বা', 'hi': 'एम. लोम्बा'}}}",6313954,12,,679,"{'start': {'x': 52, 'y': 1.6}, 'end': {'x': 51.3, 'y': 0}, 'goal': {'x': 51.3, 'y': 89.2}}",34,2021,679,shot,regular,13472591
"{'name': 'Ramón Sosa', 'slug': 'ramon-sosa', 'shortName': 'R. Sosa', 'position': 'F', 'jerseyNumber': '19', 'userCount': 8373, 'gender': 'M', 'id': 1015733, 'fieldTranslations': {'nameTranslation': {'ar': 'رامون سوسا', 'bn': 'রামন সোসা', 'hi': 'रामोन सोसा'}, 'shortNameTranslation': {'ar': 'ر. سوسا', 'bn': 'আর. সোসা', 'hi': 'आर. सोसा'}}}",False,miss,fast-break,"{'x': 16, 'y': 55.1, 'z': 0}",right-foot,close-right,"{'x': 0, 'y': 41.7, 'z': 12.5}",,0.61432403326035,0.0,"{'name': 'Bruno Ferreira', 'firstName': 'Bruno Ferreira', 'lastName': 'Ventura Diniz', 'slug': 'bruno-ferreira', 'shortName': 'B. Ferreira', 'position': 'G', 'jerseyNumber': '94', 'userCount': 352, 'gender': 'M', 'id': 1066241, 'fieldTranslations': {'nameTranslation': {'ar': 'برونو فيريرا'}, 'shortNameTranslation': {'ar': 'ب. فيريرا'}}}",6313929,9,,499,"{'start': {'x': 55.1, 'y': 16}, 'end': {'x': 58.3, 'y': 0}, 'goal': {'x': 58.3, 'y': 87.5}}",37,2201,499,shot,,13472591
